NDIME= 2
NELEM= 11221
5 3437 1522 5139 0
5 184 183 1236 1
5 3724 1543 4315 2
5 4471 2074 4929 3
5 629 627 3704 4
5 3058 1894 3880 5
5 1824 1939 3760 6
5 4355 4 4356 7
5 3013 2586 5101 8
5 892 3243 3684 9
5 3166 1957 3167 10
5 3342 2299 5591 11
5 3266 1198 5442 12
5 1764 3404 4639 13
5 3322 741 4460 14
5 1939 2440 3760 15
5 2485 1878 4277 16
5 4919 2995 5330 17
5 3514 4547 5058 18
5 1658 4332 4395 19
5 3451 4916 5483 20
5 1194 3090 4532 21
5 1249 4894 5293 22
5 1513 1411 3290 23
5 3186 4034 4741 24
5 3233 3773 4209 25
5 2456 2453 4495 26
5 4332 3230 4395 27
5 2936 4245 4336 28
5 1400 4104 4129 29
5 74 344 3977 30
5 2949 2267 4183 31
5 2719 3819 3820 32
5 4326 3567 4450 33
5 3689 598 4516 34
5 2928 2926 5111 35
5 1587 3261 4127 36
5 3529 3109 4658 37
5 3419 3405 5450 38
5 3748 3279 5319 39
5 2472 3343 3345 40
5 150 377 4459 41
5 1010 1000 4031 42
5 4673 2923 5073 43
5 1738 3641 3644 44
5 2843 3527 4170 45
5 1859 4904 5146 46
5 3225 3009 4291 47
5 2108 2111 3657 48
5 859 3241 3260 49
5 4719 3863 5572 50
5 53 323 4196 51
5 3416 1149 3452 52
5 4010 3806 4785 53
5 2011 2928 5111 54
5 2513 2514 3423 55
5 3166 3167 3178 56
5 1785 102 3333 57
5 1128 3317 3840 58
5 3035 2475 3441 59
5 3645 4138 4280 60
5 3086 3011 3342 61
5 2567 2566 2661 62
5 1207 3773 4786 63
5 2552 3287 3646 64
5 4206 3501 4641 65
5 2745 3645 4280 66
5 1876 3964 4676 67
5 1108 3358 3886 68
5 3396 3859 4846 69
5 3430 586 4079 70
5 3580 726 3696 71
5 3567 2190 4450 72
5 857 128 1902 73
5 3014 3270 4508 74
5 4267 4824 4914 75
5 1747 3919 4762 76
5 1083 4539 4998 77
5 2719 3820 5403 78
5 3110 434 4959 79
5 3073 4692 4726 80
5 1513 3290 3940 81
5 1172 1268 3653 82
5 3345 3695 5044 83
5 3769 1794 4466 84
5 3024 3633 5027 85
5 3962 2543 4851 86
5 3462 3716 4504 87
5 3423 2514 5387 88
5 1328 1326 4129 89
5 3523 4308 4747 90
5 707 3727 3728 91
5 4138 1640 4200 92
5 3182 1632 3968 93
5 3412 3913 4806 94
5 4363 1993 5251 95
5 3308 3309 5364 96
5 3111 2718 3336 97
5 2468 3315 3926 98
5 4219 4937 5803 99
5 4215 4301 4605 100
5 1499 3166 4986 101
5 434 3110 5129 102
5 1003 1005 3790 103
5 721 724 3579 104
5 3947 1879 4804 105
5 4180 3463 4525 106
5 3382 3493 4678 107
5 1987 1989 1991 108
5 1495 608 4589 109
5 68 338 3968 110
5 204 203 2907 111
5 3452 1149 5508 112
5 1130 3417 3419 113
5 1648 3077 4219 114
5 3777 2633 4174 115
5 3987 1756 4176 116
5 4161 3395 4657 117
5 3396 2681 3859 118
5 3838 3839 4292 119
5 3322 1735 3764 120
5 2661 3115 3116 121
5 4110 1682 4115 122
5 3425 1242 3426 123
5 2651 2104 3348 124
5 3088 4162 4163 125
5 2778 4125 4907 126
5 2562 3009 3225 127
5 3919 3753 4762 128
5 3404 3878 4639 129
5 2300 2216 2656 130
5 1962 3732 5192 131
5 4309 3082 5253 132
5 3345 3343 3695 133
5 2663 1267 3542 134
5 3170 3167 5618 135
5 4060 3040 5149 136
5 741 3322 4016 137
5 3543 1437 4760 138
5 1498 1499 1609 139
5 2451 3586 3587 140
5 5082 4503 5747 141
5 3462 1751 3463 142
5 3571 4919 5330 143
5 2651 3348 3581 144
5 3185 1191 4436 145
5 2713 4711 5159 146
5 4509 793 4586 147
5 2720 3498 3499 148
5 3451 773 4540 149
5 3811 2805 4718 150
5 1794 3769 5557 151
5 4054 1633 4264 152
5 1963 1601 1964 153
5 425 4161 4657 154
5 1498 3011 3086 155
5 3249 1773 3251 156
5 4509 4586 5675 157
5 3633 701 5027 158
5 2586 3013 3222 159
5 798 2103 3408 160
5 1705 1842 5158 161
5 2664 4003 4046 162
5 271 417 4223 163
5 3077 1648 5057 164
5 3093 3161 4338 165
5 2273 2903 3330 166
5 3909 3769 4466 167
5 3359 1517 3360 168
5 3376 847 4609 169
5 831 847 3376 170
5 2727 4171 4436 171
5 2343 3351 4477 172
5 1729 1135 4252 173
5 3589 3576 4847 174
5 3556 2613 3558 175
5 3568 2290 4724 176
5 3759 684 4235 177
5 1991 1989 2566 178
5 3150 3149 5292 179
5 2516 4357 4624 180
5 2398 4060 5149 181
5 2578 2576 4259 182
5 1267 1170 3542 183
5 432 3444 4021 184
5 1196 1242 3425 185
5 3413 2325 3414 186
5 3459 3412 4806 187
5 1236 2977 4008 188
5 953 629 3704 189
5 3810 3811 4718 190
5 4503 3789 5747 191
5 1268 2255 3653 192
5 2893 4548 4599 193
5 3369 3100 3409 194
5 1181 1198 3266 195
5 1629 4205 4635 196
5 3216 975 5565 197
5 203 202 5537 198
5 742 4515 4919 199
5 3509 2908 4973 200
5 3931 3736 4247 201
5 707 709 3727 202
5 3371 1482 4844 203
5 3353 2954 3424 204
5 1442 3545 3546 205
5 1984 1986 1987 206
5 3339 1865 5005 207
5 4125 3692 4907 208
5 1773 3249 3737 209
5 1543 3475 4315 210
5 1785 3333 3334 211
5 4588 1249 5293 212
5 4243 4242 5715 213
5 3521 1639 4322 214
5 2892 3233 4209 215
5 1080 3140 5263 216
5 3840 3317 5130 217
5 3330 2903 3808 218
5 3493 3382 4765 219
5 1718 4673 5073 220
5 4104 1400 5109 221
5 4016 3868 4433 222
5 1609 1499 4986 223
5 2673 3274 3440 224
5 2661 3116 3117 225
5 3554 2613 3556 226
5 3278 1705 5158 227
5 1086 3593 3829 228
5 1928 1929 1983 229
5 3361 23 5740 230
5 1755 4963 5459 231
5 1135 1129 4252 232
5 1007 1354 3628 233
5 4242 443 5715 234
5 3560 601 4422 235
5 2617 2533 3141 236
5 3351 3597 4477 237
5 3463 1751 4525 238
5 568 3517 3655 239
5 2885 3518 5492 240
5 3476 2793 4906 241
5 2962 2456 4495 242
5 3147 1774 5558 243
5 4308 3523 4309 244
5 3842 2497 5121 245
5 3584 2952 3586 246
5 2229 3420 3421 247
5 3178 3167 5056 248
5 2983 3374 3842 249
5 4515 2995 4919 250
5 1632 3182 5331 251
5 102 1785 5544 252
5 3708 1010 4031 253
5 1774 3147 4849 254
5 1778 1968 4977 255
5 4552 3352 4623 256
5 3589 1464 3893 257
5 516 514 4177 258
5 3284 3920 5030 259
5 2953 3863 4719 260
5 4 204 5541 261
5 2751 4544 4768 262
5 1649 3440 4402 263
5 3590 3918 4503 264
5 984 974 985 265
5 2660 3323 4161 266
5 3203 4364 5251 267
5 3409 566 5115 268
5 3346 3345 5044 269
5 3117 3116 3814 270
5 3579 724 3580 271
5 819 3412 3459 272
5 3035 3441 5370 273
5 2444 3838 4292 274
5 3965 3425 4910 275
5 4034 837 4741 276
5 2475 1890 3441 277
5 966 975 3216 278
5 741 4016 4433 279
5 3615 2544 5273 280
5 3215 2343 4477 281
5 973 952 974 282
5 1482 3431 4844 283
5 1128 3316 3317 284
5 4054 3391 4055 285
5 4340 2944 4469 286
5 269 270 4769 287
5 2450 2301 5664 288
5 2605 2908 3509 289
5 2565 4199 5805 290
5 2966 3430 4078 291
5 738 3306 5148 292
5 2106 2108 3657 293
5 3716 712 4504 294
5 855 3693 4179 295
5 2894 3580 3696 296
5 1910 3712 5036 297
5 1016 985 1018 298
5 2349 3941 4946 299
5 4191 2936 4336 300
5 1286 1351 3332 301
5 3440 3274 4888 302
5 2506 2967 3383 303
5 2983 3842 5121 304
5 3041 3962 4851 305
5 3287 2552 3654 306
5 1876 516 4177 307
5 2172 3257 4843 308
5 3411 431 4740 309
5 2726 3253 5701 310
5 3778 413 5014 311
5 3746 618 3747 312
5 3406 4232 4572 313
5 3167 3168 3169 314
5 3392 2605 3509 315
5 1442 3546 5533 316
5 2342 2616 3274 317
5 3734 2212 3735 318
5 1033 1018 3379 319
5 1753 1401 3520 320
5 1632 68 3968 321
5 1014 976 3454 322
5 3517 568 5741 323
5 1849 3481 3649 324
5 3541 1617 3733 325
5 4219 3077 4937 326
5 3703 953 3704 327
5 3590 662 3918 328
5 1075 3726 5427 329
5 3544 2394 3619 330
5 809 812 4149 331
5 4301 4215 4838 332
5 1581 716 4240 333
5 522 4068 4390 334
5 3425 3426 4910 335
5 4357 3817 4624 336
5 3241 859 5652 337
5 4548 2099 4599 338
5 3080 3081 3082 339
5 3970 1446 4679 340
5 2697 4062 4631 341
5 2979 3480 3543 342
5 2540 3609 3887 343
5 3258 1778 4977 344
5 1629 4204 4205 345
5 2430 3100 3369 346
5 1929 1984 5743 347
5 4182 1915 4632 348
5 1005 3628 3790 349
5 2617 3141 3746 350
5 600 3807 4420 351
5 3149 3924 5292 352
5 1833 4026 5072 353
5 593 594 3715 354
5 3167 3170 5056 355
5 1878 1592 4277 356
5 1834 5060 5373 357
5 2944 3772 4469 358
5 1255 1254 3332 359
5 3797 824 4173 360
5 3167 3169 5618 361
5 3315 2468 4962 362
5 634 636 3770 363
5 1388 3748 5319 364
5 1191 3185 4029 365
5 3964 3996 4676 366
5 3172 3168 3883 367
5 3955 2747 4524 368
5 3383 2967 4012 369
5 2949 4183 4643 370
5 184 1236 4008 371
5 3756 1748 3759 372
5 3969 2837 5183 373
5 544 3808 3809 374
5 3105 4471 4929 375
5 820 817 3459 376
5 1994 1993 4363 377
5 3795 3723 5513 378
5 2657 2279 3204 379
5 3422 710 4476 380
5 3837 3551 4195 381
5 3505 2526 5411 382
5 3050 3513 3514 383
5 790 3662 3735 384
5 2179 2462 3211 385
5 2195 2334 2739 386
5 4027 1916 4952 387
5 3606 3604 3607 388
5 5481 2958 5482 389
5 4412 3224 4700 390
5 1989 1992 5188 391
5 2246 2181 3369 392
5 1501 1957 3166 393
5 1998 3931 4247 394
5 2313 2089 3139 395
5 3526 973 5321 396
5 3332 1351 3847 397
5 2526 3181 5411 398
5 3306 738 5535 399
5 4352 4350 4355 400
5 3109 3529 5151 401
5 3916 2898 4252 402
5 2739 2334 3248 403
5 3818 4361 5541 404
5 3082 3081 3084 405
5 3261 1587 3731 406
5 3082 3084 5253 407
5 693 695 3532 408
5 1224 1226 3665 409
5 2720 2686 3498 410
5 1714 4552 4623 411
5 4552 1714 4574 412
5 1915 3678 4633 413
5 1660 3993 4061 414
5 3856 3291 5768 415
5 4360 4364 5056 416
5 4149 812 5744 417
5 4199 3407 5805 418
5 2376 3909 4466 419
5 1000 998 4031 420
5 3274 2616 3749 421
5 1333 4219 5803 422
5 3440 610 4402 423
5 2746 2535 3455 424
5 3270 3014 5225 425
5 270 271 4223 426
5 2273 2271 2903 427
5 3276 4182 4632 428
5 1735 3322 4460 429
5 2004 2003 2271 430
5 3587 2704 3588 431
5 739 3562 4604 432
5 2543 2406 3710 433
5 1080 1082 3140 434
5 4061 3993 4446 435
5 2117 2114 3299 436
5 3440 1649 5170 437
5 3090 3092 4532 438
5 3387 3388 4493 439
5 435 3394 4250 440
5 1397 3321 3822 441
5 4963 3122 5459 442
5 757 752 3558 443
5 3544 3619 5071 444
5 3518 2885 4685 445
5 2999 3730 4508 446
5 1540 1003 3790 447
5 3773 3233 4786 448
5 3735 2212 4153 449
5 411 3553 4528 450
5 4295 4376 4650 451
5 344 1420 3977 452
5 3360 1517 5796 453
5 1615 588 3506 454
5 3090 1194 5297 455
5 24 23 3361 456
5 1894 3058 5327 457
5 4725 4227 5113 458
5 3001 4144 4165 459
5 1130 1136 3417 460
5 2313 3139 5328 461
5 417 4222 4223 462
5 1751 3462 4504 463
5 1366 4135 5204 464
5 3723 2945 5513 465
5 3085 2884 3682 466
5 1851 1850 2003 467
5 3080 3079 3081 468
5 3826 3337 5544 469
5 2085 2083 3136 470
5 3568 4724 5272 471
5 3502 2531 3521 472
5 2307 2306 2814 473
5 2931 3751 4577 474
5 3466 3183 4392 475
5 3988 3987 4176 476
5 690 3955 4524 477
5 4170 4169 4811 478
5 3324 2897 3566 479
5 3433 1859 5146 480
5 4167 1494 4628 481
5 4053 4054 4264 482
5 2021 2638 4972 483
5 2752 2749 3643 484
5 2836 4570 4702 485
5 772 4559 5535 486
5 1005 1007 3628 487
5 2486 3739 4859 488
5 1927 1923 2306 489
5 3316 1128 5711 490
5 4707 5435 5445 491
5 2191 2342 2673 492
5 4171 3185 4436 493
5 4030 2843 4869 494
5 4195 3551 5266 495
5 2178 3262 3267 496
5 4069 3227 5051 497
5 4155 3088 5314 498
5 2606 2605 3392 499
5 1956 3557 4683 500
5 4070 2612 4602 501
5 1587 4127 4947 502
5 2047 2046 2533 503
5 1354 3525 3628 504
5 1865 3339 5107 505
5 2737 3261 3876 506
5 2567 2661 3118 507
5 710 3422 4180 508
5 4570 3341 4702 509
5 1235 1336 1498 510
5 3298 3297 4664 511
5 4385 5264 5340 512
5 3071 2692 3458 513
5 1028 3086 5640 514
5 3234 4952 5546 515
5 1963 1964 5766 516
5 1020 1026 3379 517
5 2838 4204 4649 518
5 1750 2843 4030 519
5 3261 2737 4127 520
5 3817 4357 4361 521
5 1942 3619 3888 522
5 1924 1926 1928 523
5 4110 4121 4318 524
5 3905 3346 4063 525
5 4906 2793 5523 526
5 270 4223 4769 527
5 3727 709 4481 528
5 2246 3369 5444 529
5 1072 1075 5427 530
5 3588 3589 3893 531
5 2022 1983 2467 532
5 1991 2566 2567 533
5 597 895 4934 534
5 2161 3079 3080 535
5 1983 1929 5743 536
5 4379 4378 5147 537
5 892 3684 4148 538
5 3682 3560 4422 539
5 1842 1843 1923 540
5 3205 1340 3453 541
5 4204 1629 4649 542
5 710 4180 4525 543
5 3382 4383 5229 544
5 3483 927 3484 545
5 3350 3450 3872 546
5 2195 2176 2334 547
5 4105 445 4107 548
5 3065 2044 3786 549
5 2657 3204 3807 550
5 3581 3348 5015 551
5 2673 2342 3274 552
5 2979 3543 4760 553
5 2875 2920 3447 554
5 2145 2163 2191 555
5 3211 2462 5584 556
5 4276 2485 4277 557
5 773 4536 4540 558
5 2117 3299 5436 559
5 2191 2163 2342 560
5 1594 1593 1778 561
5 3370 1950 3971 562
5 1495 4217 4745 563
5 4115 1682 4129 564
5 3085 3682 5215 565
5 3594 1481 5473 566
5 1498 1609 3011 567
5 5239 3419 5450 568
5 4210 1614 5044 569
5 2554 2039 2652 570
5 1009 1012 3630 571
5 4357 2516 5185 572
5 2307 2814 5651 573
5 3669 3764 4396 574
5 740 3439 3669 575
5 3661 2895 4381 576
5 3743 3103 5358 577
5 1682 4110 4318 578
5 3136 2087 3137 579
5 4297 4188 4959 580
5 3629 3861 4768 581
5 3103 3743 3744 582
5 3629 3630 3861 583
5 3234 4027 4952 584
5 2615 2562 3225 585
5 4257 428 4259 586
5 1496 1603 3289 587
5 4619 3223 5101 588
5 2406 2408 3710 589
5 4948 4727 5104 590
5 3738 2869 4442 591
5 4019 4018 4020 592
5 3593 1086 4807 593
5 2263 2897 3324 594
5 3600 2940 4653 595
5 2085 3136 5345 596
5 3311 3308 5364 597
5 4169 1017 4811 598
5 2173 2164 2279 599
5 3297 2365 5415 600
5 4565 3569 5272 601
5 2157 2141 2161 602
5 2837 3223 5183 603
5 846 5385 5691 604
5 2843 4170 4869 605
5 2514 3254 3255 606
5 183 410 2975 607
5 2889 3399 4463 608
5 636 639 3770 609
5 1255 3332 5534 610
5 3528 2698 3529 611
5 4819 3123 4938 612
5 2326 2325 3413 613
5 3276 4632 5165 614
5 3398 4242 4243 615
5 3407 4199 4554 616
5 4785 3806 4900 617
5 3161 3164 4338 618
5 2902 2767 3758 619
5 23 1570 5740 620
5 3088 4155 4162 621
5 4135 1366 5234 622
5 1499 1501 3166 623
5 3381 2307 5651 624
5 4020 4018 5308 625
5 4079 586 5371 626
5 2892 4209 5174 627
5 3754 3797 4173 628
5 3686 1010 3708 629
5 2217 2216 2300 630
5 3641 1738 4501 631
5 2004 2271 2273 632
5 2178 2157 3262 633
5 678 739 4604 634
5 3049 2554 3188 635
5 4296 4188 4297 636
5 1016 1018 1033 637
5 2356 3211 3212 638
5 3406 1513 4232 639
5 3168 1957 3883 640
5 3050 2489 3513 641
5 1236 183 2975 642
5 419 4042 4043 643
5 4065 1658 4395 644
5 1841 4070 4602 645
5 3686 2919 4380 646
5 2162 2179 2356 647
5 1859 3433 4379 648
5 2421 2273 3330 649
5 4539 3537 4998 650
5 3095 2185 4377 651
5 2229 2230 3420 652
5 2530 2681 3396 653
5 323 521 4196 654
5 3426 1242 3427 655
5 2661 2566 3115 656
5 4076 2729 4077 657
5 409 181 4025 658
5 2421 3330 3331 659
5 3689 4516 4517 660
5 1851 2003 2004 661
5 4398 1657 4905 662
5 3678 1915 4182 663
5 3636 3651 5793 664
5 4552 4574 4575 665
5 3572 497 3906 666
5 2674 3183 3466 667
5 1144 1149 3416 668
5 2992 3013 5101 669
5 953 3703 3705 670
5 1450 3570 5417 671
5 4065 4395 5108 672
5 1401 1337 3520 673
5 1495 4589 5595 674
5 2795 2352 3573 675
5 2438 3357 5790 676
5 3577 720 3578 677
5 428 4257 4258 678
5 3898 2537 5368 679
5 1521 187 3482 680
5 1877 3487 5299 681
5 2927 2928 3854 682
5 2110 2109 2116 683
5 608 614 4589 684
5 4376 437 4650 685
5 4209 3263 5174 686
5 3312 2948 5091 687
5 1528 1426 3516 688
5 3016 1469 5041 689
5 5132 3188 5395 690
5 1469 1467 1482 691
5 2633 3777 5452 692
5 3637 3636 5793 693
5 1028 1235 3086 694
5 5053 1962 5192 695
5 4600 2790 4755 696
5 3118 3679 4908 697
5 984 985 1016 698
5 377 1727 4459 699
5 594 2466 3715 700
5 3169 3435 3436 701
5 2533 2534 2744 702
5 3199 3670 5112 703
5 517 1915 4633 704
5 3390 2541 3541 705
5 3151 3264 3774 706
5 2356 2179 3211 707
5 1014 3454 4229 708
5 4042 419 5091 709
5 3149 3147 5558 710
5 4632 778 5165 711
5 3547 3119 4908 712
5 792 798 3408 713
5 3422 2828 4224 714
5 3705 3557 4005 715
5 1517 3359 5018 716
5 3839 1290 4292 717
5 1162 1196 3425 718
5 4508 3270 4818 719
5 3975 1621 5354 720
5 610 3440 4888 721
5 2108 2107 2109 722
5 950 931 952 723
5 4716 4282 5398 724
5 2638 4015 4972 725
5 447 3445 4018 726
5 2162 2143 2179 727
5 588 580 3506 728
5 425 3410 4161 729
5 2448 2307 3381 730
5 2130 2143 2162 731
5 3257 2172 4844 732
5 4109 416 4979 733
5 2451 3587 3588 734
5 3447 2920 3846 735
5 3348 3349 5015 736
5 1041 1040 1046 737
5 1209 1208 1254 738
5 4119 1322 4454 739
5 3382 3381 4383 740
5 2664 4046 5356 741
5 3444 432 4022 742
5 2996 4265 4373 743
5 1987 1988 1989 744
5 4227 4228 5113 745
5 1928 1926 1929 746
5 4495 2453 4852 747
5 4138 4200 4280 748
5 5104 4727 5373 749
5 1441 1374 3472 750
5 2976 2975 3809 751
5 1298 3990 4080 752
5 2757 2755 3642 753
5 4671 1134 4840 754
5 3444 3445 4021 755
5 709 714 4481 756
5 3445 447 4021 757
5 3479 3478 3480 758
5 4544 3629 4768 759
5 1326 1400 4129 760
5 3630 1012 3631 761
5 2038 1786 2039 762
5 1702 1703 1850 763
5 2201 2472 3345 764
5 501 503 3752 765
5 819 822 3412 766
5 2145 2135 2163 767
5 4062 3062 4631 768
5 3557 3705 4683 769
5 2251 3738 4442 770
5 1131 3865 4714 771
5 2554 2652 3188 772
5 2038 2039 2554 773
5 3429 2468 3596 774
5 4005 3558 5643 775
5 4242 3398 5647 776
5 3695 4210 5044 777
5 2314 3604 3606 778
5 3139 2589 3352 779
5 1781 1565 1783 780
5 693 3532 5710 781
5 3177 3227 4069 782
5 2047 2533 2617 783
5 3642 2755 3643 784
5 2146 2144 2181 785
5 2300 2656 5076 786
5 4364 3203 5252 787
5 1226 1405 3665 788
5 3243 892 4796 789
5 4165 4144 5343 790
5 4245 2936 5007 791
5 2002 2186 4000 792
5 3839 2812 5262 793
5 1015 1014 1040 794
5 3506 578 3508 795
5 3751 2931 4815 796
5 248 249 4019 797
5 973 974 984 798
5 1702 1850 1851 799
5 2895 3661 4448 800
5 3665 3058 3880 801
5 904 906 3939 802
5 2152 4427 4941 803
5 2157 2161 5688 804
5 916 3850 4741 805
5 673 671 4064 806
5 1863 2092 3611 807
5 4205 4478 4523 808
5 4310 2275 4500 809
5 3557 1956 5267 810
5 3990 3834 4080 811
5 3431 3257 4844 812
5 3100 2872 4996 813
5 3390 3733 5480 814
5 2670 2467 3142 815
5 2868 3328 5118 816
5 2448 3381 3382 817
5 852 927 3483 818
5 3877 1668 4445 819
5 3842 3843 4879 820
5 431 3411 5325 821
5 1562 1563 1702 822
5 2665 4285 4330 823
5 3351 2510 3597 824
5 3280 4263 5422 825
5 4559 772 4622 826
5 5163 2087 5478 827
5 2803 2374 3565 828
5 3394 435 3891 829
5 5141 1834 5373 830
5 2533 2744 3141 831
5 950 973 3526 832
5 3553 2809 5282 833
5 988 4202 5628 834
5 4003 3943 4046 835
5 1968 2045 2046 836
5 3084 3466 5198 837
5 3136 3137 3138 838
5 2613 757 3558 839
5 2252 2541 3390 840
5 1778 1967 1968 841
5 1235 1498 3086 842
5 2301 2300 5664 843
5 1441 3472 4178 844
5 2173 2279 2657 845
5 2185 2958 4377 846
5 3869 2930 4194 847
5 3310 3311 3608 848
5 3020 3724 4315 849
5 1411 1409 3290 850
5 3953 3777 4174 851
5 2176 2171 2785 852
5 3072 4184 4981 853
5 1857 2066 3654 854
5 988 991 4202 855
5 856 5104 5373 856
5 1923 1843 1924 857
5 3151 3774 5520 858
5 2146 2181 2246 859
5 4068 522 4151 860
5 1594 1778 1779 861
5 1968 2046 2047 862
5 4346 1958 4593 863
5 3413 3985 5123 864
5 2919 3991 4410 865
5 2813 2632 3530 866
5 2315 2781 3603 867
5 2872 4339 4996 868
5 1463 1461 1479 869
5 718 720 3577 870
5 202 201 5717 871
5 720 721 3579 872
5 654 4194 4577 873
5 4938 2257 5005 874
5 820 3459 3784 875
5 1927 2306 2307 876
5 204 2907 5541 877
5 2546 3098 3259 878
5 2812 3575 5262 879
5 284 4716 5398 880
5 2108 2109 2110 881
5 2083 1779 2087 882
5 2325 2322 3415 883
5 1388 1282 1389 884
5 2257 4233 5005 885
5 3421 3420 3545 886
5 968 966 3216 887
5 2526 2345 3181 888
5 1209 1254 1255 889
5 1015 1040 1041 890
5 4184 3072 4777 891
5 3455 2535 3908 892
5 2074 4471 5011 893
5 1522 3437 4940 894
5 2721 3741 4701 895
5 1361 1587 4947 896
5 2793 3476 5097 897
5 25 523 3307 898
5 3220 415 4990 899
5 1041 1046 1048 900
5 1474 1469 3016 901
5 3779 3778 5014 902
5 2707 2712 3636 903
5 1804 1172 3653 904
5 3410 2660 4161 905
5 1415 1413 3406 906
5 1950 3370 5727 907
5 2089 2589 3139 908
5 1589 3016 3568 909
5 4068 4069 4390 910
5 1783 1786 2038 911
5 2083 2087 3136 912
5 3487 1877 5379 913
5 2218 4982 4983 914
5 1564 1565 1781 915
5 1564 1439 1565 916
5 2516 5256 5494 917
5 2989 2668 3793 918
5 2966 4078 5163 919
5 1533 1534 1593 920
5 1075 1078 3725 921
5 3391 4054 4056 922
5 2279 3087 3088 923
5 1020 1022 1026 924
5 2130 2127 2143 925
5 3576 3589 5076 926
5 4198 424 5084 927
5 2546 2313 3098 928
5 2656 2845 2997 929
5 2119 2144 2146 930
5 1533 1593 1594 931
5 4327 3989 4805 932
5 4979 3196 5125 933
5 3635 4625 5575 934
5 4598 3957 5799 935
5 3886 3358 5338 936
5 2510 3351 5777 937
5 812 813 3467 938
5 2114 2129 3299 939
5 2462 2837 3206 940
5 3866 1679 4555 941
5 2153 2164 2173 942
5 3118 2661 5407 943
5 2651 3582 5707 944
5 415 3220 5320 945
5 3431 1482 5606 946
5 1490 1491 1533 947
5 1373 1443 3453 948
5 4623 3352 5416 949
5 3215 4477 4957 950
5 2210 2562 2615 951
5 2674 2673 3183 952
5 3403 2591 5075 953
5 2520 2522 5378 954
5 1097 3478 3479 955
5 3578 720 3579 956
5 1286 1349 1351 957
5 1281 1200 1282 958
5 1099 1103 3478 959
5 3289 3912 4645 960
5 1883 2229 3450 961
5 2106 2107 2108 962
5 2954 3353 5116 963
5 2663 3542 3544 964
5 4874 3457 5200 965
5 2089 2085 2589 966
5 1589 1474 3016 967
5 2141 2138 3078 968
5 1075 3725 3726 969
5 3215 1959 4956 970
5 971 3771 4467 971
5 1984 1987 5269 972
5 3841 3842 4879 973
5 1392 1490 1492 974
5 1501 1503 1957 975
5 3574 4534 5195 976
5 4039 2546 5178 977
5 1476 1474 1589 978
5 2562 2794 3009 979
5 2221 3609 3610 980
5 2537 3898 5461 981
5 4108 4979 5125 982
5 1101 1102 3647 983
5 2210 2211 2562 984
5 3439 740 4371 985
5 4146 3234 5546 986
5 2852 3970 4679 987
5 2440 2836 4702 988
5 3806 4010 5687 989
5 1038 3600 4653 990
5 3205 3453 4946 991
5 4388 4278 5429 992
5 1842 1923 1927 993
5 107 106 5623 994
5 3683 2254 5114 995
5 5363 1966 5766 996
5 2106 1255 2107 997
5 3874 1246 4805 998
5 3508 578 5596 999
5 1392 1393 1490 1000
5 4511 5019 5242 1001
5 2506 2246 2967 1002
5 1091 3479 3481 1003
5 2468 3429 4962 1004
5 3475 1543 5053 1005
5 4194 2931 4577 1006
5 1997 2299 5251 1007
5 3298 4664 5342 1008
5 1254 1286 3332 1009
5 2427 3263 4209 1010
5 3060 4427 4955 1011
5 817 819 3459 1012
5 1432 1435 3247 1013
5 3453 1443 4615 1014
5 2148 2150 2152 1015
5 1682 1328 4129 1016
5 1675 1673 3596 1017
5 1779 1778 3258 1018
5 3183 2673 3440 1019
5 2299 3342 5336 1020
5 4711 1855 5159 1021
5 1176 1208 1209 1022
5 1165 3425 3965 1023
5 197 901 3548 1024
5 246 3540 5083 1025
5 1610 1824 3760 1026
5 1846 2622 3761 1027
5 3540 246 5230 1028
5 3338 3265 5639 1029
5 3918 3402 4503 1030
5 589 588 590 1031
5 2114 2112 2129 1032
5 1456 1454 1466 1033
5 1964 2831 3135 1034
5 800 3438 5503 1035
5 1121 3522 4917 1036
5 2119 2117 2144 1037
5 4205 4523 4635 1038
5 2656 2997 3576 1039
5 2267 3037 4183 1040
5 975 1014 1015 1041
5 4263 1169 5422 1042
5 2999 4508 4818 1043
5 3408 2103 4689 1044
5 3687 1581 4240 1045
5 4103 4820 5298 1046
5 3588 2704 3589 1047
5 3525 1354 3629 1048
5 3289 1603 5705 1049
5 2957 4206 4641 1050
5 1965 1963 5766 1051
5 1569 2946 3844 1052
5 1528 3516 4413 1053
5 4238 1958 4346 1054
5 243 4874 5200 1055
5 3546 5058 5208 1056
5 4086 4119 4454 1057
5 2908 3413 5123 1058
5 5264 3089 5340 1059
5 1867 4707 5445 1060
5 2181 2430 3369 1061
5 1349 1350 1392 1062
5 1276 3871 4728 1063
5 3049 3188 5132 1064
5 2453 2452 5737 1065
5 200 902 3242 1066
5 3119 3547 3548 1067
5 2153 2154 2164 1068
5 716 713 4240 1069
5 1389 1439 1564 1070
5 3641 3642 3644 1071
5 4124 4329 4895 1072
5 3730 2045 4508 1073
5 2718 3111 3713 1074
5 4665 2520 5378 1075
5 3478 1103 5504 1076
5 2960 2961 4206 1077
5 3083 3524 4827 1078
5 2898 3916 4058 1079
5 2279 3088 3204 1080
5 1170 1167 3542 1081
5 8 7 4349 1082
5 1964 3135 5363 1083
5 1425 3068 3472 1084
5 3071 3458 5045 1085
5 3173 3273 4940 1086
5 3647 1102 5289 1087
5 1883 3450 5390 1088
5 1785 3335 5544 1089
5 4217 1495 5595 1090
5 4559 3306 5535 1091
5 2466 904 3939 1092
5 787 4191 4336 1093
5 3581 1444 4317 1094
5 591 590 592 1095
5 2430 2872 3100 1096
5 2150 2151 2153 1097
5 3095 4553 5277 1098
5 3772 1820 4469 1099
5 2882 2884 3085 1100
5 3466 4392 5198 1101
5 566 3409 5419 1102
5 523 24 3361 1103
5 3474 2886 4634 1104
5 3068 1528 4877 1105
5 3643 2749 3955 1106
5 684 3759 4543 1107
5 2855 2506 3383 1108
5 3146 3370 3971 1109
5 3604 3603 3605 1110
5 2319 1948 2423 1111
5 2803 3565 3996 1112
5 1281 1282 1388 1113
5 950 952 973 1114
5 3822 3321 3922 1115
5 1482 3371 5041 1116
5 2543 3710 3711 1117
5 3170 4359 4360 1118
5 1033 3379 5138 1119
5 2177 2176 2195 1120
5 3974 2965 4126 1121
5 227 441 4256 1122
5 4727 3267 4828 1123
5 3556 3558 4005 1124
5 2116 2147 2148 1125
5 2148 2149 2150 1126
5 2454 3389 4494 1127
5 3346 3905 5292 1128
5 3847 2511 4221 1129
5 1254 1256 1286 1130
5 2514 2434 3254 1131
5 5116 3633 5122 1132
5 3321 1397 5633 1133
5 2671 2319 3294 1134
5 3570 1450 3950 1135
5 829 831 3376 1136
5 3432 1166 4568 1137
5 3662 2734 3735 1138
5 2882 2883 2884 1139
5 2104 1982 3348 1140
5 1162 1161 1196 1141
5 1608 1597 1863 1142
5 2659 2649 3182 1143
5 3087 2164 5732 1144
5 1744 2468 3926 1145
5 1432 3247 5451 1146
5 613 3690 4531 1147
5 1160 1159 1161 1148
5 3379 1026 5278 1149
5 2468 1675 3596 1150
5 1705 1708 1842 1151
5 745 3633 5116 1152
5 1286 1287 1349 1153
5 2576 4257 4259 1154
5 4925 4474 5411 1155
5 3167 1957 3168 1156
5 3432 4568 4906 1157
5 1803 1690 3908 1158
5 544 3809 4581 1159
5 3389 2454 5268 1160
5 4274 4273 5374 1161
5 3391 3390 5480 1162
5 4218 3000 4596 1163
5 3684 3683 5114 1164
5 3005 3857 4867 1165
5 2440 4702 5681 1166
5 255 256 4654 1167
5 3192 3615 5273 1168
5 859 3260 5712 1169
5 4529 3130 5127 1170
5 4427 2152 4955 1171
5 3254 2651 5707 1172
5 963 966 968 1173
5 968 3216 3217 1174
5 3636 2712 3651 1175
5 593 592 594 1176
5 1831 1960 3744 1177
5 674 1537 3551 1178
5 3682 567 5215 1179
5 5016 5017 5379 1180
5 2986 5043 5313 1181
5 3614 1560 4266 1182
5 4360 4362 4364 1183
5 1469 1482 5041 1184
5 586 3430 4966 1185
5 3313 5091 5186 1186
5 4692 2178 4726 1187
5 2814 2306 3314 1188
5 1877 5016 5379 1189
5 2744 3779 5397 1190
5 3591 4503 5082 1191
5 4477 4211 4957 1192
5 428 254 4260 1193
5 4077 2729 4491 1194
5 1291 1289 3283 1195
5 2417 3708 3709 1196
5 3611 2092 5752 1197
5 2809 3838 5282 1198
5 1157 1150 1181 1199
5 507 3685 3752 1200
5 2828 3422 4476 1201
5 4609 4554 5723 1202
5 1046 1047 1176 1203
5 1224 3665 3880 1204
5 4566 3283 4735 1205
5 1497 1496 3289 1206
5 1147 3620 4859 1207
5 2127 2124 3448 1208
5 2765 3757 3758 1209
5 2946 1833 5072 1210
5 3005 3392 3857 1211
5 2691 3232 3498 1212
5 2354 3490 5771 1213
5 2659 3182 3666 1214
5 2420 2263 3324 1215
5 3358 1108 4608 1216
5 1498 1336 1499 1217
5 2161 3078 3079 1218
5 3536 1933 3538 1219
5 3586 2451 5184 1220
5 1489 1762 3618 1221
5 4387 4766 5306 1222
5 773 3305 4536 1223
5 2158 2157 2178 1224
5 1198 1200 1281 1225
5 3219 4039 5178 1226
5 4916 732 5483 1227
5 3050 3514 5058 1228
5 1272 3659 4646 1229
5 2142 2141 2157 1230
5 2531 2530 3396 1231
5 2776 3638 3639 1232
5 4350 7 5440 1233
5 2529 2528 2530 1234
5 1958 4238 4505 1235
5 3505 412 4168 1236
5 3670 3199 5212 1237
5 3437 3173 4940 1238
5 413 3778 4280 1239
5 1176 1177 1208 1240
5 1562 1702 3270 1241
5 2859 4167 4628 1242
5 1879 3947 4696 1243
5 2879 2882 3271 1244
5 4560 3947 4804 1245
5 3622 958 3623 1246
5 2830 2578 4259 1247
5 3741 3740 4701 1248
5 740 3669 4396 1249
5 2783 4817 5526 1250
5 3273 4068 4151 1251
5 2181 2182 2430 1252
5 2039 1786 3852 1253
5 3339 3187 4816 1254
5 2877 2879 3271 1255
5 2420 3324 3325 1256
5 3410 425 4160 1257
5 3908 1690 5630 1258
5 1149 1150 1157 1259
5 1962 1601 1963 1260
5 2678 3129 3593 1261
5 1158 1156 1159 1262
5 2527 2251 2528 1263
5 3681 2779 4686 1264
5 2314 2315 3603 1265
5 2352 2350 3573 1266
5 3073 3075 4692 1267
5 3521 4322 4826 1268
5 1018 1020 3379 1269
5 2739 3248 3693 1270
5 2430 2431 2872 1271
5 3380 2272 5202 1272
5 1461 1456 3895 1273
5 1149 1148 1150 1274
5 3366 3365 5335 1275
5 3569 3568 5272 1276
5 5251 2299 5336 1277
5 3285 3284 5030 1278
5 3498 3232 5676 1279
5 2531 3502 4779 1280
5 2846 5138 5278 1281
5 4850 1466 5010 1282
5 1165 1162 3425 1283
5 1536 1556 1562 1284
5 2613 3554 4139 1285
5 4921 4114 5042 1286
5 1923 1924 5742 1287
5 582 580 588 1288
5 3038 4511 5242 1289
5 1755 4535 4963 1290
5 3758 3759 4235 1291
5 3293 3853 4835 1292
5 952 931 3245 1293
5 3011 1609 3203 1294
5 427 248 4019 1295
5 2964 4850 5010 1296
5 2666 2667 3559 1297
5 2627 3158 3533 1298
5 3231 2930 3869 1299
5 3305 773 5148 1300
5 2755 2752 3643 1301
5 1928 1983 2022 1302
5 2726 3500 3501 1303
5 3290 1421 3464 1304
5 2590 3291 3856 1305
5 2540 3887 4831 1306
5 3357 3304 3434 1307
5 4195 3889 5099 1308
5 1981 1882 2345 1309
5 3490 2354 3922 1310
5 2570 3736 3931 1311
5 3755 2479 3885 1312
5 4945 3497 5308 1313
5 2455 2453 2456 1314
5 2867 2865 3737 1315
5 3910 4310 4500 1316
5 3761 2622 5670 1317
5 3635 1159 4625 1318
5 3887 3609 5096 1319
5 963 964 966 1320
5 1010 3686 4380 1321
5 3083 4827 5179 1322
5 4243 281 4681 1323
5 3545 1442 3836 1324
5 3853 3293 5529 1325
5 2439 2438 5790 1326
5 1291 3283 3284 1327
5 2206 2201 3345 1328
5 3153 3155 3372 1329
5 2882 3085 5552 1330
5 3504 5481 5482 1331
5 2215 2196 2216 1332
5 1157 1181 1205 1333
5 3991 1045 4410 1334
5 3477 1781 5410 1335
5 1155 1092 1156 1336
5 1910 597 4934 1337
5 3141 2744 5397 1338
5 3029 4262 4372 1339
5 1948 1781 3477 1340
5 4520 2988 4999 1341
5 1160 1161 1162 1342
5 3978 3326 4586 1343
5 2136 2135 2145 1344
5 1762 1752 1882 1345
5 1504 4412 4700 1346
5 4066 3130 4529 1347
5 966 967 975 1348
5 3522 1121 3911 1349
5 1145 1147 4859 1350
5 1177 4218 4596 1351
5 3988 619 4465 1352
5 4708 4949 5144 1353
5 975 976 1014 1354
5 2646 3322 3764 1355
5 1265 3692 4125 1356
5 1842 1708 1843 1357
5 1939 1936 2438 1358
5 2342 2544 2616 1359
5 1960 3103 3744 1360
5 5244 3982 5423 1361
5 4190 542 4563 1362
5 1144 1148 1149 1363
5 3169 3171 3435 1364
5 4378 3217 5147 1365
5 2206 3345 3346 1366
5 443 4242 4541 1367
5 3553 411 5335 1368
5 2653 2039 5769 1369
5 1608 1863 1881 1370
5 3732 1962 5106 1371
5 127 126 3980 1372
5 1214 1519 3632 1373
5 773 3451 5483 1374
5 1382 1381 1568 1375
5 2339 4709 5577 1376
5 1056 1212 3631 1377
5 2765 2763 3757 1378
5 2179 2180 2462 1379
5 1615 3506 3507 1380
5 1154 1153 1167 1381
5 2545 3663 4829 1382
5 1139 1138 1153 1383
5 1569 1568 1788 1384
5 2903 2271 4164 1385
5 83 82 3899 1386
5 250 2 4021 1387
5 1268 1267 1381 1388
5 3747 618 4965 1389
5 4008 2977 4765 1390
5 2452 2450 5737 1391
5 2165 2167 2210 1392
5 1417 1415 1597 1393
5 2092 2263 2420 1394
5 3393 2971 5316 1395
5 3428 3285 5031 1396
5 1133 1132 1138 1397
5 1409 1421 3290 1398
5 416 4109 5437 1399
5 3481 3480 3649 1400
5 3146 3971 5578 1401
5 4794 4118 4930 1402
5 3527 2843 4171 1403
5 2272 3380 4678 1404
5 3415 2322 5636 1405
5 3529 2698 5151 1406
5 4458 3409 4459 1407
5 1131 4714 4715 1408
5 4104 4115 4129 1409
5 2529 2530 2531 1410
5 1264 1289 1291 1411
5 503 507 3752 1412
5 726 728 3696 1413
5 1404 1205 2081 1414
5 1068 1607 4159 1415
5 584 4623 5416 1416
5 4233 3339 5005 1417
5 3405 3419 5433 1418
5 1993 1997 5251 1419
5 591 592 593 1420
5 3837 4195 5099 1421
5 2527 2528 2529 1422
5 3673 3974 4126 1423
5 5133 3655 5699 1424
5 1384 1496 1497 1425
5 2385 2520 5219 1426
5 2218 4983 5227 1427
5 3343 2932 3344 1428
5 894 596 1517 1429
5 4119 4118 4794 1430
5 2948 3312 5211 1431
5 3755 3885 5755 1432
5 1016 1033 3854 1433
5 3342 3742 5640 1434
5 3138 4517 4518 1435
5 3730 2998 5283 1436
5 3105 2505 3706 1437
5 2291 2252 3390 1438
5 634 3770 5543 1439
5 1319 1648 4219 1440
5 3622 3623 3624 1441
5 1489 1401 1752 1442
5 3222 3013 4606 1443
5 589 590 591 1444
5 1688 1687 1883 1445
5 2901 2075 2971 1446
5 1493 1478 1601 1447
5 3993 1660 4533 1448
5 1413 1513 3406 1449
5 1103 1101 1132 1450
5 3733 1617 4770 1451
5 5301 3318 5647 1452
5 2128 2127 2130 1453
5 2720 3499 5429 1454
5 3164 3954 4338 1455
5 1158 1159 1160 1456
5 3132 3908 5630 1457
5 2590 2555 3291 1458
5 3941 2349 4648 1459
5 1443 1441 1687 1460
5 1417 1597 1608 1461
5 1246 4327 4805 1462
5 4140 4480 4640 1463
5 1349 1392 3973 1464
5 4046 3367 5356 1465
5 978 2469 3454 1466
5 4121 1683 4318 1467
5 1981 2345 2526 1468
5 1528 4739 4877 1469
5 3348 2419 3349 1470
5 25 24 523 1471
5 3123 2257 4938 1472
5 3033 3153 3594 1473
5 1343 1337 1401 1474
5 2602 3971 4812 1475
5 3787 3626 4913 1476
5 884 497 3572 1477
5 974 952 1841 1478
5 3495 1865 4666 1479
5 4222 417 4270 1480
5 218 419 4043 1481
5 1508 1448 2251 1482
5 2785 2171 5223 1483
5 3339 4816 5107 1484
5 3500 1919 3501 1485
5 3399 2889 4469 1486
5 1508 2251 2527 1487
5 3029 4372 4439 1488
5 2845 2216 5605 1489
5 1762 1882 1981 1490
5 2291 3390 3391 1491
5 4427 2904 4941 1492
5 2066 3287 3654 1493
5 839 916 4741 1494
5 2813 3530 4902 1495
5 1989 1990 1992 1496
5 2448 3382 4678 1497
5 1409 1407 1421 1498
5 1413 1411 1513 1499
5 1310 1560 3820 1500
5 4380 2919 4410 1501
5 2462 2463 2837 1502
5 582 589 3712 1503
5 1603 1759 1774 1504
5 3821 1163 4913 1505
5 4183 4184 4643 1506
5 1018 1019 1020 1507
5 2466 5510 5796 1508
5 2632 2609 3005 1509
5 3845 3844 4014 1510
5 1382 1568 1569 1511
5 976 978 3454 1512
5 1268 1381 1382 1513
5 1569 1788 1833 1514
5 3670 555 5112 1515
5 3631 1212 3632 1516
5 4420 3807 5571 1517
5 2271 2003 2272 1518
5 4162 3824 5694 1519
5 2103 800 5503 1520
5 2649 3004 3121 1521
5 2872 2873 3465 1522
5 1196 1206 1242 1523
5 527 778 4632 1524
5 2557 3159 3716 1525
5 805 3530 5039 1526
5 3571 668 4919 1527
5 2533 2046 2534 1528
5 1670 1668 3877 1529
5 4014 2203 4485 1530
5 4283 4103 5298 1531
5 5022 3681 5172 1532
5 2837 2992 3223 1533
5 1133 1138 1139 1534
5 2069 2070 2649 1535
5 974 1841 4602 1536
5 1142 1144 3416 1537
5 1139 1153 1154 1538
5 3376 4609 5196 1539
5 1154 1167 1170 1540
5 645 958 3622 1541
5 1911 2201 2206 1542
5 3680 1265 3681 1543
5 671 1748 4064 1544
5 1890 1888 3441 1545
5 1103 1132 1133 1546
5 3388 2950 4493 1547
5 1489 1752 1762 1548
5 2873 3447 3465 1549
5 2923 5043 5073 1550
5 3947 2786 3948 1551
5 1490 1533 4758 1552
5 1246 3874 4944 1553
5 1054 962 4154 1554
5 2832 2833 3029 1555
5 2168 2949 4432 1556
5 1964 1601 2831 1557
5 3065 3786 5195 1558
5 1126 1134 4671 1559
5 1481 3594 5580 1560
5 1163 3884 4913 1561
5 570 562 3796 1562
5 4586 3325 5675 1563
5 962 3302 4154 1564
5 3593 3129 3829 1565
5 3218 3235 5590 1566
5 2112 2110 4763 1567
5 4708 2297 4949 1568
5 3842 3374 3843 1569
5 3815 3816 3817 1570
5 3418 3416 3452 1571
5 564 571 3592 1572
5 3645 2745 5283 1573
5 3499 4388 5429 1574
5 2836 2439 2996 1575
5 1781 1783 5410 1576
5 2798 3239 3634 1577
5 2999 2998 3730 1578
5 3712 1910 4931 1579
5 2314 3603 3604 1580
5 3618 1762 4601 1581
5 2354 490 3717 1582
5 1196 1197 1206 1583
5 3120 3960 4499 1584
5 2150 2153 4710 1585
5 186 543 3482 1586
5 1172 1267 1268 1587
5 2681 2682 3384 1588
5 1343 1401 1489 1589
5 2831 1601 5587 1590
5 2249 2246 2506 1591
5 2417 3707 3708 1592
5 845 3995 5582 1593
5 2698 3528 4000 1594
5 3374 2983 5285 1595
5 3644 3643 5536 1596
5 3619 1942 5071 1597
5 2361 472 3743 1598
5 1617 3541 3933 1599
5 2315 2317 2781 1600
5 2242 2243 3606 1601
5 2873 2875 3447 1602
5 1155 1156 1158 1603
5 3023 2339 5577 1604
5 281 4243 5715 1605
5 1863 2091 2092 1606
5 2599 2475 3034 1607
5 2345 3048 3181 1608
5 1454 1048 4958 1609
5 2814 3314 3667 1610
5 2879 2881 2882 1611
5 1172 1170 1267 1612
5 1783 1784 1786 1613
5 2530 2532 2681 1614
5 4143 3076 4964 1615
5 4263 3280 5102 1616
5 2875 2877 2920 1617
5 1443 1687 1688 1618
5 2243 2245 2314 1619
5 2776 2761 3638 1620
5 3480 2979 3649 1621
5 582 588 589 1622
5 2242 3606 3608 1623
5 2438 3303 3304 1624
5 3496 3497 4945 1625
5 2744 2534 2745 1626
5 3715 2466 5796 1627
5 3223 2992 5101 1628
5 1382 1569 3844 1629
5 812 3467 5744 1630
5 2334 2785 3377 1631
5 1206 1263 1264 1632
5 3843 777 4879 1633
5 571 570 572 1634
5 1046 1176 4674 1635
5 3138 3137 3689 1636
5 2102 2241 2242 1637
5 2586 2506 2855 1638
5 2472 2932 3343 1639
5 3436 4803 5738 1640
5 1688 1883 1895 1641
5 1560 1312 4266 1642
5 1117 4023 5482 1643
5 3603 2781 3942 1644
5 3299 2129 4506 1645
5 2632 3005 3530 1646
5 3014 1967 4037 1647
5 2434 2651 3254 1648
5 852 854 927 1649
5 1264 1278 1289 1650
5 3757 3756 3759 1651
5 3441 2446 3442 1652
5 3685 507 5728 1653
5 3946 2786 3947 1654
5 3002 2526 3505 1655
5 1321 4921 5042 1656
5 3814 3815 5236 1657
5 871 873 1848 1658
5 2116 2148 4941 1659
5 2583 3686 3707 1660
5 1824 1825 1936 1661
5 1654 1581 3687 1662
5 2887 2888 5413 1663
5 4556 611 4584 1664
5 3561 3636 3637 1665
5 1589 3568 3569 1666
5 1198 1199 1200 1667
5 2434 2104 2651 1668
5 2605 2331 2908 1669
5 835 837 4034 1670
5 1940 2252 2291 1671
5 1415 3406 5702 1672
5 2317 2390 3365 1673
5 1907 1661 4337 1674
5 5385 3794 5691 1675
5 3480 3478 3543 1676
5 3845 4014 4485 1677
5 3716 3159 5725 1678
5 2033 1857 3654 1679
5 1936 1937 3303 1680
5 1610 1623 1824 1681
5 1088 1092 1155 1682
5 1476 1589 4561 1683
5 724 726 3580 1684
5 1982 2419 3348 1685
5 3173 3175 3273 1686
5 5435 3533 5445 1687
5 1778 1593 1967 1688
5 4551 278 5221 1689
5 3083 3082 3523 1690
5 3960 3142 4499 1691
5 2678 2677 3129 1692
5 3574 1953 4534 1693
5 4107 445 4470 1694
5 2531 3396 3521 1695
5 3871 4175 4728 1696
5 1982 1895 2419 1697
5 1269 1337 1343 1698
5 877 879 963 1699
5 1099 1101 1103 1700
5 3523 3082 4309 1701
5 1289 1353 1384 1702
5 1850 1703 3278 1703
5 3941 3205 4946 1704
5 5301 2382 5332 1705
5 3271 2882 5552 1706
5 2446 1886 4154 1707
5 3251 1773 4017 1708
5 3232 3071 3656 1709
5 3717 3822 3922 1710
5 2007 2005 2555 1711
5 2055 2057 2101 1712
5 4201 2233 4890 1713
5 3268 1033 5138 1714
5 2818 3830 3956 1715
5 2243 2314 3606 1716
5 1702 1563 1703 1717
5 3550 747 3927 1718
5 1397 3740 3741 1719
5 554 555 3670 1720
5 435 286 3891 1721
5 1218 1509 3672 1722
5 4063 3346 5044 1723
5 1284 3983 4712 1724
5 1124 1126 1128 1725
5 3148 3461 5804 1726
5 3558 752 4562 1727
5 2131 2130 3192 1728
5 2274 2273 2421 1729
5 3597 2031 4477 1730
5 2543 3711 4851 1731
5 1939 2438 2439 1732
5 1844 4948 5104 1733
5 4295 4375 4376 1734
5 2952 3584 4852 1735
5 2428 2427 2677 1736
5 2671 3294 3522 1737
5 2902 3758 4235 1738
5 2175 2171 2176 1739
5 3148 3150 3461 1740
5 3116 3115 3816 1741
5 1242 1206 3428 1742
5 2111 2110 2112 1743
5 200 199 902 1744
5 2726 3501 4038 1745
5 1405 3664 3665 1746
5 564 562 570 1747
5 4159 1607 5391 1748
5 4190 4563 4866 1749
5 2601 2797 3616 1750
5 201 1347 5717 1751
5 1097 1099 3478 1752
5 3342 3011 5336 1753
5 1486 4600 4755 1754
5 2140 2138 2141 1755
5 1384 1385 1496 1756
5 3197 3195 4551 1757
5 1524 1539 1610 1758
5 3318 3319 5647 1759
5 2092 2093 2263 1760
5 601 3560 4661 1761
5 1496 1514 1603 1762
5 3414 2325 3415 1763
5 1091 3481 5383 1764
5 1389 1438 1439 1765
5 831 833 847 1766
5 3764 1735 4396 1767
5 3646 795 5135 1768
5 1130 3419 5239 1769
5 3421 3545 3836 1770
5 3983 3835 4712 1771
5 2767 2765 3758 1772
5 4766 1678 5306 1773
5 1603 1604 1759 1774
5 2197 3617 4071 1775
5 2808 3837 5099 1776
5 217 218 4043 1777
5 3365 2809 3553 1778
5 3098 5216 5693 1779
5 1420 3975 3976 1780
5 1435 1436 1524 1781
5 2438 3304 3357 1782
5 1373 1441 1443 1783
5 1524 1610 1612 1784
5 3283 1289 5792 1785
5 3769 3864 5557 1786
5 3088 3087 5314 1787
5 3883 1599 5772 1788
5 3093 4338 4975 1789
5 1790 829 3376 1790
5 3407 4554 4609 1791
5 1790 3376 3552 1792
5 1388 1389 3748 1793
5 2390 2809 3365 1794
5 1346 1755 5459 1795
5 2488 2489 3050 1796
5 1396 3894 4045 1797
5 1321 4118 4921 1798
5 1968 1967 2045 1799
5 2124 2123 3448 1800
5 1088 1089 1092 1801
5 3582 3581 4317 1802
5 3249 2867 3737 1803
5 1883 1884 2229 1804
5 4549 5228 5774 1805
5 2424 1641 2425 1806
5 1759 1760 1911 1807
5 590 1615 3785 1808
5 997 1265 3680 1809
5 4551 3195 5476 1810
5 2649 3121 3182 1811
5 1167 1240 3542 1812
5 1881 1863 3611 1813
5 1824 1936 1939 1814
5 867 871 3774 1815
5 2691 2692 3071 1816
5 1711 3367 5310 1817
5 2967 2246 5444 1818
5 906 909 3939 1819
5 3594 3153 5580 1820
5 2374 2372 3565 1821
5 3484 927 3486 1822
5 3575 3148 5804 1823
5 1453 1048 1454 1824
5 3253 2726 4038 1825
5 2007 2555 2590 1826
5 3651 2712 3652 1827
5 2279 2164 3087 1828
5 3471 4198 5084 1829
5 596 593 3715 1830
5 2306 1923 3722 1831
5 3404 1764 5220 1832
5 2658 2657 2799 1833
5 3192 2162 3615 1834
5 2897 3045 3373 1835
5 598 3689 5085 1836
5 850 852 3483 1837
5 1174 2786 3946 1838
5 2022 2467 2670 1839
5 3531 2679 3532 1840
5 4399 4398 4905 1841
5 1516 820 1577 1842
5 2263 2264 2897 1843
5 3078 2138 5382 1844
5 3259 3098 5693 1845
5 2105 1255 2106 1846
5 2113 2112 2114 1847
5 2502 4457 5729 1848
5 1905 2053 2054 1849
5 2390 2443 2809 1850
5 3607 3604 4488 1851
5 580 578 3506 1852
5 2569 2567 3118 1853
5 1697 1577 1943 1854
5 3808 544 4025 1855
5 573 572 574 1856
5 3543 3478 5504 1857
5 3260 3486 5712 1858
5 833 835 3252 1859
5 3545 3051 3546 1860
5 3878 1739 4639 1861
5 1448 1419 3738 1862
5 1888 1886 2446 1863
5 2069 2649 2659 1864
5 827 829 1790 1865
5 2884 2885 3560 1866
5 2370 2552 3564 1867
5 1238 3831 4542 1868
5 1798 1900 1904 1869
5 2877 3271 5698 1870
5 4658 3109 5318 1871
5 823 808 1641 1872
5 2118 2117 2119 1873
5 249 447 4019 1874
5 2889 4340 4469 1875
5 1018 985 1019 1876
5 2488 3050 3051 1877
5 3389 4493 4494 1878
5 1167 1168 1240 1879
5 1205 1181 3266 1880
5 1124 1125 1126 1881
5 3640 2775 3641 1882
5 2115 2114 2117 1883
5 3907 2848 5263 1884
5 3561 2709 3636 1885
5 2986 3056 5043 1886
5 3414 3415 3570 1887
5 2447 2313 2546 1888
5 4377 2958 5481 1889
5 1338 3205 3520 1890
5 2090 2089 2313 1891
5 3724 3594 5473 1892
5 2134 2131 2135 1893
5 3912 2442 4645 1894
5 3681 4125 5172 1895
5 1911 1912 2201 1896
5 1945 1943 2512 1897
5 2102 2242 4530 1898
5 1425 1426 1528 1899
5 1425 1528 3068 1900
5 3097 2378 3658 1901
5 3626 3821 4913 1902
5 3809 2975 4581 1903
5 3707 3686 3708 1904
5 3657 2111 4742 1905
5 2972 2678 3593 1906
5 1265 999 3692 1907
5 4478 4205 4628 1908
5 2087 1779 3258 1909
5 261 4655 5084 1910
5 1788 1789 1940 1911
5 568 3655 5201 1912
5 1518 3625 3767 1913
5 2692 2694 3458 1914
5 3472 3068 4923 1915
5 1967 1593 4037 1916
5 571 572 573 1917
5 1984 1985 1986 1918
5 1937 1961 2069 1919
5 3301 4149 5744 1920
5 1562 1556 1563 1921
5 573 574 575 1922
5 1097 1098 1099 1923
5 2201 2202 2472 1924
5 1661 1662 4337 1925
5 1397 622 3740 1926
5 1455 1454 1456 1927
5 1272 1363 3659 1928
5 3567 4326 4969 1929
5 1679 3866 4556 1930
5 1342 1373 3453 1931
5 1533 1491 1534 1932
5 3852 4994 5769 1933
5 2361 3743 5358 1934
5 2562 2211 2794 1935
5 2330 1890 2475 1936
5 3929 2570 3930 1937
5 490 487 3717 1938
5 2082 1779 2083 1939
5 2345 2346 3048 1940
5 2651 3581 3582 1941
5 3895 2783 5526 1942
5 2609 2606 3392 1943
5 1240 1241 1269 1944
5 2686 2688 3498 1945
5 2086 2085 2089 1946
5 472 469 3743 1947
5 1122 1123 1124 1948
5 991 993 4717 1949
5 4872 466 5108 1950
5 3009 2794 3219 1951
5 531 3666 5169 1952
5 2600 2352 2601 1953
5 3517 2799 3655 1954
5 226 227 4256 1955
5 4232 2620 4572 1956
5 1373 1374 1441 1957
5 1490 1393 1491 1958
5 3889 1893 5099 1959
5 3643 3955 5536 1960
5 1099 1100 1101 1961
5 4530 2242 5302 1962
5 2491 2720 3513 1963
5 978 980 2469 1964
5 3333 3265 3338 1965
5 1488 501 3752 1966
5 1181 1182 1198 1967
5 660 662 3590 1968
5 1269 1270 1337 1969
5 2746 3455 5659 1970
5 4978 3697 5663 1971
5 2901 2971 3000 1972
5 2454 4494 5814 1973
5 2428 2677 2678 1974
5 1340 1342 3453 1975
5 3450 3421 3872 1976
5 4958 1048 5210 1977
5 2898 1729 4252 1978
5 4111 444 4216 1979
5 3539 433 5083 1980
5 2797 2796 2798 1981
5 1094 1097 3479 1982
5 2305 4483 5714 1983
5 3656 1698 5380 1984
5 4238 3860 4505 1985
5 433 3539 5614 1986
5 2087 3258 5478 1987
5 1374 1376 3472 1988
5 1940 1941 2252 1989
5 1426 1428 3516 1990
5 3142 2467 4499 1991
5 2356 3213 3615 1992
5 1020 1021 1022 1993
5 2472 2473 2932 1994
5 4029 4933 5070 1995
5 1959 3215 4957 1996
5 3212 3211 3866 1997
5 2365 3297 5518 1998
5 2423 1948 3477 1999
5 2446 4154 5662 2000
5 1516 1577 1697 2001
5 630 971 3898 2002
5 2736 3868 4016 2003
5 1888 2446 3441 2004
5 3693 855 5008 2005
5 3169 3168 3171 2006
5 2252 2253 2541 2007
5 186 185 543 2008
5 2850 2554 3049 2009
5 3303 1937 5781 2010
5 1713 4224 4475 2011
5 877 963 3235 2012
5 3481 1849 5383 2013
5 2467 1983 5517 2014
5 1376 1425 3472 2015
5 2191 2673 2674 2016
5 2331 2326 3413 2017
5 2665 2632 2813 2018
5 2634 2617 2851 2019
5 839 841 916 2020
5 3856 1044 5470 2021
5 2126 2124 2127 2022
5 1392 1350 1393 2023
5 3626 1570 3821 2024
5 2489 2491 3513 2025
5 1126 1127 1134 2026
5 1865 3495 5005 2027
5 3458 4439 4440 2028
5 2362 2307 2448 2029
5 2601 2795 2796 2030
5 6 5 4355 2031
5 3307 523 3308 2032
5 847 3252 3407 2033
5 1354 1009 3630 2034
5 3485 3484 3487 2035
5 1697 1943 1945 2036
5 3340 2835 3341 2037
5 1540 3790 3791 2038
5 3596 1673 3877 2039
5 1703 1705 3278 2040
5 2694 2696 2832 2041
5 3773 1207 5495 2042
5 1091 1094 3479 2043
5 816 820 1516 2044
5 3119 3118 4908 2045
5 747 3550 3696 2046
5 2314 2245 2315 2047
5 2116 2109 2147 2048
5 2599 3034 3327 2049
5 2084 2083 2085 2050
5 3902 2720 5429 2051
5 3458 2832 4439 2052
5 4161 3323 5381 2053
5 2425 2426 2427 2054
5 1972 2005 2007 2055
5 2210 2167 2211 2056
5 2691 3071 3232 2057
5 575 574 576 2058
5 3029 2833 3340 2059
5 2610 2609 2632 2060
5 1975 1654 3687 2061
5 4570 2836 5150 2062
5 1428 1487 3516 2063
5 1136 1142 3417 2064
5 4446 3993 5205 2065
5 3428 1206 5497 2066
5 1289 1384 5792 2067
5 795 4684 5135 2068
5 3055 5244 5423 2069
5 4735 3283 5792 2070
5 3638 2775 3640 2071
5 4445 1668 5779 2072
5 2301 2450 2452 2073
5 3642 3643 3644 2074
5 2305 570 3796 2075
5 2971 3393 4892 2076
5 2884 2883 2885 2077
5 1337 1338 3520 2078
5 2688 2691 3498 2079
5 4349 7 4350 2080
5 2491 2686 2720 2081
5 564 570 571 2082
5 2709 2707 3636 2083
5 444 269 4769 2084
5 3666 531 4150 2085
5 3566 4421 4951 2086
5 2425 2427 2428 2087
5 4900 3806 5499 2088
5 754 759 3650 2089
5 2615 3225 3824 2090
5 798 799 800 2091
5 4036 2938 4868 2092
5 802 808 823 2093
5 3197 4551 5221 2094
5 4484 3138 4518 2095
5 2010 1965 2209 2096
5 1254 1208 1256 2097
5 1142 1143 1144 2098
5 1933 3536 5468 2099
5 2351 2350 2352 2100
5 2507 1484 3937 2101
5 2948 4042 5091 2102
5 2627 2628 3158 2103
5 2662 5498 5581 2104
5 2408 2417 3710 2105
5 1403 1205 1404 2106
5 2744 2745 3778 2107
5 544 409 4025 2108
5 4690 4892 5156 2109
5 3759 1748 4543 2110
5 3905 3150 5292 2111
5 4882 4064 5625 2112
5 2973 3697 4978 2113
5 2242 2241 2243 2114
5 894 1517 5018 2115
5 847 833 3252 2116
5 603 2570 3929 2117
5 3518 3517 3519 2118
5 1420 3976 3977 2119
5 3579 3580 5068 2120
5 3767 3625 3768 2121
5 3890 2354 5771 2122
5 800 801 802 2123
5 3055 5423 5665 2124
5 781 779 3932 2125
5 3830 1819 3956 2126
5 1116 1122 4249 2127
5 3502 3521 4826 2128
5 1082 1087 1088 2129
5 187 186 3482 2130
5 1212 1214 3632 2131
5 2042 2043 2627 2132
5 2164 2154 2165 2133
5 1406 1404 1407 2134
5 3624 3623 5081 2135
5 822 827 3412 2136
5 3239 3238 3240 2137
5 823 1641 2424 2138
5 1881 3611 3612 2139
5 666 668 3571 2140
5 754 3650 5250 2141
5 2769 2902 3753 2142
5 3515 2296 3657 2143
5 1521 3482 4383 2144
5 695 3531 3532 2145
5 2631 3723 3795 2146
5 3912 3289 5705 2147
5 4078 3430 4079 2148
5 2330 2475 2599 2149
5 3318 5301 5332 2150
5 1759 1911 3924 2151
5 3771 3909 4467 2152
5 1408 1407 1409 2153
5 1987 1986 1988 2154
5 2153 2151 2154 2155
5 3427 3428 5031 2156
5 3080 3082 3083 2157
5 802 803 808 2158
5 2812 3148 3575 2159
5 2350 3572 3573 2160
5 1349 1287 1350 2161
5 5023 1523 5793 2162
5 3738 1419 5760 2163
5 777 926 4879 2164
5 5202 1850 5399 2165
5 2230 2284 2488 2166
5 2150 2149 2151 2167
5 3766 3823 4366 2168
5 3204 3088 5271 2169
5 2332 2331 2605 2170
5 1428 1430 1487 2171
5 3704 627 4927 2172
5 202 2906 5537 2173
5 2630 2627 3533 2174
5 1432 1434 1435 2175
5 656 3869 4194 2176
5 3572 3906 5654 2177
5 2216 2196 5605 2178
5 3688 3202 4244 2179
5 2447 2546 4039 2180
5 3413 3414 3985 2181
5 3595 804 3985 2182
5 2122 2120 2123 2183
5 2966 2851 3430 2184
5 4933 2604 5070 2185
5 1046 1040 1047 2186
5 798 800 2103 2187
5 1410 1409 1411 2188
5 2786 1084 4862 2189
5 3417 3416 3418 2190
5 5091 419 5186 2191
5 3153 3372 5580 2192
5 867 3774 5669 2193
5 1906 4912 5147 2194
5 3668 3667 5757 2195
5 2688 2690 2691 2196
5 2068 4140 4640 2197
5 2656 2216 2845 2198
5 2186 3131 4000 2199
5 3559 2667 4520 2200
5 286 287 3891 2201
5 3895 1456 5303 2202
5 2305 3796 4483 2203
5 1239 4213 4231 2204
5 3742 3342 5591 2205
5 3739 2486 4743 2206
5 3039 2445 3613 2207
5 2513 3423 4668 2208
5 2148 2147 2149 2209
5 3758 3757 3759 2210
5 1924 1928 4431 2211
5 220 4172 5186 2212
5 4200 413 4280 2213
5 1753 3520 5453 2214
5 3121 3004 3502 2215
5 1412 1411 1413 2216
5 3711 1013 4314 2217
5 2712 1804 3653 2218
5 3366 4274 5374 2219
5 2296 2106 3657 2220
5 2556 2734 3662 2221
5 2833 2835 3340 2222
5 3427 1242 3428 2223
5 3884 1163 4181 2224
5 2412 2583 3707 2225
5 3328 2868 5319 2226
5 2694 2832 3458 2227
5 1376 1424 1425 2228
5 3202 3423 5387 2229
5 4534 3065 5195 2230
5 2649 2070 3004 2231
5 1094 1096 1097 2232
5 2797 2798 3634 2233
5 2101 2057 2102 2234
5 1144 1145 1148 2235
5 3957 875 5799 2236
5 3885 1619 5755 2237
5 4155 3824 4162 2238
5 2599 3327 3831 2239
5 845 850 3995 2240
5 2402 3962 4060 2241
5 2882 2881 2883 2242
5 2798 3237 3238 2243
5 1782 1781 1948 2244
5 3631 3632 3861 2245
5 4184 2312 4643 2246
5 4051 2722 4400 2247
5 2552 3646 5135 2248
5 2054 2055 4133 2249
5 1407 1404 4519 2250
5 2181 2144 2182 2251
5 1338 1340 3205 2252
5 4224 2828 4475 2253
5 1552 498 3890 2254
5 1206 1264 5497 2255
5 3414 3570 3595 2256
5 1800 1627 3834 2257
5 498 494 3890 2258
5 4664 3297 5415 2259
5 3833 2286 3834 2260
5 1082 1088 3140 2261
5 447 250 4021 2262
5 1953 3574 5194 2263
5 1122 1124 3840 2264
5 728 747 3696 2265
5 3456 4874 5614 2266
5 2438 1936 3303 2267
5 816 817 820 2268
5 3889 3162 5474 2269
5 3613 2445 4571 2270
5 4077 4491 5078 2271
5 4059 2915 4942 2272
5 3813 3095 4377 2273
5 2809 2443 2810 2274
5 4409 3355 5629 2275
5 2989 3793 5206 2276
5 1286 1256 1287 2277
5 3960 3120 4968 2278
5 2054 2053 2055 2279
5 3841 969 4653 2280
5 2933 2935 2936 2281
5 1628 4287 5804 2282
5 4270 417 4820 2283
5 2814 3667 3668 2284
5 3801 3802 3805 2285
5 2290 3568 5350 2286
5 1342 1370 1373 2287
5 4103 4270 4820 2288
5 412 3505 5411 2289
5 1595 2018 3754 2290
5 2 432 4021 2291
5 2591 4033 5075 2292
5 3432 4906 5523 2293
5 2356 3212 3213 2294
5 3627 2355 4752 2295
5 2663 3544 5071 2296
5 2520 4665 5219 2297
5 434 4297 4959 2298
5 1545 1330 3823 2299
5 4539 1083 5024 2300
5 641 1518 3767 2301
5 2915 4059 5608 2302
5 2832 2696 2833 2303
5 4260 255 4654 2304
5 1110 1112 1131 2305
5 4491 2464 5078 2306
5 1105 1107 1109 2307
5 755 4051 4400 2308
5 535 534 536 2309
5 537 536 538 2310
5 1164 1162 1165 2311
5 2538 2526 3002 2312
5 2505 2504 3706 2313
5 501 502 503 2314
5 503 504 505 2315
5 2394 1489 3618 2316
5 505 506 508 2317
5 664 666 715 2318
5 499 500 501 2319
5 3020 3031 3724 2320
5 2584 3765 3991 2321
5 963 879 964 2322
5 3398 4243 5347 2323
5 792 797 798 2324
5 1156 1849 4625 2325
5 784 786 1332 2326
5 445 4105 4283 2327
5 4655 3471 5084 2328
5 1698 3656 5045 2329
5 3365 3553 5335 2330
5 2233 4201 5346 2331
5 3124 2296 3515 2332
5 957 1619 3885 2333
5 2209 1965 5009 2334
5 2951 5117 5372 2335
5 2600 2601 3616 2336
5 539 538 540 2337
5 2569 3118 3119 2338
5 2570 548 3736 2339
5 2069 1961 2070 2340
5 3904 1202 5542 2341
5 3206 2837 3969 2342
5 697 699 745 2343
5 942 914 3792 2344
5 565 3592 4211 2345
5 611 4556 5583 2346
5 1012 1056 3631 2347
5 201 200 5477 2348
5 3785 1615 3786 2349
5 1979 1769 2350 2350
5 2872 2431 2873 2351
5 3213 3212 3690 2352
5 3778 2745 4280 2353
5 1405 1228 3810 2354
5 3483 3485 3995 2355
5 4102 4113 4114 2356
5 2377 2803 2804 2357
5 3086 3342 5640 2358
5 618 3746 4156 2359
5 1578 3648 4468 2360
5 1863 1597 2091 2361
5 1536 1562 5225 2362
5 1116 1119 1122 2363
5 2535 1803 3908 2364
5 3799 3800 3801 2365
5 3133 4942 5294 2366
5 3592 571 4791 2367
5 2254 3683 4320 2368
5 3315 2067 3926 2369
5 813 815 816 2370
5 782 784 3599 2371
5 2372 3564 3565 2372
5 3034 2475 3035 2373
5 499 498 500 2374
5 2591 3403 5369 2375
5 559 558 560 2376
5 873 875 3957 2377
5 2430 2182 2431 2378
5 3327 3034 5047 2379
5 2235 3424 4527 2380
5 2145 5270 5382 2381
5 496 498 499 2382
5 616 4918 5087 2383
5 4072 3055 5665 2384
5 1709 3868 4047 2385
5 3619 3618 3888 2386
5 2601 2796 2797 2387
5 2652 2886 5530 2388
5 2798 3238 3239 2389
5 1482 1467 5606 2390
5 1612 1610 3760 2391
5 809 811 812 2392
5 1171 1170 1172 2393
5 3447 5093 5525 2394
5 4142 2817 5046 2395
5 2066 2067 2556 2396
5 3766 4366 4437 2397
5 1904 1900 1905 2398
5 3248 2334 3377 2399
5 2727 3527 4171 2400
5 1813 1815 2042 2401
5 3586 2952 3587 2402
5 4980 3889 5474 2403
5 2810 2812 3839 2404
5 3799 3801 3804 2405
5 3390 3541 3733 2406
5 1605 3695 5719 2407
5 4535 1755 4954 2408
5 547 549 550 2409
5 827 828 829 2410
5 4763 2110 5086 2411
5 1449 1448 1508 2412
5 1196 1161 1197 2413
5 2386 2209 2957 2414
5 4686 2779 4706 2415
5 5138 3379 5278 2416
5 2377 2374 2803 2417
5 3659 2449 3660 2418
5 567 3682 4464 2419
5 2991 3927 4916 2420
5 3820 1560 3997 2421
5 1414 1413 1415 2422
5 2130 2162 3192 2423
5 2893 3550 4548 2424
5 4169 3526 5321 2425
5 1824 1623 1825 2426
5 612 4618 4638 2427
5 1176 1047 1177 2428
5 2608 2606 2609 2429
5 670 672 742 2430
5 496 494 498 2431
5 1727 4012 4458 2432
5 1936 1825 1937 2433
5 550 551 552 2434
5 2612 4070 5470 2435
5 3768 3625 3769 2436
5 1761 4510 4713 2437
5 3183 3440 5170 2438
5 2530 2528 2532 2439
5 4329 3127 4895 2440
5 2351 2352 2600 2441
5 3551 1537 5266 2442
5 4020 3497 4323 2443
5 3153 3154 3155 2444
5 4178 3472 4923 2445
5 3133 4059 4942 2446
5 2116 4941 5551 2447
5 1896 1895 1982 2448
5 1220 1221 3880 2449
5 2654 3835 3983 2450
5 829 830 831 2451
5 1855 4711 5142 2452
5 126 1553 3980 2453
5 3048 3202 3688 2454
5 1156 1092 1849 2455
5 5058 525 5208 2456
5 481 482 483 2457
5 2886 3474 5530 2458
5 1562 3270 5225 2459
5 3991 3765 5736 2460
5 2800 2799 3517 2461
5 5180 4855 5414 2462
5 1802 1545 3823 2463
5 4249 1122 5402 2464
5 1769 884 3572 2465
5 2816 3490 3922 2466
5 2164 2165 5732 2467
5 501 500 502 2468
5 3620 2486 4859 2469
5 3485 3489 3995 2470
5 3483 3484 3485 2471
5 3310 3608 5764 2472
5 2334 2176 2785 2473
5 3288 3662 3932 2474
5 1664 1831 3744 2475
5 98 1184 3473 2476
5 3384 2682 3385 2477
5 1894 1220 3880 2478
5 3384 3975 5354 2479
5 1468 1467 1469 2480
5 478 479 481 2481
5 552 553 554 2482
5 1634 1323 3828 2483
5 3006 3495 4666 2484
5 4060 3962 5794 2485
5 3007 3002 3280 2486
5 909 1726 1972 2487
5 2884 3560 3682 2488
5 3639 3638 3640 2489
5 3420 3051 3545 2490
5 3367 1711 5356 2491
5 4215 439 4838 2492
5 4944 3874 4976 2493
5 3753 2902 4762 2494
5 1494 4167 5171 2495
5 3797 3798 3799 2496
5 512 534 535 2497
5 2161 2141 3078 2498
5 2372 2370 3564 2499
5 1044 5061 5470 2500
5 3530 805 4902 2501
5 3616 2797 3904 2502
5 2079 1982 2104 2503
5 4405 5665 5721 2504
5 2976 3809 4164 2505
5 2317 3365 5767 2506
5 2433 2104 2434 2507
5 2370 2368 2552 2508
5 1435 1524 3246 2509
5 3874 3983 4976 2510
5 3486 927 5712 2511
5 639 3767 3770 2512
5 790 781 3932 2513
5 2050 1763 3860 2514
5 1300 1301 3783 2515
5 1405 3810 4718 2516
5 3533 3158 5445 2517
5 3033 3152 3153 2518
5 1972 1726 2005 2519
5 2679 3531 5716 2520
5 4267 4914 5052 2521
5 715 666 3571 2522
5 966 964 967 2523
5 444 4111 4120 2524
5 2513 2434 2514 2525
5 2601 2352 2795 2526
5 3470 4655 5756 2527
5 1416 1415 1417 2528
5 3272 4513 5774 2529
5 3971 3063 4812 2530
5 2947 4588 5293 2531
5 4012 1727 4652 2532
5 3295 4917 5811 2533
5 2786 4862 5641 2534
5 3039 3613 4519 2535
5 7 6 5440 2536
5 3355 4409 5307 2537
5 2230 2488 3420 2538
5 786 792 3408 2539
5 1610 1539 1623 2540
5 3043 3042 4865 2541
5 3084 3081 3466 2542
5 503 502 504 2543
5 3658 3988 4465 2544
5 620 1397 3822 2545
5 3356 3355 5307 2546
5 1043 957 3885 2547
5 913 769 4139 2548
5 2488 2284 2489 2549
5 3450 3350 5390 2550
5 3287 2556 3288 2551
5 2886 2887 5413 2552
5 1524 1436 1539 2553
5 5256 1992 5494 2554
5 3155 3156 3433 2555
5 2654 2577 3835 2556
5 3752 3685 4557 2557
5 2511 2147 4221 2558
5 2681 2532 2682 2559
5 508 509 510 2560
5 2775 2757 3642 2561
5 1979 2350 2351 2562
5 1136 1141 1142 2563
5 2177 2195 2196 2564
5 4023 1117 4809 2565
5 2067 1856 3926 2566
5 3319 4242 5647 2567
5 3927 747 4916 2568
5 479 476 3921 2569
5 3267 3262 4827 2570
5 2975 410 4581 2571
5 3366 5374 5767 2572
5 5047 3034 5341 2573
5 1460 1456 1461 2574
5 3109 1203 3792 2575
5 4213 3914 4231 2576
5 2998 2421 3645 2577
5 1659 1935 4122 2578
5 784 1332 3599 2579
5 569 3846 4592 2580
5 3695 1605 4210 2581
5 1102 1105 3966 2582
5 2544 3615 4629 2583
5 1660 1250 3967 2584
5 843 845 5582 2585
5 1949 1948 2319 2586
5 2351 2912 3992 2587
5 3331 3330 4918 2588
5 3158 2628 3794 2589
5 53 4196 4733 2590
5 2734 3734 3735 2591
5 3494 772 5250 2592
5 2217 2300 2301 2593
5 3662 790 3932 2594
5 2286 1800 3834 2595
5 1850 3278 5399 2596
5 505 504 506 2597
5 2179 2143 2180 2598
5 480 478 3928 2599
5 3119 3548 4968 2600
5 3678 4182 5351 2601
5 4102 4094 4113 2602
5 557 554 558 2603
5 483 484 485 2604
5 5234 4397 5261 2605
5 2776 3639 3756 2606
5 3865 2743 4714 2607
5 4825 1906 5147 2608
5 2691 2690 2692 2609
5 491 490 492 2610
5 3617 1600 4911 2611
5 1857 1856 2066 2612
5 1332 786 3408 2613
5 1895 1883 5390 2614
5 3285 3428 5497 2615
5 535 536 537 2616
5 800 802 3438 2617
5 4702 3096 5681 2618
5 1561 479 3921 2619
5 3712 589 5036 2620
5 2744 3778 3779 2621
5 510 511 512 2622
5 2328 2326 2331 2623
5 831 832 833 2624
5 2798 2796 3237 2625
5 4490 4342 5626 2626
5 3335 3826 5544 2627
5 3680 3681 4686 2628
5 3244 3848 4792 2629
5 560 2329 3796 2630
5 871 1848 3774 2631
5 2890 4520 4999 2632
5 1579 4900 5499 2633
5 2627 2043 2628 2634
5 2046 2045 3730 2635
5 2042 2627 2630 2636
5 2681 3384 3859 2637
5 4432 2949 4594 2638
5 2320 2319 2671 2639
5 485 486 487 2640
5 1503 1599 3883 2641
5 3873 2654 3874 2642
5 1937 2069 5781 2643
5 1960 1955 2504 2644
5 1248 1357 3721 2645
5 2940 3841 4653 2646
5 1601 1478 5587 2647
5 1883 1687 1884 2648
5 2342 2163 2544 2649
5 3288 2556 3662 2650
5 3424 2954 5412 2651
5 1465 1463 1467 2652
5 2368 2033 3654 2653
5 478 476 479 2654
5 975 967 976 2655
5 3392 3509 3857 2656
5 2229 3421 3450 2657
5 3765 2584 3963 2658
5 4259 428 4260 2659
5 880 2956 3763 2660
5 481 479 482 2661
5 1206 1197 1263 2662
5 3751 649 4577 2663
5 3309 3363 5364 2664
5 1639 3521 5037 2665
5 2481 2479 3755 2666
5 2600 3616 3882 2667
5 3321 2816 3922 2668
5 2147 2109 4221 2669
5 3546 3051 5058 2670
5 3609 2221 5096 2671
5 4405 4072 5665 2672
5 3088 4163 5271 2673
5 1437 3543 5504 2674
5 3463 4180 4669 2675
5 790 3735 5550 2676
5 1240 1269 4915 2677
5 2319 2423 5811 2678
5 1542 1716 4017 2679
5 3436 3435 5501 2680
5 1138 3449 4275 2681
5 4104 4098 4115 2682
5 3630 3631 3861 2683
5 1203 942 3792 2684
5 1757 2041 2449 2685
5 1554 1232 3858 2686
5 1788 1940 5134 2687
5 1462 1461 1463 2688
5 2288 2286 3833 2689
5 3931 4248 5528 2690
5 3293 4835 5012 2691
5 3288 3932 4950 2692
5 1435 1434 1436 2693
5 547 540 549 2694
5 2120 2119 4610 2695
5 658 660 760 2696
5 1752 1753 4313 2697
5 2345 1882 2346 2698
5 4152 2689 4413 2699
5 492 2354 3890 2700
5 5312 1945 5559 2701
5 470 469 472 2702
5 4086 4117 4119 2703
5 1138 1132 3449 2704
5 672 674 3551 2705
5 2795 3573 4557 2706
5 2142 2157 2158 2707
5 1264 1263 1278 2708
5 512 535 3981 2709
5 2369 2368 2370 2710
5 3697 2484 3698 2711
5 2885 3060 4685 2712
5 2066 1856 2067 2713
5 2425 1641 2426 2714
5 2355 3627 5532 2715
5 1332 3408 5035 2716
5 3193 2025 4024 2717
5 1752 1401 1753 2718
5 3514 3513 5753 2719
5 3129 2677 3773 2720
5 3690 613 5447 2721
5 2977 3493 4765 2722
5 1308 1310 3820 2723
5 1289 1278 1353 2724
5 760 660 3590 2725
5 1259 2507 3879 2726
5 3921 2361 4935 2727
5 4064 3639 5625 2728
5 4172 3313 5186 2729
5 813 816 3467 2730
5 2704 2300 5076 2731
5 1167 1153 1168 2732
5 2556 2067 2734 2733
5 1678 3745 5306 2734
5 1573 922 3900 2735
5 562 560 3796 2736
5 2819 4239 4346 2737
5 2636 3512 3754 2738
5 489 487 490 2739
5 2018 2636 3754 2740
5 1511 1811 3871 2741
5 774 944 1950 2742
5 3104 2505 3105 2743
5 2844 4819 4938 2744
5 4553 3046 5277 2745
5 3178 4364 5252 2746
5 2707 1804 2712 2747
5 512 513 534 2748
5 980 1346 3718 2749
5 2938 2870 4868 2750
5 1464 3589 4847 2751
5 2042 1815 2043 2752
5 695 697 3531 2753
5 3084 5198 5512 2754
5 188 187 1521 2755
5 1493 1601 1962 2756
5 3486 3260 5634 2757
5 2162 2356 3615 2758
5 1783 1565 1784 2759
5 578 575 5596 2760
5 2440 2439 2836 2761
5 3475 2623 4315 2762
5 769 2613 4139 2763
5 1960 2504 2505 2764
5 3006 4666 4922 2765
5 2809 2810 3838 2766
5 5188 1992 5256 2767
5 760 3590 3591 2768
5 3467 4738 5744 2769
5 1389 1282 1438 2770
5 1363 1757 3659 2771
5 3349 2419 3350 2772
5 254 255 4260 2773
5 1425 1424 1426 2774
5 448 449 4036 2775
5 742 672 3551 2776
5 678 680 739 2777
5 728 730 747 2778
5 3464 1421 3613 2779
5 2081 1205 3266 2780
5 537 538 539 2781
5 2458 2456 5305 2782
5 1518 3622 3624 2783
5 3754 3512 3797 2784
5 1756 3987 4177 2785
5 541 540 547 2786
5 624 1348 3740 2787
5 2002 4000 5778 2788
5 1946 1945 2359 2789
5 2215 2216 2217 2790
5 2789 1772 4839 2791
5 2229 1884 2230 2792
5 1381 1267 2663 2793
5 3031 3594 3724 2794
5 1868 1908 3901 2795
5 2469 980 3718 2796
5 2135 2131 5689 2797
5 3593 4807 4998 2798
5 2042 2630 4007 2799
5 473 472 474 2800
5 2350 1769 3572 2801
5 2628 2631 3794 2802
5 4364 3178 5056 2803
5 2354 3717 3922 2804
5 2854 4671 4840 2805
5 3688 1402 4236 2806
5 2371 2370 2372 2807
5 1788 1568 1789 2808
5 198 197 3548 2809
5 2039 3852 5769 2810
5 2630 3533 3534 2811
5 2711 2709 3561 2812
5 4028 3240 5173 2813
5 1924 1925 1926 2814
5 1285 4471 5064 2815
5 1744 1675 2468 2816
5 3831 1238 5067 2817
5 590 588 1615 2818
5 3765 3766 5736 2819
5 3140 3907 5263 2820
5 1216 1218 3672 2821
5 2504 3702 3706 2822
5 2732 4832 5019 2823
5 2989 4159 5391 2824
5 4549 1725 5228 2825
5 2727 3526 3527 2826
5 2212 3734 4545 2827
5 2740 2741 3903 2828
5 2092 2091 2093 2829
5 3794 2631 3795 2830
5 451 452 453 2831
5 1384 1353 1385 2832
5 808 809 4149 2833
5 2644 2646 3764 2834
5 3555 3556 3557 2835
5 1496 1385 1514 2836
5 2616 3691 5617 2837
5 3579 5068 5729 2838
5 1381 2663 4344 2839
5 3705 3703 4683 2840
5 2561 2559 3462 2841
5 577 575 578 2842
5 206 430 4050 2843
5 3294 2319 5811 2844
5 4239 748 5324 2845
5 2549 2483 2973 2846
5 3674 3677 3974 2847
5 2140 2141 2142 2848
5 2373 2372 2374 2849
5 1088 1087 1089 2850
5 2482 2481 2483 2851
5 2759 2757 2775 2852
5 2483 2484 3697 2853
5 1831 1955 1960 2854
5 1979 2351 3992 2855
5 1447 1419 1448 2856
5 1673 1670 3877 2857
5 1603 1514 1604 2858
5 1943 1944 3813 2859
5 3252 835 4034 2860
5 2749 2747 3955 2861
5 4485 2203 5213 2862
5 2703 2050 3860 2863
5 1755 1367 4320 2864
5 2272 2003 5202 2865
5 268 444 4120 2866
5 4457 3578 5729 2867
5 493 492 494 2868
5 3460 3076 4143 2869
5 2146 2246 2249 2870
5 2175 2176 2177 2871
5 3935 1871 4067 2872
5 3595 3570 3950 2873
5 1279 3762 5776 2874
5 561 560 562 2875
5 1759 1604 1760 2876
5 2591 1372 4033 2877
5 850 851 852 2878
5 3771 971 5543 2879
5 2561 3462 3463 2880
5 674 676 1537 2881
5 1595 3754 4173 2882
5 3917 4044 4186 2883
5 2360 2359 2891 2884
5 2596 3017 3720 2885
5 200 3242 5477 2886
5 1773 1542 4017 2887
5 4071 3617 4911 2888
5 4226 440 5682 2889
5 3729 2703 3860 2890
5 1471 1469 1474 2891
5 2799 2657 5699 2892
5 3792 914 4732 2893
5 487 488 3717 2894
5 2730 2339 3023 2895
5 1396 607 3910 2896
5 1402 3688 4244 2897
5 3660 2449 3661 2898
5 477 476 478 2899
5 1887 1886 1888 2900
5 2062 2065 3875 2901
5 3465 3447 5525 2902
5 2427 2426 3263 2903
5 3833 3834 3990 2904
5 1097 1096 1098 2905
5 804 3595 5519 2906
5 1757 2449 3659 2907
5 3 205 4049 2908
5 798 797 799 2909
5 1748 3756 4064 2910
5 1795 1746 1856 2911
5 1517 596 3715 2912
5 4459 3409 5115 2913
5 2480 2479 2481 2914
5 3513 2720 3902 2915
5 2557 2391 3159 2916
5 2928 2011 5425 2917
5 1506 1274 1886 2918
5 3844 2946 4014 2919
5 449 450 451 2920
5 2462 2180 2463 2921
5 4589 3634 5595 2922
5 5241 3827 5500 2923
5 857 1902 1903 2924
5 645 647 958 2925
5 1621 3975 4885 2926
5 546 3984 5706 2927
5 1124 1123 1125 2928
5 2630 3535 4007 2929
5 2724 3443 5389 2930
5 474 2361 3921 2931
5 662 664 3918 2932
5 2892 2891 3233 2933
5 643 645 3622 2934
5 742 3551 3837 2935
5 1950 944 3063 2936
5 1479 1461 3895 2937
5 5166 3847 5448 2938
5 1373 1370 1374 2939
5 4646 3659 5718 2940
5 3555 3554 3556 2941
5 4791 1959 4957 2942
5 1099 1098 1100 2943
5 3409 3100 5419 2944
5 1911 1760 1912 2945
5 639 641 3767 2946
5 2386 2957 3876 2947
5 454 453 455 2948
5 475 474 476 2949
5 1109 1107 1110 2950
5 3969 1691 4603 2951
5 2636 3511 3512 2952
5 2761 2759 3638 2953
5 1704 1563 4425 2954
5 3484 3486 4903 2955
5 2727 951 3526 2956
5 3105 3706 4471 2957
5 455 456 457 2958
5 622 624 3740 2959
5 794 3859 4305 2960
5 2575 2654 3873 2961
5 550 549 551 2962
5 483 482 484 2963
5 2128 2130 2131 2964
5 1240 1168 1241 2965
5 4711 4948 5142 2966
5 2195 2739 4492 2967
5 469 471 3743 2968
5 2462 3206 5584 2969
5 3819 1308 3820 2970
5 2936 2935 2937 2971
5 656 658 3869 2972
5 660 661 662 2973
5 2324 2322 2325 2974
5 4092 4102 4116 2975
5 641 643 1518 2976
5 2932 2933 4191 2977
5 463 464 465 2978
5 2025 2027 4024 2979
5 812 811 813 2980
5 1253 1203 3109 2981
5 3031 3033 3594 2982
5 1101 1100 1102 2983
5 4421 3566 4677 2984
5 658 659 660 2985
5 2263 2093 2264 2986
5 1615 3507 3786 2987
5 508 506 509 2988
5 3098 2313 5328 2989
5 3702 3703 3704 2990
5 2788 2678 2972 2991
5 2837 2463 2992 2992
5 2669 3554 3555 2993
5 3279 3748 4837 2994
5 560 558 2329 2995
5 656 657 658 2996
5 188 1521 4384 2997
5 1754 3951 5049 2998
5 3563 3079 5270 2999
5 3240 3238 5173 3000
5 2201 1912 2202 3001
5 1214 1216 1519 3002
5 4747 1459 5589 3003
5 1831 1832 1955 3004
5 462 461 463 3005
5 492 490 2354 3006
5 2393 3981 4028 3007
5 3685 2795 4557 3008
5 3485 3487 3488 3009
5 4835 3901 5012 3010
5 1940 1789 1941 3011
5 4037 1536 5225 3012
5 4265 2996 4721 3013
5 3931 1998 4248 3014
5 1889 1888 1890 3015
5 1269 1241 1270 3016
5 1811 1813 4007 3017
5 4086 4087 4117 3018
5 861 863 933 3019
5 3238 3237 3621 3020
5 458 457 459 3021
5 654 655 656 3022
5 2504 3701 3702 3023
5 1534 1536 4037 3024
5 3048 2346 3202 3025
5 466 465 467 3026
5 714 718 4481 3027
5 2897 2264 3045 3028
5 703 705 748 3029
5 2436 2621 3422 3030
5 267 268 4120 3031
5 2367 2033 2368 3032
5 3365 3366 5767 3033
5 1337 1270 1338 3034
5 607 605 3910 3035
5 3188 2652 5530 3036
5 3980 1553 4620 3037
5 3846 569 5093 3038
5 2763 2761 2776 3039
5 2652 2653 2886 3040
5 3954 4337 4338 3041
5 1026 1022 3742 3042
5 1738 3644 4612 3043
5 467 468 469 3044
5 2472 2202 2473 3045
5 1361 1586 1587 3046
5 745 699 3633 3047
5 467 469 470 3048
5 2011 1925 4869 3049
5 459 460 461 3050
5 854 859 5712 3051
5 3193 3953 4174 3052
5 2759 2775 3638 3053
5 4691 4803 5290 3054
5 3520 3205 3941 3055
5 3978 4586 5597 3056
5 552 554 557 3057
5 74 3977 4876 3058
5 1243 4385 5340 3059
5 23 22 1570 3060
5 3538 1933 3881 3061
5 1957 1503 3883 3062
5 3527 3526 4169 3063
5 2252 1941 2253 3064
5 2972 3593 4998 3065
5 995 997 3680 3066
5 2134 2135 2136 3067
5 993 995 1530 3068
5 3412 1790 3913 3069
5 2312 4184 4777 3070
5 429 448 4036 3071
5 1122 1119 1123 3072
5 1181 1150 1182 3073
5 3865 1114 5684 3074
5 800 799 801 3075
5 3502 3004 4779 3076
5 1019 985 4602 3077
5 2932 2473 2933 3078
5 2953 3862 3863 3079
5 1808 1166 3432 3080
5 1126 1125 1127 3081
5 3477 2850 5612 3082
5 2957 2209 4891 3083
5 3592 4791 4957 3084
5 3810 1554 3811 3085
5 3655 2799 5699 3086
5 3632 1519 4987 3087
5 3652 2712 3653 3088
5 3669 2644 3764 3089
5 2669 1583 3554 3090
5 2271 2272 5237 3091
5 2998 3645 5283 3092
5 915 943 4061 3093
5 4118 1321 4930 3094
5 2199 2793 3617 3095
5 3910 605 3929 3096
5 495 494 496 3097
5 697 745 3531 3098
5 3028 2670 4190 3099
5 2126 2127 2128 3100
5 3564 2552 5135 3101
5 3616 3904 5542 3102
5 4235 684 4496 3103
5 3855 2511 5166 3104
5 2640 2642 3439 3105
5 3496 2063 5807 3106
5 2512 1943 3813 3107
5 3219 4399 4905 3108
5 2394 3544 4915 3109
5 1811 4007 5703 3110
5 3313 3312 5091 3111
5 1519 1216 3672 3112
5 2436 3422 4224 3113
5 3673 3674 3974 3114
5 3267 4827 4828 3115
5 2552 2368 3654 3116
5 997 999 1265 3117
5 595 593 596 3118
5 2359 1945 5312 3119
5 2375 2374 2377 3120
5 2262 2260 3892 3121
5 485 489 3775 3122
5 670 742 4919 3123
5 3805 3802 3806 3124
5 2953 1954 3862 3125
5 4244 3255 4271 3126
5 3776 3775 4370 3127
5 3769 3625 3864 3128
5 4419 4686 4706 3129
5 2108 2110 2111 3130
5 2291 4056 5134 3131
5 3930 2570 3931 3132
5 4285 2665 5274 3133
5 3005 2609 3392 3134
5 1466 4958 5010 3135
5 3605 3603 5724 3136
5 3801 3800 3802 3137
5 3460 440 5028 3138
5 5250 3650 5727 3139
5 256 434 4654 3140
5 4275 3449 4276 3141
5 2424 3934 5465 3142
5 2566 1989 5188 3143
5 1633 4054 4055 3144
5 3554 1583 4139 3145
5 1891 1890 2330 3146
5 1435 3246 3247 3147
5 474 472 2361 3148
5 3799 3798 3800 3149
5 535 1576 3981 3150
5 4287 3575 5804 3151
5 1366 4397 5234 3152
5 816 815 817 3153
5 2249 2506 2586 3154
5 2165 2210 5732 3155
5 3354 2771 3753 3156
5 772 3494 4622 3157
5 1527 1365 2698 3158
5 958 3751 4995 3159
5 1746 1744 3926 3160
5 1871 1195 4067 3161
5 1057 1059 1333 3162
5 485 487 489 3163
5 1943 1577 1944 3164
5 3536 2972 3537 3165
5 1357 1358 1359 3166
5 3409 4458 5444 3167
5 2251 1448 3738 3168
5 1218 1220 1509 3169
5 2066 2556 3287 3170
5 25 3307 5304 3171
5 759 774 3650 3172
5 4289 4429 5175 3173
5 2862 3230 3903 3174
5 718 3577 4481 3175
5 3235 3218 4598 3176
5 2771 2769 3753 3177
5 2740 3903 3984 3178
5 3175 3177 4068 3179
5 2872 3465 4339 3180
5 1518 643 3622 3181
5 2908 2331 3413 3182
5 3287 3288 3646 3183
5 802 801 803 3184
5 3356 5307 5765 3185
5 2152 2150 5207 3186
5 2763 2776 3757 3187
5 620 622 1397 3188
5 1306 1308 3819 3189
5 4179 3693 4808 3190
5 5352 4619 5367 3191
5 579 578 580 3192
5 822 826 827 3193
5 4429 4289 5522 3194
5 4004 4642 4971 3195
5 2741 2862 3903 3196
5 4202 991 4717 3197
5 5290 3436 5501 3198
5 3667 4131 5561 3199
5 2393 510 3981 3200
5 1304 1306 1445 3201
5 3042 3110 5054 3202
5 2973 2483 3697 3203
5 1041 1048 1453 3204
5 1665 1386 2479 3205
5 765 767 3917 3206
5 5164 3966 5317 3207
5 2559 2557 3716 3208
5 3765 2422 3766 3209
5 2511 3847 5166 3210
5 3973 1492 4183 3211
5 662 663 664 3212
5 1221 1224 3880 3213
5 1001 1540 3692 3214
5 4186 4044 5765 3215
5 1999 3914 4312 3216
5 1884 1687 4178 3217
5 827 1790 3412 3218
5 4313 1753 4668 3219
5 2583 2584 2919 3220
5 1530 995 3680 3221
5 1001 1003 1540 3222
5 3522 3294 4917 3223
5 2421 3331 3645 3224
5 808 803 809 3225
5 693 694 695 3226
5 557 558 559 3227
5 485 484 486 3228
5 999 1001 3692 3229
5 508 510 2393 3230
5 1038 1057 3600 3231
5 1518 3624 3625 3232
5 427 4019 4020 3233
5 3728 2703 3729 3234
5 2482 2483 2549 3235
5 4566 2471 4723 3236
5 718 719 720 3237
5 1209 1255 2105 3238
5 552 551 553 3239
5 424 4198 5258 3240
5 2480 2481 2482 3241
5 2426 1641 4149 3242
5 2283 1884 4178 3243
5 3674 3676 3677 3244
5 1348 3896 3897 3245
5 2452 2453 2455 3246
5 2549 2973 3010 3247
5 3053 2501 3892 3248
5 1281 1388 2868 3249
5 2790 2080 4755 3250
5 2483 2481 2484 3251
5 5465 3012 5503 3252
5 2610 2632 2665 3253
5 2404 2406 2543 3254
5 1964 5363 5766 3255
5 3079 3563 5021 3256
5 647 649 3751 3257
5 894 5018 5489 3258
5 2850 3477 5410 3259
5 3793 2668 4871 3260
5 2642 2644 3669 3261
5 3244 3049 3848 3262
5 3134 4326 4450 3263
5 3224 2017 3925 3264
5 112 111 3583 3265
5 2950 3388 5594 3266
5 599 3942 5374 3267
5 958 647 3751 3268
5 1198 1182 1199 3269
5 3606 3607 3608 3270
5 2971 2075 5316 3271
5 1112 1114 3865 3272
5 2392 2391 2557 3273
5 2769 2767 2902 3274
5 3384 3385 3975 3275
5 1664 1830 1831 3276
5 1142 3416 3417 3277
5 2127 3448 5731 3278
5 455 458 3849 3279
5 440 3460 5621 3280
5 664 665 666 3281
5 3227 3229 3884 3282
5 1319 1541 1648 3283
5 549 540 4126 3284
5 734 736 773 3285
5 3620 1147 5739 3286
5 489 490 491 3287
5 470 472 473 3288
5 4395 2866 5108 3289
5 2131 3192 5689 3290
5 1444 3581 5015 3291
5 2037 2509 4444 3292
5 2583 2919 3686 3293
5 4912 4379 5147 3294
5 1445 1306 3819 3295
5 3439 2642 3669 3296
5 1057 1333 3600 3297
5 1234 1292 3858 3298
5 4006 3062 4764 3299
5 3663 2545 5375 3300
5 1157 1205 1403 3301
5 2122 2123 2124 3302
5 3325 3324 4951 3303
5 619 3988 4176 3304
5 494 492 3890 3305
5 624 626 1348 3306
5 451 453 454 3307
5 1492 1490 4981 3308
5 1569 1833 2946 3309
5 4693 2541 5683 3310
5 84 83 1520 3311
5 4068 3177 4069 3312
5 1191 1188 4436 3313
5 1563 1556 4425 3314
5 651 653 654 3315
5 3089 2596 3720 3316
5 845 849 850 3317
5 2862 2864 3230 3318
5 1226 1228 1405 3319
5 2675 2590 3099 3320
5 2173 2657 2658 3321
5 2038 2554 2850 3322
5 2501 2262 3892 3323
5 1795 1856 1857 3324
5 2120 4610 5469 3325
5 3399 1819 3830 3326
5 1635 1933 3952 3327
5 3103 2505 3104 3328
5 1512 4057 4722 3329
5 1325 1866 3828 3330
5 4035 2938 4036 3331
5 1811 1812 1813 3332
5 695 696 697 3333
5 510 509 511 3334
5 2646 2648 3322 3335
5 1665 2479 2480 3336
5 2408 2410 2417 3337
5 455 453 456 3338
5 85 84 3915 3339
5 2424 2425 4647 3340
5 451 450 452 3341
5 2391 1975 3687 3342
5 1386 1043 3885 3343
5 666 667 668 3344
5 4372 530 4439 3345
5 2420 3325 3326 3346
5 4117 4116 4118 3347
5 2603 1583 2669 3348
5 3408 4689 5035 3349
5 867 870 871 3350
5 2608 2609 2610 3351
5 3301 2426 4149 3352
5 2596 2594 3017 3353
5 2781 2317 5767 3354
5 1268 1382 2255 3355
5 1622 2059 3989 3356
5 3762 3561 5776 3357
5 2062 3875 3989 3358
5 1230 1554 3810 3359
5 2412 2414 2583 3360
5 3058 3057 5327 3361
5 3265 3491 5639 3362
5 1228 1230 3810 3363
5 1509 1220 1894 3364
5 2713 5159 5240 3365
5 3608 3311 5302 3366
5 1578 1283 4011 3367
5 3998 1546 5000 3368
5 1538 483 3775 3369
5 2558 2557 2559 3370
5 483 485 3775 3371
5 487 486 488 3372
5 1619 935 4345 3373
5 4691 1029 4803 3374
5 1646 1677 3958 3375
5 1310 1312 1560 3376
5 3625 3624 3864 3377
5 748 4239 5110 3378
5 1548 1174 3946 3379
5 2897 3373 5563 3380
5 2001 2655 3914 3381
5 940 2664 4368 3382
5 2332 2605 2606 3383
5 467 470 4065 3384
5 1876 4177 5660 3385
5 1564 1781 1782 3386
5 463 461 464 3387
5 1301 1304 3783 3388
5 1007 1009 1354 3389
5 906 908 909 3390
5 3760 2440 5681 3391
5 539 540 541 3392
5 605 603 3929 3393
5 2774 2771 3354 3394
5 459 461 462 3395
5 2499 2944 4340 3396
5 1148 1145 4859 3397
5 480 3928 3953 3398
5 1041 1453 3832 3399
5 938 987 3900 3400
5 2004 2273 2274 3401
5 4865 3042 5054 3402
5 2779 3681 5022 3403
5 1955 1956 3701 3404
5 1403 1404 1406 3405
5 1560 3614 5750 3406
5 3784 4806 5291 3407
5 1323 1325 3828 3408
5 3017 3990 5126 3409
5 651 654 4577 3410
5 2756 2755 2757 3411
5 2255 1382 3844 3412
5 3634 3239 5595 3413
5 418 4143 4964 3414
5 554 553 555 3415
5 3661 2449 4448 3416
5 3255 4230 4271 3417
5 3401 3022 3745 3418
5 2579 3043 3835 3419
5 2896 4448 4856 3420
5 2111 2112 2113 3421
5 538 536 3673 3422
5 2577 2579 3835 3423
5 2921 2040 3901 3424
5 455 457 458 3425
5 3139 3352 4552 3426
5 668 669 670 3427
5 2221 3610 4709 3428
5 2522 2524 2637 3429
5 459 457 460 3430
5 2836 2996 5150 3431
5 543 185 4008 3432
5 594 592 903 3433
5 2573 2575 3873 3434
5 1314 1323 1634 3435
5 744 750 772 3436
5 1232 1234 3858 3437
5 2738 2670 3028 3438
5 1351 1349 5259 3439
5 4102 4114 4921 3440
5 3992 3993 4533 3441
5 1494 4478 4628 3442
5 1564 1782 3748 3443
5 3666 3182 3968 3444
5 2065 2573 3875 3445
5 1484 1693 3937 3446
5 3426 3427 5785 3447
5 1276 1511 3871 3448
5 463 465 466 3449
5 4357 4356 4361 3450
5 1406 1407 1408 3451
5 2804 2803 3964 3452
5 467 465 468 3453
5 4090 4092 4116 3454
5 1343 1489 2394 3455
5 4408 3811 5463 3456
5 3770 3771 5543 3457
5 2410 2412 3707 3458
5 1866 5389 5507 3459
5 767 899 3917 3460
5 1235 1334 1336 3461
5 2422 1802 3823 3462
5 503 505 507 3463
5 439 4215 5756 3464
5 1981 2526 2538 3465
5 869 866 4348 3466
5 2589 2085 5345 3467
5 3270 1851 4818 3468
5 1212 1213 1214 3469
5 909 1025 1726 3470
5 2161 3080 5179 3471
5 3787 3229 4788 3472
5 1208 1177 4596 3473
5 883 893 4237 3474
5 3697 3698 3951 3475
5 2040 1868 3901 3476
5 2367 2368 2369 3477
5 1316 4342 4490 3478
5 1026 3742 5591 3479
5 2346 1882 4313 3480
5 1603 1774 5705 3481
5 2910 2501 3053 3482
5 5280 3600 5803 3483
5 1919 3500 5759 3484
5 4092 4094 4102 3485
5 3866 4555 4853 3486
5 3461 3150 3905 3487
5 481 483 1538 3488
5 3350 3872 5685 3489
5 2139 2140 4843 3490
5 3871 1811 5703 3491
5 2575 2577 2654 3492
5 435 4250 5549 3493
5 517 519 1915 3494
5 1142 1141 1143 3495
5 859 861 5652 3496
5 1105 1109 3966 3497
5 2479 1386 3885 3498
5 2101 4530 5364 3499
5 4101 4110 4115 3500
5 899 1573 3917 3501
5 1408 1409 1410 3502
5 1168 1153 4275 3503
5 536 1852 3673 3504
5 1131 1112 3865 3505
5 4098 4101 4115 3506
5 1570 3626 5740 3507
5 2145 2191 3563 3508
5 2736 2917 3868 3509
5 1702 1851 3270 3510
5 2118 2119 2120 3511
5 4474 412 5411 3512
5 4243 4681 5347 3513
5 1109 1110 5032 3514
5 1291 3284 3285 3515
5 1064 1398 1953 3516
5 1161 1159 3635 3517
5 2980 2711 3762 3518
5 697 698 699 3519
5 1543 3724 5473 3520
5 2113 2114 2115 3521
5 1297 1300 3982 3522
5 774 1950 3650 3523
5 1214 1215 1216 3524
5 4527 3424 4719 3525
5 2358 1975 2391 3526
5 4087 4090 4117 3527
5 449 446 450 3528
5 2417 2410 3707 3529
5 1322 4119 4794 3530
5 1133 1139 1437 3531
5 4973 1520 5746 3532
5 2816 2378 3097 3533
5 2527 2529 3329 3534
5 3797 3512 3798 3535
5 1786 1784 1787 3536
5 1594 1779 2082 3537
5 922 938 3900 3538
5 3062 2982 4764 3539
5 4700 3224 5569 3540
5 2871 2599 3831 3541
5 476 474 3921 3542
5 714 717 718 3543
5 3868 2917 4047 3544
5 2115 2117 2118 3545
5 833 834 835 3546
5 2851 2617 5672 3547
5 2480 2482 3943 3548
5 96 1378 3671 3549
5 3702 3704 5064 3550
5 3417 3418 3419 3551
5 3261 2386 3876 3552
5 3099 2590 3856 3553
5 5088 2868 5118 3554
5 3462 2559 3716 3555
5 11 10 4032 3556
5 2560 2559 2561 3557
5 1046 4674 5137 3558
5 1154 1170 1171 3559
5 4096 4104 4113 3560
5 4094 4096 4113 3561
5 2840 2842 2858 3562
5 2328 2331 2332 3563
5 1048 1046 5137 3564
5 5539 3815 5540 3565
5 4211 3592 4957 3566
5 3564 5135 5357 3567
5 581 580 582 3568
5 1040 1014 5604 3569
5 778 779 780 3570
5 491 492 493 3571
5 2573 3873 3875 3572
5 2315 2316 2317 3573
5 1033 3268 5004 3574
5 527 529 778 3575
5 558 554 3670 3576
5 1693 3015 3937 3577
5 3820 3997 5403 3578
5 294 295 429 3579
5 3570 4798 5417 3580
5 247 248 427 3581
5 253 254 428 3582
5 807 3857 3899 3583
5 2369 2370 2371 3584
5 3354 3753 3919 3585
5 1230 1232 1554 3586
5 212 213 426 3587
5 288 289 425 3588
5 3920 3284 5155 3589
5 689 692 693 3590
5 241 242 423 3591
5 259 260 424 3592
5 3291 2555 3627 3593
5 2789 4848 5810 3594
5 1178 981 1583 3595
5 469 468 471 3596
5 2107 1255 5534 3597
5 218 219 419 3598
5 282 283 420 3599
5 852 853 854 3600
5 1511 1810 1811 3601
5 3479 3480 3481 3602
5 454 455 3849 3603
5 235 236 422 3604
5 265 266 421 3605
5 1389 1564 3748 3606
5 224 225 415 3607
5 276 277 416 3608
5 3423 2346 4313 3609
5 4096 4098 4104 3610
5 3838 2810 3839 3611
5 229 230 418 3612
5 271 272 417 3613
5 2579 3042 3043 3614
5 1325 1327 1866 3615
5 3519 3517 5741 3616
5 2504 1955 3701 3617
5 3857 807 4867 3618
5 536 534 1852 3619
5 1410 1411 1412 3620
5 513 515 3923 3621
5 2734 3315 3734 3622
5 3296 1548 3946 3623
5 4483 3998 5714 3624
5 3847 4221 5534 3625
5 1453 1454 1455 3626
5 1688 1895 1896 3627
5 1430 1432 5451 3628
5 699 701 3633 3629
5 2960 4206 4891 3630
5 2049 1954 2953 3631
5 1296 1297 3982 3632
5 2037 2508 2509 3633
5 3600 1333 5803 3634
5 2402 2404 3962 3635
5 2826 3596 3877 3636
5 985 974 4602 3637
5 670 671 672 3638
5 2754 2752 2755 3639
5 871 872 873 3640
5 3709 3708 4031 3641
5 3930 3931 5528 3642
5 2896 2895 4448 3643
5 3448 2123 4606 3644
5 2583 2414 2584 3645
5 2796 2795 3685 3646
5 3768 3769 3909 3647
5 2277 1168 4275 3648
5 1274 1054 4154 3649
5 206 207 430 3650
5 1216 1217 1218 3651
5 909 1972 3939 3652
5 2291 3391 4056 3653
5 4117 4118 4119 3654
5 2105 2106 2296 3655
5 473 474 475 3656
5 3992 2912 3993 3657
5 4620 1553 4808 3658
5 2758 2757 2759 3659
5 2614 1907 4337 3660
5 1950 3063 3971 3661
5 3873 3874 4805 3662
5 1293 1295 1296 3663
5 512 511 513 3664
5 2597 2596 3089 3665
5 3673 1852 3674 3666
5 1789 1568 4344 3667
5 1978 1769 1979 3668
5 4101 4106 4110 3669
5 3796 2329 4483 3670
5 2810 2811 2812 3671
5 3613 1421 4519 3672
5 1304 1445 3783 3673
5 2090 2313 2447 3674
5 899 922 1573 3675
5 2047 2617 2634 3676
5 3017 5126 5700 3677
5 2086 2089 2090 3678
5 788 3733 4770 3679
5 1866 4816 5389 3680
5 2007 2590 2675 3681
5 565 564 3592 3682
5 2595 2594 2596 3683
5 2968 3765 3963 3684
5 538 3673 4126 3685
5 4090 4116 4117 3686
5 2371 2372 2373 3687
5 1037 1259 3879 3688
5 774 775 944 3689
5 1234 1244 1292 3690
5 3743 471 3744 3691
5 3854 2928 4811 3692
5 3182 3121 5331 3693
5 2637 2524 2914 3694
5 1124 1128 3840 3695
5 1380 1318 1922 3696
5 3756 3639 4064 3697
5 4605 4301 5300 3698
5 1475 1474 1476 3699
5 84 1520 3915 3700
5 1463 1479 4756 3701
5 991 992 993 3702
5 1608 1881 2869 3703
5 102 101 3333 3704
5 1402 4244 4271 3705
5 2849 4753 4963 3706
5 3845 4713 5392 3707
5 2243 2244 2245 3708
5 1935 2563 4122 3709
5 1419 1417 5760 3710
5 2833 2834 2835 3711
5 2751 4768 5464 3712
5 597 596 894 3713
5 1725 4592 5228 3714
5 4642 2295 4971 3715
5 3717 488 3822 3716
5 448 446 449 3717
5 4056 3191 5134 3718
5 3951 3698 5049 3719
5 4384 1521 5650 3720
5 1109 5032 5317 3721
5 2417 3709 3710 3722
5 1538 3775 3776 3723
5 1597 1415 5702 3724
5 1677 1971 3958 3725
5 639 640 641 3726
5 739 3719 5193 3727
5 3516 1487 4152 3728
5 789 3905 4063 3729
5 2855 3383 4618 3730
5 1452 1283 1578 3731
5 2812 3147 3148 3732
5 1831 1830 1832 3733
5 2394 3618 3619 3734
5 3148 3149 3150 3735
5 1848 873 3957 3736
5 2594 2288 3833 3737
5 3470 3471 4655 3738
5 2110 2116 5086 3739
5 2460 2458 5646 3740
5 5374 2781 5767 3741
5 1020 1019 1021 3742
5 3092 4128 4532 3743
5 993 994 995 3744
5 1579 920 4900 3745
5 759 771 774 3746
5 780 781 782 3747
5 2235 3353 3424 3748
5 829 828 830 3749
5 2300 2704 5664 3750
5 5276 1347 5477 3751
5 2968 2422 3765 3752
5 2739 3693 3694 3753
5 1856 1746 3926 3754
5 2658 2799 2800 3755
5 296 3 446 3756
5 2692 2693 2694 3757
5 2172 4843 5050 3758
5 1395 1559 1865 3759
5 2996 4373 5150 3760
5 1144 1143 1145 3761
5 1056 1211 1212 3762
5 475 476 477 3763
5 1250 1252 3967 3764
5 5194 3508 5596 3765
5 2528 2251 4442 3766
5 3083 3523 3524 3767
5 3862 2871 3863 3768
5 3217 3216 4810 3769
5 2402 2403 2404 3770
5 2102 2240 2241 3771
5 3702 3701 3703 3772
5 2378 2377 3658 3773
5 3602 4836 5260 3774
5 4874 433 5614 3775
5 470 1658 4065 3776
5 672 673 674 3777
5 3373 4799 5563 3778
5 3443 2724 5488 3779
5 3651 5023 5793 3780
5 2593 2288 2594 3781
5 291 292 431 3782
5 2538 3002 3007 3783
5 244 245 433 3784
5 256 257 434 3785
5 1955 1832 1956 3786
5 285 286 435 3787
5 215 216 438 3788
5 249 250 447 3789
5 3838 2444 5282 3790
5 238 239 437 3791
5 262 263 439 3792
5 4142 1805 4928 3793
5 3766 2422 3823 3794
5 4049 205 4050 3795
5 2774 3354 3355 3796
5 2059 2062 3989 3797
5 951 950 3526 3798
5 2920 2877 5698 3799
5 804 85 3915 3800
5 221 222 442 3801
5 279 280 443 3802
5 664 715 3918 3803
5 2330 2871 3862 3804
5 559 560 561 3805
5 232 233 440 3806
5 268 269 444 3807
5 1922 1318 4490 3808
5 1044 3856 5768 3809
5 630 632 971 3810
5 510 512 3981 3811
5 3353 2679 5716 3812
5 227 0 441 3813
5 1 274 445 3814
5 4813 1718 5073 3815
5 1868 1613 1908 3816
5 1529 3902 5429 3817
5 2869 1881 3986 3818
5 2638 2639 2640 3819
5 2101 5364 5673 3820
5 3566 2897 5563 3821
5 3523 4747 5589 3822
5 1499 1500 1501 3823
5 209 210 436 3824
5 3527 4169 4170 3825
5 2451 3588 4984 3826
5 782 783 784 3827
5 3648 1578 5546 3828
5 603 548 2570 3829
5 1703 1704 1705 3830
5 1304 1305 1306 3831
5 3268 2545 4829 3832
5 1490 4758 4981 3833
5 641 642 643 3834
5 4078 3137 5163 3835
5 3037 3973 4183 3836
5 3181 4925 5411 3837
5 2 251 432 3838
5 2084 2085 2086 3839
5 3919 687 5629 3840
5 3272 5228 5698 3841
5 2404 2405 2406 3842
5 1259 1484 2507 3843
5 2760 2759 2761 3844
5 3892 4135 5234 3845
5 4183 1492 4184 3846
5 1971 2398 3958 3847
5 1697 1945 1946 3848
5 1456 1466 5303 3849
5 1218 1219 1220 3850
5 2144 2117 5436 3851
5 724 725 726 3852
5 988 990 991 3853
5 2527 3329 3887 3854
5 1999 2001 3914 3855
5 938 960 987 3856
5 2694 2695 2696 3857
5 499 501 1488 3858
5 3234 2669 4027 3859
5 2488 3051 3420 3860
5 3097 3658 4465 3861
5 1297 1299 1300 3862
5 1152 1248 3721 3863
5 449 451 4035 3864
5 1674 1673 1675 3865
5 2564 2040 2921 3866
5 3525 3629 4544 3867
5 1171 1172 1804 3868
5 3171 3173 3437 3869
5 1707 3782 4425 3870
5 3548 901 4968 3871
5 932 931 950 3872
5 3002 3505 5620 3873
5 784 785 786 3874
5 3914 4213 4312 3875
5 2184 1802 2422 3876
5 2377 2804 3658 3877
5 2055 2101 4133 3878
5 827 826 828 3879
5 1412 1413 1414 3880
5 1022 1021 1023 3881
5 3982 1300 5423 3882
5 2838 2840 4204 3883
5 563 562 564 3884
5 1813 1814 1815 3885
5 1088 1155 3140 3886
5 2698 1365 5151 3887
5 3854 1033 5004 3888
5 2063 3496 4945 3889
5 2555 2005 3549 3890
5 477 478 480 3891
5 2628 2629 2631 3892
5 2317 2389 2390 3893
5 636 638 639 3894
5 1942 1789 4344 3895
5 3658 2804 3988 3896
5 995 996 997 3897
5 3159 2391 3687 3898
5 3771 3768 3909 3899
5 643 644 645 3900
5 831 830 832 3901
5 2399 2401 2402 3902
5 4793 3763 4914 3903
5 2436 2437 2621 3904
5 4388 3499 5333 3905
5 873 874 875 3906
5 4337 1662 4338 3907
5 2806 2155 4675 3908
5 2021 2493 2638 3909
5 547 550 3736 3910
5 3604 3605 5490 3911
5 2324 2325 2326 3912
5 4620 4808 5609 3913
5 1911 2206 3924 3914
5 4303 4302 4304 3915
5 2082 2083 2084 3916
5 1301 1303 1304 3917
5 816 1516 3467 3918
5 1971 2397 2398 3919
5 3819 2719 5721 3920
5 4696 3948 4697 3921
5 658 760 3869 3922
5 185 184 4008 3923
5 2055 2056 2057 3924
5 1896 1982 2079 3925
5 1240 4915 5748 3926
5 440 4226 5028 3927
5 2001 2435 2655 3928
5 1927 2307 2362 3929
5 1765 884 1769 3930
5 205 206 4050 3931
5 2944 2948 3772 3932
5 3435 3171 3437 3933
5 1038 1039 1057 3934
5 462 3601 5458 3935
5 3229 3787 4913 3936
5 1872 1546 3998 3937
5 1160 1162 1164 3938
5 446 3 4049 3939
5 4034 5704 5805 3940
5 2433 2434 2513 3941
5 1306 1307 1308 3942
5 2079 2104 2433 3943
5 3284 3283 4566 3944
5 5013 1637 5397 3945
5 1693 2194 3015 3946
5 2677 2427 4209 3947
5 4326 436 4969 3948
5 190 189 545 3949
5 1722 1861 1919 3950
5 422 4302 4303 3951
5 1248 1356 1357 3952
5 2393 3621 5275 3953
5 3099 3856 4070 3954
5 963 968 3235 3955
5 3770 3768 3771 3956
5 1252 2591 3967 3957
5 1743 1675 1744 3958
5 4799 3373 5360 3959
5 2932 4191 5695 3960
5 3966 1109 5317 3961
5 1977 3062 4062 3962
5 94 1120 3812 3963
5 1854 2282 2436 3964
5 3874 2654 3983 3965
5 1837 2239 3286 3966
5 3868 1709 4433 3967
5 2054 4133 5426 3968
5 573 575 577 3969
5 1155 1158 3907 3970
5 4001 426 4234 3971
5 1200 1201 4761 3972
5 895 894 931 3973
5 2373 2374 2375 3974
5 1822 3224 4412 3975
5 552 557 4247 3976
5 645 646 647 3977
5 1506 1886 1887 3978
5 1447 1448 1449 3979
5 1348 626 3896 3980
5 2762 2761 2763 3981
5 1984 1929 1985 3982
5 854 858 859 3983
5 2910 3053 3207 3984
5 3352 2589 4484 3985
5 3996 3565 5357 3986
5 2274 2421 2998 3987
5 2622 2623 3475 3988
5 1524 1612 3246 3989
5 2715 3073 3074 3990
5 1015 1041 3832 3991
5 4131 3667 5467 3992
5 3989 3875 4805 3993
5 1705 1706 1708 3994
5 875 876 877 3995
5 721 723 724 3996
5 1174 1084 2786 3997
5 1437 1139 4611 3998
5 2406 2407 2408 3999
5 3681 1265 4125 4000
5 4690 2971 4892 4001
5 786 791 792 4002
5 1308 1309 1310 4003
5 3140 1155 3907 4004
5 3349 3350 4889 4005
5 4180 2621 4669 4006
5 1593 1534 4037 4007
5 1727 4458 4459 4008
5 2150 4710 5207 4009
5 2640 2641 2642 4010
5 3557 3556 4005 4011
5 1770 2633 3979 4012
5 3329 2529 4779 4013
5 2805 3811 5322 4014
5 1880 1548 3296 4015
5 1672 1670 1673 4016
5 981 913 4139 4017
5 1937 1938 1961 4018
5 1132 1101 3647 4019
5 2499 2942 2944 4020
5 1759 3924 5558 4021
5 660 659 661 4022
5 609 607 1396 4023
5 2187 4793 4914 4024
5 4330 4285 5286 4025
5 4655 439 5756 4026
5 2912 2600 3882 4027
5 2358 2391 2392 4028
5 658 657 659 4029
5 654 653 655 4030
5 4110 4106 4121 4031
5 3664 1405 4718 4032
5 3101 4872 5108 4033
5 656 655 657 4034
5 3213 3690 3691 4035
5 1960 2505 3103 4036
5 2940 3600 5280 4037
5 4118 4116 4921 4038
5 726 727 728 4039
5 2612 1019 4602 4040
5 1017 4169 5321 4041
5 2848 2847 4583 4042
5 1790 3552 3913 4043
5 1068 1070 1607 4044
5 1612 3781 5187 4045
5 2965 549 4126 4046
5 3650 1950 5727 4047
5 493 494 495 4048
5 835 836 837 4049
5 3719 2614 3954 4050
5 943 1050 4061 4051
5 2390 2442 2443 4052
5 1178 1583 2603 4053
5 1487 4486 5631 4054
5 4325 436 4326 4055
5 1846 2208 2622 4056
5 1813 2042 4007 4057
5 1200 1199 1201 4058
5 2123 2120 5469 4059
5 1905 2052 2053 4060
5 877 878 879 4061
5 2548 3718 5459 4062
5 2603 2669 3234 4063
5 3984 3903 5706 4064
5 1363 1572 1757 4065
5 4106 4108 4121 4066
5 3497 4020 5308 4067
5 3017 2594 3833 4068
5 850 3483 3995 4069
5 3198 1872 3998 4070
5 2631 2984 3723 4071
5 2392 2557 2558 4072
5 1075 1077 1078 4073
5 3909 2376 4467 4074
5 802 823 3438 4075
5 1939 2439 2440 4076
5 1874 1871 2075 4077
5 3356 4044 4193 4078
5 4154 3302 5662 4079
5 3454 2469 5457 4080
5 997 998 999 4081
5 534 513 3923 4082
5 3246 1612 5187 4083
5 3573 3572 5654 4084
5 2027 2740 4024 4085
5 3714 223 5320 4086
5 1745 1744 1746 4087
5 940 1917 2664 4088
5 3629 1354 3630 4089
5 1387 1386 1665 4090
5 4803 3436 5290 4091
5 957 935 1619 4092
5 1774 1759 5558 4093
5 680 682 5635 4094
5 2850 3049 3244 4095
5 471 1664 3744 4096
5 3924 2206 5292 4097
5 1050 1250 1660 4098
5 1439 1440 4789 4099
5 2764 2763 2765 4100
5 1984 5269 5743 4101
5 4471 3706 5064 4102
5 792 796 797 4103
5 628 630 3898 4104
5 4564 3970 5220 4105
5 3227 3228 3229 4106
5 3326 3978 5026 4107
5 1716 1931 4017 4108
5 2947 1733 4587 4109
5 3153 3152 3154 4110
5 497 496 3906 4111
5 3585 3583 3700 4112
5 2669 3555 4027 4113
5 3446 2580 4401 4114
5 3834 1627 4080 4115
5 2616 2544 4629 4116
5 2642 2643 2644 4117
5 1908 1613 4468 4118
5 4090 4091 4092 4119
5 718 717 719 4120
5 2277 4276 4277 4121
5 3887 3329 4831 4122
5 3057 2899 5040 4123
5 3304 3303 5288 4124
5 3751 4815 4995 4125
5 3808 2903 3809 4126
5 1292 1244 1293 4127
5 5481 3503 5559 4128
5 2713 2715 4711 4129
5 2408 2409 2410 4130
5 2586 2855 5101 4131
5 4625 1849 5080 4132
5 970 1032 1038 4133
5 2428 2678 2788 4134
5 5135 4684 5357 4135
5 647 648 649 4136
5 2474 2075 2901 4137
5 4740 431 5175 4138
5 1578 4011 4146 4139
5 1707 2237 3782 4140
5 3499 3498 5676 4141
5 1252 1372 2591 4142
5 2563 3850 3851 4143
5 1946 2359 2360 4144
5 1414 1415 1416 4145
5 3841 2497 3842 4146
5 1312 1314 4266 4147
5 1467 1463 5606 4148
5 117 116 3893 4149
5 2404 2543 3962 4150
5 1072 1074 1075 4151
5 3774 1848 5520 4152
5 592 590 3785 4153
5 105 353 3825 4154
5 3421 3836 3872 4155
5 2398 2399 4060 4156
5 2423 3477 5612 4157
5 1296 1295 1297 4158
5 1392 1492 3973 4159
5 4092 4093 4094 4160
5 1190 1188 1191 4161
5 2648 2736 4016 4162
5 2520 2521 2522 4163
5 4083 4085 4086 4164
5 3165 3162 3889 4165
5 4852 2453 5737 4166
5 999 1000 1001 4167
5 2852 3025 3970 4168
5 2146 2249 4610 4169
5 1372 1585 4033 4170
5 500 498 1552 4171
5 1757 1758 2041 4172
5 3807 600 5133 4173
5 1809 1510 4387 4174
5 4087 4089 4090 4175
5 1310 1311 1312 4176
5 4201 4890 5136 4177
5 3615 3213 4629 4178
5 572 570 2305 4179
5 1820 1819 3399 4180
5 3456 3457 4874 4181
5 423 4009 4294 4182
5 4133 3364 5426 4183
5 2816 3097 3490 4184
5 1078 1079 1080 4185
5 1186 951 2727 4186
5 1501 1502 1503 4187
5 2489 2490 2491 4188
5 3601 3602 5458 4189
5 1497 3289 4645 4190
5 3488 3487 5379 4191
5 4273 599 5374 4192
5 2573 2574 2575 4193
5 1550 1635 3952 4194
5 1416 1417 1419 4195
5 5020 3027 5488 4196
5 674 675 676 4197
5 1426 1427 1428 4198
5 1057 1058 1059 4199
5 926 949 969 4200
5 2410 2411 2412 4201
5 813 814 815 4202
5 3364 3787 5426 4203
5 2375 2377 2378 4204
5 2250 3231 4590 4205
5 2136 2145 5382 4206
5 1214 1213 1215 4207
5 2634 2851 2966 4208
5 457 456 3853 4209
5 1212 1211 1213 4210
5 2754 2755 2756 4211
5 3242 5276 5477 4212
5 2593 2594 2595 4213
5 2688 2689 2690 4214
5 662 661 663 4215
5 2644 2645 2646 4216
5 2228 3504 4023 4217
5 1586 1846 3761 4218
5 1643 1626 1819 4219
5 3324 3566 4951 4220
5 837 838 839 4221
5 2230 2283 2284 4222
5 2595 2596 2597 4223
5 3184 583 3712 4224
5 1452 1578 4468 4225
5 2933 2936 4191 4226
5 2005 2006 3549 4227
5 1963 1965 2010 4228
5 5389 3443 5507 4229
5 1635 1932 1933 4230
5 2065 2572 2573 4231
5 2362 2448 3380 4232
5 1261 1043 1386 4233
5 3081 3079 5021 4234
5 1933 1932 3881 4235
5 2197 2199 3617 4236
5 4917 3295 5708 4237
5 1786 1787 3852 4238
5 4488 3604 5490 4239
5 499 1488 3906 4240
5 4013 4567 5500 4241
5 1221 1223 1224 4242
5 3513 3902 5753 4243
5 2360 2891 2892 4244
5 2522 2523 2524 4245
5 693 692 694 4246
5 548 547 3736 4247
5 4204 2858 4205 4248
5 537 539 4004 4249
5 1713 1854 4224 4250
5 2766 2765 2767 4251
5 2555 3549 3627 4252
5 1922 4490 4773 4253
5 4845 1712 5182 4254
5 4827 3524 4828 4255
5 488 620 3822 4256
5 1001 1002 1003 4257
5 2143 2127 5731 4258
5 2412 2413 2414 4259
5 1224 1225 1226 4260
5 886 892 4148 4261
5 1253 3109 5151 4262
5 3934 2424 4997 4263
5 2330 2599 2871 4264
5 2991 2746 3927 4265
5 3009 3219 4905 4266
5 3434 3304 4150 4267
5 3591 3590 4503 4268
5 3104 3105 4333 4269
5 1819 1626 3956 4270
5 3847 1351 5448 4271
5 1932 2338 3881 4272
5 4094 4095 4096 4273
5 4304 4302 4651 4274
5 3872 3836 4196 4275
5 1532 5199 5548 4276
5 1977 2982 3062 4277
5 3256 2076 4451 4278
5 1508 2527 3887 4279
5 1216 1215 1217 4280
5 4012 1719 5749 4281
5 3704 4927 5064 4282
5 1059 1319 4219 4283
5 1300 1299 1301 4284
5 2686 2687 2688 4285
5 496 499 3906 4286
5 3892 2260 4135 4287
5 1891 2330 3862 4288
5 2575 2576 2577 4289
5 2756 2757 2758 4290
5 1534 1535 1536 4291
5 3486 4473 4903 4292
5 3896 628 3898 4293
5 1577 820 3784 4294
5 1226 1227 1228 4295
5 1992 1993 5494 4296
5 1741 2464 4491 4297
5 1886 1274 4154 4298
5 1794 1746 1795 4299
5 3273 4151 4251 4300
5 4358 4357 5185 4301
5 3121 3502 4613 4302
5 3746 3141 4156 4303
5 594 903 904 4304
5 1428 1429 1430 4305
5 987 960 988 4306
5 1585 1839 3112 4307
5 2385 2519 2520 4308
5 676 678 4604 4309
5 3438 5465 5503 4310
5 2789 4839 5668 4311
5 2919 2584 3991 4312
5 2558 2559 2560 4313
5 2947 4587 4588 4314
5 2165 2166 2167 4315
5 4638 4618 5749 4316
5 839 840 841 4317
5 541 547 548 4318
5 1003 1004 1005 4319
5 3252 4034 5805 4320
5 2163 2135 5273 4321
5 720 719 721 4322
5 1798 1899 1900 4323
5 809 810 811 4324
5 976 977 978 4325
5 850 849 851 4326
5 626 628 3896 4327
5 1312 1313 1314 4328
5 3801 3805 5233 4329
5 2398 2397 2399 4330
5 1089 1090 1091 4331
5 1430 1431 1432 4332
5 2858 2842 2859 4333
5 728 729 730 4334
5 1808 3432 3559 4335
5 3223 4619 5352 4336
5 1050 1660 4061 4337
5 495 496 497 4338
5 4293 4295 4650 4339
5 3574 3508 5194 4340
5 4352 4355 4356 4341
5 3063 944 3374 4342
5 2646 2647 2648 4343
5 1102 1104 1105 4344
5 2800 3517 3518 4345
5 649 650 651 4346
5 1599 1797 1798 4347
5 2937 3190 4053 4348
5 2071 3368 4058 4349
5 1346 1367 1755 4350
5 1374 1375 1376 4351
5 594 904 2466 4352
5 2005 1726 2006 4353
5 3017 3833 3990 4354
5 859 860 861 4355
5 676 677 678 4356
5 4201 3184 5346 4357
5 5385 4875 5445 4358
5 2184 2422 2968 4359
5 1345 565 4211 4360
5 2199 2666 2793 4361
5 1080 1081 1082 4362
5 1849 1092 5383 4363
5 3439 5279 5798 4364
5 1503 1598 1599 4365
5 2818 2480 3943 4366
5 1304 1303 1305 4367
5 3767 3768 3770 4368
5 429 295 448 4369
5 3286 2239 3318 4370
5 3814 3116 3815 4371
5 4235 4496 4762 4372
5 2898 4058 5143 4373
5 2109 2107 4221 4374
5 267 4120 4472 4375
5 1396 3910 4500 4376
5 2491 2685 2686 4377
5 2404 2403 2405 4378
5 2564 2921 3320 4379
5 699 700 701 4380
5 2160 2158 4692 4381
5 5342 4949 5547 4382
5 3458 4440 5045 4383
5 3736 550 4247 4384
5 2858 2859 4628 4385
5 101 3265 3333 4386
5 2402 2401 2403 4387
5 880 1792 2956 4388
5 1432 1433 1434 4389
5 2637 2914 4041 4390
5 1218 1217 1219 4391
5 3633 3024 5122 4392
5 2171 2160 5223 4393
5 540 538 4126 4394
5 2768 2767 2769 4395
5 3155 3154 3156 4396
5 241 423 4293 4397
5 1439 1438 1440 4398
5 1969 1772 2789 4399
5 980 1061 1346 4400
5 3745 3022 5306 4401
5 1314 1315 1323 4402
5 1059 1060 1319 4403
5 734 773 5483 4404
5 2032 1857 2033 4405
5 1110 1111 1112 4406
5 3181 3048 4925 4407
5 1348 3897 4701 4408
5 1750 2035 2843 4409
5 294 429 4288 4410
5 2676 2080 2790 4411
5 1091 1093 1094 4412
5 1228 1229 1230 4413
5 1567 1195 1871 4414
5 2563 3851 4122 4415
5 1953 4040 5181 4416
5 3344 2932 5695 4417
5 2101 2102 4530 4418
5 4359 3170 4365 4419
5 3430 2851 4966 4420
5 3296 3946 4560 4421
5 4534 1953 5181 4422
5 2655 2435 3496 4423
5 2734 2067 3315 4424
5 4096 4097 4098 4425
5 664 663 665 4426
5 991 990 992 4427
5 4293 4294 4295 4428
5 3811 1554 5463 4429
5 2577 2578 2579 4430
5 1376 1423 1424 4431
5 2318 583 3184 4432
5 2704 3587 5388 4433
5 2797 3634 3904 4434
5 1262 2729 4489 4435
5 3445 2580 3446 4436
5 1811 1810 1812 4437
5 695 694 696 4438
5 1455 1456 1460 4439
5 3627 3549 5532 4440
5 678 679 680 4441
5 1887 1888 1889 4442
5 426 4144 4234 4443
5 993 992 994 4444
5 2017 2388 3925 4445
5 449 4035 4036 4446
5 2873 2874 2875 4447
5 3509 4973 5746 4448
5 422 236 4302 4449
5 1573 3900 4731 4450
5 841 842 843 4451
5 3837 2808 4515 4452
5 1698 4440 5033 4453
5 265 421 4301 4454
5 240 4293 4650 4455
5 2588 2461 3713 4456
5 1082 1086 1087 4457
5 471 1663 1664 4458
5 3894 1396 4500 4459
5 1585 3112 4033 4460
5 1105 1106 1107 4461
5 774 771 775 4462
5 3236 2058 4328 4463
5 4098 4100 4101 4464
5 3943 2482 4046 4465
5 2497 2269 5121 4466
5 229 418 4306 4467
5 1550 3952 4822 4468
5 3066 5181 5182 4469
5 3826 3827 3867 4470
5 4415 1724 5128 4471
5 4453 4813 5073 4472
5 978 979 980 4473
5 1859 4379 4912 4474
5 4490 3803 4773 4475
5 4269 3792 4732 4476
5 824 3797 5471 4477
5 2937 3189 3190 4478
5 4302 237 4651 4479
5 4083 4086 4454 4480
5 666 665 667 4481
5 2011 4869 5425 4482
5 465 464 4347 4483
5 1005 1006 1007 4484
5 697 696 698 4485
5 3788 1292 5414 4486
5 5054 3110 5515 4487
5 4053 1383 5007 4488
5 1889 1890 1891 4489
5 3803 4490 5626 4490
5 3235 968 5590 4491
5 259 424 4296 4492
5 3155 3433 5146 4493
5 3239 3240 4217 4494
5 4713 4510 5023 4495
5 2351 2600 2912 4496
5 3006 2844 3495 4497
5 2711 3561 3762 4498
5 3435 3437 5139 4499
5 2648 2735 2736 4500
5 482 479 1561 4501
5 1114 4249 5684 4502
5 865 867 5669 4503
5 4101 4105 4106 4504
5 995 994 996 4505
5 1306 1305 1307 4506
5 2560 2561 2899 4507
5 1536 1555 1556 4508
5 3641 2775 3642 4509
5 1782 1948 1949 4510
5 2944 2942 2948 4511
5 3859 794 4846 4512
5 1323 1324 1325 4513
5 1094 1095 1096 4514
5 1064 1953 5194 4515
5 2638 2493 2639 4516
5 4869 4170 5425 4517
5 2060 2058 3236 4518
5 1037 3879 5506 4519
5 2636 3510 3511 4520
5 2770 2769 2771 4521
5 3377 2785 5222 4522
5 430 207 4324 4523
5 668 667 669 4524
5 4486 1487 5451 4525
5 1230 1231 1232 4526
5 1767 1770 3979 4527
5 3927 2746 5659 4528
5 4040 4696 4697 4529
5 2722 1681 4400 4530
5 2675 3360 4447 4531
5 3281 2281 4497 4532
5 2776 3756 3757 4533
5 929 3996 5357 4534
5 1848 3957 4834 4535
5 1440 2726 5701 4536
5 893 1767 4237 4537
5 2318 3184 4201 4538
5 3795 1799 5691 4539
5 777 3843 5655 4540
5 2623 2625 4315 4541
5 609 1396 4045 4542
5 1028 1063 1235 4543
5 3698 2484 3699 4544
5 4519 1404 5439 4545
5 730 731 732 4546
5 1319 1320 1541 4547
5 2406 2405 2407 4548
5 2023 3193 4174 4549
5 3034 3035 4751 4550
5 2579 2829 3042 4551
5 4076 4075 4970 4552
5 1308 1307 1309 4553
5 99 98 3473 4554
5 3433 3156 4378 4555
5 2986 2987 3056 4556
5 1770 1951 2633 4557
5 197 196 901 4558
5 1164 1165 1166 4559
5 4565 2218 5227 4560
5 2007 2675 4447 4561
5 1700 1345 2031 4562
5 3467 1516 4582 4563
5 4106 4107 4108 4564
5 2379 1897 2844 4565
5 2788 2972 3536 4566
5 3220 3714 5320 4567
5 296 446 448 4568
5 1102 3966 5289 4569
5 2952 4852 5737 4570
5 1528 4413 4739 4571
5 1641 808 4149 4572
5 4687 5573 5696 4573
5 2226 4023 4455 4574
5 3255 3254 5377 4575
5 1541 1542 1773 4576
5 2772 2771 2774 4577
5 3322 2648 4016 4578
5 3306 3305 5148 4579
5 2758 2759 2760 4580
5 2875 2876 2877 4581
5 2258 2076 3256 4582
5 1338 1339 1340 4583
5 4354 4358 4359 4584
5 2399 2402 4060 4585
5 3273 3175 4068 4586
5 1007 1008 1009 4587
5 4293 423 4294 4588
5 3516 4152 4413 4589
5 2747 1694 4524 4590
5 2625 3019 3020 4591
5 4086 4085 4087 4592
5 3917 1573 4044 4593
5 1865 1559 4666 4594
5 4132 4231 5807 4595
5 1052 1276 4728 4596
5 16 15 4151 4597
5 639 638 640 4598
5 1665 2480 2818 4599
5 3453 4615 4946 4600
5 1078 1080 4583 4601
5 1966 5120 5766 4602
5 4810 4825 5147 4603
5 1325 1326 1327 4604
5 2945 3723 4479 4605
5 2484 2481 3755 4606
5 1367 1651 4320 4607
5 3645 3331 4138 4608
5 670 669 671 4609
5 2287 2286 2288 4610
5 443 4541 5221 4611
5 931 894 5489 4612
5 1112 1113 1114 4613
5 478 481 3928 4614
5 2877 2878 2879 4615
5 3942 2781 5374 4616
5 2909 2501 2910 4617
5 2023 2025 3193 4618
5 2366 2033 2367 4619
5 150 4459 5115 4620
5 3549 2006 3793 4621
5 1178 2603 4011 4622
5 1232 1233 1234 4623
5 2675 3099 3359 4624
5 576 574 924 4625
5 1709 4047 4452 4626
5 1788 5134 5334 4627
5 3195 2395 3196 4628
5 1220 1219 1221 4629
5 3000 2971 4690 4630
5 4828 5141 5373 4631
5 2736 2916 2917 4632
5 2250 2930 3231 4633
5 3784 3459 4806 4634
5 1591 2510 5777 4635
5 1089 1091 5383 4636
5 4692 3075 5223 4637
5 2879 2880 2881 4638
5 1651 1858 2254 4639
5 1993 1994 5494 4640
5 4090 4089 4091 4641
5 418 230 4143 4642
5 89 1450 3911 4643
5 4220 4082 4454 4644
5 2204 1681 2722 4645
5 2859 3144 4167 4646
5 1310 1309 1311 4647
5 724 723 725 4648
5 1822 2017 3224 4649
5 2640 2639 2641 4650
5 4092 4091 4093 4651
5 1645 972 4075 4652
5 3170 4360 5056 4653
5 1009 1011 1012 4654
5 488 556 620 4655
5 1038 1032 1039 4656
5 1665 2818 3956 4657
5 3555 3557 5267 4658
5 699 698 700 4659
5 1866 1327 4816 4660
5 3028 4190 4866 4661
5 2022 2738 4431 4662
5 5199 3511 5548 4663
5 1687 1441 4178 4664
5 2847 3725 4583 4665
5 2740 3984 4024 4666
5 1342 1369 1370 4667
5 1583 981 4139 4668
5 1349 3973 5259 4669
5 4506 2129 4988 4670
5 2568 2567 2569 4671
5 3446 4945 5308 4672
5 1340 1341 1342 4673
5 2670 3142 4190 4674
5 1262 1391 2729 4675
5 445 274 4470 4676
5 1664 1829 1830 4677
5 1949 2319 2320 4678
5 2549 3010 3367 4679
5 2592 2288 2593 4680
5 1327 1328 1329 4681
5 726 725 727 4682
5 2277 4277 4482 4683
5 969 949 970 4684
5 732 733 734 4685
5 3939 1972 4447 4686
5 987 988 5628 4687
5 2723 2722 2724 4688
5 2508 2938 4147 4689
5 507 505 5275 4690
5 3741 2721 4797 4691
5 2664 1917 4003 4692
5 2018 2635 2636 4693
5 1128 1126 4671 4694
5 641 640 642 4695
5 1925 4030 4869 4696
5 4023 3504 5482 4697
5 3907 1158 4730 4698
5 778 529 779 4699
5 2027 2029 2740 4700
5 3196 2395 4341 4701
5 2760 2761 2762 4702
5 2019 2021 4972 4703
5 3815 3818 5540 4704
5 550 552 4247 4705
5 92 3780 3870 4706
5 3562 739 5193 4707
5 91 90 1121 4708
5 515 517 4633 4709
5 431 292 4289 4710
5 1329 1394 1395 4711
5 2408 2407 2409 4712
5 2249 3222 4610 4713
5 2804 3964 3987 4714
5 2285 1800 2286 4715
5 500 1552 4052 4716
5 1520 83 3899 4717
5 1387 1665 3956 4718
5 2178 3267 4726 4719
5 2168 2267 2949 4720
5 2500 2262 2501 4721
5 4991 4845 5182 4722
5 3580 2894 5068 4723
5 2911 3143 5035 4724
5 2832 3029 4439 4725
5 682 5152 5635 4726
5 1395 1558 1559 4727
5 1742 4339 4637 4728
5 354 105 3972 4729
5 4094 4093 4095 4730
5 953 3705 4578 4731
5 3695 3343 5719 4732
5 4541 3197 5221 4733
5 2917 2918 3027 4734
5 3519 4661 5492 4735
5 997 996 998 4736
5 3535 3534 4140 4737
5 1908 4468 4682 4738
5 3691 2616 4629 4739
5 434 257 4297 4740
5 3173 3174 3175 4741
5 1186 2727 4436 4742
5 3079 3078 5270 4743
5 2933 2934 2935 4744
5 3860 1763 4505 4745
5 3157 3957 4598 4746
5 2573 2572 2574 4747
5 2821 2823 2824 4748
5 441 0 4307 4749
5 1931 2036 2037 4750
5 773 736 5148 4751
5 190 545 4130 4752
5 2436 2282 2437 4753
5 672 671 673 4754
5 823 2424 5465 4755
5 2929 2281 3281 4756
5 209 436 4325 4757
5 1261 1386 1387 4758
5 620 621 622 4759
5 466 467 4065 4760
5 1708 1750 4030 4761
5 1741 2095 2464 4762
5 654 656 4194 4763
5 452 450 2915 4764
5 4069 1574 4390 4765
5 765 3917 4186 4766
5 4588 4848 5668 4767
5 2835 3096 4702 4768
5 2520 2519 2521 4769
5 643 642 644 4770
5 892 615 4045 4771
5 425 289 4160 4772
5 2522 2521 2523 4773
5 1293 1294 1295 4774
5 1234 1243 1244 4775
5 4124 4895 5586 4776
5 1438 1282 4761 4777
5 2073 2970 2986 4778
5 2037 2096 2508 4779
5 1559 1655 1656 4780
5 2255 3844 3845 4781
5 2640 3439 5798 4782
5 1209 2105 4674 4783
5 2642 2641 2643 4784
5 1716 1930 1931 4785
5 1776 1715 4073 4786
5 2840 2858 4204 4787
5 3175 3176 3177 4788
5 1672 1673 1674 4789
5 2060 3236 4132 4790
5 2508 2870 2938 4791
5 3672 1509 5019 4792
5 1057 1039 1058 4793
5 3208 3207 3209 4794
5 999 998 1000 4795
5 1245 1203 1253 4796
5 1820 3772 4873 4797
5 2410 2409 2411 4798
5 94 93 1120 4799
5 3177 3226 3227 4800
5 2031 1345 4211 4801
5 4121 4108 5125 4802
5 645 644 646 4803
5 4228 234 5113 4804
5 911 869 4348 4805
5 4979 416 5476 4806
5 3309 523 3361 4807
5 217 4043 4546 4808
5 1722 1919 5759 4809
5 734 735 736 4810
5 4513 3272 5552 4811
5 2762 2763 2764 4812
5 4535 2849 4963 4813
5 4184 1492 4981 4814
5 4022 432 4687 4815
5 3964 2803 3996 4816
5 2226 2228 4023 4817
5 622 623 624 4818
5 833 832 834 4819
5 5087 4918 5730 4820
5 3433 4378 4379 4821
5 651 652 653 4822
5 817 818 819 4823
5 3725 1078 4583 4824
5 3314 2306 3722 4825
5 2575 2574 2576 4826
5 1397 3741 5633 4827
5 1643 1819 1820 4828
5 100 99 1183 4829
5 769 757 2613 4830
5 1322 4220 4454 4831
5 4893 1600 5097 4832
5 761 763 1980 4833
5 1086 3829 5770 4834
5 3786 2044 5092 4835
5 97 96 3671 4836
5 647 646 648 4837
5 3320 2921 4863 4838
5 1152 3721 5246 4839
5 2476 1872 3198 4840
5 1981 2538 4601 4841
5 5261 1680 5393 4842
5 1813 1812 1814 4843
5 941 913 981 4844
5 2701 2220 2990 4845
5 572 2305 3999 4846
5 2724 2722 4051 4847
5 451 454 4035 4848
5 761 1980 4048 4849
5 841 843 4883 4850
5 3171 3172 3173 4851
5 2748 2747 2749 4852
5 1953 1398 4040 4853
5 3823 1330 4366 4854
5 852 851 853 4855
5 3656 3071 5045 4856
5 2676 2790 4182 4857
5 4439 530 4440 4858
5 3457 2672 4009 4859
5 2644 2643 2645 4860
5 2584 2414 3963 4861
5 2689 4152 4782 4862
5 1881 3612 3986 4863
5 1224 1223 1225 4864
5 89 88 1450 4865
5 962 911 3302 4866
5 1364 1253 1365 4867
5 2524 2523 2525 4868
5 1600 3617 5097 4869
5 1674 1675 1743 4870
5 2265 1645 4075 4871
5 1312 1311 1313 4872
5 2917 3027 4047 4873
5 4849 3912 5705 4874
5 5458 3602 5812 4875
5 899 921 922 4876
5 3021 2990 3022 4877
5 1153 1138 4275 4878
5 2412 2411 2413 4879
5 1696 1694 2747 4880
5 4816 3187 5389 4881
5 4722 3694 5610 4882
5 1801 1545 1802 4883
5 4983 3135 5227 4884
5 1012 1055 1056 4885
5 3729 3860 4238 4886
5 5228 3272 5774 4887
5 1570 22 5720 4888
5 591 593 595 4889
5 4096 4095 4097 4890
5 2741 2861 2862 4891
5 4949 3015 5144 4892
5 1978 1979 2728 4893
5 1001 1000 1002 4894
5 507 5275 5728 4895
5 4836 2509 5260 4896
5 624 625 626 4897
5 970 1038 4653 4898
5 3821 1570 5720 4899
5 1882 1752 4313 4900
5 3364 3362 3626 4901
5 1974 1654 1975 4902
5 4058 3368 5143 4903
5 1634 3828 5029 4904
5 2862 2863 2864 4905
5 3981 1576 4028 4906
5 1114 1115 1116 4907
5 1724 4229 5128 4908
5 95 94 3812 4909
5 2258 3256 4135 4910
5 1999 2000 2001 4911
5 1357 1359 5001 4912
5 2228 3503 3504 4913
5 686 4920 5079 4914
5 3898 971 5461 4915
5 2357 1975 2358 4916
5 2457 2456 2458 4917
5 1656 1836 1837 4918
5 1784 1565 4789 4919
5 1150 1148 3739 4920
5 3020 3030 3031 4921
5 767 898 899 4922
5 982 981 1178 4923
5 701 702 703 4924
5 4142 4928 5153 4925
5 3507 3506 3508 4926
5 728 727 729 4927
5 2852 2853 3025 4928
5 4375 4295 4936 4929
5 1765 1769 1978 4930
5 4020 4323 4591 4931
5 2628 2043 2629 4932
5 3210 3209 3567 4933
5 4024 3984 5224 4934
5 2715 3074 4711 4935
5 2833 2696 2834 4936
5 3372 3155 5376 4937
5 736 737 738 4938
5 1314 1313 1315 4939
5 3008 5077 5472 4940
5 1297 1298 1299 4941
5 3248 3377 5609 4942
5 3512 3511 5066 4943
5 504 502 619 4944
5 484 482 3945 4945
5 4057 4081 4722 4946
5 1226 1225 1227 4947
5 2764 2765 2766 4948
5 447 4018 4019 4949
5 4566 4723 5155 4950
5 1837 2238 2239 4951
5 1003 1002 1004 4952
5 2183 1802 2184 4953
5 1422 1775 1999 4954
5 1228 1227 1229 4955
5 626 627 628 4956
5 4166 2846 5278 4957
5 2577 2576 2578 4958
5 3914 2655 4231 4959
5 3373 3045 4636 4960
5 890 888 2705 4961
5 1034 942 1203 4962
5 3354 3919 5629 4963
5 3445 3446 4018 4964
5 703 704 705 4965
5 3612 3611 5026 4966
5 674 673 675 4967
5 673 4064 4882 4968
5 3603 3942 5724 4969
5 1602 4082 4220 4970
5 1116 1118 1119 4971
5 1127 1129 1130 4972
5 4075 972 4462 4973
5 764 762 4157 4974
5 1928 2022 4431 4975
5 2469 3718 5521 4976
5 191 190 4130 4977
5 1677 1970 1971 4978
5 1154 1171 4611 4979
5 1301 1302 1303 4980
5 1383 4053 4264 4981
5 2015 1776 4073 4982
5 3126 3125 5348 4983
5 221 442 4172 4984
5 3881 2338 3934 4985
5 90 89 3911 4986
5 96 95 1378 4987
5 2646 2645 2647 4988
5 3244 4792 5649 4989
5 4098 4097 4100 4990
5 4216 444 4769 4991
5 2311 1862 3125 4992
5 2536 2535 2746 4993
5 2414 2413 2415 4994
5 4239 4238 4346 4995
5 1530 4419 4717 4996
5 2014 1776 2015 4997
5 1710 1913 1914 4998
5 3350 2419 5390 4999
5 3975 1420 4885 5000
5 2001 2234 2435 5001
5 1942 4344 5071 5002
5 3214 3941 4648 5003
5 2728 1979 3992 5004
5 2220 1809 4387 5005
5 1743 1744 1745 5006
5 701 703 5027 5007
5 1568 1381 4344 5008
5 1323 1315 1324 5009
5 4545 3734 4962 5010
5 3069 2614 3719 5011
5 680 681 682 5012
5 4101 4100 4105 5013
5 705 706 707 5014
5 922 937 938 5015
5 1526 1365 1527 5016
5 3237 2796 3685 5017
5 1854 2436 4224 5018
5 1451 1283 1452 5019
5 1602 1710 4082 5020
5 2173 2658 4710 5021
5 1395 1865 5107 5022
5 3239 4217 5595 5023
5 1647 1645 2265 5024
5 3138 3689 4517 5025
5 1971 2396 2397 5026
5 462 463 4872 5027
5 2399 2400 2401 5028
5 4070 1841 4967 5029
5 126 125 1553 5030
5 4108 4107 4109 5031
5 1837 3286 4922 5032
5 2750 2749 2752 5033
5 577 578 579 5034
5 2899 2561 4669 5035
5 4697 3948 4991 5036
5 1606 1452 1613 5037
5 4725 5761 5782 5038
5 576 924 1064 5039
5 2864 2865 2866 5040
5 871 870 872 5041
5 3565 3564 5357 5042
5 3651 3652 5023 5043
5 782 3599 5791 5044
5 1059 1058 1060 5045
5 2265 4075 4076 5046
5 3357 3434 5642 5047
5 3910 3929 4310 5048
5 3540 3539 5083 5049
5 2511 3855 5783 5050
5 1969 2789 4199 5051
5 1296 5180 5414 5052
5 1404 2081 5439 5053
5 2660 2015 3323 5054
5 2756 3791 5576 5055
5 1869 1868 2040 5056
5 2579 2578 2829 5057
5 1777 1613 1868 5058
5 3952 1933 5468 5059
5 4399 3219 5178 5060
5 1159 1156 4625 5061
5 3102 3250 3601 5062
5 1719 4012 4652 5063
5 3025 3026 3404 5064
5 4164 2271 5237 5065
5 3727 2703 3728 5066
5 1689 1527 1690 5067
5 2414 2415 3963 5068
5 2512 3813 4377 5069
5 2379 2844 3006 5070
5 2864 2866 4395 5071
5 780 779 781 5072
5 215 438 4165 5073
5 3422 2621 4180 5074
5 98 97 1184 5075
5 1280 1179 1283 5076
5 4917 3294 5811 5077
5 843 844 845 5078
5 4106 4105 4107 5079
5 1924 1843 1925 5080
5 5228 2920 5698 5081
5 3709 4031 5296 5082
5 4009 423 5200 5083
5 1325 1324 1326 5084
5 4199 2789 5810 5085
5 1688 1896 4615 5086
5 738 743 744 5087
5 1230 1229 1231 5088
5 2866 2867 3101 5089
5 4051 5020 5488 5090
5 886 615 892 5091
5 1056 1210 1211 5092
5 1710 1914 4082 5093
5 1005 1004 1006 5094
5 649 648 650 5095
5 4044 3356 5765 5096
5 2485 4276 5754 5097
5 2648 2647 2735 5098
5 535 537 1576 5099
5 988 989 990 5100
5 1795 1857 2032 5101
5 2432 2232 2849 5102
5 4625 2980 5575 5103
5 2766 2767 2768 5104
5 583 582 3712 5105
5 4931 4934 5346 5106
5 93 92 3870 5107
5 1767 3979 4237 5108
5 782 781 783 5109
5 2509 2508 4147 5110
5 4262 3029 5449 5111
5 730 732 4916 5112
5 86 85 804 5113
5 3679 3118 5407 5114
5 1232 1231 1233 5115
5 4528 3553 5282 5116
5 460 457 3853 5117
5 2287 2288 2592 5118
5 707 708 709 5119
5 2774 3355 3356 5120
5 1640 4138 5599 5121
5 1327 1326 1328 5122
5 780 782 5441 5123
5 1787 2857 3852 5124
5 2344 2040 2564 5125
5 3689 3137 4078 5126
5 1468 1469 1471 5127
5 2302 1803 2535 5128
5 730 729 731 5129
5 772 750 5250 5130
5 3879 5460 5506 5131
5 4083 4084 4085 5132
5 744 749 750 5133
5 3112 1839 4062 5134
5 3775 489 4370 5135
5 92 91 3780 5136
5 3042 2829 3110 5137
5 1130 1135 1136 5138
5 4256 441 5661 5139
5 4592 3846 5228 5140
5 4087 4088 4089 5141
5 4457 2502 5566 5142
5 3953 3193 5224 5143
5 784 783 785 5144
5 3682 4422 4464 5145
5 3143 4672 5035 5146
5 750 753 754 5147
5 993 1530 4717 5148
5 1582 1875 2019 5149
5 2753 2752 2754 5150
5 938 959 960 5151
5 3035 4781 5404 5152
5 2008 2257 3123 5153
5 2702 2050 2703 5154
5 2603 3234 4146 5155
5 2499 2941 2942 5156
5 754 758 759 5157
5 3975 3385 3976 5158
5 2805 4434 4718 5159
5 3569 4565 5227 5160
5 3400 3022 3401 5161
5 955 920 1579 5162
5 1395 1394 1558 5163
5 759 770 771 5164
5 2285 2286 2287 5165
5 786 785 791 5166
5 1204 3040 3041 5167
5 1329 1328 1394 5168
5 2315 2245 2316 5169
5 2564 3320 4059 5170
5 3653 2255 5392 5171
5 3876 2957 4641 5172
5 2363 1907 2614 5173
5 975 1015 5565 5174
5 2223 2303 2852 5175
5 1505 1274 1506 5176
5 1319 1060 1320 5177
5 1477 1476 1478 5178
5 3902 1529 5753 5179
5 3851 4443 5017 5180
5 234 4228 5682 5181
5 4713 3652 5392 5182
5 1559 1558 1655 5183
5 1052 1275 1276 5184
5 1757 1572 1758 5185
5 2804 3987 3988 5186
5 1798 1904 5454 5187
5 471 468 1663 5188
5 775 776 777 5189
5 1314 1634 4266 5190
5 2625 3020 4315 5191
5 3958 2398 5149 5192
5 3518 3519 5492 5193
5 1234 1233 1243 5194
5 2939 2094 3052 5195
5 1880 3296 3297 5196
5 1007 1006 1008 5197
5 466 4065 5108 5198
5 2003 1850 5202 5199
5 3165 3889 4195 5200
5 2815 2378 2816 5201
5 3576 2997 4081 5202
5 1909 2582 2838 5203
5 1198 1281 5442 5204
5 2821 2824 4261 5205
5 1651 2254 4320 5206
5 427 4020 4591 5207
5 4228 4226 5682 5208
5 2019 2020 2021 5209
5 2329 558 3670 5210
5 1333 1059 4219 5211
5 1697 1946 4582 5212
5 1917 2539 4003 5213
5 651 650 652 5214
5 2768 2769 2770 5215
5 1768 2348 4607 5216
5 1745 1746 1794 5217
5 732 731 733 5218
5 1541 1320 1542 5219
5 4999 1607 5427 5220
5 1898 2380 2381 5221
5 557 1998 4247 5222
5 2910 3207 3208 5223
5 2736 2735 2916 5224
5 3203 1609 5252 5225
5 1460 1461 1462 5226
5 1740 1390 3128 5227
5 3628 2777 3790 5228
5 3414 3595 3985 5229
5 1909 2838 4649 5230
5 2021 2492 2493 5231
5 2500 2501 2909 5232
5 4419 3180 4717 5233
5 4082 1914 4083 5234
5 4548 3927 5659 5235
5 1359 1360 1361 5236
5 1660 3967 4533 5237
5 1293 1244 1294 5238
5 46 316 412 5239
5 391 163 414 5240
5 628 629 630 5241
5 2541 5077 5683 5242
5 4045 3894 4796 5243
5 2692 2690 2693 5244
5 3457 4009 5200 5245
5 2204 2722 2723 5246
5 2010 2209 2386 5247
5 3660 3661 4881 5248
5 2595 2597 2598 5249
5 3402 3401 3789 5250
5 2770 2771 2772 5251
5 2838 2839 2840 5252
5 2630 3534 3535 5253
5 792 791 796 5254
5 3159 4240 5231 5255
5 1297 1295 1298 5256
5 2913 2822 3292 5257
5 2261 2498 2499 5258
5 470 473 1658 5259
5 1009 1008 1011 5260
5 4468 3648 4682 5261
5 1136 1140 1141 5262
5 721 722 723 5263
5 2718 3713 5646 5264
5 1022 1023 1024 5265
5 482 1561 3945 5266
5 3404 3405 3878 5267
5 1114 1116 4249 5268
5 2464 2095 2465 5269
5 2482 2549 4046 5270
5 2773 3179 3180 5271
5 2381 2382 2383 5272
5 2418 4226 4227 5273
5 1652 1368 4267 5274
5 1815 1814 1816 5275
5 686 689 4920 5276
5 1465 1467 1468 5277
5 2383 2384 2385 5278
5 3733 788 5480 5279
5 1357 1356 1358 5280
5 2810 2443 2811 5281
5 1462 1463 1465 5282
5 4244 3202 5387 5283
5 1022 1024 3742 5284
5 919 954 2068 5285
5 2065 2571 2572 5286
5 88 87 3950 5287
5 676 675 677 5288
5 2607 2606 2608 5289
5 4111 4088 4112 5290
5 909 908 1025 5291
5 164 391 4158 5292
5 777 925 926 5293
5 1012 1011 1055 5294
5 1301 1299 1302 5295
5 178 405 5014 5296
5 3947 3948 4696 5297
5 1149 1157 5508 5298
5 734 733 735 5299
5 766 764 2680 5300
5 2073 2986 4993 5301
5 3929 3930 4310 5302
5 3832 4810 5565 5303
5 2062 2064 2065 5304
5 2449 2041 4448 5305
5 3318 2239 3319 5306
5 1690 1527 4748 5307
5 488 486 556 5308
5 3666 3968 5169 5309
5 1656 1655 1836 5310
5 453 452 5245 5311
5 3290 3464 5570 5312
5 678 677 679 5313
5 4434 3664 4718 5314
5 3490 3097 5329 5315
5 1892 1891 1954 5316
5 2092 2420 5752 5317
5 31 301 411 5318
5 406 178 413 5319
5 513 514 515 5320
5 302 31 4528 5321
5 1691 3969 5183 5322
5 1832 1830 1916 5323
5 970 1031 1032 5324
5 2917 2916 2918 5325
5 2652 2039 2653 5326
5 3159 3687 4240 5327
5 3220 3052 3221 5328
5 3900 987 5254 5329
5 2900 2899 3057 5330
5 711 1695 1713 5331
5 2077 2259 2889 5332
5 1973 1954 2049 5333
5 1914 1913 4192 5334
5 2335 1847 2336 5335
5 1954 1891 3862 5336
5 3230 4332 5706 5337
5 2385 2517 2519 5338
5 199 198 3547 5339
5 295 296 448 5340
5 3570 3415 4798 5341
5 2517 2384 2518 5342
5 1931 1930 2036 5343
5 2159 2158 2160 5344
5 3641 4501 5611 5345
5 3307 3308 3310 5346
5 2184 2968 2969 5347
5 756 768 1711 5348
5 2196 2195 5605 5349
5 3340 3341 5432 5350
5 3711 3710 5593 5351
5 1713 1853 1854 5352
5 4136 4084 4137 5353
5 1221 1222 1223 5354
5 4552 4575 5328 5355
5 4935 2361 5358 5356
5 2059 2061 2062 5357
5 1661 1515 1662 5358
5 1266 3107 3269 5359
5 240 241 4293 5360
5 1276 1510 1511 5361
5 2489 2284 2490 5362
5 1215 1213 1239 5363
5 3109 3792 5318 5364
5 475 477 546 5365
5 680 679 681 5366
5 3397 2518 3398 5367
5 934 897 935 5368
5 1283 1179 4011 5369
5 4608 1108 4786 5370
5 1625 1387 1626 5371
5 3371 2290 5350 5372
5 2699 3577 3578 5373
5 2631 2629 2984 5374
5 709 713 714 5375
5 4073 1715 4424 5376
5 2071 3094 3368 5377
5 1290 3839 5262 5378
5 2549 3367 4046 5379
5 293 294 4288 5380
5 4333 3105 4929 5381
5 4806 3047 5291 5382
5 1904 1905 5226 5383
5 2592 2593 4198 5384
5 751 756 4134 5385
5 2843 2035 4171 5386
5 1307 1305 1322 5387
5 289 290 4160 5388
5 1273 1054 1274 5389
5 2680 764 4157 5390
5 1997 2298 2299 5391
5 316 45 4168 5392
5 2859 2860 3144 5393
5 2037 2036 2096 5394
5 1266 1031 3106 5395
5 3861 3282 4768 5396
5 2969 4576 4936 5397
5 879 880 3763 5398
5 2723 2724 3187 5399
5 819 821 822 5400
5 926 947 949 5401
5 736 735 737 5402
5 288 425 4657 5403
5 3674 3675 3676 5404
5 2508 2096 2870 5405
5 1277 1053 1316 5406
5 813 811 814 5407
5 2550 2336 3312 5408
5 2826 3877 4445 5409
5 4823 1730 5360 5410
5 1642 1626 1643 5411
5 236 237 4302 5412
5 1989 1988 1990 5413
5 1837 1836 2238 5414
5 3740 1348 4701 5415
5 3791 2756 5384 5416
5 2041 1758 2097 5417
5 3601 462 5238 5418
5 207 208 4324 5419
5 2525 3394 3395 5420
5 264 265 4301 5421
5 3802 3800 3803 5422
5 1801 1802 2183 5423
5 228 229 4306 5424
5 179 406 4200 5425
5 4704 846 5691 5426
5 2656 3576 5076 5427
5 1532 1380 5199 5428
5 2238 1836 2395 5429
5 799 797 824 5430
5 2840 2841 2842 5431
5 4276 3449 5754 5432
5 2633 1951 4174 5433
5 1594 2082 4758 5434
5 4087 4085 4088 5435
5 2243 2241 2244 5436
5 3027 2918 3443 5437
5 1664 1663 1829 5438
5 3496 2435 3497 5439
5 3879 2507 4664 5440
5 1343 2394 4915 5441
5 714 716 717 5442
5 2137 2136 2138 5443
5 2399 2397 2400 5444
5 3701 1956 4683 5445
5 947 925 948 5446
5 3694 3693 5008 5447
5 1260 1043 1261 5448
5 742 3837 4515 5449
5 2001 2000 2234 5450
5 4093 4091 4099 5451
5 2780 2395 3195 5452
5 2702 3727 4481 5453
5 461 460 5243 5454
5 2948 2942 4042 5455
5 682 685 686 5456
5 1999 1775 2000 5457
5 2190 3567 5562 5458
5 2740 2029 2741 5459
5 2405 2403 2418 5460
5 2353 2049 2954 5461
5 292 293 4289 5462
5 948 4749 4819 5463
5 912 939 940 5464
5 2824 2823 3648 5465
5 2622 2208 2623 5466
5 1655 1558 1683 5467
5 1717 2034 3468 5468
5 1303 1302 1602 5469
5 2968 3963 4576 5470
5 3302 911 4348 5471
5 2102 2057 2240 5472
5 258 259 4296 5473
5 1421 1407 4519 5474
5 630 631 632 5475
5 3095 3813 4553 5476
5 4418 3180 4419 5477
5 1626 1387 3956 5478
5 1602 1302 1627 5479
5 1179 1178 4011 5480
5 4875 1867 5445 5481
5 2666 3559 5523 5482
5 1917 1918 2539 5483
5 432 251 4687 5484
5 1622 3989 4327 5485
5 4120 4112 4472 5486
5 4100 4097 4103 5487
5 208 209 4325 5488
5 956 935 957 5489
5 751 4134 4461 5490
5 0 228 4307 5491
5 2236 1808 3559 5492
5 1042 957 1043 5493
5 2014 2015 2660 5494
5 2965 3974 5366 5495
5 2571 2064 2580 5496
5 5105 2539 5556 5497
5 2310 2256 3046 5498
5 854 853 858 5499
5 3957 3157 4834 5500
5 3599 1332 4672 5501
5 3054 3840 5130 5502
5 3970 3025 5220 5503
5 257 258 4297 5504
5 4922 3286 5157 5505
5 922 921 937 5506
5 1377 1575 1685 5507
5 2032 2033 2366 5508
5 1642 1847 2072 5509
5 2028 2026 2030 5510
5 4083 1914 4084 5511
5 964 879 3763 5512
5 1905 2054 5226 5513
5 1127 1130 5239 5514
5 3812 1120 3848 5515
5 3444 2580 3445 5516
5 3208 3209 3210 5517
5 2170 2160 2171 5518
5 655 653 4048 5519
5 2958 1828 4864 5520
5 701 700 702 5521
5 1971 1970 2396 5522
5 1854 2280 2282 5523
5 738 737 743 5524
5 2072 2335 2337 5525
5 1647 2265 4207 5526
5 4150 531 4526 5527
5 988 960 989 5528
5 301 30 4274 5529
5 230 231 4143 5530
5 1587 1586 3761 5531
5 4009 2672 4319 5532
5 1394 1328 1682 5533
5 2026 2024 4006 5534
5 899 898 921 5535
5 1833 1788 5334 5536
5 2055 2053 2056 5537
5 1937 1825 1938 5538
5 4725 4303 5761 5539
5 940 965 1917 5540
5 3621 2393 5173 5541
5 502 500 4052 5542
5 1326 1324 1400 5543
5 632 633 634 5544
5 941 981 982 5545
5 317 46 4474 5546
5 1204 3041 4074 5547
5 2311 3125 3126 5548
5 804 3915 5123 5549
5 2869 3738 5760 5550
5 1733 1817 4587 5551
5 2929 3281 3282 5552
5 738 744 5535 5553
5 703 702 704 5554
5 2574 2572 2581 5555
5 1623 1539 1736 5556
5 2371 2373 2721 5557
5 653 652 761 5558
5 4011 2603 4146 5559
5 480 3953 5224 5560
5 1980 763 4186 5561
5 3401 3745 5601 5562
5 2538 3008 4601 5563
5 3470 2592 3471 5564
5 3828 1866 5507 5565
5 3577 2702 4481 5566
5 4727 4948 5713 5567
5 2392 2558 2805 5568
5 2772 2774 4193 5569
5 2521 2519 2784 5570
5 634 635 636 5571
5 561 562 563 5572
5 2287 2592 3470 5573
5 2239 2238 4241 5574
5 3144 3145 3146 5575
5 4073 4424 4656 5576
5 636 637 638 5577
5 2156 2782 2963 5578
5 3521 3396 5037 5579
5 1710 1627 1800 5580
5 1667 1631 1668 5581
5 2981 2400 3076 5582
5 3792 4269 5318 5583
5 2409 2407 2585 5584
5 4177 514 5247 5585
5 1436 1434 1504 5586
5 177 404 1637 5587
5 2219 2808 4550 5588
5 438 216 4546 5589
5 2004 2274 4818 5590
5 2525 2523 3394 5591
5 2366 2367 2537 5592
5 4089 4088 4111 5593
5 2385 2384 2517 5594
5 3125 1862 4207 5595
5 1737 3882 4778 5596
5 1898 1897 2379 5597
5 1066 1068 4159 5598
5 705 704 706 5599
5 3200 3199 5112 5600
5 2915 4049 4050 5601
5 1646 3958 4800 5602
5 4085 4084 4136 5603
5 450 446 4049 5604
5 2299 2298 4166 5605
5 753 749 755 5606
5 1630 1532 1631 5607
5 1913 1800 2285 5608
5 2830 4259 4260 5609
5 795 3646 5632 5610
5 574 572 3999 5611
5 1974 1975 2357 5612
5 686 688 689 5613
5 2383 2382 2384 5614
5 3942 599 5724 5615
5 2636 2635 3510 5616
5 777 776 925 5617
5 3143 2650 5144 5618
5 1852 534 3923 5619
5 992 990 4074 5620
5 2694 2693 2695 5621
5 744 743 749 5622
5 2517 2518 3397 5623
5 847 3407 4609 5624
5 2265 4076 4077 5625
5 1313 1311 1321 5626
5 1193 961 1194 5627
5 2268 2030 2269 5628
5 2238 2395 2780 5629
5 2447 4039 5585 5630
5 1299 1298 4080 5631
5 2909 2910 4234 5632
5 1039 1032 4145 5633
5 3946 3947 4560 5634
5 1650 948 1897 5635
5 754 753 758 5636
5 750 749 753 5637
5 21 20 1163 5638
5 1056 1055 1210 5639
5 2270 2012 2827 5640
5 1317 1316 1318 5641
5 2327 2326 2328 5642
5 707 706 708 5643
5 759 758 770 5644
5 2397 2396 4123 5645
5 2610 2665 4330 5646
5 1531 1380 1532 5647
5 930 881 2945 5648
5 996 994 1013 5649
5 3099 4070 4967 5650
5 861 933 5652 5651
5 4123 2396 4124 5652
5 982 1178 1179 5653
5 970 949 1031 5654
5 220 221 4172 5655
5 4131 3028 4866 5656
5 2401 2400 2981 5657
5 1511 1809 1810 5658
5 1379 1318 1380 5659
5 2063 2060 4132 5660
5 189 188 4384 5661
5 1426 1424 1427 5662
5 689 691 692 5663
5 1696 2747 2748 5664
5 1221 1219 1222 5665
5 938 937 959 5666
5 3166 3178 4986 5667
5 2235 2679 3353 5668
5 1669 1668 1670 5669
5 2780 3195 3197 5670
5 392 164 1624 5671
5 3263 2426 3301 5672
5 3940 2611 5671 5673
5 1451 1452 1606 5674
5 1602 1627 1710 5675
5 3805 5059 5233 5676
5 2210 2615 5314 5677
5 1227 1225 1246 5678
5 3473 1184 3474 5679
5 2910 3208 4234 5680
5 770 758 1681 5681
5 1662 1515 4128 5682
5 2309 2269 2497 5683
5 214 215 4165 5684
5 3618 4601 5418 5685
5 756 1711 4134 5686
5 2219 2700 2808 5687
5 2942 2941 2943 5688
5 2105 3108 4674 5689
5 1869 2040 2344 5690
5 517 518 519 5691
5 1280 1283 1451 5692
5 1233 1231 1284 5693
5 2234 2000 2791 5694
5 551 549 2965 5695
5 1710 1800 1913 5696
5 2940 2497 3841 5697
5 4576 4375 4936 5698
5 192 191 1588 5699
5 1777 1868 1869 5700
5 2381 2380 2382 5701
5 2812 2811 3147 5702
5 2336 4873 5211 5703
5 1606 1613 1777 5704
5 4934 4663 5346 5705
5 2413 2411 2416 5706
5 2193 1818 2256 5707
5 1638 4263 5102 5708
5 1261 1387 1625 5709
5 1913 2285 2333 5710
5 2829 2578 2830 5711
5 2748 2749 2750 5712
5 801 5189 5353 5713
5 622 621 623 5714
5 3148 3147 3149 5715
5 1075 1074 1077 5716
5 2844 1897 4819 5717
5 835 834 836 5718
5 926 925 947 5719
5 4820 273 5298 5720
5 1622 1222 2058 5721
5 2133 2131 2134 5722
5 2835 2834 3096 5723
5 293 4288 4289 5724
5 5552 3272 5698 5725
5 3325 4951 5675 5726
5 165 392 4203 5727
5 1926 2011 5111 5728
5 4111 4112 4120 5729
5 2014 2660 2683 5730
5 1292 1293 5414 5731
5 4444 2509 4836 5732
5 2639 2493 4072 5733
5 775 771 776 5734
5 3031 3032 3033 5735
5 3418 3452 4860 5736
5 2061 2060 2063 5737
5 1422 1999 4312 5738
5 709 708 713 5739
5 2344 2564 3133 5740
5 2675 3359 3360 5741
5 809 803 810 5742
5 2277 4275 4276 5743
5 515 516 517 5744
5 2185 1828 2958 5745
5 721 719 722 5746
5 3208 3210 4001 5747
5 1801 2183 2553 5748
5 3977 3976 3978 5749
5 626 625 627 5750
5 859 858 860 5751
5 3001 2909 4144 5752
5 1991 2567 2568 5753
5 4084 1914 4192 5754
5 3777 3776 5452 5755
5 2701 2990 3021 5756
5 620 556 621 5757
5 717 716 1580 5758
5 990 989 1204 5759
5 2059 2058 2060 5760
5 509 506 1756 5761
5 1110 1107 1111 5762
5 879 878 880 5763
5 3709 5296 5593 5764
5 2311 3126 3127 5765
5 3624 5081 5809 5766
5 2862 2861 2863 5767
5 3836 1442 4733 5768
5 2344 3133 3134 5769
5 4227 4226 4228 5770
5 1717 3468 4617 5771
5 1210 1055 1330 5772
5 1204 989 2787 5773
5 2900 3058 3664 5774
5 1002 1000 1010 5775
5 1211 1210 4312 5776
5 1471 1474 1475 5777
5 4324 208 4325 5778
5 727 725 740 5779
5 2030 2026 4006 5780
5 3067 5463 5697 5781
5 1266 3106 3107 5782
5 1898 2379 2380 5783
5 2317 2316 2389 5784
5 2065 2064 2571 5785
5 1817 2192 2496 5786
5 1793 1791 4381 5787
5 228 4306 4307 5788
5 1032 1031 1266 5789
5 1513 3940 4232 5790
5 1741 2094 2095 5791
5 1542 1715 1716 5792
5 2183 2184 4319 5793
5 3601 3250 3602 5794
5 439 263 4838 5795
5 2008 1681 2204 5796
5 2223 2852 4679 5797
5 1830 1829 4261 5798
5 113 112 1470 5799
5 1542 1320 1715 5800
5 1391 1740 1741 5801
5 1507 1449 2221 5802
5 2706 1804 2707 5803
5 2260 2258 4135 5804
5 2261 2260 2262 5805
5 2096 2036 3003 5806
5 3763 2956 4914 5807
5 3434 4150 4526 5808
5 659 657 687 5809
5 1952 1771 2697 5810
5 4668 1753 5453 5811
5 2498 2262 2500 5812
5 2705 888 4148 5813
5 1777 1869 2190 5814
5 2259 2258 2260 5815
5 1723 4167 5514 5816
5 3051 3050 5058 5817
5 628 627 629 5818
5 1671 1670 1672 5819
5 882 936 2205 5820
5 3939 4447 5510 5821
5 2335 2336 2550 5822
5 2990 2220 4387 5823
5 2514 3255 5387 5824
5 2546 3259 5178 5825
5 1078 1077 1079 5826
5 3137 2087 5163 5827
5 3954 2614 4337 5828
5 2289 2801 3894 5829
5 2723 3187 3339 5830
5 2553 2183 2672 5831
5 624 623 625 5832
5 1972 2007 4447 5833
5 3485 3488 3489 5834
5 3489 3488 4423 5835
5 305 34 4212 5836
5 711 691 1694 5837
5 1060 1058 1288 5838
5 2792 2791 3539 5839
5 2234 2791 2792 5840
5 822 825 826 5841
5 3729 4238 4239 5842
5 1042 1260 1262 5843
5 2939 3052 3220 5844
5 1451 1606 1680 5845
5 2593 2595 4187 5846
5 2864 2863 2865 5847
5 1262 1390 1391 5848
5 2500 2909 3001 5849
5 4510 1523 5023 5850
5 3106 1031 4369 5851
5 421 266 4472 5852
5 4967 3245 5018 5853
5 45 315 1638 5854
5 2643 2641 2719 5855
5 3807 3204 5571 5856
5 4344 2663 5071 5857
5 1716 1776 1930 5858
5 2095 2094 2939 5859
5 1879 1399 4804 5860
5 2428 2788 4647 5861
5 1098 1096 3886 5862
5 2016 1821 4453 5863
5 2981 3076 3460 5864
5 1905 1900 2052 5865
5 2499 2498 2941 5866
5 2683 2660 3410 5867
5 3395 3394 3891 5868
5 3813 1944 4553 5869
5 4664 2507 5342 5870
5 1650 1897 1898 5871
5 982 1179 1180 5872
5 1618 722 3044 5873
5 2683 3410 3411 5874
5 1580 716 1581 5875
5 1741 1740 2094 5876
5 3101 2867 3102 5877
5 1171 2706 4611 5878
5 1359 1358 1360 5879
5 947 948 1650 5880
5 2254 1858 4268 5881
5 258 4296 4297 5882
5 3945 1561 4333 5883
5 3220 3221 3714 5884
5 3273 4251 4940 5885
5 735 733 741 5886
5 877 876 878 5887
5 2553 2672 3456 5888
5 1775 1545 1801 5889
5 2062 2061 2064 5890
5 1625 1626 1642 5891
5 519 526 527 5892
5 1422 1330 1545 5893
5 1302 1299 4080 5894
5 2615 3824 4155 5895
5 2571 2580 3444 5896
5 481 1538 3928 5897
5 2418 4227 4298 5898
5 692 691 711 5899
5 2826 2078 3429 5900
5 986 1271 1272 5901
5 1677 1862 1970 5902
5 125 124 4179 5903
5 2750 2752 2753 5904
5 983 1237 1238 5905
5 1780 2100 2235 5906
5 1930 1776 2014 5907
5 743 737 1709 5908
5 2125 2124 2126 5909
5 1716 1715 1776 5910
5 1962 1963 5106 5911
5 1646 1647 1677 5912
5 1391 1390 1740 5913
5 1642 1643 1847 5914
5 4889 3350 5685 5915
5 508 2393 5275 5916
5 1731 1733 2947 5917
5 459 462 5458 5918
5 2019 1875 2020 5919
5 3033 3151 3152 5920
5 3251 4017 4444 5921
5 694 692 4475 5922
5 3542 1240 5748 5923
5 4255 415 5564 5924
5 3718 2548 5521 5925
5 3456 2672 3457 5926
5 4254 4255 4256 5927
5 1102 1100 1104 5928
5 2735 2647 3614 5929
5 2340 2339 2730 5930
5 1008 1006 1045 5931
5 1918 965 2076 5932
5 2560 2899 2900 5933
5 2021 2020 2492 5934
5 1374 1370 1375 5935
5 42 312 788 5936
5 3233 2891 4608 5937
5 2792 3539 3540 5938
5 1017 1016 3854 5939
5 4440 1698 5045 5940
5 563 564 565 5941
5 2849 2232 5154 5942
5 2550 3312 3313 5943
5 4359 4358 4360 5944
5 1089 1087 1090 5945
5 3161 3160 3162 5946
5 1223 1222 1622 5947
5 2493 2492 3055 5948
5 3737 2865 4899 5949
5 223 3714 5524 5950
5 2129 2112 4763 5951
5 2129 4763 4924 5952
5 91 1121 3780 5953
5 4424 1288 4656 5954
5 3507 3508 3574 5955
5 2753 2754 2777 5956
5 2942 2943 4042 5957
5 3133 2564 4059 5958
5 1180 1280 1366 5959
5 2962 4493 5305 5960
5 2268 2309 3194 5961
5 2072 1847 2335 5962
5 1913 2333 4192 5963
5 1422 1545 1775 5964
5 2265 4077 4207 5965
5 4558 3598 5154 5966
5 3142 3960 5496 5967
5 4142 5046 5521 5968
5 714 713 716 5969
5 2913 3292 3293 5970
5 3831 3327 5424 5971
5 1042 1043 1260 5972
5 889 891 1737 5973
5 2230 1884 2283 5974
5 653 761 4048 5975
5 2119 2146 4610 5976
5 2773 2772 2807 5977
5 35 305 789 5978
5 2298 2846 4166 5979
5 555 945 946 5980
5 1508 3887 5096 5981
5 118 117 1464 5982
5 1970 1862 2311 5983
5 817 815 818 5984
5 2893 2894 3550 5985
5 1815 1816 4667 5986
5 4041 1288 4430 5987
5 2158 2178 4692 5988
5 3230 2864 4395 5989
5 4185 3188 5530 5990
5 1677 1647 1862 5991
5 3227 3884 5051 5992
5 682 681 685 5993
5 3180 3179 4202 5994
5 1596 917 2212 5995
5 2139 2138 2140 5996
5 2915 450 4049 5997
5 2758 2760 2778 5998
5 163 390 4585 5999
5 1210 1330 1422 6000
5 4170 4811 5425 6001
5 959 937 972 6002
5 2492 2020 2825 6003
5 2008 2204 2257 6004
5 4137 4084 4192 6005
5 1659 4122 4783 6006
5 875 874 876 6007
5 4423 3488 4443 6008
5 1160 1164 4730 6009
5 2866 2865 2867 6010
5 2121 2120 2122 6011
5 2077 2076 2258 6012
5 3699 2484 3755 6013
5 3882 1737 5205 6014
5 3968 338 5169 6015
5 2476 3198 3199 6016
5 4001 3210 4002 6017
5 956 957 1042 6018
5 2774 3356 4193 6019
5 1997 1995 2298 6020
5 1245 1253 1364 6021
5 1968 2047 4977 6022
5 4095 4093 4222 6023
5 3997 1560 5750 6024
5 3200 5112 5506 6025
5 416 277 4551 6026
5 1488 3752 4557 6027
5 4088 4085 4136 6028
5 1166 1165 4568 6029
5 4848 2789 5668 6030
5 1538 3776 3777 6031
5 708 706 712 6032
5 939 913 941 6033
5 315 44 4263 6034
5 4375 4374 4376 6035
5 711 1713 4475 6036
5 763 764 765 6037
5 3411 3410 4160 6038
5 926 969 4879 6039
5 3008 3007 5077 6040
5 765 766 767 6041
5 3163 3162 3165 6042
5 723 722 1618 6043
5 4463 3399 5556 6044
5 4254 4253 4255 6045
5 767 897 898 6046
5 2753 2777 3525 6047
5 3711 4314 4851 6048
5 646 644 746 6049
5 1646 1645 1647 6050
5 2400 2397 4123 6051
5 389 161 600 6052
5 3021 3022 3400 6053
5 873 872 874 6054
5 310 39 4245 6055
5 2471 4566 4735 6056
5 3626 3362 5740 6057
5 1202 887 4778 6058
5 2593 4187 4198 6059
5 2059 2060 2061 6060
5 1795 2032 4466 6061
5 1034 1203 1245 6062
5 3326 3325 4586 6063
5 934 935 956 6064
5 3846 2920 5228 6065
5 2900 3057 3058 6066
5 3319 2239 4241 6067
5 1976 1838 2602 6068
5 1732 1729 2898 6069
5 2536 2746 2991 6070
5 2261 2262 2498 6071
5 770 1681 2008 6072
5 4112 4088 4136 6073
5 2174 2171 2175 6074
5 915 4061 4446 6075
5 4091 4089 4216 6076
5 1272 1362 1363 6077
5 3675 3923 4633 6078
5 1896 2349 4615 6079
5 2259 2260 2261 6080
5 4053 3190 4054 6081
5 2770 2772 2773 6082
5 579 580 581 6083
5 1180 1179 1280 6084
5 2280 1853 2281 6085
5 527 528 529 6086
5 2708 2707 2709 6087
5 1204 2787 3040 6088
5 1839 1977 4062 6089
5 1080 1079 1081 6090
5 1266 3269 4145 6091
5 4511 2732 5019 6092
5 513 511 514 6093
5 1480 1478 1493 6094
5 555 553 945 6095
5 761 652 762 6096
5 638 637 751 6097
5 700 698 710 6098
5 1262 1260 1390 6099
5 2764 2766 2779 6100
5 2738 3722 4431 6101
5 839 838 840 6102
5 912 769 913 6103
5 2160 4692 5223 6104
5 3471 2592 4198 6105
5 3093 3091 3160 6106
5 960 959 4417 6107
5 1917 965 1918 6108
5 686 685 688 6109
5 1363 1571 1572 6110
5 3057 5040 5326 6111
5 543 4008 4765 6112
5 630 629 631 6113
5 1364 1365 1526 6114
5 1986 1985 2051 6115
5 1515 1331 4128 6116
5 75 345 793 6117
5 3745 1678 5734 6118
5 1974 2357 2503 6119
5 837 836 838 6120
5 898 897 934 6121
5 934 956 2048 6122
5 3449 1132 3647 6123
5 2477 1652 4267 6124
5 2466 3939 5510 6125
5 3349 4889 5567 6126
5 2503 3067 3788 6127
5 1446 1419 1447 6128
5 2186 1793 2895 6129
5 3319 4241 4242 6130
5 1538 3777 3928 6131
5 2224 2222 2339 6132
5 4157 762 4537 6133
5 1622 2058 2059 6134
5 767 766 897 6135
5 2871 3831 5067 6136
5 1644 1645 1646 6137
5 2375 2378 2815 6138
5 797 796 4173 6139
5 2503 2357 3067 6140
5 3358 4608 4989 6141
5 176 403 618 6142
5 2927 3854 5004 6143
5 1197 1161 3635 6144
5 689 688 691 6145
5 761 762 763 6146
5 2008 3123 4386 6147
5 3343 3344 5719 6148
5 3320 4863 5245 6149
5 765 764 766 6150
5 3773 2677 4209 6151
5 2688 2687 2689 6152
5 3245 931 5489 6153
5 642 640 2013 6154
5 3937 4949 5342 6155
5 2390 2389 2442 6156
5 1619 4345 5214 6157
5 682 686 5079 6158
5 2534 2046 3730 6159
5 1305 1303 4220 6160
5 2658 3059 4710 6161
5 883 497 884 6162
5 841 840 842 6163
5 1091 1090 1093 6164
5 845 848 849 6165
5 632 631 633 6166
5 912 913 939 6167
5 3811 4408 5322 6168
5 943 1035 1050 6169
5 1875 1654 1974 6170
5 393 165 587 6171
5 3891 287 4657 6172
5 3797 3799 5471 6173
5 2732 2281 2929 6174
5 20 19 4181 6175
5 1105 1104 1106 6176
5 1885 1652 2477 6177
5 4832 3672 5019 6178
5 634 633 635 6179
5 2077 2258 2259 6180
5 2710 2709 2711 6181
5 731 729 1735 6182
5 1713 1695 1853 6183
5 2930 2931 4194 6184
5 3010 2973 4901 6185
5 4042 2943 4043 6186
5 3678 3675 4633 6187
5 636 635 637 6188
5 3161 3163 3164 6189
5 1841 952 3245 6190
5 3052 2094 4279 6191
5 1961 1938 2540 6192
5 2937 2935 3189 6193
5 768 769 912 6194
5 3713 3111 4994 6195
5 3664 3058 3665 6196
5 861 860 862 6197
5 1771 1768 4607 6198
5 311 40 4264 6199
5 307 36 4210 6200
5 1826 2248 2893 6201
5 1977 2088 2982 6202
5 3537 4539 4821 6203
5 300 29 599 6204
5 1854 1853 2280 6205
5 2184 2969 4319 6206
5 861 862 863 6207
5 1944 1577 3784 6208
5 506 504 4176 6209
5 696 694 2828 6210
5 613 5145 5447 6211
5 4113 4104 5109 6212
5 1252 1371 1372 6213
5 768 757 769 6214
5 1689 1690 1803 6215
5 763 762 764 6216
5 166 393 4290 6217
5 2437 2282 3038 6218
5 2978 2711 2980 6219
5 1303 1602 4220 6220
5 3250 3249 3251 6221
5 940 939 965 6222
5 3550 3927 4548 6223
5 3202 2346 3423 6224
5 3102 2867 3249 6225
5 2238 2780 4241 6226
5 990 1204 4074 6227
5 2435 2234 4323 6228
5 4715 2515 4787 6229
5 756 757 768 6230
5 3359 4967 5018 6231
5 2859 2842 2860 6232
5 843 842 844 6233
5 2302 2535 2536 6234
5 2338 3012 3934 6235
5 43 313 1617 6236
5 1526 1527 1689 6237
5 484 3945 4597 6238
5 304 33 4287 6239
5 1128 4671 5711 6240
5 2773 2807 3179 6241
5 1316 1053 4342 6242
5 984 1016 1017 6243
5 2783 3895 5303 6244
5 266 267 4472 6245
5 4382 586 4966 6246
5 4435 1580 4734 6247
5 3187 2724 5389 6248
5 1580 1581 1582 6249
5 3963 2415 4576 6250
5 1582 1581 1654 6251
5 2156 2963 4870 6252
5 5362 2717 5609 6253
5 3666 4150 5288 6254
5 1768 1766 2348 6255
5 1582 1654 1875 6256
5 119 118 3994 6257
5 2890 2236 4520 6258
5 667 665 684 6259
5 1338 1270 1339 6260
5 4239 2819 5110 6261
5 41 311 1633 6262
5 751 637 752 6263
5 2403 2401 4225 6264
5 3214 4668 5453 6265
5 320 49 524 6266
5 1250 1251 1252 6267
5 3729 4239 5324 6268
5 4749 3123 4819 6269
5 2821 2822 2823 6270
5 688 685 690 6271
5 1428 1427 1429 6272
5 2686 2685 2687 6273
5 2828 694 4475 6274
5 3208 4001 4234 6275
5 1672 1674 4189 6276
5 1282 1200 4761 6277
5 2242 3608 5302 6278
5 2815 2816 3321 6279
5 615 609 4045 6280
5 1082 1081 1086 6281
5 1762 1981 4601 6282
5 2936 2937 5007 6283
5 4952 2824 5546 6284
5 5117 2951 5498 6285
5 1094 1093 1095 6286
5 1241 1168 2277 6287
5 959 972 1644 6288
5 1346 1061 1367 6289
5 3400 3401 3402 6290
5 277 278 4551 6291
5 5039 3530 5527 6292
5 1829 2820 2821 6293
5 1537 676 4604 6294
5 3108 2296 3124 6295
5 1032 1266 4145 6296
5 5573 4258 5696 6297
5 2945 881 4720 6298
5 1773 3737 5502 6299
5 4383 3482 5229 6300
5 2250 2270 2930 6301
5 3661 4381 5315 6302
5 49 319 4230 6303
5 3497 2435 4323 6304
5 2261 2499 4340 6305
5 1946 2495 4582 6306
5 1671 2012 2250 6307
5 100 1183 3265 6308
5 1839 1976 1977 6309
5 1446 3970 5323 6310
5 2576 2574 4257 6311
5 2415 4374 4375 6312
5 1139 1154 4611 6313
5 2807 2772 4193 6314
5 2025 2026 2027 6315
5 1213 1211 4213 6316
5 2595 2598 4187 6317
5 2478 2477 3469 6318
5 3219 2794 4039 6319
5 2702 2703 3727 6320
5 677 675 683 6321
5 36 306 1614 6322
5 3674 1852 3675 6323
5 2523 2521 4250 6324
5 888 886 4148 6325
5 3122 2548 5459 6326
5 4278 1529 5429 6327
5 2323 2322 2324 6328
5 2794 2211 3018 6329
5 4089 4111 4216 6330
5 1644 972 1645 6331
5 704 702 1751 6332
5 4187 2598 4188 6333
5 491 493 2266 6334
5 4986 3178 5252 6335
5 3102 3249 3250 6336
5 561 563 4841 6337
5 756 752 757 6338
5 407 179 1640 6339
5 2741 2742 2861 6340
5 1627 1302 4080 6341
5 1516 1697 4582 6342
5 2885 2883 3060 6343
5 2748 2750 2751 6344
5 3128 1390 4403 6345
5 4274 3366 5335 6346
5 1829 1663 2820 6347
5 19 18 1574 6348
5 3954 3164 5193 6349
5 955 1579 4342 6350
5 318 47 4236 6351
5 2027 2028 2029 6352
5 4076 4970 5394 6353
5 3525 2777 3628 6354
5 1916 1830 4261 6355
5 2028 2030 2268 6356
5 1430 1429 1431 6357
5 1892 1954 1973 6358
5 3317 2731 3925 6359
5 1986 2051 3663 6360
5 2309 2497 2940 6361
5 1112 1111 1113 6362
5 4140 2068 4175 6363
5 3776 4370 4932 6364
5 1695 1694 1696 6365
5 1862 1647 4207 6366
5 2699 3578 4457 6367
5 3530 3005 5527 6368
5 3094 3095 5277 6369
5 2741 2029 2742 6370
5 1576 537 4004 6371
5 1376 1375 1423 6372
5 663 661 1747 6373
5 2268 2269 2309 6374
5 34 304 1628 6375
5 2031 3597 4558 6376
5 1432 1431 1433 6377
5 2493 3055 4072 6378
5 47 317 2347 6379
5 4193 4044 4731 6380
5 2357 2358 4408 6381
5 3524 3523 5589 6382
5 5197 2525 5381 6383
5 1096 1095 1108 6384
5 519 527 4632 6385
5 2491 2490 2685 6386
5 1618 3044 4015 6387
5 2733 4609 5723 6388
5 1096 1108 3886 6389
5 3201 2227 3358 6390
5 2838 2582 2839 6391
5 971 632 5543 6392
5 2994 2189 3257 6393
5 5309 2537 5461 6394
5 1918 2076 2077 6395
5 3370 3145 3494 6396
5 3779 5013 5397 6397
5 711 1694 1695 6398
5 1190 1191 4067 6399
5 2214 2196 2215 6400
5 1585 1838 1839 6401
5 2773 3180 4418 6402
5 1055 1011 4366 6403
5 3928 3777 3953 6404
5 2895 1793 4381 6405
5 321 50 4317 6406
5 2401 2981 4225 6407
5 649 651 4577 6408
5 2285 2287 4214 6409
5 319 48 4271 6410
5 29 299 4208 6411
5 1703 1563 1704 6412
5 1278 1263 1279 6413
5 1123 1119 3916 6414
5 1931 2037 4444 6415
5 1514 1385 1523 6416
5 2784 4281 4282 6417
5 3029 3340 5449 6418
5 4097 4095 4270 6419
5 1276 1275 1510 6420
5 5046 2469 5521 6421
5 3597 2510 3598 6422
5 1499 1336 1500 6423
5 1667 1669 2470 6424
5 893 884 1765 6425
5 4172 442 5176 6426
5 180 407 4404 6427
5 2840 2839 2841 6428
5 2276 1878 2485 6429
5 2097 2099 3455 6430
5 3745 4759 5601 6431
5 1506 1887 1958 6432
5 2569 3120 3347 6433
5 830 828 896 6434
5 751 752 756 6435
5 120 119 1485 6436
5 303 32 4292 6437
5 2407 2405 4298 6438
5 3241 2626 3260 6439
5 1740 3128 4279 6440
5 1334 2197 4071 6441
5 1584 1371 1723 6442
5 4448 2041 4856 6443
5 1941 1789 1942 6444
5 1398 1879 4040 6445
5 3144 2860 3145 6446
5 3207 5261 5393 6447
5 2280 2281 2732 6448
5 3476 4893 5097 6449
5 2823 2822 2913 6450
5 2269 2030 4764 6451
5 2333 4214 4215 6452
5 2672 2183 4319 6453
5 5224 3984 5434 6454
5 1760 1604 1761 6455
5 2933 2473 2934 6456
5 2363 2614 3069 6457
5 635 633 1728 6458
5 2202 1912 2203 6459
5 1475 1476 1477 6460
5 1443 1688 4615 6461
5 2458 2950 5622 6462
5 1667 1668 1669 6463
5 2465 4253 4254 6464
5 426 213 5343 6465
5 980 979 1061 6466
5 261 262 4655 6467
5 1578 4146 5546 6468
5 763 765 4186 6469
5 4144 2909 4234 6470
5 3076 2400 4123 6471
5 3146 3145 3370 6472
5 3897 4699 4701 6473
5 1613 1452 4468 6474
5 1273 1274 1505 6475
5 819 818 821 6476
5 2298 1995 2545 6477
5 796 1595 4173 6478
5 2515 2016 4453 6479
5 1372 1584 1585 6480
5 4267 1368 4824 6481
5 3901 1908 5012 6482
5 162 389 4420 6483
5 3402 3789 4503 6484
5 1185 4663 5509 6485
5 2519 2517 4281 6486
5 4109 4107 4470 6487
5 650 648 1754 6488
5 1210 1422 4312 6489
5 2278 2155 2806 6490
5 4212 1628 5804 6491
5 1322 1305 4220 6492
5 1251 1051 1494 6493
5 4105 4100 4283 6494
5 1037 1258 1259 6495
5 239 240 4650 6496
5 978 977 979 6497
5 2348 1766 4579 6498
5 237 238 4651 6499
5 1973 2353 2819 6500
5 3974 3677 5574 6501
5 2532 2528 4442 6502
5 3904 3634 4589 6503
5 608 607 609 6504
5 2038 2850 5410 6505
5 3719 739 5635 6506
5 1501 1500 1502 6507
5 3690 3212 5560 6508
5 413 178 5014 6509
5 411 4274 5335 6510
5 606 605 607 6511
5 309 38 787 6512
5 776 771 4386 6513
5 2891 2359 4989 6514
5 935 897 4345 6515
5 771 770 4386 6516
5 2027 2026 2028 6517
5 1671 1672 2012 6518
5 1127 1125 1129 6519
5 604 603 605 6520
5 1225 1223 4327 6521
5 4093 4099 4222 6522
5 281 282 4681 6523
5 2821 2820 2822 6524
5 2023 2024 2025 6525
5 2411 2409 4321 6526
5 2236 3559 4520 6527
5 48 318 1402 6528
5 2045 1967 3014 6529
5 3515 3657 5161 6530
5 3923 515 4633 6531
5 31 411 4528 6532
5 44 314 1169 6533
5 2930 2270 2931 6534
5 2494 3275 3277 6535
5 3791 3790 5576 6536
5 1743 1745 2247 6537
5 1669 1670 1671 6538
5 602 548 603 6539
5 976 967 977 6540
5 2986 2970 2987 6541
5 1798 1797 1899 6542
5 3020 3019 3030 6543
5 916 841 4883 6544
5 298 27 4487 6545
5 3719 3954 5193 6546
5 3710 3709 5593 6547
5 4500 2275 5645 6548
5 4082 4083 4454 6549
5 3126 5348 5555 6550
5 57 327 1529 6551
5 1530 3680 4686 6552
5 160 387 568 6553
5 4354 4356 4357 6554
5 30 300 4273 6555
5 1239 1213 4213 6556
5 1920 2231 2275 6557
5 2009 2737 3876 6558
5 2889 2259 4340 6559
5 65 335 4265 6560
5 614 609 615 6561
5 2861 2742 3077 6562
5 51 321 1444 6563
5 1176 1209 4674 6564
5 391 414 4158 6565
5 322 51 4286 6566
5 3805 3806 5687 6567
5 573 577 4791 6568
5 1942 3888 5786 6569
5 1050 1051 1250 6570
5 70 340 4322 6571
5 54 324 1442 6572
5 468 465 4347 6573
5 2784 2519 4281 6574
5 62 332 4262 6575
5 2387 2016 2515 6576
5 2333 2285 4214 6577
5 40 310 1383 6578
5 1582 2019 4734 6579
5 3242 902 3679 6580
5 4099 4091 4216 6581
5 1973 2049 2353 6582
5 2022 2670 2738 6583
5 121 120 4057 6584
5 161 388 4197 6585
5 796 917 1595 6586
5 4873 3772 5211 6587
5 631 629 953 6588
5 2077 2889 4463 6589
5 1013 3711 5593 6590
5 815 814 4010 6591
5 2790 4600 5351 6592
5 3597 3598 4558 6593
5 1685 4719 5572 6594
5 1503 1502 1598 6595
5 1630 1631 1667 6596
5 994 992 4314 6597
5 1951 1952 2023 6598
5 1505 1506 4505 6599
5 1259 1483 1484 6600
5 63 333 4300 6601
5 3056 4715 4787 6602
5 3274 3749 5349 6603
5 1288 4041 4656 6604
5 2958 4864 5482 6605
5 3461 4212 5804 6606
5 2548 1805 4142 6607
5 1794 1795 4466 6608
5 1919 1861 2009 6609
5 919 2068 4640 6610
5 3221 3052 5396 6611
5 1277 1316 1317 6612
5 1531 1532 1630 6613
5 333 62 1525 6614
5 2827 2012 4189 6615
5 1340 1339 1341 6616
5 253 428 5573 6617
5 2834 2696 4680 6618
5 1484 1692 1693 6619
5 2588 3713 5666 6620
5 2032 2366 2376 6621
5 394 166 1657 6622
5 37 307 1605 6623
5 1219 1217 4328 6624
5 1889 1891 1892 6625
5 504 619 4176 6626
5 625 623 1285 6627
5 4218 1724 4415 6628
5 2204 2723 4233 6629
5 284 285 4716 6630
5 671 669 1748 6631
5 1595 1596 2018 6632
5 4483 2329 5212 6633
5 1557 1591 5136 6634
5 1379 1380 1531 6635
5 276 416 5437 6636
5 3190 3191 4056 6637
5 1511 1510 1809 6638
5 1558 1394 4318 6639
5 1531 1630 1806 6640
5 282 420 4681 6641
5 3888 3618 5418 6642
5 1599 1598 1797 6643
5 989 960 4417 6644
5 3190 3189 3191 6645
5 1317 1318 1379 6646
5 1810 1809 2219 6647
5 2025 2024 2026 6648
5 4231 4132 5493 6649
5 912 940 4368 6650
5 2395 1836 4341 6651
5 412 316 4168 6652
5 415 225 5564 6653
5 1342 1341 1369 6654
5 72 342 4305 6655
5 4443 3851 5160 6656
5 4222 4099 4223 6657
5 2221 1449 5096 6658
5 39 309 4336 6659
5 4586 793 5597 6660
5 2298 2545 2846 6661
5 4213 1211 4312 6662
5 900 928 2213 6663
5 3159 5231 5725 6664
5 2219 1809 2220 6665
5 4767 5555 5661 6666
5 167 394 4398 6667
5 2264 2093 2620 6668
5 2901 3000 4218 6669
5 5032 2987 5317 6670
5 3045 2264 4285 6671
5 3731 1587 3761 6672
5 1683 1558 4318 6673
5 3093 3160 3161 6674
5 2287 3470 4214 6675
5 949 947 4369 6676
5 3932 779 4950 6677
5 122 121 1512 6678
5 1377 1685 4573 6679
5 71 341 4343 6680
5 3323 2015 5038 6681
5 3161 3162 3163 6682
5 2547 1934 2650 6683
5 2517 3397 4281 6684
5 1770 1771 1951 6685
5 2536 2991 3451 6686
5 46 412 4474 6687
5 3334 3338 4013 6688
5 2348 4579 5075 6689
5 3262 2157 5688 6690
5 3164 3163 3562 6691
5 2418 4225 4226 6692
5 3227 3226 3228 6693
5 557 559 1998 6694
5 2465 2095 4253 6695
5 3276 2676 4182 6696
5 1145 1146 1147 6697
5 766 2680 4345 6698
5 336 65 1611 6699
5 4100 4103 4283 6700
5 2982 2088 2983 6701
5 1393 1350 4066 6702
5 4958 3124 5010 6703
5 2018 2078 2635 6704
5 2418 2403 4225 6705
5 2415 4375 4576 6706
5 4103 4097 4270 6707
5 2574 2581 4257 6708
5 1238 4573 5067 6709
5 519 518 526 6710
5 2580 2064 4401 6711
5 4231 2655 5807 6712
5 4855 3788 5414 6713
5 2250 2012 2270 6714
5 4579 3403 5075 6715
5 5145 3750 5447 6716
5 2841 2839 3305 6717
5 2149 2147 2511 6718
5 3156 3218 4378 6719
5 69 339 4284 6720
5 4493 2950 5305 6721
5 2081 3266 5088 6722
5 3158 3794 5385 6723
5 681 679 1738 6724
5 1693 1947 2194 6725
5 196 195 3959 6726
5 3487 3484 4903 6727
5 3090 3091 3092 6728
5 3268 4829 5004 6729
5 1031 949 4369 6730
5 4365 3436 5738 6731
5 793 4876 5597 6732
5 2700 2220 2701 6733
5 1826 1571 1827 6734
5 2432 2849 4535 6735
5 1951 2023 4174 6736
5 2911 2650 3143 6737
5 1565 1439 4789 6738
5 4257 2581 4258 6739
5 877 3235 5799 6740
5 1689 1803 1909 6741
5 33 303 1290 6742
5 4597 3945 4929 6743
5 1194 961 4479 6744
5 3347 3120 4499 6745
5 2321 2320 2322 6746
5 1114 1113 1115 6747
5 3829 3129 5495 6748
5 4303 4304 5475 6749
5 2521 2784 4250 6750
5 2873 2431 2874 6751
5 1051 1035 4478 6752
5 3296 4560 5518 6753
5 5019 1509 5242 6754
5 1829 2821 4261 6755
5 2189 2139 4843 6756
5 1223 1622 4327 6757
5 1534 1491 1535 6758
5 1655 1683 4341 6759
5 2097 1758 2099 6760
5 274 275 4470 6761
5 4472 4112 4961 6762
5 327 56 4331 6763
5 3861 3632 5800 6764
5 946 1036 1037 6765
5 3280 3002 5102 6766
5 725 723 4371 6767
5 621 556 2074 6768
5 291 431 5325 6769
5 32 302 2444 6770
5 4006 2024 4631 6771
5 2405 2418 4298 6772
5 1567 1871 1874 6773
5 195 194 3961 6774
5 4905 1657 5365 6775
5 904 905 906 6776
5 2415 2413 4374 6777
5 2512 5481 5559 6778
5 262 439 4655 6779
5 3394 2523 4250 6780
5 2186 2896 3131 6781
5 1820 3399 4469 6782
5 489 491 4370 6783
5 4338 1662 4975 6784
5 1799 4704 5691 6785
5 2984 2985 3090 6786
5 495 497 883 6787
5 2768 2770 4418 6788
5 3941 3214 5453 6789
5 123 122 4141 6790
5 2165 2154 2166 6791
5 4453 1821 4813 6792
5 4767 3126 5555 6793
5 517 516 518 6794
5 1836 1655 4341 6795
5 1394 1682 4318 6796
5 2234 2792 4323 6797
5 1261 1625 4403 6798
5 845 844 848 6799
5 515 514 516 6800
5 1004 1002 4380 6801
5 1476 4561 5587 6802
5 3364 3626 3787 6803
5 2461 2460 5646 6804
5 1344 1699 1864 6805
5 2248 1827 2502 6806
5 1318 1316 4490 6807
5 2095 2939 4253 6808
5 1874 2075 2474 6809
5 2094 1740 4279 6810
5 486 484 4597 6811
5 1260 1261 4403 6812
5 1 445 5298 6813
5 867 869 870 6814
5 2257 2204 4233 6815
5 2082 3072 4758 6816
5 4000 3528 5778 6817
5 959 1644 4417 6818
5 1466 1454 4958 6819
5 344 73 1420 6820
5 880 1791 1792 6821
5 543 4765 5229 6822
5 2425 2428 4647 6823
5 1711 768 4368 6824
5 1064 1173 1398 6825
5 1350 1287 1352 6826
5 2014 2683 4299 6827
5 2036 1930 4299 6828
5 1235 1063 1334 6829
5 4124 2396 4329 6830
5 1636 1551 2297 6831
5 822 821 825 6832
5 4827 3262 5179 6833
5 796 791 917 6834
5 437 239 4650 6835
5 3750 3691 5447 6836
5 3380 2448 4678 6837
5 1177 1047 1724 6838
5 3256 4451 4801 6839
5 416 4551 5476 6840
5 2641 2639 4405 6841
5 3550 2894 3696 6842
5 2826 3429 3596 6843
5 1589 3569 4561 6844
5 3130 4066 5156 6845
5 1624 164 4158 6846
5 1801 2553 4316 6847
5 1330 1055 4366 6848
5 175 402 4382 6849
5 2337 2335 4389 6850
5 783 781 790 6851
5 1826 2893 4599 6852
5 340 69 1418 6853
5 238 437 4651 6854
5 328 57 4278 6855
5 3843 3374 5655 6856
5 2842 2841 4559 6857
5 2507 3937 5342 6858
5 1291 3285 5497 6859
5 1898 2381 4772 6860
5 1277 1317 1678 6861
5 1372 1371 1584 6862
5 1839 1838 1976 6863
5 52 322 4335 6864
5 545 189 4384 6865
5 3913 3047 4806 6866
5 2585 2407 4298 6867
5 1058 1039 4430 6868
5 717 1580 4435 6869
5 527 526 528 6870
5 2311 3127 4329 6871
5 2396 1970 4329 6872
5 1814 1812 1893 6873
5 2996 2439 5790 6874
5 2000 1775 4316 6875
5 1978 2728 3403 6876
5 2023 1952 2024 6877
5 1252 1251 1371 6878
5 1792 1793 2002 6879
5 1909 1803 2302 6880
5 124 123 855 6881
5 3676 3675 3678 6882
5 1977 1976 2088 6883
5 1944 3784 5291 6884
5 927 854 5712 6885
5 5102 3002 5620 6886
5 3725 2890 3726 6887
5 4299 2683 4740 6888
5 1961 2540 4831 6889
5 2409 2585 4321 6890
5 3231 3869 5579 6891
5 3851 5017 5784 6892
5 243 244 4874 6893
5 2225 1808 2236 6894
5 1391 1741 4491 6895
5 1572 1571 1826 6896
5 272 273 4820 6897
5 1909 2302 2582 6898
5 363 135 1457 6899
5 2990 4387 5306 6900
5 1547 1873 2364 6901
5 1275 1053 1277 6902
5 2153 2173 4710 6903
5 3018 4432 4594 6904
5 3998 5000 5714 6905
5 2847 2236 2890 6906
5 2608 2610 2611 6907
5 1243 1233 4385 6908
5 2316 2245 4723 6909
5 1363 1362 1571 6910
5 2787 989 4417 6911
5 2235 2100 2679 6912
5 893 1766 1767 6913
5 1361 1544 1586 6914
5 3583 111 3700 6915
5 364 136 4416 6916
5 1436 1504 4272 6917
5 2416 2411 4321 6918
5 1807 1166 1808 6919
5 3236 4328 4771 6920
5 4095 4222 4270 6921
5 1930 2014 4299 6922
5 473 475 4332 6923
5 2032 2376 4466 6924
5 406 413 4200 6925
5 4022 2581 5511 6926
5 3198 3998 4483 6927
5 2841 3305 3306 6928
5 1775 1801 4316 6929
5 943 942 1034 6930
5 2791 2000 4316 6931
5 2700 2701 2995 6932
5 4381 1791 4705 6933
5 992 4074 4314 6934
5 3552 3376 5196 6935
5 1246 1225 4327 6936
5 1951 1771 1952 6937
5 3308 523 3309 6938
5 1110 1131 5032 6939
5 4288 429 4868 6940
5 3468 2034 4457 6941
5 2729 1391 4491 6942
5 4043 2943 4546 6943
5 3448 4606 4694 6944
5 1595 917 1596 6945
5 5275 3621 5728 6946
5 2524 2525 5197 6947
5 1133 1437 5504 6948
5 1025 1066 3949 6949
5 3694 4722 5709 6950
5 428 4258 5573 6951
5 2478 3528 3529 6952
5 969 3841 4879 6953
5 159 386 4407 6954
5 2850 3244 5612 6955
5 915 914 942 6956
5 1364 1526 1629 6957
5 4310 3930 4311 6958
5 343 72 1621 6959
5 4188 4296 5258 6960
5 1013 994 4314 6961
5 1970 2311 4329 6962
5 529 528 795 6963
5 2284 2283 3936 6964
5 1586 1845 1846 6965
5 2018 1596 2078 6966
5 232 440 5621 6967
5 4419 1530 4686 6968
5 4799 806 5563 6969
5 2363 3069 3070 6970
5 655 4048 4409 6971
5 341 70 1639 6972
5 2629 2043 4667 6973
5 606 608 1495 6974
5 3275 2676 3276 6975
5 2662 5120 5498 6976
5 2061 2063 4401 6977
5 729 727 4396 6978
5 723 1618 4371 6979
5 1130 1129 1135 6980
5 3369 3409 5444 6981
5 1541 1773 5502 6982
5 2819 2353 3024 6983
5 1681 758 4400 6984
5 2852 2303 2853 6985
5 2075 1871 5316 6986
5 2529 2531 4779 6987
5 3782 1996 5355 6988
5 2012 1672 4189 6989
5 1116 1115 1118 6990
5 1947 1692 2080 6991
5 2219 2220 2700 6992
5 1039 4145 4430 6993
5 2954 2049 5412 6994
5 3025 2853 3026 6995
5 2723 3339 4233 6996
5 211 4002 5758 6997
5 2635 2078 2826 6998
5 2058 1222 4328 6999
5 422 4725 5113 7000
5 947 1650 4369 7001
5 1107 1106 4455 7002
5 1052 955 1053 7003
5 3896 3898 5368 7004
5 692 711 4475 7005
5 4316 2553 4754 7006
5 4326 3134 5787 7007
5 3003 4299 4740 7008
5 900 869 911 7009
5 1119 1118 1137 7010
5 2539 1918 4463 7011
5 595 596 597 7012
5 2332 2606 2607 7013
5 1591 1616 2510 7014
5 1272 1271 1362 7015
5 2893 2248 2894 7016
5 3003 2036 4299 7017
5 1658 473 4332 7018
5 755 749 4452 7019
5 1006 1004 4410 7020
5 3990 1298 5126 7021
5 18 17 4390 7022
5 387 159 4334 7023
5 3156 3157 3218 7024
5 3535 4140 4175 7025
5 411 301 4274 7026
5 1136 1135 1140 7027
5 2725 1438 4761 7028
5 1399 1547 4804 7029
5 422 4303 4725 7030
5 1846 2207 2208 7031
5 1590 2343 3215 7032
5 1842 1927 5158 7033
5 168 395 4393 7034
5 2494 2080 2676 7035
5 2561 3463 4669 7036
5 3044 4435 4734 7037
5 3114 2341 5055 7038
5 638 751 4461 7039
5 528 526 929 7040
5 395 167 585 7041
5 365 137 4391 7042
5 2500 3001 4406 7043
5 1637 4156 5397 7044
5 2699 2050 2702 7045
5 2699 2702 3577 7046
5 3884 4181 5051 7047
5 4829 2927 5004 7048
5 414 163 4585 7049
5 1585 1584 1838 7050
5 2259 2261 4340 7051
5 1222 1219 4328 7052
5 943 1034 1035 7053
5 1250 1051 1251 7054
5 1767 1768 1770 7055
5 1731 2947 4695 7056
5 2034 2050 2699 7057
5 2413 2416 4374 7058
5 1320 1060 4424 7059
5 1553 125 4179 7060
5 3585 3700 5814 7061
5 644 642 4426 7062
5 753 755 4400 7063
5 1849 3649 5080 7064
5 1273 1505 1717 7065
5 1946 2360 2495 7066
5 2558 2560 4434 7067
5 1705 1704 1706 7068
5 3951 1754 5003 7069
5 915 942 943 7070
5 3130 1870 5127 7071
5 2186 2895 2896 7072
5 3288 4950 5632 7073
5 4078 4079 5085 7074
5 2034 1763 2050 7075
5 3726 4999 5427 7076
5 3677 3676 4600 7077
5 3292 2822 4953 7078
5 45 1638 4168 7079
5 1052 1053 1275 7080
5 2256 1818 5069 7081
5 4128 1331 4532 7082
5 2788 3538 4647 7083
5 964 3763 4793 7084
5 14 13 1522 7085
5 3092 3091 3093 7086
5 1904 4985 5454 7087
5 865 866 867 7088
5 4167 3144 5514 7089
5 2565 1969 4199 7090
5 366 138 4402 7091
5 1780 2235 4527 7092
5 657 655 4409 7093
5 891 890 914 7094
5 323 52 521 7095
5 1434 1433 4412 7096
5 1549 1548 1880 7097
5 770 2008 4386 7098
5 386 158 601 7099
5 4116 4102 4921 7100
5 1663 468 4347 7101
5 887 889 4778 7102
5 682 5079 5152 7103
5 3934 3012 5465 7104
5 216 217 4546 7105
5 1098 3886 4729 7106
5 1406 1408 1739 7107
5 2443 2442 3912 7108
5 1233 1284 4385 7109
5 342 71 794 7110
5 3067 2357 4408 7111
5 4192 2333 4605 7112
5 2498 2500 4406 7113
5 285 435 4716 7114
5 4047 3027 5020 7115
5 3830 5105 5556 7116
5 983 1238 4542 7117
5 390 162 2293 7118
5 863 864 865 7119
5 1121 90 3911 7120
5 1679 4556 4584 7121
5 3830 2818 5105 7122
5 1817 2496 4587 7123
5 2167 2168 4432 7124
5 740 725 4371 7125
5 2988 2668 2989 7126
5 4144 426 5343 7127
5 897 766 4345 7128
5 299 28 4521 7129
5 3541 2541 4693 7130
5 1451 1680 4397 7131
5 2274 2999 4818 7132
5 891 914 915 7133
5 2338 2547 3012 7134
5 3675 1852 3923 7135
5 1935 2441 2563 7136
5 3309 3361 3362 7137
5 3439 4371 5279 7138
5 2522 2637 5378 7139
5 640 638 4461 7140
5 2791 4316 4754 7141
5 3136 3138 5345 7142
5 3062 4006 4631 7143
5 3850 916 5160 7144
5 2563 3186 3850 7145
5 1271 1054 1273 7146
5 1390 1260 4403 7147
5 1366 1280 4397 7148
5 346 75 4509 7149
5 158 385 4422 7150
5 892 4045 4796 7151
5 986 1054 1271 7152
5 402 174 586 7153
5 337 66 4526 7154
5 313 42 4770 7155
5 2241 2240 3920 7156
5 2916 2735 4438 7157
5 3718 1346 5459 7158
5 1506 1958 4505 7159
5 3693 3248 4808 7160
5 2900 3664 4434 7161
5 1926 1925 2011 7162
5 1427 1424 4673 7163
5 3441 3442 5370 7164
5 2335 2550 4389 7165
5 3578 3579 5729 7166
5 3614 4266 4438 7167
5 848 844 881 7168
5 1014 4229 5604 7169
5 1175 1549 1550 7170
5 824 797 4173 7171
5 2369 2371 4699 7172
5 758 753 4400 7173
5 475 546 4332 7174
5 1398 1399 1879 7175
5 2292 1085 4822 7176
5 1858 1885 2294 7177
5 1715 1320 4424 7178
5 1002 1010 4380 7179
5 2064 2061 4401 7180
5 2344 3134 4450 7181
5 3224 3925 5569 7182
5 954 955 1052 7183
5 1717 1763 2034 7184
5 2950 2458 5305 7185
5 4322 1418 4826 7186
5 948 925 4749 7187
5 921 898 4367 7188
5 1799 3795 5513 7189
5 2639 4072 4405 7190
5 1864 4248 4841 7191
5 3952 4821 4822 7192
5 3722 1923 5742 7193
5 1011 1008 4437 7194
5 1533 1594 4758 7195
5 3575 4287 5262 7196
5 3177 3176 3226 7197
5 2969 2968 4576 7198
5 541 548 602 7199
5 3623 958 4995 7200
5 4137 4192 4605 7201
5 870 869 900 7202
5 2805 2558 4434 7203
5 4760 1437 5191 7204
5 1777 2190 4456 7205
5 2870 2096 4429 7206
5 2839 2582 4536 7207
5 1119 1137 3916 7208
5 768 912 4368 7209
5 2310 3046 3047 7210
5 367 139 4411 7211
5 1483 1258 1486 7212
5 4205 2858 4628 7213
5 2855 4618 4619 7214
5 2336 1847 4873 7215
5 619 502 4052 7216
5 986 962 1054 7217
5 1826 1827 2248 7218
5 1659 1355 1772 7219
5 3984 546 5434 7220
5 1770 1768 1771 7221
5 2538 3007 3008 7222
5 3169 3436 5618 7223
5 1280 1451 4397 7224
5 339 68 1632 7225
5 687 3919 5401 7226
5 3537 2972 4998 7227
5 3800 3798 4773 7228
5 3691 3690 5447 7229
5 2100 1907 2363 7230
5 1158 1160 4730 7231
5 2193 2256 2310 7232
5 1410 1412 1764 7233
5 2129 4924 4988 7234
5 4830 3829 5495 7235
5 2478 3469 3528 7236
5 2009 3876 4641 7237
5 1756 4177 5247 7238
5 733 731 4460 7239
5 1717 1505 1763 7240
5 2915 4050 4942 7241
5 3429 2078 4545 7242
5 837 839 4741 7243
5 2780 3197 4541 7244
5 1550 1551 1635 7245
5 3985 804 5123 7246
5 1145 1143 1146 7247
5 3217 4378 5590 7248
5 893 1765 1766 7249
5 408 180 616 7250
5 1559 1656 4666 7251
5 3175 3174 3176 7252
5 2974 3966 5164 7253
5 1060 1288 4424 7254
5 737 735 4433 7255
5 3044 722 4435 7256
5 1288 1058 4430 7257
5 1851 2004 4818 7258
5 1175 1174 1548 7259
5 806 4677 5563 7260
5 1643 1820 4873 7261
5 56 326 4547 7262
5 1642 2072 4802 7263
5 3404 3026 3405 7264
5 1726 1025 3949 7265
5 1050 1035 1051 7266
5 518 516 1876 7267
5 101 100 3265 7268
5 1974 2503 4414 7269
5 5269 3378 5743 7270
5 234 235 5113 7271
5 15 14 4251 7272
5 245 246 5083 7273
5 608 609 614 7274
5 264 4301 4838 7275
5 1780 1907 2100 7276
5 2941 2498 4406 7277
5 719 717 4435 7278
5 1893 3889 4980 7279
5 1635 1636 1932 7280
5 2792 3540 4591 7281
5 1557 1566 1591 7282
5 4347 464 4953 7283
5 2043 1815 4667 7284
5 1932 1934 2338 7285
5 3490 5329 5771 7286
5 1993 1995 1997 7287
5 4004 539 4642 7288
5 2096 3003 4429 7289
5 3281 4497 4861 7290
5 1171 1804 2706 7291
5 936 930 961 7292
5 2623 2624 2625 7293
5 2324 2326 2327 7294
5 748 705 5751 7295
5 883 884 893 7296
5 2667 2200 2668 7297
5 3692 1540 4907 7298
5 1739 3878 4860 7299
5 983 961 1193 7300
5 4898 3372 4939 7301
5 1885 2477 2478 7302
5 1237 1193 1331 7303
5 1377 1331 1515 7304
5 1575 1515 1661 7305
5 1780 1661 1907 7306
5 1608 2869 5760 7307
5 260 261 5084 7308
5 4714 2515 4715 7309
5 3113 2341 3114 7310
5 3423 4313 4668 7311
5 1896 2079 2349 7312
5 1164 1807 4730 7313
5 2433 2513 3214 7314
5 749 743 4452 7315
5 3075 5222 5223 7316
5 898 934 4367 7317
5 137 364 1458 7318
5 3411 4160 5325 7319
5 853 851 868 7320
5 1300 3783 5423 7321
5 727 740 4396 7322
5 2076 965 4451 7323
5 2339 2222 4709 7324
5 954 920 955 7325
5 3048 3688 5686 7326
5 1375 1370 4670 7327
5 4289 4288 5522 7328
5 3905 789 5674 7329
5 2719 2641 4405 7330
5 3131 2896 3132 7331
5 82 807 3899 7332
5 1450 88 3950 7333
5 2881 2904 4427 7334
5 1447 1449 1507 7335
5 2984 2629 2985 7336
5 1900 1899 4441 7337
5 1131 4715 5466 7338
5 3444 4022 5511 7339
5 687 657 4409 7340
5 1915 519 4632 7341
5 2191 2674 3563 7342
5 1651 1652 1858 7343
5 2770 2773 4418 7344
5 1259 1258 1483 7345
5 135 362 4308 7346
5 1575 1661 1780 7347
5 1377 1515 1575 7348
5 1237 1331 1377 7349
5 2875 2874 2876 7350
5 1875 1974 4414 7351
5 864 862 910 7352
5 983 1193 1237 7353
5 1792 1791 1793 7354
5 2190 1869 4450 7355
5 138 365 1649 7356
5 2002 1793 2186 7357
5 934 2048 4367 7358
5 2053 2052 3944 7359
5 1709 737 4433 7360
5 3038 2282 4511 7361
5 392 1624 4203 7362
5 2825 2020 4414 7363
5 936 961 983 7364
5 1045 1006 4410 7365
5 1215 1239 4771 7366
5 193 192 4563 7367
5 2282 2280 4511 7368
5 139 366 610 7369
5 3919 1747 5401 7370
5 136 363 4428 7371
5 969 970 4653 7372
5 334 63 4569 7373
5 2697 1771 4607 7374
5 3115 5188 5256 7375
5 1680 1606 4456 7376
5 4054 3190 4056 7377
5 3469 2477 5052 7378
5 17 16 522 7379
5 2057 2056 3938 7380
5 1042 1262 4489 7381
5 2167 2166 2168 7382
5 3703 3701 4683 7383
5 4934 895 5509 7384
5 986 1272 4646 7385
5 3036 2169 3855 7386
5 3460 4143 5621 7387
5 2877 2876 2878 7388
5 3607 4660 5764 7389
5 606 607 608 7390
5 826 825 4640 7391
5 928 962 986 7392
5 3066 3065 4534 7393
5 2308 1870 3130 7394
5 5650 4383 5651 7395
5 2808 2700 4515 7396
5 880 878 1791 7397
5 882 2205 4688 7398
5 385 157 4464 7399
5 722 719 4435 7400
5 571 573 4791 7401
5 3875 3873 4805 7402
5 776 4386 4749 7403
5 602 604 2295 7404
5 2735 3614 4438 7405
5 1674 1743 4507 7406
5 2020 1875 4414 7407
5 1008 1045 4437 7408
5 2381 2383 5006 7409
5 335 64 4373 7410
5 1685 1575 4527 7411
5 1307 1322 4794 7412
5 1708 1706 1750 7413
5 1737 891 4446 7414
5 2063 4132 5807 7415
5 2268 3194 4502 7416
5 668 670 4919 7417
5 741 733 4460 7418
5 1588 191 4130 7419
5 604 605 606 7420
5 1412 1414 4564 7421
5 2935 2934 4026 7422
5 76 346 1620 7423
5 1344 565 1345 7424
5 2879 2878 2880 7425
5 1539 1436 4272 7426
5 1066 1067 1068 7427
5 939 941 4451 7428
5 1147 1151 1152 7429
5 3138 4484 5345 7430
5 3916 1137 4058 7431
5 242 243 5200 7432
5 882 881 930 7433
5 4932 3979 5452 7434
5 885 887 1202 7435
5 1599 1798 5454 7436
5 3835 3043 4712 7437
5 743 1709 4452 7438
5 1869 2344 4450 7439
5 3568 3016 5350 7440
5 3986 2682 5808 7441
5 1068 1069 1070 7442
5 882 930 936 7443
5 2684 1784 4789 7444
5 1070 1071 1072 7445
5 2441 1969 2565 7446
5 2429 2386 3261 7447
5 1072 1073 1074 7448
5 838 836 846 7449
5 928 911 962 7450
5 3446 4401 4945 7451
5 735 741 4433 7452
5 2690 2689 4782 7453
5 2198 1335 2355 7454
5 2881 2880 2904 7455
5 3374 944 5655 7456
5 246 247 5230 7457
5 3882 3616 5542 7458
5 396 168 4514 7459
5 3255 4244 5387 7460
5 1606 1777 4456 7461
5 1935 1772 1969 7462
5 1873 1872 2476 7463
5 3948 2786 5641 7464
5 619 4052 4465 7465
5 4810 3832 4825 7466
5 2961 2588 5095 7467
5 3237 3685 5728 7468
5 3090 2985 3091 7469
5 219 220 5186 7470
5 698 696 4476 7471
5 2680 5048 5214 7472
5 1547 1546 1872 7473
5 689 693 4920 7474
5 4157 4537 5049 7475
5 602 603 604 7476
5 937 921 4462 7477
5 3364 4133 5673 7478
5 2860 2842 4559 7479
5 169 396 617 7480
5 3804 3801 5233 7481
5 431 4289 5175 7482
5 332 61 4372 7483
5 1640 179 4200 7484
5 5077 2253 5472 7485
5 2997 2845 5709 7486
5 2788 3536 3538 7487
5 1945 2512 5559 7488
5 1193 1194 4532 7489
5 3464 3613 5446 7490
5 3229 3228 4788 7491
5 173 400 598 7492
5 2625 2626 3019 7493
5 1494 1051 4478 7494
5 906 907 908 7495
5 2281 1853 4497 7496
5 1336 1334 4071 7497
5 946 945 1036 7498
5 746 644 4426 7499
5 1693 1692 1947 7500
5 251 252 4687 7501
5 3269 3107 4665 7502
5 4781 3035 5370 7503
5 452 2915 5608 7504
5 3735 4153 5550 7505
5 1484 1483 1692 7506
5 1858 1652 1885 7507
5 3160 3091 5002 7508
5 2848 3907 5217 7509
5 3482 543 5229 7510
5 876 874 923 7511
5 278 279 5221 7512
5 157 384 567 7513
5 3395 3891 4657 7514
5 825 821 918 7515
5 3971 2602 5578 7516
5 223 224 5320 7517
5 2730 3023 4700 7518
5 2560 2900 4434 7519
5 972 937 4462 7520
5 4055 788 5337 7521
5 1037 1036 1258 7522
5 3155 5146 5376 7523
5 5441 782 5791 7524
5 2695 2924 2925 7525
5 3949 1066 4159 7526
5 5041 3371 5350 7527
5 4920 3070 5079 7528
5 3504 3503 5481 7529
5 1858 2294 4268 7530
5 2820 1663 4347 7531
5 848 881 882 7532
5 842 840 1799 7533
5 563 1344 4841 7534
5 1623 1736 4833 7535
5 4366 1011 4437 7536
5 1359 1361 4947 7537
5 1192 1257 1557 7538
5 3173 3172 3174 7539
5 2383 2385 5219 7540
5 2661 3117 5407 7541
5 3257 2189 4843 7542
5 4414 2503 4855 7543
5 5181 4697 5182 7544
5 5120 1965 5766 7545
5 919 920 954 7546
5 4050 430 4942 7547
5 140 367 1653 7548
5 1416 1419 1446 7549
5 3031 3030 3032 7550
5 1519 3672 4832 7551
5 818 815 4010 7552
5 3832 1453 4825 7553
5 3869 760 5579 7554
5 1025 1065 1066 7555
5 2721 2373 4797 7556
5 67 337 531 7557
5 1053 955 4342 7558
5 642 2013 4426 7559
5 2682 2532 5808 7560
5 1152 1247 1248 7561
5 1694 691 4524 7562
5 2602 1838 4630 7563
5 1767 1766 1768 7564
5 2618 1901 3476 7565
5 4666 1656 4922 7566
5 454 3849 5600 7567
5 1846 1845 2207 7568
5 1248 1355 1356 7569
5 932 950 951 7570
5 2494 2676 3275 7571
5 4320 3683 4954 7572
5 814 5059 5687 7573
5 1918 2077 4463 7574
5 4017 1931 4444 7575
5 58 328 4388 7576
5 2322 2320 5636 7577
5 2333 4215 4605 7578
5 1367 1368 1651 7579
5 3134 3133 5294 7580
5 369 141 613 7581
5 1880 3297 3298 7582
5 4948 1844 5142 7583
5 2476 3199 3200 7584
5 1076 1073 1084 7585
5 1540 3791 4907 7586
5 900 911 928 7587
5 1756 506 4176 7588
5 210 211 5758 7589
5 5167 4823 5360 7590
5 4031 998 5296 7591
5 1480 1493 1543 7592
5 2992 2463 3013 7593
5 1085 1084 1174 7594
5 2013 640 4461 7595
5 2659 3666 5288 7596
5 2289 3894 5645 7597
5 2753 3525 4544 7598
5 587 165 4203 7599
5 1071 1069 1796 7600
5 3983 1284 4976 7601
5 706 704 4504 7602
5 2547 2650 2911 7603
5 1561 3921 4935 7604
5 1735 729 4396 7605
5 3447 3846 5093 7606
5 1947 2080 2494 7607
5 965 939 4451 7608
5 2728 3992 4533 7609
5 3300 2318 4201 7610
5 3232 3656 5627 7611
5 3129 3773 5495 7612
5 417 272 4820 7613
5 3510 2635 4445 7614
5 712 706 4504 7615
5 2340 2730 2731 7616
5 233 234 5682 7617
5 1477 1478 1480 7618
5 3762 1279 4498 7619
5 2739 3694 4492 7620
5 1536 1535 1555 7621
5 2823 2913 4682 7622
5 283 284 5398 7623
5 556 486 4597 7624
5 1067 1065 1712 7625
5 2794 3018 4039 7626
5 2205 936 4542 7627
5 13 12 4394 7628
5 3864 2247 5557 7629
5 4828 3524 5141 7630
5 3378 5517 5743 7631
5 4242 4241 4541 7632
5 3852 2857 4994 7633
5 614 615 885 7634
5 2674 3466 5021 7635
5 3407 3252 5805 7636
5 2623 2208 2624 7637
5 3000 4595 4596 7638
5 280 281 5715 7639
5 889 890 891 7640
5 4197 3655 5133 7641
5 384 156 4512 7642
5 1064 924 1173 7643
5 652 650 4537 7644
5 1507 2221 2222 7645
5 956 1042 4489 7646
5 2742 2029 4502 7647
5 930 2945 4479 7648
5 4864 1117 5482 7649
5 3849 4147 5600 7650
5 2224 2339 2340 7651
5 1400 1324 4854 7652
5 287 288 4657 7653
5 4948 3074 5713 7654
5 1076 1085 2292 7655
5 581 582 583 7656
5 1556 1555 1707 7657
5 2074 4597 4929 7658
5 665 663 4496 7659
5 867 866 869 7660
5 4403 1625 4802 7661
5 3818 3817 4361 7662
5 3386 107 5623 7663
5 731 1735 4460 7664
5 3648 2823 4682 7665
5 2537 2367 5257 7666
5 865 864 866 7667
5 883 4237 4795 7668
5 1269 1343 4915 7669
5 437 4376 5745 7670
5 3721 1357 5607 7671
5 669 667 4543 7672
5 2921 3901 4835 7673
5 1952 2697 4631 7674
5 3933 3541 4693 7675
5 1238 1237 4573 7676
5 710 698 4476 7677
5 1004 4380 4410 7678
5 1433 1822 4412 7679
5 3997 2645 5403 7680
5 1163 3821 5720 7681
5 696 2828 4476 7682
5 415 4255 4990 7683
5 1638 315 4263 7684
5 703 748 5027 7685
5 116 115 4984 7686
5 1527 2698 4748 7687
5 324 53 4733 7688
5 4268 2294 4269 7689
5 2841 3306 4559 7690
5 2327 2328 2445 7691
5 4386 3123 4749 7692
5 702 700 4525 7693
5 1036 945 1840 7694
5 2048 956 4489 7695
5 2830 4260 4654 7696
5 2249 2586 3222 7697
5 4348 866 4744 7698
5 900 2213 4246 7699
5 778 780 5165 7700
5 3964 1876 5660 7701
5 825 918 919 7702
5 4062 2697 5637 7703
5 1596 2212 4545 7704
5 5069 1734 5143 7705
5 895 931 932 7706
5 3532 2679 4878 7707
5 775 777 5655 7708
5 73 343 4885 7709
5 2825 4414 4855 7710
5 2474 2901 4415 7711
5 1187 1189 2233 7712
5 885 615 886 7713
5 1651 1368 1652 7714
5 1812 1810 4550 7715
5 445 4283 5298 7716
5 2208 2207 4473 7717
5 370 142 1666 7718
5 2338 1934 2547 7719
5 1106 2098 2226 7720
5 3467 4582 4738 7721
5 4425 3782 5355 7722
5 2228 3201 3503 7723
5 2029 2028 4502 7724
5 2226 2227 2228 7725
5 1699 1345 1700 7726
5 30 4273 4274 7727
5 863 862 864 7728
5 789 305 4212 7729
5 1695 1696 4497 7730
5 1755 4320 4954 7731
5 553 551 4757 7732
5 3659 3660 5718 7733
5 4368 2664 5356 7734
5 679 677 4501 7735
5 4606 3013 4694 7736
5 712 3716 5725 7737
5 3790 2777 5576 7738
5 2611 3940 5570 7739
5 156 383 1684 7740
5 1810 2219 4550 7741
5 4974 4823 5167 7742
5 904 903 905 7743
5 4160 290 5325 7744
5 347 76 4421 7745
5 2347 317 4474 7746
5 491 2266 4370 7747
5 326 55 525 7748
5 3996 929 4676 7749
5 2981 3460 5028 7750
5 4296 424 5258 7751
5 4835 3853 4863 7752
5 1152 5246 5739 7753
5 2051 2927 4829 7754
5 4229 1724 5604 7755
5 1141 1140 4695 7756
5 1433 1821 1822 7757
5 1361 1360 1544 7758
5 3507 3574 5195 7759
5 3106 4369 4772 7760
5 872 870 4246 7761
5 2846 2545 3268 7762
5 903 592 3785 7763
5 747 730 4916 7764
5 308 37 4857 7765
5 2706 2707 2708 7766
5 2766 2768 4706 7767
5 919 918 920 7768
5 4595 3000 4690 7769
5 1185 1187 4663 7770
5 1763 1505 4505 7771
5 1633 4055 5337 7772
5 2698 4000 4748 7773
5 4418 4419 4706 7774
5 1685 4527 4719 7775
5 3429 4545 4962 7776
5 64 334 532 7777
5 3061 2474 4415 7778
5 1853 1695 4497 7779
5 3668 4384 5650 7780
5 1423 2922 2923 7781
5 3128 4403 4802 7782
5 3111 3336 5775 7783
5 1247 1151 1249 7784
5 1470 112 3583 7785
5 2371 2721 4699 7786
5 982 1180 4801 7787
5 691 688 4524 7788
5 1464 117 3893 7789
5 3332 3847 5534 7790
5 3341 2835 4702 7791
5 34 1628 4212 7792
5 4038 3501 4206 7793
5 814 811 5059 7794
5 3943 4003 5105 7795
5 427 4591 5230 7796
5 1586 1544 1845 7797
5 1899 2542 4441 7798
5 2637 4041 5100 7799
5 1932 1636 1934 7800
5 3214 2513 4668 7801
5 3203 5251 5336 7802
5 1367 1061 1368 7803
5 1298 1295 5126 7804
5 2128 2131 2133 7805
5 12 11 1030 7806
5 1120 93 3870 7807
5 1111 1107 4455 7808
5 142 369 4531 7809
5 110 109 2454 7810
5 1520 3899 5746 7811
5 170 397 1714 7812
5 4634 2886 5413 7813
5 1822 2016 2017 7814
5 597 894 895 7815
5 1106 1104 2098 7816
5 397 169 4574 7817
5 2540 2959 3609 7818
5 1635 1551 1636 7819
5 2388 2743 3054 7820
5 2017 2387 2388 7821
5 1095 1093 1207 7822
5 172 399 1676 7823
5 2779 2766 4706 7824
5 2148 2152 4941 7825
5 2276 2485 2974 7826
5 2280 2732 4511 7827
5 762 652 4537 7828
5 2034 2699 4457 7829
5 4630 5514 5578 7830
5 924 574 3999 7831
5 4189 1674 4507 7832
5 2192 2193 2733 7833
5 3171 3168 3172 7834
5 1550 1549 1551 7835
5 1671 2250 4590 7836
5 1424 1423 4673 7837
5 3221 5396 5638 7838
5 1817 1818 2192 7839
5 2645 3997 5750 7840
5 2750 2753 4544 7841
5 2455 2456 2457 7842
5 1497 4735 5792 7843
5 1547 1872 1873 7844
5 4182 2790 5351 7845
5 4423 916 4883 7846
5 2028 2268 4502 7847
5 1370 1369 4670 7848
5 3305 2839 4536 7849
5 4354 4352 4356 7850
5 383 155 4549 7851
5 2142 2158 2159 7852
5 371 143 1679 7853
5 889 888 890 7854
5 4041 2914 4656 7855
5 715 3571 5400 7856
5 700 710 4525 7857
5 2708 2709 2710 7858
5 2551 1996 3782 7859
5 2225 2847 2848 7860
5 1137 2071 4058 7861
5 2384 2382 5301 7862
5 4241 2780 4541 7863
5 2073 2276 2970 7864
5 2696 2695 4680 7865
5 1845 1544 1877 7866
5 3794 3795 5691 7867
5 1182 1150 3739 7868
5 1321 1311 4930 7869
5 2134 2136 2137 7870
5 400 172 4516 7871
5 111 110 3700 7872
5 575 576 5596 7873
5 667 684 4543 7874
5 1106 2226 4455 7875
5 3520 3941 5453 7876
5 244 433 4874 7877
5 1758 1572 4599 7878
5 4114 4113 5109 7879
5 4537 1754 5049 7880
5 4099 4216 4769 7881
5 3172 3883 5568 7882
5 3033 3032 3151 7883
5 1175 1548 1549 7884
5 684 665 4496 7885
5 4266 1634 4438 7886
5 2710 2711 2978 7887
5 28 298 533 7888
5 875 877 5799 7889
5 563 565 1344 7890
5 4229 3454 5128 7891
5 704 1751 4504 7892
5 688 690 4524 7893
5 3979 4932 5592 7894
5 2113 2115 2132 7895
5 752 637 4562 7896
5 2118 2120 2121 7897
5 870 900 4246 7898
5 2071 2185 3094 7899
5 2625 2624 2626 7900
5 1686 1878 2073 7901
5 860 858 1823 7902
5 1369 1592 1686 7903
5 1920 1700 1921 7904
5 828 826 4480 7905
5 1137 1118 1828 7906
5 5254 987 5628 7907
5 4801 1180 5204 7908
5 2851 3747 4966 7909
5 1327 1329 4816 7910
5 1085 1175 4822 7911
5 2963 2782 2964 7912
5 2340 2731 3316 7913
5 460 3853 5529 7914
5 4025 181 5087 7915
5 3006 4922 5157 7916
5 2985 2629 4667 7917
5 3243 2802 3683 7918
5 1137 1828 2071 7919
5 1751 702 4525 7920
5 1122 3840 5402 7921
5 2751 2750 4544 7922
5 677 683 4501 7923
5 421 4472 4961 7924
5 1572 1826 4599 7925
5 1446 1447 4679 7926
5 3094 2185 3095 7927
5 834 832 1867 7928
5 143 370 4555 7929
5 3748 1782 4837 7930
5 3019 2626 3241 7931
5 2192 1818 2193 7932
5 2494 3277 4703 7933
5 3297 3296 5518 7934
5 2611 2610 4330 7935
5 4070 3856 5470 7936
5 3064 2044 3065 7937
5 779 529 4950 7938
5 4902 4974 5167 7939
5 214 4165 5343 7940
5 3442 2446 5662 7941
5 1785 3334 3335 7942
5 2364 1873 2365 7943
5 1765 1978 4579 7944
5 2072 2337 5062 7945
5 3925 2731 5569 7946
5 5117 2619 5372 7947
5 61 331 530 7948
5 1504 1434 4412 7949
5 3494 3145 4622 7950
5 3781 2834 4680 7951
5 1507 2222 2223 7952
5 1334 1335 2197 7953
5 155 382 1725 7954
5 2424 4647 4997 7955
5 1399 1173 1546 7956
5 2754 2756 5576 7957
5 2122 2124 2125 7958
5 4003 2539 5105 7959
5 1270 1241 4482 7960
5 1743 2247 4507 7961
5 1187 2233 4663 7962
5 4387 1510 4766 7963
5 4277 1592 5311 7964
5 1165 3965 4568 7965
5 2071 1828 2185 7966
5 707 3728 5751 7967
5 1217 1215 4771 7968
5 1921 4558 5154 7969
5 372 144 611 7970
5 4493 2962 4494 7971
5 4531 3690 5560 7972
5 1985 1929 5111 7973
5 1817 1734 1818 7974
5 2689 2687 4413 7975
5 2801 2432 2802 7976
5 3253 4038 5616 7977
5 2622 3475 5192 7978
5 36 1614 4210 7979
5 2621 2437 5040 7980
5 1733 1734 1817 7981
5 2695 2693 2924 7982
5 3198 4483 5212 7983
5 1843 1708 4030 7984
5 4044 1573 4731 7985
5 2635 2826 4445 7986
5 1423 1375 2922 7987
5 1115 1113 1117 7988
5 3785 3786 5092 7989
5 1736 1539 4272 7990
5 3925 2388 5130 7991
5 551 2965 4757 7992
5 5067 4573 5572 7993
5 1284 1231 4976 7994
5 1344 1345 1699 7995
5 663 1747 4496 7996
5 4478 1035 4523 7997
5 1081 1079 1083 7998
5 393 587 4290 7999
5 857 1903 2713 8000
5 2275 4310 4311 8001
5 3120 3119 4968 8002
5 3602 3250 4836 8003
5 3809 2903 4164 8004
5 2228 2227 3201 8005
5 1163 20 4181 8006
5 2105 2296 3108 8007
5 2373 2375 4797 8008
5 4040 4697 5181 8009
5 2541 2253 5077 8010
5 1100 1098 4729 8011
5 1356 1355 1659 8012
5 182 409 544 8013
5 2597 3089 4865 8014
5 2801 2802 3243 8015
5 4000 3131 4748 8016
5 2671 3522 4798 8017
5 1667 2470 4627 8018
5 1227 1246 4944 8019
5 1574 4069 5051 8020
5 690 685 4612 8021
5 1429 1427 1718 8022
5 44 1169 4263 8023
5 1433 1431 1821 8024
5 2768 4418 4706 8025
5 2490 2284 3936 8026
5 3358 2227 5338 8027
5 4369 1650 4772 8028
5 1309 1307 4794 8029
5 4590 3231 5065 8030
5 4624 3816 5256 8031
5 4356 4 4361 8032
5 5245 452 5608 8033
5 2569 3119 3120 8034
5 637 635 4562 8035
5 799 824 5189 8036
5 3652 3653 5392 8037
5 3824 3225 5505 8038
5 887 886 888 8039
5 2818 3943 5105 8040
5 60 330 1698 8041
5 144 371 4584 8042
5 382 154 4592 8043
5 1699 1700 1920 8044
5 3096 2834 3781 8045
5 2700 2995 4515 8046
5 4583 1080 5263 8047
5 3243 3683 3684 8048
5 891 915 4446 8049
5 2510 1616 4775 8050
5 921 4367 4462 8051
5 1147 1146 1151 8052
5 4399 5178 5762 8053
5 2888 3111 5775 8054
5 2742 4502 4937 8055
5 524 49 4230 8056
5 42 788 4770 8057
5 1418 4613 4826 8058
5 2563 2441 3186 8059
5 493 495 4795 8060
5 2620 4232 5286 8061
5 2035 3185 4171 8062
5 4328 1217 4771 8063
5 2231 1921 2232 8064
5 1899 1901 2542 8065
5 3608 3607 5764 8066
5 3476 1901 4893 8067
5 3950 87 5519 8068
5 1241 2277 4482 8069
5 1369 1341 1592 8070
5 2667 2988 4520 8071
5 2264 2620 4285 8072
5 3377 5362 5609 8073
5 115 114 2451 8074
5 1140 1135 1729 8075
5 1633 311 4264 8076
5 2289 2232 2432 8077
5 2912 3882 5205 8078
5 5243 460 5529 8079
5 600 161 4197 8080
5 2853 2303 2854 8081
5 389 600 4420 8082
5 2006 1726 3949 8083
5 77 347 4677 8084
5 4417 1644 4800 8085
5 2710 2978 2979 8086
5 373 145 1691 8087
5 1248 1247 1355 8088
5 3336 2718 4449 8089
5 1398 1173 1399 8090
5 3802 3803 5499 8091
5 4230 3255 5377 8092
5 2138 2136 5382 8093
5 1728 633 4578 8094
5 2223 2224 2303 8095
5 3793 4871 5532 8096
5 2542 2618 3965 8097
5 3881 3934 4997 8098
5 2289 2432 2801 8099
5 47 2347 4236 8100
5 86 804 5519 8101
5 3189 2935 4026 8102
5 2321 2322 2323 8103
5 2355 1335 4752 8104
5 1887 1889 4593 8105
5 650 1754 4537 8106
5 2847 2890 3725 8107
5 3233 4608 4786 8108
5 2024 1952 4631 8109
5 2650 1934 4708 8110
5 1263 1197 4498 8111
5 2302 2536 4540 8112
5 1737 4446 5205 8113
5 2225 2236 2847 8114
5 3395 4161 5381 8115
5 3419 3418 5433 8116
5 4773 3798 5066 8117
5 1841 3245 4967 8118
5 3127 3126 4767 8119
5 2922 4670 4993 8120
5 633 631 4578 8121
5 27 297 4659 8122
5 539 541 4642 8123
5 685 681 4612 8124
5 2177 2196 2214 8125
5 1378 95 3812 8126
5 2470 1669 4590 8127
5 4295 4294 4936 8128
5 118 1464 3994 8129
5 2380 5157 5332 8130
5 3317 3925 5130 8131
5 1935 1969 2441 8132
5 2375 2815 4797 8133
5 1034 1245 4523 8134
5 2473 2202 4522 8135
5 2937 4053 5007 8136
5 1787 2856 2857 8137
5 896 828 4480 8138
5 1350 1352 4066 8139
5 1807 1808 2225 8140
5 1604 1514 4510 8141
5 1920 1921 2231 8142
5 145 372 4603 8143
5 1197 3635 4498 8144
5 3617 2793 5097 8145
5 2226 2098 2227 8146
5 925 776 4749 8147
5 2939 3220 4990 8148
5 171 398 584 8149
5 1659 1772 1935 8150
5 2869 3986 5808 8151
5 4560 2364 5518 8152
5 2931 2270 4815 8153
5 979 977 2187 8154
5 40 1383 4264 8155
5 2534 3730 5283 8156
5 4816 1329 5107 8157
5 1277 1678 4766 8158
5 2245 2244 4723 8159
5 2045 3014 4508 8160
5 398 170 4623 8161
5 3064 3065 3066 8162
5 2806 4887 5232 8163
5 2665 2813 5274 8164
5 4002 3210 4969 8165
5 1992 1990 1993 8166
5 263 264 4838 8167
5 1244 1243 5619 8168
5 1700 2031 4558 8169
5 1766 1765 4579 8170
5 154 381 569 8171
5 2787 4417 4800 8172
5 2748 2751 4861 8173
5 2868 1388 5319 8174
5 889 1737 4778 8175
5 2582 2302 4540 8176
5 1554 3858 5463 8177
5 1152 1151 1247 8178
5 2231 2232 2289 8179
5 399 171 4580 8180
5 1313 1321 5042 8181
5 2388 2387 2743 8182
5 2536 3451 4540 8183
5 3793 2006 5206 8184
5 1738 679 4501 8185
5 4502 3194 4937 8186
5 3803 3800 4773 8187
5 1164 1166 1807 8188
5 2800 3518 4685 8189
5 4942 430 5294 8190
5 3311 4530 5302 8191
5 635 1728 4562 8192
5 3135 2831 5733 8193
5 374 146 1701 8194
5 4536 2582 4540 8195
5 1085 1174 1175 8196
5 2811 2443 3912 8197
5 1748 669 4543 8198
5 2197 2198 2199 8199
5 2540 1938 2959 8200
5 914 890 4732 8201
5 4325 4326 5787 8202
5 1514 1523 4510 8203
5 3855 2169 4992 8204
5 2078 1596 4545 8205
5 2683 3411 4740 8206
5 2658 2800 3059 8207
5 3534 3533 5435 8208
5 1683 4121 5125 8209
5 4230 319 4271 8210
5 1590 3215 4956 8211
5 1871 3935 5316 8212
5 3667 3314 5467 8213
5 1657 166 4290 8214
5 1938 1825 4833 8215
5 2086 2090 2312 8216
5 1437 4611 5191 8217
5 2321 2323 3279 8218
5 1399 1546 1547 8219
5 5222 2785 5223 8220
5 4167 1723 5171 8221
5 1822 1821 2016 8222
5 4677 3566 5563 8223
5 4245 39 4336 8224
5 3316 2731 3317 8225
5 1949 2320 2321 8226
5 381 153 4616 8227
5 3180 4202 4717 8228
5 4660 3607 5361 8229
5 2444 302 4528 8230
5 4217 2295 4745 8231
5 906 905 907 8232
5 2017 2016 2387 8233
5 3627 4752 5339 8234
5 1628 304 4287 8235
5 5098 1835 5527 8236
5 329 58 520 8237
5 1331 1193 4532 8238
5 4323 2792 4591 8239
5 1825 1623 4833 8240
5 825 919 4640 8241
5 1584 1723 4630 8242
5 4814 2955 5118 8243
5 1893 1812 4550 8244
5 3163 3165 4737 8245
5 2553 3456 4754 8246
5 2925 2924 4486 8247
5 4731 3900 5254 8248
5 5517 1983 5743 8249
5 48 1402 4271 8250
5 3160 5002 5474 8251
5 3156 3154 3157 8252
5 1733 1732 1734 8253
5 3647 2974 5754 8254
5 4772 2381 5006 8255
5 3539 2791 4754 8256
5 2223 2222 2224 8257
5 146 373 4614 8258
5 1188 1186 4436 8259
5 4248 1998 5094 8260
5 3302 4348 5103 8261
5 2327 2445 2955 8262
5 4811 2928 5425 8263
5 2297 1551 4736 8264
5 2199 2200 2666 8265
5 1479 3895 5526 8266
5 1783 2038 5410 8267
5 2380 2379 5157 8268
5 3816 3115 5256 8269
5 1920 2275 5797 8270
5 1669 1671 4590 8271
5 1616 1566 1805 8272
5 2587 2461 2588 8273
5 3260 2626 5634 8274
5 2202 2203 4522 8275
5 2074 556 4597 8276
5 2304 1805 2548 8277
5 1402 318 4236 8278
5 1958 1887 4593 8279
5 4408 2358 5322 8280
5 4931 1910 4934 8281
5 546 477 5434 8282
5 2073 1878 2276 8283
5 2980 4625 5080 8284
5 961 930 4479 8285
5 1580 1582 4734 8286
5 3363 3362 3364 8287
5 1889 1892 4593 8288
5 1987 1991 5269 8289
5 887 888 889 8290
5 4672 3143 5090 8291
5 1383 310 4245 8292
5 5463 3858 5697 8293
5 4143 231 5621 8294
5 3706 3702 5064 8295
5 3383 4012 5749 8296
5 3328 4814 5118 8297
5 1385 1353 4896 8298
5 4542 3831 5424 8299
5 1070 1072 5427 8300
5 375 147 612 8301
5 1650 1898 4772 8302
5 4699 2721 4701 8303
5 33 1290 4287 8304
5 4798 3415 5636 8305
5 1531 1806 4759 8306
5 2456 2962 5305 8307
5 59 329 4884 8308
5 2343 2318 3300 8309
5 1237 1377 4573 8310
5 1686 1592 1878 8311
5 687 4409 5629 8312
5 1731 1732 1733 8313
5 1575 1780 4527 8314
5 599 29 4208 8315
5 2093 2091 4572 8316
5 2052 1900 4441 8317
5 3195 3196 5476 8318
5 1035 1034 4523 8319
5 3132 2896 4856 8320
5 345 74 4876 8321
5 1068 1067 1069 8322
5 3164 3562 5193 8323
5 1617 313 4770 8324
5 1070 1069 1071 8325
5 1077 1074 4538 8326
5 1072 1071 1073 8327
5 3547 198 3548 8328
5 1444 321 4317 8329
5 1074 1073 1076 8330
5 4538 2292 4539 8331
5 2471 2316 4723 8332
5 1712 1065 4926 8333
5 194 193 542 8334
5 1447 1507 4679 8335
5 1556 1707 4425 8336
5 5189 3804 5353 8337
5 3915 1520 4973 8338
5 1617 3933 5421 8339
5 3908 3132 5359 8340
5 147 374 4626 8341
5 2960 2588 2961 8342
5 1194 4479 5297 8343
5 936 983 4542 8344
5 153 380 1720 8345
5 2082 2084 3072 8346
5 1605 307 4210 8347
5 631 953 4578 8348
5 1393 4066 4529 8349
5 3640 3641 5611 8350
5 788 4055 5480 8351
5 2806 4675 5124 8352
5 1140 1729 1731 8353
5 941 982 4801 8354
5 998 996 5296 8355
5 3492 2976 4164 8356
5 2099 1758 4599 8357
5 3495 2844 4938 8358
5 902 199 3547 8359
5 3562 3163 4737 8360
5 403 175 4965 8361
5 863 865 5295 8362
5 2883 2881 4427 8363
5 407 1640 4404 8364
5 2212 917 5802 8365
5 1360 1358 1749 8366
5 4125 2778 5172 8367
5 5366 3974 5574 8368
5 51 1444 4286 8369
5 1339 1270 4482 8370
5 1718 1427 4673 8371
5 3722 2738 5795 8372
5 380 152 4637 8373
5 4479 3723 5297 8374
5 3238 3621 5173 8375
5 4132 3236 5493 8376
5 2090 2447 4698 8377
5 2244 2241 3920 8378
5 2817 2474 3061 8379
5 438 4546 5218 8380
5 2240 2057 3938 8381
5 2159 2160 2170 8382
5 1730 4799 5360 8383
5 2270 2827 4815 8384
5 1956 1832 5722 8385
5 1806 1630 4627 8386
5 4738 5516 5744 8387
5 1296 3982 5180 8388
5 3609 2959 3610 8389
5 3786 3507 5195 8390
5 3781 1612 5428 8391
5 4223 4099 4769 8392
5 4385 1284 4712 8393
5 1066 1065 1067 8394
5 3726 2890 4999 8395
5 3151 3032 3264 8396
5 1021 1019 2612 8397
5 2056 2053 3944 8398
5 3774 3264 5669 8399
5 907 905 2044 8400
5 4451 941 4801 8401
5 3218 3157 4598 8402
5 3720 3017 5700 8403
5 2667 2668 2988 8404
5 885 886 887 8405
5 4051 755 5020 8406
5 376 148 1719 8407
5 3310 3308 3311 8408
5 2031 4211 4477 8409
5 1485 119 3994 8410
5 1076 1084 1085 8411
5 1689 1909 4649 8412
5 4710 3059 5207 8413
5 4162 414 4163 8414
5 3145 2860 4622 8415
5 3689 4078 5085 8416
5 2328 2332 4571 8417
5 300 599 4273 8418
5 2829 2830 5129 8419
5 3501 1919 4641 8420
5 2389 2316 2471 8421
5 463 466 4872 8422
5 945 553 4757 8423
5 2266 493 4795 8424
5 2764 2779 5022 8425
5 2953 4719 5412 8426
5 4844 2172 5119 8427
5 1525 62 4262 8428
5 3282 3861 5800 8429
5 148 375 4638 8430
5 2393 4028 5173 8431
5 2668 2200 4871 8432
5 3893 116 4984 8433
5 1644 1646 4800 8434
5 4589 614 5598 8435
5 1897 948 4819 8436
5 1792 2002 5386 8437
5 3247 3246 5680 8438
5 3850 3186 4741 8439
5 4556 3206 5583 8440
5 2137 2138 2139 8441
5 849 848 4688 8442
5 646 746 5003 8443
5 2979 2978 3649 8444
5 1275 1277 4766 8445
5 3368 5069 5143 8446
5 3028 4131 5467 8447
5 3966 2974 5289 8448
5 32 2444 4292 8449
5 1510 1275 4766 8450
5 3053 5234 5261 8451
5 124 855 4179 8452
5 1899 1797 1901 8453
5 1177 1724 4218 8454
5 2624 2208 4473 8455
5 3780 1121 4917 8456
5 4689 2103 5034 8457
5 2211 2167 4432 8458
5 297 26 1049 8459
5 5013 3779 5014 8460
5 2170 2171 2174 8461
5 2213 928 4646 8462
5 1025 908 1065 8463
5 1591 1566 1616 8464
5 2955 2445 3039 8465
5 3639 3640 5625 8466
5 890 2705 4732 8467
5 851 849 4644 8468
5 1731 1729 1732 8469
5 226 4256 5564 8470
5 1611 65 4265 8471
5 627 625 4927 8472
5 2581 2572 5511 8473
5 2445 2328 4571 8474
5 75 793 4509 8475
5 2922 1375 4670 8476
5 5288 3303 5781 8477
5 4039 3018 5585 8478
5 362 134 4747 8479
5 973 984 5321 8480
5 2125 2126 2155 8481
5 3559 3432 5523 8482
5 1630 1667 4627 8483
5 1978 3403 4579 8484
5 681 1738 4612 8485
5 2671 4798 5636 8486
5 2363 3070 4878 8487
5 19 1574 4181 8488
5 377 149 1727 8489
5 2478 3529 4658 8490
5 2295 4217 4971 8491
5 4480 826 4640 8492
5 2807 4193 4731 8493
5 1625 1642 4802 8494
5 429 4036 4868 8495
5 3309 3362 3363 8496
5 1723 1371 5171 8497
5 4153 785 5550 8498
5 1236 2976 2977 8499
5 2960 4891 5431 8500
5 4489 2729 5394 8501
5 1192 1557 4890 8502
5 2272 4678 5656 8503
5 2820 4347 4953 8504
5 1195 1190 4067 8505
5 2487 2486 3620 8506
5 4591 3540 5230 8507
5 683 675 4882 8508
5 1092 1089 5383 8509
5 152 379 1742 8510
5 2888 2887 3111 8511
5 149 376 4652 8512
5 379 151 4662 8513
5 2802 2432 4535 8514
5 2714 1903 2717 8515
5 4802 2072 5062 8516
5 333 1525 4300 8517
5 5176 442 5735 8518
5 5065 3591 5082 8519
5 1245 1364 4635 8520
5 2695 2925 4680 8521
5 3323 5038 5197 8522
5 1838 1584 4630 8523
5 4546 2943 5218 8524
5 4339 1742 4996 8525
5 1526 1689 4649 8526
5 105 3825 3972 8527
5 2907 5537 5539 8528
5 4040 1879 4696 8529
5 1529 327 4331 8530
5 2886 2653 2887 8531
5 442 222 5524 8532
5 3495 4938 5005 8533
5 1192 1190 1195 8534
5 3691 3750 5617 8535
5 1976 2602 4812 8536
5 3329 4779 5438 8537
5 4252 1129 5615 8538
5 57 1529 4278 8539
5 2537 5257 5368 8540
5 4333 1561 4935 8541
5 390 2293 4585 8542
5 2304 3122 4753 8543
5 2708 2710 4760 8544
5 4074 3041 4851 8545
5 309 787 4336 8546
5 2899 4669 5040 8547
5 3853 456 4863 8548
5 3326 5026 5752 8549
5 577 1959 4791 8550
5 1656 1837 4922 8551
5 1455 1460 1906 8552
5 2080 1692 4755 8553
5 1257 1195 1567 8554
5 2994 3257 3431 8555
5 4002 211 5281 8556
5 4255 4253 4990 8557
5 2304 2548 3122 8558
5 1324 1315 4854 8559
5 1487 1430 5451 8560
5 591 595 5036 8561
5 1279 1263 4498 8562
5 2419 1895 5390 8563
5 659 687 5401 8564
5 4240 713 5231 8565
5 4012 2967 4458 8566
5 5423 3783 5665 8567
5 3863 2871 5067 8568
5 1202 3904 5598 8569
5 3225 4291 5486 8570
5 2984 3090 5297 8571
5 1201 1721 1722 8572
5 1940 2291 5134 8573
5 3937 3015 4949 8574
5 954 1052 4728 8575
5 2545 1995 5375 8576
5 1273 1717 4617 8577
5 394 1657 4398 8578
5 4156 3141 5397 8579
5 2645 2643 5403 8580
5 1547 2364 4804 8581
5 120 1485 4057 8582
5 2088 1976 4812 8583
5 1189 1188 1190 8584
5 3933 1169 5421 8585
5 212 426 5281 8586
5 830 896 4707 8587
5 3313 4172 5176 8588
5 2009 2341 2737 8589
5 1290 303 4292 8590
5 3279 2323 3328 8591
5 967 964 4793 8592
5 1143 1141 4621 8593
5 4865 3089 5264 8594
5 4449 5241 5500 8595
5 3747 4382 4966 8596
5 322 4286 4335 8597
5 410 182 4581 8598
5 4765 3382 5229 8599
5 785 4153 5802 8600
5 1271 1273 4617 8601
5 606 1495 4745 8602
5 3101 3102 5238 8603
5 4582 2495 4738 8604
5 1491 1393 4529 8605
5 2041 2097 4856 8606
5 1184 97 3671 8607
5 1761 1604 4510 8608
5 4480 4140 5690 8609
5 5462 1201 5759 8610
5 1364 1629 4635 8611
5 2756 2758 5384 8612
5 2604 3935 5070 8613
5 2387 2515 4714 8614
5 2934 2473 4522 8615
5 4307 4306 4895 8616
5 4163 414 4585 8617
5 2861 3077 5057 8618
5 2392 2805 5322 8619
5 3352 4484 5416 8620
5 1449 1508 5096 8621
5 2860 4559 4622 8622
5 3124 3515 5010 8623
5 2070 1961 4831 8624
5 2550 3313 5176 8625
5 4682 2913 5012 8626
5 177 1637 5013 8627
5 1754 648 5003 8628
5 4376 4374 4774 8629
5 3884 3229 4913 8630
5 3585 4494 4495 8631
5 1087 1086 5770 8632
5 928 986 4646 8633
5 832 830 4707 8634
5 3894 4500 5645 8635
5 3363 3364 5673 8636
5 4761 1201 5462 8637
5 4109 4470 5437 8638
5 1557 1257 1566 8639
5 2778 2760 5172 8640
5 4249 3054 5684 8641
5 1616 1805 2304 8642
5 1278 1279 5265 8643
5 4158 414 4162 8644
5 4409 4048 5307 8645
5 1134 1127 5239 8646
5 3323 5197 5381 8647
5 4151 15 4251 8648
5 2954 5116 5122 8649
5 3646 3288 5632 8650
5 1639 70 4322 8651
5 2149 2511 5783 8652
5 495 883 4795 8653
5 3292 4953 5243 8654
5 2429 3261 3731 8655
5 1648 4899 5057 8656
5 4670 1686 4993 8657
5 1344 1864 4841 8658
5 2637 5100 5378 8659
5 1362 1271 4617 8660
5 4860 3878 5433 8661
5 1760 1761 5213 8662
5 1201 1199 1721 8663
5 151 378 566 8664
5 589 591 5036 8665
5 2977 3492 3493 8666
5 2079 2433 4648 8667
5 1418 69 4284 8668
5 3514 4331 4547 8669
5 331 60 5033 8670
5 2680 4157 5048 8671
5 405 177 5013 8672
5 424 260 5084 8673
5 3848 1120 4792 8674
5 3605 4208 4521 8675
5 4497 1696 4861 8676
5 1598 1502 1600 8677
5 1285 623 5011 8678
5 4371 1618 5279 8679
5 1408 1410 4639 8680
5 1696 2748 4861 8681
5 2197 1335 2198 8682
5 929 526 4676 8683
5 3359 3099 4967 8684
5 1120 3870 4792 8685
5 4539 2292 4821 8686
5 4471 1285 5011 8687
5 509 1756 5247 8688
5 235 422 5113 8689
5 3746 3747 5672 8690
5 2206 3346 5292 8691
5 3563 2674 5021 8692
5 2293 162 4420 8693
5 3250 3251 4836 8694
5 4556 3866 5584 8695
5 1621 72 4305 8696
5 5048 3699 5214 8697
5 108 107 1472 8698
5 1590 583 2318 8699
5 577 579 1959 8700
5 1588 4130 4131 8701
5 1104 1100 4729 8702
5 2274 2998 2999 8703
5 2980 3762 5575 8704
5 2732 2929 4832 8705
5 3734 3315 4962 8706
5 1184 3671 4185 8707
5 1629 1526 4649 8708
5 4196 3836 4733 8709
5 2679 2100 4878 8710
5 1988 1986 3663 8711
5 5326 3038 5327 8712
5 4580 584 5416 8713
5 568 387 4334 8714
5 1764 1412 4564 8715
5 1123 3916 5615 8716
5 2666 2200 2667 8717
5 1512 121 4057 8718
5 3907 4730 5217 8719
5 2194 1947 4703 8720
5 4517 1676 4518 8721
5 1462 1465 1859 8722
5 4608 2891 4989 8723
5 3944 2052 4842 8724
5 3067 4408 5463 8725
5 1287 1256 4595 8726
5 1134 5239 5450 8727
5 1236 2975 2976 8728
5 2647 2645 5750 8729
5 2503 3788 4855 8730
5 340 1418 4322 8731
5 2294 1885 4658 8732
5 1477 1480 1481 8733
5 5324 748 5751 8734
5 2982 2983 5121 8735
5 3967 2591 5369 8736
5 1256 1208 4596 8737
5 616 180 4404 8738
5 433 245 5083 8739
5 37 1605 4857 8740
5 1847 1643 4873 8741
5 2607 5408 5446 8742
5 2343 3300 3351 8743
5 2199 2198 2200 8744
5 920 918 4900 8745
5 2515 4453 4787 8746
5 3519 4407 4661 8747
5 2737 2341 3113 8748
5 4455 4023 4809 8749
5 1468 1471 1473 8750
5 585 167 4398 8751
5 4261 2824 4952 8752
5 4397 1680 5261 8753
5 2784 4282 5549 8754
5 2324 2327 4814 8755
5 4156 1637 5484 8756
5 5516 3301 5744 8757
5 1668 1631 5779 8758
5 2054 4788 5226 8759
5 1311 1309 4930 8760
5 1921 1700 4558 8761
5 5006 2383 5219 8762
5 2868 5088 5442 8763
5 2902 4235 4762 8764
5 2068 954 4728 8765
5 868 851 4644 8766
5 2009 1861 2341 8767
5 2030 4006 4764 8768
5 3143 5144 5531 8769
5 1076 2292 4538 8770
5 1590 2318 2343 8771
5 4291 3009 5365 8772
5 3859 3384 5354 8773
5 1423 2923 4673 8774
5 713 708 5231 8775
5 2542 1901 2618 8776
5 1334 1063 1335 8777
5 923 4880 4881 8778
5 1827 1571 5131 8779
5 3212 3866 4853 8780
5 3955 690 5536 8781
5 1442 324 4733 8782
5 794 71 4343 8783
5 2715 2716 3073 8784
5 4863 456 5245 8785
5 1772 1355 4839 8786
5 1860 1721 2486 8787
5 803 801 5353 8788
5 10 9 4691 8789
5 2571 3444 5511 8790
5 3787 4788 5426 8791
5 1636 2297 4708 8792
5 3256 4801 5204 8793
5 2620 2093 4572 8794
5 4810 3216 5565 8795
5 1187 1186 1188 8796
5 1874 2474 2817 8797
5 3739 1148 4859 8798
5 1472 107 3386 8799
5 3053 3892 5234 8800
5 526 518 4676 8801
5 1543 1493 5053 8802
5 2819 4346 5726 8803
5 2429 3731 3732 8804
5 3055 2492 5244 8805
5 505 508 5275 8806
5 2278 2806 4817 8807
5 5003 746 5663 8808
5 576 5194 5596 8809
5 3014 4037 5225 8810
5 2737 3113 4127 8811
5 122 1512 4141 8812
5 4843 2140 5050 8813
5 4485 1761 4713 8814
5 3427 5031 5177 8815
5 1384 1497 5792 8816
5 3074 3073 4726 8817
5 2687 2685 4739 8818
5 1379 1531 4759 8819
5 1552 3890 5771 8820
5 4619 4618 5692 8821
5 4181 1574 5051 8822
5 2719 4405 5721 8823
5 4727 4828 5373 8824
5 1309 4794 4930 8825
5 3134 5294 5787 8826
5 211 212 5281 8827
5 2168 2169 2267 8828
5 2323 2324 4814 8829
5 2713 2714 2715 8830
5 5627 5333 5676 8831
5 4153 2212 5802 8832
5 114 113 5184 8833
5 1420 73 4885 8834
5 4188 2598 5515 8835
5 3560 2885 5492 8836
5 2662 5009 5120 8837
5 3213 3691 4629 8838
5 3125 4207 5078 8839
5 4303 5475 5761 8840
5 66 336 5063 8841
5 1185 951 1186 8842
5 4112 4136 4961 8843
5 2916 4438 5029 8844
5 2174 2175 2290 8845
5 1024 1027 1028 8846
5 3598 2510 4775 8847
5 1183 99 3473 8848
5 2267 3036 3037 8849
5 1486 1258 4784 8850
5 1973 2819 5726 8851
5 3965 2618 4568 8852
5 907 2044 3064 8853
5 2369 4699 5257 8854
5 3455 3908 5359 8855
5 1352 4595 4690 8856
5 878 876 4705 8857
5 192 1588 4563 8858
5 1369 1686 4670 8859
5 521 52 4335 8860
5 4423 4443 5160 8861
5 63 4300 4569 8862
5 341 1639 4343 8863
5 2568 2569 3347 8864
5 848 882 4688 8865
5 1827 5131 5566 8866
5 2247 3864 5809 8867
5 3494 5250 5727 8868
5 3817 3816 4624 8869
5 1553 4179 4808 8870
5 3045 4285 5274 8871
5 795 528 4684 8872
5 1848 4834 5520 8873
5 4604 3562 4737 8874
5 2604 3393 3935 8875
5 1084 1073 4862 8876
5 4374 2416 4774 8877
5 528 929 4684 8878
5 3969 4603 5583 8879
5 789 4063 5603 8880
5 5010 3515 5491 8881
5 3561 3637 5776 8882
5 3849 458 5812 8883
5 4331 56 4547 8884
5 4496 1747 4762 8885
5 1024 1023 1027 8886
5 2551 3782 4933 8887
5 1509 1894 5242 8888
5 3038 5242 5327 8889
5 1612 3760 5428 8890
5 4334 159 4407 8891
5 2099 4548 5659 8892
5 2542 3965 4910 8893
5 2121 2122 4870 8894
5 3327 5249 5424 8895
5 368 140 5089 8896
5 1796 1069 4845 8897
5 881 844 4720 8898
5 1229 1227 4944 8899
5 2865 2863 4899 8900
5 4467 2376 5309 8901
5 3531 745 5716 8902
5 621 2074 5011 8903
5 1292 3788 5697 8904
5 405 5013 5014 8905
5 3060 2883 4427 8906
5 2431 2182 4960 8907
5 21 1163 5720 8908
5 793 345 4876 8909
5 855 123 4141 8910
5 1885 2478 4658 8911
5 4346 4593 5726 8912
5 3106 4772 5006 8913
5 602 2295 4642 8914
5 4198 4187 5258 8915
5 342 794 4305 8916
5 4294 4009 5588 8917
5 1614 4063 5044 8918
5 675 673 4882 8919
5 2983 2088 5285 8920
5 2525 3395 5381 8921
5 4883 843 5582 8922
5 1523 1385 4896 8923
5 2597 4865 5054 8924
5 2156 2278 2782 8925
5 1739 1408 4639 8926
5 1024 1028 5640 8927
5 4607 2348 5074 8928
5 3314 3722 5795 8929
5 4226 4225 5028 8930
5 426 4001 5281 8931
5 2125 2155 2156 8932
5 1478 1476 5587 8933
5 744 772 5535 8934
5 3193 4024 5224 8935
5 2237 2308 2604 8936
5 4440 530 5033 8937
5 4669 2621 5040 8938
5 840 838 4704 8939
5 3979 2633 5452 8940
5 1880 3298 4736 8941
5 2876 2874 4506 8942
5 1711 4368 5356 8943
5 1574 18 4390 8944
5 401 173 5025 8945
5 5009 1965 5120 8946
5 2729 4076 5394 8947
5 2693 2690 4782 8948
5 3657 4742 5161 8949
5 1175 1550 4822 8950
5 2332 2607 4571 8951
5 901 196 3959 8952
5 1791 878 4705 8953
5 4530 3311 5364 8954
5 4034 3186 5704 8955
5 2256 5069 5789 8956
5 3993 2912 5205 8957
5 386 601 4407 8958
5 1549 1880 4736 8959
5 2154 2151 4992 8960
5 4821 2292 4822 8961
5 2100 2363 4878 8962
5 1500 1336 4071 8963
5 3945 4333 4929 8964
5 3307 3310 5344 8965
5 2327 2955 4814 8966
5 4265 335 4373 8967
5 1347 5276 5538 8968
5 2904 2880 2905 8969
5 4621 1141 4695 8970
5 3613 4571 5446 8971
5 4208 299 4521 8972
5 1192 1195 1257 8973
5 1722 1860 1861 8974
5 2309 2940 5280 8975
5 1440 2725 2726 8976
5 3196 4341 5125 8977
5 4452 4047 5020 8978
5 844 842 4720 8979
5 3782 2237 4933 8980
5 4630 1723 5514 8981
5 518 1876 4676 8982
5 4585 2293 5271 8983
5 339 1632 4284 8984
5 194 542 3961 8985
5 5498 2951 5581 8986
5 3210 3567 4969 8987
5 3683 2802 4954 8988
5 2035 2551 3185 8989
5 4925 3048 5686 8990
5 423 242 5200 8991
5 4914 2956 5052 8992
5 4262 332 4372 8993
5 541 602 4642 8994
5 1189 1190 1192 8995
5 1365 1253 5151 8996
5 3076 4123 4964 8997
5 3489 4423 4883 8998
5 876 923 4705 8999
5 2581 4022 5696 9000
5 3251 4444 4836 9001
5 4147 2938 5600 9002
5 419 219 5186 9003
5 4108 4109 4979 9004
5 3135 4983 5363 9005
5 788 312 5337 9006
5 2010 2386 2429 9007
5 1358 1356 4783 9008
5 514 511 5247 9009
5 2827 4858 4995 9010
5 4999 2988 5391 9011
5 1440 1438 2725 9012
5 3698 3699 5048 9013
5 4808 3248 5609 9014
5 1929 1926 5111 9015
5 3247 4486 5451 9016
5 3018 2211 4432 9017
5 348 77 806 9018
5 3025 3404 5220 9019
5 5114 5553 5815 9020
5 395 585 4393 9021
5 1507 2223 4679 9022
5 1251 1494 5171 9023
5 1814 1893 4980 9024
5 3330 3808 5730 9025
5 601 158 4422 9026
5 2817 4142 5153 9027
5 4362 4363 4364 9028
5 1231 1229 4976 9029
5 2901 4218 4415 9030
5 2743 3865 5684 9031
5 402 586 4382 9032
5 4644 849 4688 9033
5 1403 1406 5162 9034
5 2133 2134 4886 9035
5 1146 1143 4621 9036
5 4175 2068 4728 9037
5 2964 5010 5491 9038
5 901 3960 4968 9039
5 5665 1445 5721 9040
5 137 1458 4391 9041
5 4613 3502 4826 9042
5 4136 4137 4961 9043
5 858 853 4750 9044
5 838 846 4704 9045
5 1707 1870 2237 9046
5 343 1621 4885 9047
5 3799 3804 5471 9048
5 3265 1183 3491 9049
5 4588 4587 4848 9050
5 247 427 5230 9051
5 1799 840 4704 9052
5 2329 3670 5212 9053
5 1264 1291 5497 9054
5 78 348 4799 9055
5 2349 2079 4648 9056
5 3812 3848 5132 9057
5 4381 4705 5315 9058
5 1093 1090 4830 9059
5 2470 5065 5082 9060
5 1140 1731 4695 9061
5 625 1285 4927 9062
5 4891 2209 5431 9063
5 2168 2166 2169 9064
5 4523 1245 4635 9065
5 3894 2801 4796 9066
5 1616 2304 4775 9067
5 1611 4265 4721 9068
5 2941 4406 5218 9069
5 4191 787 5695 9070
5 3128 4802 5062 9071
5 320 524 5140 9072
5 2894 2248 5068 9073
5 618 403 4965 9074
5 4032 10 4691 9075
5 2782 2278 2783 9076
5 4416 136 4428 9077
5 2275 4311 5797 9078
5 5029 3828 5507 9079
5 4135 3256 5204 9080
5 4850 2783 5303 9081
5 3455 2099 5659 9082
5 4317 50 5140 9083
5 3903 3230 5706 9084
5 138 1649 4402 9085
5 4617 3468 5131 9086
5 3848 3049 5132 9087
5 4123 4124 4964 9088
5 2607 2608 5408 9089
5 1329 1395 5107 9090
5 1787 1784 2684 9091
5 2959 1938 4833 9092
5 2866 3101 5108 9093
5 1947 2494 4703 9094
5 618 4156 5484 9095
5 3047 3913 5602 9096
5 2137 2139 2188 9097
5 1418 4284 4613 9098
5 1747 661 5401 9099
5 1919 2009 4641 9100
5 4311 1864 5797 9101
5 1750 1996 2035 9102
5 2134 2137 4886 9103
5 3024 2353 5122 9104
5 1074 1076 4538 9105
5 4792 3295 5649 9106
5 2051 2926 2927 9107
5 2906 5236 5539 9108
5 4075 4462 4970 9109
5 4362 1994 4363 9110
5 4063 1614 5603 9111
5 977 967 4793 9112
5 4611 2706 5191 9113
5 3936 3068 4877 9114
5 35 789 5603 9115
5 2283 4178 4923 9116
5 41 1633 5337 9117
5 3267 4727 5713 9118
5 5066 3511 5199 9119
5 3469 5052 5386 9120
5 4993 2986 5313 9121
5 4842 4441 4910 9122
5 1103 1133 5504 9123
5 2215 2217 2218 9124
5 3663 2051 4829 9125
5 5287 3385 5678 9126
5 3671 1378 5395 9127
5 2156 2155 2278 9128
5 3291 3627 5339 9129
5 1187 1188 1189 9130
5 4800 3958 5149 9131
5 3054 4249 5402 9132
5 3063 3374 5285 9133
5 4430 4145 5100 9134
5 5002 1816 5474 9135
5 1483 1486 4755 9136
5 910 862 4780 9137
5 739 680 5635 9138
5 2304 4753 4775 9139
5 4217 3240 4971 9140
5 2710 2979 4760 9141
5 3176 3174 3375 9142
5 4066 1352 5156 9143
5 328 4278 4388 9144
5 1840 945 4757 9145
5 1457 135 4308 9146
5 3595 3950 5519 9147
5 4382 3747 4965 9148
5 168 4393 4514 9149
5 2463 2180 4694 9150
5 3705 4005 5788 9151
5 2155 2126 4675 9152
5 139 610 4411 9153
5 4600 3676 5351 9154
5 4290 587 4291 9155
5 522 16 4151 9156
5 4789 1440 5701 9157
5 648 646 5003 9158
5 2122 2125 4870 9159
5 4014 2946 5653 9160
5 363 1457 4428 9161
5 811 810 5059 9162
5 2222 2221 4709 9163
5 1352 1287 4595 9164
5 2188 2189 2993 9165
5 109 108 5268 9166
5 4734 2019 4972 9167
5 842 1799 4720 9168
5 1796 4991 5641 9169
5 794 4343 4846 9170
5 614 885 5598 9171
5 1356 1659 4783 9172
5 3077 2742 4937 9173
5 2995 2701 5330 9174
5 4764 2982 5121 9175
5 2126 2128 4675 9176
5 3632 4987 5800 9177
5 1410 1764 4639 9178
5 2295 604 4745 9179
5 2801 3243 4796 9180
5 5601 1806 5747 9181
5 3461 3905 5674 9182
5 2476 3200 4790 9183
5 2070 4831 5438 9184
5 4314 4074 4851 9185
5 5026 3611 5752 9186
5 4687 252 5573 9187
5 279 443 5221 9188
5 5178 3259 5762 9189
5 3059 4955 5207 9190
5 2433 3214 4648 9191
5 2830 4654 5129 9192
5 336 1611 5063 9193
5 1535 1491 4529 9194
5 862 860 4780 9195
5 1649 365 4391 9196
5 1458 364 4416 9197
5 4422 385 4464 9198
5 2762 2764 5022 9199
5 43 1617 5421 9200
5 1761 4485 5213 9201
5 4888 3274 5349 9202
5 441 4307 5679 9203
5 1998 559 5094 9204
5 4763 2905 4924 9205
5 4854 1315 5042 9206
5 1934 1636 4708 9207
5 2267 2169 3036 9208
5 1028 1027 1062 9209
5 5185 2516 5494 9210
5 3916 4252 5615 9211
5 181 408 5087 9212
5 4663 4934 5509 9213
5 2822 2820 4953 9214
5 4461 4134 4943 9215
5 1028 1062 1063 9216
5 610 366 4402 9217
5 2376 2366 5309 9218
5 2195 4492 5605 9219
5 787 38 5203 9220
5 3047 3046 5291 9221
5 3089 3720 5340 9222
5 910 4780 4781 9223
5 4594 4643 4698 9224
5 604 606 4745 9225
5 2974 3647 5289 9226
5 3209 3207 5393 9227
5 175 4382 4965 9228
5 1315 1313 5042 9229
5 5456 2310 5602 9230
5 4441 2542 4910 9231
5 923 874 4880 9232
5 4832 2929 4987 9233
5 4858 3623 4995 9234
5 918 821 4785 9235
5 4041 4430 5100 9236
5 4256 4255 5564 9237
5 224 415 5320 9238
5 4909 5141 5589 9239
5 736 738 5148 9240
5 864 910 4744 9241
5 1816 1814 4980 9242
5 50 320 5140 9243
5 1445 3819 5721 9244
5 3102 3601 5238 9245
5 3798 3512 5066 9246
5 2188 2139 2189 9247
5 3104 4333 4935 9248
5 2052 4441 4842 9249
5 3697 3951 5663 9250
5 1614 306 5603 9251
5 2993 2189 2994 9252
5 2604 2308 3393 9253
5 853 868 4750 9254
5 2638 2640 5798 9255
5 623 621 5011 9256
5 821 818 4785 9257
5 4015 3044 4972 9258
5 3207 3053 5261 9259
5 2923 2922 5313 9260
5 2598 2597 5054 9261
5 3840 3054 5402 9262
5 1692 1483 4755 9263
5 4073 4656 5038 9264
5 576 1064 5194 9265
5 1108 1095 4786 9266
5 2929 3282 4987 9267
5 1867 832 4707 9268
5 4615 2349 4946 9269
5 3046 2256 5277 9270
5 1707 1555 1870 9271
5 4817 2806 5232 9272
5 1873 2476 4790 9273
5 1293 1296 5414 9274
5 846 836 4875 9275
5 1380 1922 5199 9276
5 3046 4553 5291 9277
5 141 368 5145 9278
5 785 783 5550 9279
5 2496 2192 5723 9280
5 2098 1104 4729 9281
5 5043 2923 5313 9282
5 3107 3106 5006 9283
5 2111 2113 4742 9284
5 2203 1912 5213 9285
5 3271 5552 5698 9286
5 1027 1023 1044 9287
5 2081 5088 5409 9288
5 1860 2486 2487 9289
5 4282 4281 5405 9290
5 1229 4944 4976 9291
5 2159 2170 2172 9292
5 1417 1608 5760 9293
5 2174 2290 3371 9294
5 2115 2118 4746 9295
5 1823 4750 4751 9296
5 2237 1870 2308 9297
5 4867 5098 5527 9298
5 2807 4731 5254 9299
5 5088 5118 5409 9300
5 4025 5087 5730 9301
5 4470 275 5437 9302
5 3858 1292 5697 9303
5 2706 2708 5191 9304
5 1063 1062 4752 9305
5 1551 1549 4736 9306
5 176 618 5484 9307
5 1185 1186 1187 9308
5 2495 2360 5174 9309
5 1169 3933 5422 9310
5 134 361 1459 9311
5 1620 346 4509 9312
5 2918 2916 5029 9313
5 157 567 4464 9314
5 4554 2496 5723 9315
5 2247 1745 5557 9316
5 531 337 4526 9317
5 4341 1683 5125 9318
5 1086 1081 4807 9319
5 4426 2013 4901 9320
5 113 1470 5184 9321
5 4332 546 5706 9322
5 1199 1182 4743 9323
5 2203 4014 5653 9324
5 581 583 1590 9325
5 3402 3918 5677 9326
5 4667 1816 5002 9327
5 1637 404 5484 9328
5 1631 1532 5548 9329
5 4656 2914 5038 9330
5 529 795 4950 9331
5 2743 2387 4714 9332
5 968 3217 5590 9333
5 3857 3509 5746 9334
5 2214 2215 4565 9335
5 866 864 4744 9336
5 1169 314 5421 9337
5 4378 3218 5590 9338
5 4526 66 5063 9339
5 555 946 5112 9340
5 4643 2312 4698 9341
5 4027 3555 5267 9342
5 2340 3316 4776 9343
5 1249 1151 4894 9344
5 1916 4261 4952 9345
5 160 568 5201 9346
5 1258 1036 4784 9347
5 791 785 5802 9348
5 4360 4358 4362 9349
5 1653 367 4411 9350
5 3728 3729 5324 9351
5 1061 979 4824 9352
5 2382 2380 5332 9353
5 4689 2911 5035 9354
5 2813 4636 5274 9355
5 1207 1093 4830 9356
5 3185 2551 4029 9357
5 2854 2303 4776 9358
5 4654 434 5129 9359
5 836 834 4875 9360
5 932 951 1185 9361
5 1113 1111 4809 9362
5 2097 3455 5359 9363
5 4225 2981 5028 9364
5 1750 1706 1996 9365
5 3298 5342 5547 9366
5 2913 3293 5012 9367
5 521 4335 4889 9368
5 5276 3242 5406 9369
5 4872 3101 5238 9370
5 3011 3203 5336 9371
5 3474 1184 4185 9372
5 4212 3461 5674 9373
5 1648 1541 5502 9374
5 2977 2976 3492 9375
5 4128 3092 4975 9376
5 3976 3385 5287 9377
5 2849 5154 5430 9378
5 110 2454 3700 9379
5 2547 2911 5034 9380
5 3154 3152 4834 9381
5 4737 3165 5266 9382
5 2301 2452 2619 9383
5 2827 4189 4858 9384
5 1690 4748 5630 9385
5 1537 4604 4737 9386
5 462 4872 5238 9387
5 1431 1429 4813 9388
5 5218 4406 5648 9389
5 2863 2861 5057 9390
5 4438 1634 5029 9391
5 2015 4073 5038 9392
5 1922 4773 5066 9393
5 1079 1077 5024 9394
5 2269 4764 5121 9395
5 4484 4518 5416 9396
5 4487 27 4659 9397
5 617 396 4514 9398
5 326 525 4547 9399
5 420 283 5398 9400
5 3399 3830 5556 9401
5 1722 1721 1860 9402
5 4253 2939 4990 9403
5 1517 3715 5796 9404
5 28 533 4521 9405
5 4413 2687 4739 9406
5 4197 388 5201 9407
5 3162 3160 5474 9408
5 3022 2990 5306 9409
5 3282 3281 5464 9410
5 5131 3468 5566 9411
5 5386 2002 5778 9412
5 388 160 5201 9413
5 4140 3534 5690 9414
5 4009 4319 5588 9415
5 458 459 5458 9416
5 3588 3893 4984 9417
5 1662 4128 4975 9418
5 4618 612 5692 9419
5 76 1620 4421 9420
5 1191 4029 5070 9421
5 1368 1061 4824 9422
5 4901 2973 4978 9423
5 3147 2811 4849 9424
5 3201 3358 4989 9425
5 1823 858 4750 9426
5 4953 464 5243 9427
5 874 872 4880 9428
5 4282 4716 5549 9429
5 533 298 4487 9430
5 760 3591 5579 9431
5 585 4398 4399 9432
5 2308 3130 4892 9433
5 17 522 4390 9434
5 4370 2266 4932 9435
5 2084 2086 4777 9436
5 2140 2142 5050 9437
5 4383 3381 5651 9438
5 567 384 4512 9439
5 532 4569 4570 9440
5 64 532 4373 9441
5 4033 3112 5074 9442
5 2994 3431 4756 9443
5 542 4190 5545 9444
5 4636 2813 5167 9445
5 1036 1840 4784 9446
5 4473 2207 4903 9447
5 2914 2524 5197 9448
5 2730 4700 5569 9449
5 1453 1455 4825 9450
5 2225 2848 5217 9451
5 5034 2103 5503 9452
5 4189 4507 4858 9453
5 5136 1591 5777 9454
5 818 4010 4785 9455
5 1295 1294 5126 9456
5 1201 1722 5759 9457
5 1459 4909 5589 9458
5 3949 4159 5206 9459
5 1908 4682 5012 9460
5 38 308 5203 9461
5 2611 4330 5671 9462
5 54 1442 5533 9463
5 4152 1487 5631 9464
5 2198 2355 4871 9465
5 3438 823 5465 9466
5 3355 3354 5629 9467
5 4901 2013 4943 9468
5 1828 1118 4864 9469
5 3537 4821 5468 9470
5 2290 2175 4724 9471
5 3772 2948 5211 9472
5 378 150 5115 9473
5 4899 2863 5057 9474
5 4678 3493 5656 9475
5 5307 1980 5765 9476
5 1749 1358 4783 9477
5 2715 2714 2716 9478
5 2713 1903 2714 9479
5 1117 1113 4809 9480
5 1993 1990 1995 9481
5 2237 2604 4933 9482
5 3073 2716 3075 9483
5 3783 1445 5665 9484
5 1067 1712 4845 9485
5 4134 1711 5310 9486
5 4815 2827 4995 9487
5 532 334 4569 9488
5 2035 1996 2551 9489
5 3012 2547 5034 9490
5 4401 2063 4945 9491
5 2175 2177 4724 9492
5 1782 1949 4837 9493
5 2303 2224 4776 9494
5 169 617 4574 9495
5 4067 1191 5070 9496
5 3920 2240 5030 9497
5 1095 1207 4786 9498
5 3913 3552 5602 9499
5 4215 4214 5756 9500
5 3918 715 5677 9501
5 4407 601 4661 9502
5 3059 2800 4685 9503
5 3558 4562 5643 9504
5 5032 1131 5466 9505
5 5420 5190 5577 9506
5 2924 2693 4782 9507
5 2240 3938 5030 9508
5 1071 1796 4862 9509
5 3585 4495 4852 9510
5 1925 1843 4030 9511
5 3589 2704 5076 9512
5 14 1522 4251 9513
5 2728 4533 5369 9514
5 1734 1732 5143 9515
5 156 1684 4512 9516
5 1924 4431 5742 9517
5 3815 3116 3816 9518
5 933 863 5295 9519
5 1805 1566 4928 9520
5 4705 923 5315 9521
5 1991 2568 5269 9522
5 2047 2634 4977 9523
5 750 754 5250 9524
5 2224 2340 4776 9525
5 2365 1873 4790 9526
5 3196 4979 5476 9527
5 2978 2980 5080 9528
5 3519 4334 4407 9529
5 545 4384 5757 9530
5 2926 1985 5111 9531
5 4207 4077 5078 9532
5 2685 2490 4877 9533
5 61 530 4372 9534
5 3851 3850 5160 9535
5 2248 2502 5068 9536
5 456 453 5245 9537
5 2321 3279 4837 9538
5 3113 3114 5001 9539
5 3959 195 3961 9540
5 3347 4499 5517 9541
5 3212 4853 5560 9542
5 3232 5627 5676 9543
5 3103 3104 5358 9544
5 3110 2829 5129 9545
5 1129 1125 5615 9546
5 3864 3624 5809 9547
5 3866 3211 5584 9548
5 361 133 4909 9549
5 4055 3391 5480 9550
5 3070 3069 5079 9551
5 2132 2115 4746 9552
5 2312 2090 4698 9553
5 3599 4672 5485 9554
5 3040 4060 5794 9555
5 3007 3280 5683 9556
5 3206 3969 5583 9557
5 860 1823 4780 9558
5 3567 3209 5562 9559
5 872 4246 4880 9560
5 3936 2283 4923 9561
5 4861 2751 5464 9562
5 2347 4474 4925 9563
5 1821 1431 4813 9564
5 3098 4575 5216 9565
5 349 78 1730 9566
5 1475 1477 4898 9567
5 3312 2336 5211 9568
5 1686 2073 4993 9569
5 2254 4268 5114 9570
5 3845 4485 4713 9571
5 3044 4734 4972 9572
5 595 597 1910 9573
5 2911 4689 5034 9574
5 4279 3128 5062 9575
5 3780 4917 5708 9576
5 1546 1173 5000 9577
5 2187 977 4793 9578
5 1247 1249 4839 9579
5 1912 1760 5213 9580
5 3538 3881 4997 9581
5 2275 2231 5645 9582
5 2814 3668 5651 9583
5 464 461 5243 9584
5 4564 1414 5323 9585
5 1666 142 4531 9586
5 3897 3896 5368 9587
5 2353 2954 5122 9588
5 3013 2463 4694 9589
5 5209 3221 5638 9590
5 55 325 5208 9591
5 4757 2965 5366 9592
5 3286 3318 5332 9593
5 3026 2853 4840 9594
5 4729 3886 5338 9595
5 901 3959 3960 9596
5 3284 4566 5155 9597
5 3069 3719 5152 9598
5 2457 2458 2460 9599
5 2233 1189 4890 9600
5 2787 4800 5149 9601
5 2726 2725 3500 9602
5 369 613 4531 9603
5 1877 1544 5016 9604
5 4138 3331 5599 9605
5 4550 2808 5099 9606
5 3068 3936 4923 9607
5 598 400 4516 9608
5 338 67 5169 9609
5 4052 1552 5329 9610
5 1111 4455 4809 9611
5 4890 1557 5136 9612
5 1118 1115 4864 9613
5 4595 1256 4596 9614
5 1083 1079 5024 9615
5 3731 3761 5670 9616
5 1529 4331 5753 9617
5 4538 4539 5024 9618
5 1030 11 4032 9619
5 857 2713 5240 9620
5 2379 3006 5157 9621
5 511 509 5247 9622
5 273 1 5298 9623
5 3549 3793 5532 9624
5 2013 4461 4943 9625
5 4896 1353 5265 9626
5 308 4857 5203 9627
5 2880 2878 4924 9628
5 2938 4035 5600 9629
5 1678 1317 5734 9630
5 1684 383 4549 9631
5 140 1653 5089 9632
5 2128 2133 4675 9633
5 1243 5340 5619 9634
5 2618 3476 4906 9635
5 3184 3712 4931 9636
5 5068 2502 5729 9637
5 3328 2323 4814 9638
5 79 349 4823 9639
5 4797 2815 5633 9640
5 1796 4845 4991 9641
5 3015 2194 5531 9642
5 1081 1083 4807 9643
5 1493 1962 5053 9644
5 3372 4898 5580 9645
5 4163 4585 5271 9646
5 1522 13 4394 9647
5 1403 5162 5508 9648
5 732 734 5483 9649
5 4026 2934 5072 9650
5 2548 4142 5521 9651
5 1864 4311 5528 9652
5 1519 4832 4987 9653
5 3092 3093 4975 9654
5 1355 1247 4839 9655
5 4147 3849 5260 9656
5 3091 2985 5002 9657
5 2760 2762 5172 9658
5 5267 1956 5722 9659
5 173 598 5025 9660
5 1429 1718 4813 9661
5 290 291 5325 9662
5 4305 3859 5354 9663
5 5100 3269 5378 9664
5 3732 3731 5670 9665
5 4411 610 4888 9666
5 1249 4588 5668 9667
5 979 2187 4824 9668
5 4518 4580 5416 9669
5 3367 3010 5310 9670
5 4774 2416 5475 9671
5 5090 3143 5531 9672
5 436 210 5758 9673
5 440 233 5682 9674
5 4391 1458 4392 9675
5 3371 4844 5119 9676
5 2802 4535 4954 9677
5 222 223 5524 9678
5 4145 3269 5100 9679
5 443 280 5715 9680
5 5112 946 5506 9681
5 430 4324 5294 9682
5 172 1676 4516 9683
5 4114 4854 5042 9684
5 2963 2964 5491 9685
5 1383 4245 5007 9686
5 4185 3671 5395 9687
5 3749 2616 5617 9688
5 834 1867 4875 9689
5 5209 5638 5735 9690
5 4722 2997 5709 9691
5 3940 3290 5570 9692
5 4206 2957 4891 9693
5 3789 5601 5747 9694
5 855 4141 5008 9695
5 3582 4317 5140 9696
5 2364 4560 4804 9697
5 1679 143 4555 9698
5 533 4487 4488 9699
5 213 214 5343 9700
5 4190 3142 5545 9701
5 4699 3897 5257 9702
5 408 616 5087 9703
5 2817 3061 5046 9704
5 3018 4594 5585 9705
5 3019 3241 5443 9706
5 1714 397 4574 9707
5 908 907 4926 9708
5 520 58 4388 9709
5 155 1725 4549 9710
5 370 1666 4555 9711
5 2725 4761 5462 9712
5 1335 1063 4752 9713
5 1797 1598 4893 9714
5 2682 3986 5678 9715
5 3973 3037 5259 9716
5 4301 421 5300 9717
5 2294 4658 5318 9718
5 3040 2787 5149 9719
5 4758 3072 4981 9720
5 2853 2854 4840 9721
5 2874 2431 4960 9722
5 312 41 5337 9723
5 3544 3542 5748 9724
5 586 174 5371 9725
5 1065 908 4926 9726
5 4421 1620 4951 9727
5 5398 4282 5405 9728
5 1115 1117 4864 9729
5 2049 2953 5412 9730
5 2846 3268 5138 9731
5 4672 5090 5485 9732
5 746 4426 4978 9733
5 2367 2369 5257 9734
5 3107 5006 5219 9735
5 3336 4449 5500 9736
5 1362 4617 5131 9737
5 3199 3198 5212 9738
5 801 799 5189 9739
5 4512 1684 4513 9740
5 1180 1366 5204 9741
5 4961 4137 5300 9742
5 4587 2496 4848 9743
5 3473 3474 4634 9744
5 5157 3286 5332 9745
5 2069 2659 5781 9746
5 67 531 5169 9747
5 2056 3944 5177 9748
5 3879 4664 5415 9749
5 3115 2566 5188 9750
5 2118 2121 4746 9751
5 755 4452 5020 9752
5 2762 5022 5172 9753
5 5009 2662 5431 9754
5 2113 2132 4742 9755
5 5249 2205 5424 9756
5 4057 1485 4081 9757
5 5059 3805 5687 9758
5 2509 4147 5260 9759
5 4159 2989 5206 9760
5 2145 3563 5270 9761
5 4048 1980 5307 9762
5 1400 4854 5109 9763
5 2125 2156 4870 9764
5 1904 5226 5806 9765
5 4465 4052 5329 9766
5 4960 2182 5436 9767
5 1864 1699 5797 9768
5 5027 748 5110 9769
5 4645 2442 5255 9770
5 3986 3612 5678 9771
5 4992 2151 5783 9772
5 1497 4645 4735 9773
5 3951 5003 5663 9774
5 559 561 5094 9775
5 4574 617 4575 9776
5 3994 1464 4847 9777
5 2922 4993 5313 9778
5 4018 3446 5308 9779
5 2745 2534 5283 9780
5 3714 3221 5209 9781
5 4177 3987 5660 9782
5 613 141 5145 9783
5 4831 3329 5438 9784
5 3003 4740 5175 9785
5 4563 1588 4866 9786
5 2568 3347 3378 9787
5 3987 3964 5660 9788
5 4196 521 5685 9789
5 5236 3815 5539 9790
5 5296 1013 5593 9791
5 2518 2384 5301 9792
5 3649 2978 5080 9793
5 2266 4795 5592 9794
5 3962 3041 5794 9795
5 1077 4538 5024 9796
5 4897 2963 5491 9797
5 9 8 1029 9798
5 3995 3489 5582 9799
5 2464 2465 5348 9800
5 353 103 3337 9801
5 4122 3851 5784 9802
5 3436 4365 5618 9803
5 3652 4713 5023 9804
5 60 1698 5033 9805
5 4533 3967 5369 9806
5 174 401 5371 9807
5 525 55 5208 9808
5 4697 4991 5182 9809
5 2934 4522 5072 9810
5 1502 1500 4911 9811
5 2137 2188 4886 9812
5 2460 2461 2587 9813
5 115 2451 4984 9814
5 4594 2949 4643 9815
5 530 331 5033 9816
5 4462 4367 4970 9817
5 611 144 4584 9818
5 4367 2048 4970 9819
5 4609 2733 5196 9820
5 4627 2470 5082 9821
5 170 1714 4623 9822
5 5062 2337 5396 9823
5 4482 4277 5311 9824
5 705 707 5751 9825
5 1460 1462 4912 9826
5 4127 3113 4947 9827
5 2454 109 5268 9828
5 2943 2941 5218 9829
5 1069 1067 4845 9830
5 1457 4308 4309 9831
5 371 1679 4584 9832
5 2470 4590 5065 9833
5 1371 1251 5171 9834
5 1571 1362 5131 9835
5 4029 2551 4933 9836
5 2360 2892 5174 9837
5 1725 382 4592 9838
5 4854 4114 5109 9839
5 3584 3585 4852 9840
5 5128 3454 5457 9841
5 3299 4506 4960 9842
5 4007 3535 5703 9843
5 275 276 5437 9844
5 2388 3054 5130 9845
5 3264 3032 5248 9846
5 1845 1877 5299 9847
5 1416 1446 5323 9848
5 1465 1468 4904 9849
5 4298 4227 5782 9850
5 3112 4062 5637 9851
5 2477 4267 5052 9852
5 2490 3936 4877 9853
5 1592 1341 5311 9854
5 3449 3647 5754 9855
5 4991 3948 5641 9856
5 2193 2310 5456 9857
5 1073 1071 4862 9858
5 87 86 5519 9859
5 1378 3812 5132 9860
5 5514 3146 5578 9861
5 2276 2974 5164 9862
5 3418 4860 5433 9863
5 4286 1444 5015 9864
5 1941 1942 5786 9865
5 1471 1475 4939 9866
5 5236 2906 5538 9867
5 2811 3912 4849 9868
5 4787 4453 5073 9869
5 3789 3401 5601 9870
5 2662 2587 5431 9871
5 3072 2084 4777 9872
5 4518 1676 4580 9873
5 2783 2278 4817 9874
5 3536 3537 5468 9875
5 458 5458 5812 9876
5 5017 4443 5379 9877
5 4939 3372 5376 9878
5 4494 3585 5814 9879
5 2161 5179 5688 9880
5 22 21 5720 9881
5 347 4421 4677 9882
5 4920 693 5710 9883
5 4555 1666 4853 9884
5 329 520 4884 9885
5 1378 5132 5395 9886
5 595 1910 5036 9887
5 2166 2154 4992 9888
5 4841 4248 5094 9889
5 3009 4905 5365 9890
5 2486 1721 4743 9891
5 3080 3083 5179 9892
5 4516 1676 4517 9893
5 3723 2984 5297 9894
5 1379 4759 5734 9895
5 4612 3644 5536 9896
5 868 4644 5047 9897
5 1676 399 4580 9898
5 4304 4774 5475 9899
5 2358 2392 5322 9900
5 3924 3149 5558 9901
5 4593 1892 5726 9902
5 1045 3991 5736 9903
5 154 569 4592 9904
5 3747 2851 5672 9905
5 1691 145 4603 9906
5 3010 4901 4943 9907
5 3899 3857 5746 9908
5 3906 1488 5654 9909
5 1732 2898 5143 9910
5 3466 3081 5021 9911
5 1151 1146 4894 9912
5 1353 1278 5265 9913
5 372 611 4603 9914
5 2994 4756 5284 9915
5 4739 2685 4877 9916
5 2904 2905 5551 9917
5 4983 2619 5117 9918
5 1818 1734 5069 9919
5 2655 3496 5807 9920
5 2051 1985 2926 9921
5 1347 201 5477 9922
5 1724 1047 5604 9923
5 314 43 5421 9924
5 1949 2321 4837 9925
5 3139 4552 5328 9926
5 4941 2904 5551 9927
5 3475 5053 5192 9928
5 2684 4789 5701 9929
5 3027 3443 5488 9930
5 3157 3154 4834 9931
5 3004 2070 5438 9932
5 2215 2218 4565 9933
5 4899 1648 5502 9934
5 4959 4188 5515 9935
5 5038 2914 5197 9936
5 4753 3122 4963 9937
5 330 59 5380 9938
5 3144 3146 5514 9939
5 4013 3338 4567 9940
5 3001 4165 5648 9941
5 4970 2048 5394 9942
5 2921 4835 4863 9943
5 2200 2198 4871 9944
5 2320 2671 5636 9945
5 3275 3276 5165 9946
5 1182 3739 4743 9947
5 708 712 5231 9948
5 4187 4188 5258 9949
5 225 226 5564 9950
5 2086 2312 4777 9951
5 2964 2782 4850 9952
5 3491 5413 5639 9953
5 2492 2825 5244 9954
5 108 1472 5268 9955
5 2044 905 5092 9956
5 2188 2993 4887 9957
5 2855 4619 5101 9958
5 3660 5487 5718 9959
5 2142 2159 5050 9960
5 252 253 5573 9961
5 4308 362 4747 9962
5 2177 2214 4724 9963
5 5030 3938 5031 9964
5 1406 1739 5162 9965
5 5329 1552 5771 9966
5 3938 2056 5177 9967
5 4771 1239 5493 9968
5 2813 4902 5167 9969
5 2194 4703 5090 9970
5 3104 4935 5358 9971
5 5052 2956 5386 9972
5 1455 1906 4825 9973
5 171 584 4580 9974
5 4033 5074 5075 9975
5 5540 3818 5541 9976
5 1901 1797 4893 9977
5 3977 3978 5597 9978
5 599 4208 5724 9979
5 3867 5241 5624 9980
5 1721 1199 4743 9981
5 5140 524 5707 9982
5 1576 4004 5455 9983
5 4902 805 4974 9984
5 2341 1861 5055 9985
5 2451 114 5184 9986
5 4881 3661 5315 9987
5 542 193 4563 9988
5 3036 3855 5166 9989
5 2819 3024 5110 9990
5 996 1013 5296 9991
5 2717 1903 5235 9992
5 1736 4272 5190 9993
5 918 4785 4900 9994
5 1701 146 4614 9995
5 5016 1749 5017 9996
5 4659 1049 4660 9997
5 2966 5163 5478 9998
5 231 232 5621 9999
5 3280 5422 5683 10000
5 5704 2565 5805 10001
5 4603 611 5583 10002
5 1239 4231 5493 10003
5 569 381 4616 10004
5 373 1691 4614 10005
5 2905 4763 5086 10006
5 4607 5074 5637 10007
5 1567 1874 5153 10008
5 2587 2588 2960 10009
5 357 129 5159 10010
5 3217 4810 5147 10011
5 4716 435 5549 10012
5 3179 2807 5254 10013
5 12 1030 4394 10014
5 584 398 4623 10015
5 4038 2961 5616 10016
5 3698 5048 5049 10017
5 2961 4038 4206 10018
5 1618 4015 5279 10019
5 1023 1021 5061 10020
5 5079 3069 5152 10021
5 2970 2276 5164 10022
5 3222 4606 5469 10023
5 2132 4746 4897 10024
5 2518 5301 5647 10025
5 4001 4002 5281 10026
5 2429 3732 5106 10027
5 3373 4636 5360 10028
5 4306 418 5586 10029
5 350 79 4974 10030
5 3911 1450 5417 10031
5 5063 1611 5642 10032
5 4376 4774 5745 10033
5 4081 2997 4722 10034
5 632 634 5543 10035
5 2232 1921 5154 10036
5 4947 3113 5001 10037
5 421 4961 5300 10038
5 3054 2743 5684 10039
5 4647 3538 4997 10040
5 3385 2682 5678 10041
5 4026 1833 5780 10042
5 4637 4339 5613 10043
5 3970 4564 5323 10044
5 153 1720 4616 10045
5 2956 1792 5386 10046
5 3442 4781 5370 10047
5 4903 2207 5299 10048
5 1599 5454 5772 10049
5 1357 5001 5607 10050
5 133 360 1834 10051
5 4886 2188 4887 10052
5 3165 4195 5266 10053
5 4674 3108 5137 10054
5 4429 3003 5175 10055
5 4661 3560 5492 10056
5 4133 2101 5673 10057
5 4575 3098 5328 10058
5 3194 2309 5280 10059
5 5422 4693 5683 10060
5 5074 2348 5075 10061
5 1704 4425 5355 10062
5 3584 3583 3585 10063
5 4767 441 5679 10064
5 1927 2362 5158 10065
5 1257 1567 4928 10066
5 3388 3386 5624 10067
5 3281 4861 5464 10068
5 297 1049 4659 10069
5 2848 4583 5263 10070
5 3999 2305 5714 10071
5 1736 5190 5420 10072
5 2985 4667 5002 10073
5 2209 5009 5431 10074
5 4807 1083 4998 10075
5 2502 1827 5566 10076
5 612 147 4626 10077
5 1183 3473 4634 10078
5 944 775 5655 10079
5 4389 2550 5176 10080
5 4345 2680 5214 10081
5 374 1701 4626 10082
5 5432 3341 5658 10083
5 579 581 4956 10084
5 907 3064 4926 10085
5 916 4423 5160 10086
5 80 350 805 10087
5 4833 1736 5420 10088
5 2918 5029 5507 10089
5 5177 3944 5785 10090
5 2587 2960 5431 10091
5 3226 3176 4985 10092
5 3867 2459 3972 10093
5 59 4884 5380 10094
5 2624 4473 5634 10095
5 2907 5539 5540 10096
5 1916 4027 5722 10097
5 2927 2926 2928 10098
5 1537 4737 5266 10099
5 3397 3398 5347 10100
5 2455 2457 2951 10101
5 5364 3363 5673 10102
5 4373 532 5150 10103
5 4671 2854 5711 10104
5 1189 1192 4890 10105
5 1173 924 5000 10106
5 4015 2638 5798 10107
5 182 544 4581 10108
5 4768 3282 5464 10109
5 4895 4306 5586 10110
5 4618 3383 5749 10111
5 3855 4992 5783 10112
5 2244 3920 5155 10113
5 404 176 5484 10114
5 946 1037 5506 10115
5 3610 5420 5577 10116
5 5031 3938 5177 10117
5 5088 3266 5442 10118
5 3299 4960 5436 10119
5 2782 2783 4850 10120
5 1588 4131 4866 10121
5 1787 2684 2856 10122
5 2544 2163 5273 10123
5 3500 2725 5462 10124
5 3158 5385 5445 10125
5 5257 3897 5368 10126
5 3327 5047 5249 10127
5 1859 1465 4904 10128
5 5273 2135 5689 10129
5 5295 865 5669 10130
5 3186 2441 5704 10131
5 1840 4757 5366 10132
5 4251 1522 4940 10133
5 532 4570 5150 10134
5 3933 4693 5422 10135
5 2437 3038 5326 10136
5 2738 3028 5795 10137
5 4927 1285 5064 10138
5 1720 380 4637 10139
5 2907 5540 5541 10140
5 4792 3870 5708 10141
5 1544 1360 5016 10142
5 4362 4358 5185 10143
5 2366 2537 5309 10144
5 1480 1543 5473 10145
5 1598 1600 4893 10146
5 306 35 5603 10147
5 1488 4557 5654 10148
5 3024 5027 5110 10149
5 1477 1481 4898 10150
5 561 4841 5094 10151
5 1719 148 4638 10152
5 1698 330 5380 10153
5 375 612 4638 10154
5 1146 4621 4894 10155
5 2132 4897 5161 10156
5 2460 2587 2662 10157
5 3066 4534 5181 10158
5 3132 4856 5359 10159
5 4035 454 5600 10160
5 3863 5067 5572 10161
5 4513 3085 5215 10162
5 4878 3070 5710 10163
5 1339 4482 5311 10164
5 3061 4415 5128 10165
5 2969 4936 5588 10166
5 2253 1941 5786 10167
5 368 5089 5145 10168
5 4507 2247 5081 10169
5 4572 2091 5702 10170
5 4568 2618 4906 10171
5 4028 1576 5455 10172
5 1600 1502 4911 10173
5 3114 5055 5657 10174
5 3320 5245 5608 10175
5 2098 4729 5338 10176
5 4738 2495 5516 10177
5 1352 4690 5156 10178
5 924 3999 5000 10179
5 3694 5008 5610 10180
5 3935 4067 5070 10181
5 4898 1481 5580 10182
5 661 659 5401 10183
5 4834 3152 5520 10184
5 3393 2308 4892 10185
5 1468 1473 4904 10186
5 3870 3780 5708 10187
5 152 1742 4637 10188
5 4426 4901 4978 10189
5 2207 1845 5299 10190
5 1414 1416 5323 10191
5 1462 1859 4912 10192
5 2905 2880 4924 10193
5 477 480 5434 10194
5 3505 4168 5620 10195
5 3434 4526 5063 10196
5 1607 1070 5427 10197
5 2205 4542 5424 10198
5 2701 3021 5330 10199
5 5025 598 5085 10200
5 3492 4164 5237 10201
5 3535 4175 5703 10202
5 4384 3668 5757 10203
5 4443 3488 5379 10204
5 1874 2817 5153 10205
5 1906 1460 4912 10206
5 2006 3949 5206 10207
5 1893 4550 5099 10208
5 1566 1257 4928 10209
5 3292 5243 5529 10210
5 2389 2471 5255 10211
5 2708 4760 5191 10212
5 1739 4860 5162 10213
5 2471 4735 5255 10214
5 4719 3424 5412 10215
5 2182 2144 5436 10216
5 5347 420 5405 10217
5 376 1719 4652 10218
5 1727 149 4652 10219
5 3806 3802 5499 10220
5 4795 4237 5592 10221
5 3263 3301 5516 10222
5 325 54 5533 10223
5 3522 3911 5417 10224
5 3867 3827 5241 10225
5 3621 3237 5728 10226
5 2824 3648 5546 10227
5 1147 1152 5739 10228
5 4751 4750 5341 10229
5 5048 4157 5049 10230
5 360 132 5060 10231
5 4324 4325 5787 10232
5 1360 1749 5016 10233
5 1473 1471 4939 10234
5 4665 3107 5219 10235
5 2643 2719 5403 10236
5 2878 2876 4988 10237
5 5209 442 5524 10238
5 3904 4589 5598 10239
5 2758 2778 5384 10240
5 1470 3584 3586 10241
5 2650 4708 5144 10242
5 4672 1332 5035 10243
5 3398 2518 5647 10244
5 4578 3705 5788 10245
5 3300 4201 5136 10246
5 3660 4881 5487 10247
5 1017 3854 4811 10248
5 4130 545 5561 10249
5 4506 2874 4960 10250
5 5103 3442 5662 10251
5 4744 910 5801 10252
5 4248 1864 5528 10253
5 3571 5330 5400 10254
5 4175 3871 5703 10255
5 4870 2963 5554 10256
5 4781 4780 5404 10257
5 1742 379 4662 10258
5 2945 4720 5513 10259
5 1470 3583 3584 10260
5 885 1202 5598 10261
5 5443 3241 5652 10262
5 4288 4868 5522 10263
5 5555 4254 5661 10264
5 3302 5103 5662 10265
5 3041 3040 5794 10266
5 4759 3745 5734 10267
5 3788 3067 5697 10268
5 401 5025 5371 10269
5 5396 2337 5638 10270
5 4751 3035 5404 10271
5 1994 4362 5185 10272
5 4304 4651 5745 10273
5 4681 420 5347 10274
5 3978 3976 5287 10275
5 3676 3678 5351 10276
5 1500 4071 4911 10277
5 4881 4880 5487 10278
5 4059 3320 5608 10279
5 2870 4429 5522 10280
5 3056 4787 5043 10281
5 5046 3061 5457 10282
5 3655 4197 5201 10283
5 3591 5065 5579 10284
5 3034 4751 5341 10285
5 3397 5347 5405 10286
5 2857 2856 5095 10287
5 4349 4350 4351 10288
5 4392 3183 5170 10289
5 151 566 4662 10290
5 2617 3746 5672 10291
5 4750 868 5341 10292
5 569 4616 5093 10293
5 3380 5202 5399 10294
5 106 354 2459 10295
5 600 4197 5133 10296
5 3741 4797 5633 10297
5 5553 2705 5815 10298
5 4723 2244 5155 10299
5 5499 3803 5626 10300
5 3052 4279 5396 10301
5 81 351 1835 10302
5 806 77 4677 10303
5 3762 4498 5575 10304
5 3246 5187 5680 10305
5 4365 3170 5618 10306
5 3097 4465 5329 10307
5 4498 3635 5575 10308
5 1832 1916 5722 10309
5 4311 3930 5528 10310
5 2987 2970 5317 10311
5 810 803 5353 10312
5 4788 3228 5226 10313
5 3021 3400 5400 10314
5 4442 2869 5808 10315
5 351 80 5039 10316
5 4227 4725 5782 10317
5 1341 1339 5311 10318
5 4351 4350 4352 10319
5 3511 3510 5548 10320
5 923 4881 5315 10321
5 3240 4028 5455 10322
5 4343 1639 5037 10323
5 4871 2355 5532 10324
5 3872 4196 5685 10325
5 2465 4254 5555 10326
5 4867 807 5098 10327
5 2993 2994 5284 10328
5 2724 4051 5488 10329
5 4269 2294 5318 10330
5 3189 4026 5780 10331
5 5277 2256 5789 10332
5 2210 5314 5732 10333
5 903 3785 5092 10334
5 4004 4971 5455 10335
5 3396 4846 5037 10336
5 1047 1040 5604 10337
5 1030 4032 5501 10338
5 2442 2389 5255 10339
5 1021 2612 5061 10340
5 4742 2132 5161 10341
5 4137 4605 5300 10342
5 1861 1860 5055 10343
5 4165 438 5648 10344
5 4830 1090 5770 10345
5 2572 2571 5511 10346
5 3403 2728 5369 10347
5 3206 4556 5584 10348
5 1125 1123 5615 10349
5 5103 4744 5801 10350
5 4711 3074 4948 10351
5 5189 824 5471 10352
5 905 903 5092 10353
5 2487 3620 5246 10354
5 4752 1062 5339 10355
5 3742 1024 5640 10356
5 1463 4756 5606 10357
5 4782 4152 5631 10358
5 3293 3292 5529 10359
5 2169 2166 4992 10360
5 4989 2359 5312 10361
5 4781 3442 5801 10362
5 3201 4989 5312 10363
5 4385 4712 5264 10364
5 4131 4130 5561 10365
5 4688 2205 5249 10366
5 4353 4359 4365 10367
5 4798 3522 5417 10368
5 4846 4343 5037 10369
5 3612 5287 5678 10370
5 4473 3486 5634 10371
5 4339 3465 5613 10372
5 3469 5386 5778 10373
5 566 378 5115 10374
5 4928 1567 5153 10375
5 3179 5254 5628 10376
5 2793 2666 5523 10377
5 4695 2947 5293 10378
5 4812 3063 5285 10379
5 3915 4973 5123 10380
5 3010 4943 5310 10381
5 3443 2918 5507 10382
5 2777 2754 5576 10383
5 2568 3378 5269 10384
5 4254 4256 5661 10385
5 971 4467 5461 10386
5 4002 4969 5758 10387
5 3607 4488 5361 10388
5 4715 3056 5466 10389
5 3426 4842 4910 10390
5 4494 2962 4495 10391
5 1835 5039 5527 10392
5 1281 2868 5442 10393
5 4943 4134 5310 10394
5 4562 1728 5643 10395
5 4994 2887 5769 10396
5 4447 3360 5510 10397
5 4778 3882 5542 10398
5 2970 5164 5317 10399
5 4268 4269 5553 10400
5 1959 579 4956 10401
5 2362 3380 5399 10402
5 2657 3807 5699 10403
5 3552 5456 5602 10404
5 4858 4507 5081 10405
5 5208 325 5533 10406
5 4918 616 5479 10407
5 3279 3328 5319 10408
5 3503 3201 5312 10409
5 2255 3845 5392 10410
5 4780 1823 5404 10411
5 2217 2301 4982 10412
5 5040 2437 5326 10413
5 2091 1597 5702 10414
5 3039 4519 5439 10415
5 5074 3112 5637 10416
5 4331 3514 5753 10417
5 5537 2906 5539 10418
5 2218 2217 4982 10419
5 2159 2172 5050 10420
5 2825 4855 5180 10421
5 1980 4186 5765 10422
5 1157 1403 5508 10423
5 2876 4506 4988 10424
5 1860 2487 5055 10425
5 2174 3371 5119 10426
5 3117 3814 5276 10427
5 1631 5548 5779 10428
5 3056 2987 5466 10429
5 4022 4687 5696 10430
5 2227 2098 5338 10431
5 581 1590 4956 10432
5 2194 5090 5531 10433
5 5330 3021 5400 10434
5 441 4767 5661 10435
5 3623 4858 5081 10436
5 4232 3940 5671 10437
5 2496 4554 5810 10438
5 1049 26 5304 10439
5 1294 1244 5619 10440
5 5165 780 5441 10441
5 3804 5233 5353 10442
5 4636 3045 5274 10443
5 4342 1579 5626 10444
5 5510 3360 5796 10445
5 3688 4236 5686 10446
5 1963 2010 5106 10447
5 4237 3979 5592 10448
5 2512 4377 5481 10449
5 2825 5180 5244 10450
5 4236 2347 5686 10451
5 5487 2213 5718 10452
5 4492 3694 5709 10453
5 3275 5165 5441 10454
5 3085 4513 5552 10455
5 3827 3335 4013 10456
5 4840 1134 5450 10457
5 4561 3569 5733 10458
5 3032 3030 5248 10459
5 4774 4304 5745 10460
5 3264 5248 5295 10461
5 5114 4268 5553 10462
5 4499 2467 5517 10463
5 3878 3405 5433 10464
5 3277 3275 5441 10465
5 2495 5174 5516 10466
5 4644 4688 5249 10467
5 2615 4155 5314 10468
5 3108 3124 5210 10469
5 1680 4456 5393 10470
5 4281 3397 5405 10471
5 4557 3573 5654 10472
5 2906 202 5717 10473
5 787 5203 5695 10474
5 4982 2619 4983 10475
5 3176 3375 4985 10476
5 4406 3001 5648 10477
5 5233 810 5353 10478
5 4613 4284 5331 10479
5 5408 3464 5446 10480
5 480 5224 5434 10481
5 2532 4442 5808 10482
5 3334 3333 3338 10483
5 2444 4528 5282 10484
5 352 81 5098 10485
5 2959 4833 5420 10486
5 82 352 807 10487
5 3656 4884 5627 10488
5 3236 4771 5493 10489
5 1475 4898 4939 10490
5 3980 4620 5235 10491
5 4279 5062 5396 10492
5 2946 5072 5653 10493
5 2924 4782 5631 10494
5 2088 4812 5285 10495
5 4868 2870 5522 10496
5 2151 2149 5783 10497
5 1745 1794 5557 10498
5 3614 2647 5750 10499
5 4158 4162 5694 10500
5 2608 2611 5408 10501
5 3269 4665 5378 10502
5 438 5218 5648 10503
5 2634 2966 5478 10504
5 3362 3361 5740 10505
5 4663 2233 5346 10506
5 1470 3586 5184 10507
5 4348 4744 5103 10508
5 4202 3179 5628 10509
5 1749 4783 5784 10510
5 2856 2684 3253 10511
5 3491 1183 4634 10512
5 3935 3393 5316 10513
5 783 790 5550 10514
5 134 1459 4747 10515
5 3532 4878 5710 10516
5 3587 2952 5388 10517
5 4150 3304 5288 10518
5 4732 2705 5553 10519
5 1742 4662 4996 10520
5 4610 3222 5469 10521
5 359 131 5104 10522
5 4924 2878 4988 10523
5 4892 3130 5156 10524
5 3637 4896 5265 10525
5 3766 4437 5736 10526
5 5187 2925 5680 10527
5 1466 4850 5303 10528
5 4394 1030 5139 10529
5 3005 4867 5527 10530
5 3030 3019 5443 10531
5 4601 3008 5418 10532
5 4287 1290 5262 10533
5 2988 2989 5391 10534
5 1712 4926 5773 10535
5 3344 4857 5719 10536
5 2048 4489 5394 10537
5 4272 1504 5667 10538
5 5611 683 5625 10539
5 132 359 856 10540
5 4856 2097 5359 10541
5 1029 8 4349 10542
5 4573 1685 5572 10543
5 5248 933 5295 10544
5 1044 1023 5061 10545
5 3225 5486 5505 10546
5 5168 3291 5339 10547
5 4079 5025 5085 10548
5 3487 4903 5299 10549
5 1870 1555 5127 10550
5 5348 2465 5555 10551
5 4694 2180 5731 10552
5 1807 2225 5217 10553
5 4319 2969 5588 10554
5 1555 1535 5127 10555
5 4904 1473 5146 10556
5 4759 1806 5601 10557
5 1774 4849 5705 10558
5 5043 4787 5073 10559
5 5607 3114 5657 10560
5 420 5398 5405 10561
5 1521 4383 5650 10562
5 3468 4457 5566 10563
5 3026 4840 5450 10564
5 4712 3043 5264 10565
5 3125 5078 5348 10566
5 4889 4335 5567 10567
5 2961 5095 5616 10568
5 3152 3151 5520 10569
5 4437 1045 5736 10570
5 2416 4321 5475 10571
5 3781 4680 5187 10572
5 3699 3755 5755 10573
5 1202 4778 5542 10574
5 4291 587 5486 10575
5 2733 2193 5456 10576
5 3610 2959 5420 10577
5 2731 2730 5569 10578
5 4258 2581 5696 10579
5 4783 4122 5784 10580
5 3679 902 4908 10581
5 4614 1691 5183 10582
5 4660 5344 5764 10583
5 5276 3814 5538 10584
5 2659 5288 5781 10585
5 3804 5189 5471 10586
5 3406 4572 5702 10587
5 3111 2887 4994 10588
5 5222 2716 5362 10589
5 2815 3321 5633 10590
5 3253 2684 5701 10591
5 4570 4569 5658 10592
5 1903 1902 5235 10593
5 1764 4564 5220 10594
5 4977 2634 5478 10595
5 4349 4351 4803 10596
5 3043 4865 5264 10597
5 1062 1027 5168 10598
5 4553 1944 5291 10599
5 4290 4291 5365 10600
5 4880 4246 5487 10601
5 3825 3867 3972 10602
5 4730 1807 5217 10603
5 524 4230 5377 10604
5 4735 4645 5255 10605
5 3375 3174 5568 10606
5 2180 2143 5731 10607
5 2539 4463 5556 10608
5 5294 4324 5787 10609
5 3405 3026 5450 10610
5 2907 203 5537 10611
5 4484 2589 5345 10612
5 4208 3605 5724 10613
5 4857 3344 5203 10614
5 4936 4294 5588 10615
5 4250 2784 5549 10616
5 2010 2429 5106 10617
5 4600 1486 5813 10618
5 984 1017 5321 10619
5 5400 3400 5677 10620
5 3096 3781 5428 10621
5 5059 810 5233 10622
5 129 356 5240 10623
5 1472 3389 5268 10624
5 902 3547 4908 10625
5 2192 2733 5723 10626
5 358 130 5142 10627
5 3721 5607 5657 10628
5 3059 4685 4955 10629
5 2337 4389 5638 10630
5 1609 4986 5252 10631
5 3012 5034 5503 10632
5 3285 5030 5031 10633
5 1996 1706 5355 10634
5 4554 4199 5810 10635
5 4955 2152 5207 10636
5 3400 3402 5677 10637
5 2231 2289 5645 10638
5 1472 3387 3389 10639
5 3131 3132 5630 10640
5 4284 1632 5331 10641
5 2170 2174 5119 10642
5 5026 3978 5287 10643
5 4567 3336 5500 10644
5 587 4203 5486 10645
5 4685 3060 4955 10646
5 131 358 1844 10647
5 5435 896 5690 10648
5 4148 3684 5815 10649
5 348 806 4799 10650
5 2364 2365 5518 10651
5 2714 2717 5362 10652
5 3677 4600 5813 10653
5 1892 1973 5726 10654
5 5162 3452 5508 10655
5 3961 542 5545 10656
5 4985 1904 5806 10657
5 3489 4883 5582 10658
5 932 1185 5509 10659
5 1657 4290 5365 10660
5 4456 2190 5562 10661
5 4680 2925 5187 10662
5 917 791 5802 10663
5 2925 4486 5680 10664
5 2619 2452 5372 10665
5 1294 5619 5700 10666
5 2778 4907 5384 10667
5 4684 929 5357 10668
5 2469 5046 5457 10669
5 5047 4644 5249 10670
5 4285 2620 5286 10671
5 1317 1379 5734 10672
5 4887 2806 5124 10673
5 2831 4561 5733 10674
5 1823 4751 5404 10675
5 2420 3326 5752 10676
5 2854 4776 5711 10677
5 4748 3131 5630 10678
5 1649 4391 5170 10679
5 4896 3637 5793 10680
5 3370 3494 5727 10681
5 4698 2447 5585 10682
5 3387 3386 3388 10683
5 5180 3982 5244 10684
5 5344 3310 5764 10685
5 5454 3375 5772 10686
5 3037 3036 5448 10687
5 4354 4357 4358 10688
5 3064 3066 5773 10689
5 5248 3030 5443 10690
5 5144 3015 5531 10691
5 3300 5136 5777 10692
5 1619 5214 5755 10693
5 2602 4630 5578 10694
5 1535 4529 5127 10695
5 4522 2203 5653 10696
5 2626 2624 5634 10697
5 1458 4416 5198 10698
5 4203 1624 5505 10699
5 2845 4492 5709 10700
5 5460 3200 5506 10701
5 5388 2952 5737 10702
5 2172 2170 5119 10703
5 6 4355 5440 10704
5 3075 2716 5222 10705
5 4886 4887 5124 10706
5 3582 5140 5707 10707
5 3124 4958 5210 10708
5 4779 3004 5438 10709
5 2133 4886 5124 10710
5 4353 4354 4359 10711
5 4488 4487 5361 10712
5 3341 4570 5658 10713
5 4032 4691 5290 10714
5 4353 4352 4354 10715
5 4353 4365 5738 10716
5 1481 1480 5473 10717
5 4707 896 5435 10718
5 5548 3510 5779 10719
5 3528 3469 5778 10720
5 3368 3094 5789 10721
5 4621 4695 5293 10722
5 5761 2585 5782 10723
5 4973 2908 5123 10724
5 3242 3679 5406 10725
5 1988 3663 5375 10726
5 3434 5063 5642 10727
5 5241 4449 5594 10728
5 2516 4624 5256 10729
5 5158 2362 5399 10730
5 4703 3277 5485 10731
5 3598 4775 5430 10732
5 2716 2714 5362 10733
5 1512 4722 5610 10734
5 4246 2213 5487 10735
5 1621 4305 5354 10736
5 3879 5415 5460 10737
5 355 127 1902 10738
5 3539 4754 5614 10739
5 1706 1704 5355 10740
5 617 4514 5216 10741
5 4286 5015 5567 10742
5 1995 1990 5375 10743
5 4775 4753 5430 10744
5 4300 1525 5432 10745
5 1027 1044 5168 10746
5 567 4512 5215 10747
5 5538 2906 5717 10748
5 4776 3316 5711 10749
5 2705 4148 5815 10750
5 5406 3679 5407 10751
5 5078 2464 5348 10752
5 4214 3470 5756 10753
5 3427 5177 5785 10754
5 4010 814 5687 10755
5 1504 4700 5667 10756
5 1015 3832 5565 10757
5 5139 1030 5501 10758
5 1359 4947 5001 10759
5 130 357 1855 10760
5 2301 2619 4982 10761
5 3194 5280 5803 10762
5 5226 3228 5806 10763
5 4512 4513 5215 10764
5 2310 3047 5602 10765
5 5196 2733 5456 10766
5 4486 2924 5631 10767
5 1653 4411 5349 10768
5 3331 5479 5599 10769
5 1525 4262 5449 10770
5 4876 3977 5597 10771
5 4971 3240 5455 10772
5 4675 2133 5124 10773
5 2974 2485 5754 10774
5 1699 1920 5797 10775
5 5232 2993 5284 10776
5 4428 1457 5253 10777
5 1922 5066 5199 10778
5 1730 78 4799 10779
5 4964 4124 5586 10780
5 868 5047 5341 10781
5 4700 3023 5667 10782
5 1607 4999 5391 10783
5 846 4875 5385 10784
5 4269 4732 5553 10785
5 4575 617 5216 10786
5 5154 3598 5430 10787
5 4907 3791 5384 10788
5 4821 3952 5468 10789
5 4860 3452 5162 10790
5 5617 3750 5763 10791
5 3036 5166 5448 10792
5 5408 2611 5570 10793
5 585 4399 5762 10794
5 4321 2585 5761 10795
5 3448 4694 5731 10796
5 4391 4392 5170 10797
5 4746 2121 5554 10798
5 3826 3335 3827 10799
5 4709 3610 5577 10800
5 4392 1458 5198 10801
5 4411 4888 5349 10802
5 3829 4830 5770 10803
5 1090 1087 5770 10804
5 5619 3720 5700 10805
5 3640 5611 5625 10806
5 4651 437 5745 10807
5 3100 4996 5419 10808
5 2955 3039 5409 10809
5 4168 1638 5620 10810
5 690 4612 5536 10811
5 2585 4298 5782 10812
5 5146 1473 5376 10813
5 4909 1834 5141 10814
5 4951 1620 5675 10815
5 4756 1479 5284 10816
5 5413 2888 5639 10817
5 4458 2967 5444 10818
5 2987 5032 5466 10819
5 1624 4158 5694 10820
5 2441 2565 5704 10821
5 4897 4746 5554 10822
5 5008 4141 5610 10823
5 356 128 857 10824
5 3188 4185 5395 10825
5 715 5400 5677 10826
5 4081 1485 5644 10827
5 4753 2849 5430 10828
5 2458 5622 5646 10829
5 5000 3999 5714 10830
5 4571 2607 5446 10831
5 3713 2461 5646 10832
5 3492 5237 5656 10833
5 3576 4081 5644 10834
5 3121 4613 5331 10835
5 5265 1279 5776 10836
5 4887 2993 5232 10837
5 4949 2297 5547 10838
5 1485 3994 5644 10839
5 4969 436 5758 10840
5 2297 4736 5547 10841
5 4501 683 5611 10842
5 3110 4959 5515 10843
5 5304 3307 5344 10844
5 4926 3064 5773 10845
5 4606 2123 5469 10846
5 4627 5082 5747 10847
5 4351 4352 4353 10848
5 5055 2487 5657 10849
5 3070 4920 5710 10850
5 683 4882 5625 10851
5 2121 4870 5554 10852
5 3295 4792 5708 10853
5 3510 4445 5779 10854
5 3226 4985 5806 10855
5 5485 3277 5791 10856
5 1457 4309 5253 10857
5 3174 3172 5568 10858
5 3191 3189 5780 10859
5 533 4488 5490 10860
5 3377 5222 5362 10861
5 5095 2588 5666 10862
5 2460 2662 5581 10863
5 1459 361 4909 10864
5 520 4388 5333 10865
5 4895 3127 5679 10866
5 2365 4790 5415 10867
5 4853 1666 5560 10868
5 3228 3226 5806 10869
5 4416 4428 5512 10870
5 3127 4767 5679 10871
5 5134 3191 5334 10872
5 5190 4272 5667 10873
5 1638 5102 5620 10874
5 3827 4013 5500 10875
5 3074 4726 5713 10876
5 3599 5485 5791 10877
5 4335 4286 5567 10878
5 1611 4721 5642 10879
5 5475 4321 5761 10880
5 789 4212 5674 10881
5 616 4404 5479 10882
5 2622 5192 5670 10883
5 4486 3247 5680 10884
5 4736 3298 5547 10885
5 4513 1684 5774 10886
5 5174 3263 5516 10887
5 5077 3007 5683 10888
5 4404 1640 5599 10889
5 1816 4980 5474 10890
5 2697 4607 5637 10891
5 1472 3386 3387 10892
5 4754 3456 5614 10893
5 2213 4646 5718 10894
5 4659 4660 5361 10895
5 4561 2831 5587 10896
5 4788 2054 5426 10897
5 3474 4185 5530 10898
5 3264 5295 5669 10899
5 895 932 5509 10900
5 418 4964 5586 10901
5 4790 3200 5460 10902
5 896 4480 5690 10903
5 1902 127 3980 10904
5 4221 2107 5534 10905
5 4660 1049 5344 10906
5 3546 5208 5533 10907
5 5393 4456 5562 10908
5 4567 3338 5639 10909
5 4784 1840 5574 10910
5 3605 4521 5490 10911
5 1728 4578 5788 10912
5 4720 1799 5513 10913
5 2214 4565 5272 10914
5 4884 3656 5380 10915
5 3389 3387 4493 10916
5 4487 4659 5361 10917
5 3493 3492 5656 10918
5 4032 5290 5501 10919
5 5161 4897 5491 10920
5 1207 4830 5495 10921
5 4932 2266 5592 10922
5 1048 5137 5210 10923
5 4492 2845 5605 10924
5 1062 5168 5339 10925
5 2452 2455 5372 10926
5 4894 4621 5293 10927
5 910 4781 5801 10928
5 1806 4627 5747 10929
5 5137 3108 5210 10930
5 4857 1605 5719 10931
5 3351 3300 5777 10932
5 2905 5086 5551 10933
5 3737 4899 5502 10934
5 3552 5196 5456 10935
5 5232 5284 5526 10936
5 3534 5435 5690 10937
5 3994 4847 5644 10938
5 349 1730 4823 10939
5 1990 1988 5375 10940
5 933 5443 5652 10941
5 5409 3039 5439 10942
5 9 1029 4691 10943
5 5432 1525 5449 10944
5 5018 3245 5489 10945
5 3776 4932 5452 10946
5 4724 2214 5272 10947
5 3066 5182 5773 10948
5 5486 4203 5505 10949
5 933 5248 5443 10950
5 3491 4634 5413 10951
5 3825 3826 3867 10952
5 5259 3037 5448 10953
5 3028 5467 5795 10954
5 3016 5041 5350 10955
5 5231 712 5725 10956
5 5192 3732 5670 10957
5 4569 4300 5658 10958
5 2293 4420 5571 10959
5 5093 4616 5525 10960
5 4756 3431 5606 10961
5 521 4889 5685 10962
5 3378 3347 5517 10963
5 5025 4079 5371 10964
5 5182 1712 5773 10965
5 3057 5326 5327 10966
5 5241 3388 5624 10967
5 2598 5054 5515 10968
5 5089 3750 5145 10969
5 5118 2955 5409 10970
5 3944 4842 5785 10971
5 5017 1749 5784 10972
5 4985 3375 5454 10973
5 2081 5409 5439 10974
5 5472 2253 5786 10975
5 1966 5117 5498 10976
5 4521 533 5490 10977
5 1701 4614 5352 10978
5 5203 3344 5695 10979
5 4431 3722 5742 10980
5 5505 1624 5694 10981
5 5090 4703 5485 10982
5 5072 4522 5653 10983
5 4307 4895 5679 10984
5 4141 1512 5610 10985
5 5061 2612 5470 10986
5 5120 1966 5498 10987
5 3209 5393 5562 10988
5 133 1834 4909 10989
5 3117 5406 5407 10990
5 106 2459 5623 10991
5 2857 5095 5666 10992
5 5649 3295 5811 10993
5 1473 4939 5376 10994
5 1653 5349 5763 10995
5 5001 3114 5607 10996
5 4389 5176 5735 10997
5 79 4823 4974 10998
5 1486 4784 5813 10999
5 3808 4025 5730 11000
5 2347 4925 5686 11001
5 4300 5432 5658 11002
5 4616 1720 5525 11003
5 3331 4918 5479 11004
5 5242 1894 5327 11005
5 4862 1796 5641 11006
5 4726 3267 5713 11007
5 3713 4994 5666 11008
5 1666 4531 5560 11009
5 1523 4896 5793 11010
5 4626 1701 5367 11011
5 5367 4619 5692 11012
5 4915 3544 5748 11013
5 1620 4509 5675 11014
5 4918 3330 5730 11015
5 5198 4416 5512 11016
5 3061 5128 5457 11017
5 4467 5309 5461 11018
5 1049 5304 5344 11019
5 4884 520 5627 11020
5 5643 1728 5788 11021
5 4514 4393 5693 11022
5 2704 5388 5664 11023
5 4614 5183 5352 11024
5 4996 4662 5419 11025
5 4950 795 5632 11026
5 2455 2951 5372 11027
5 746 4978 5663 11028
5 3291 5168 5768 11029
5 4393 585 5762 11030
5 3277 5441 5791 11031
5 3749 5617 5763 11032
5 4620 2717 5235 11033
5 5089 1653 5763 11034
5 568 4334 5741 11035
5 3714 5209 5524 11036
5 3023 5190 5667 11037
5 4839 1249 5668 11038
5 3612 5026 5287 11039
5 4937 3194 5803 11040
5 5638 4389 5735 11041
5 4662 566 5419 11042
5 1902 3980 5235 11043
5 520 5333 5627 11044
5 3337 103 5544 11045
5 353 3337 3825 11046
5 3503 5312 5559 11047
5 4848 2496 5810 11048
5 5152 3719 5635 11049
5 5065 3231 5579 11050
5 3700 2454 5814 11051
5 3335 3334 4013 11052
5 4721 3357 5642 11053
5 5015 3349 5567 11054
5 5418 3008 5472 11055
5 3258 4977 5478 11056
5 5270 3078 5382 11057
5 3094 5277 5789 11058
5 5190 3023 5577 11059
5 1720 4637 5613 11060
5 5216 4514 5693 11061
5 4428 5253 5512 11062
5 3184 4931 5346 11063
5 3960 3959 5496 11064
5 4847 3576 5644 11065
5 5117 1966 5363 11066
5 2717 4620 5609 11067
5 1840 5366 5574 11068
5 3959 3961 5496 11069
5 5278 1026 5591 11070
5 4842 3426 5785 11071
5 3442 5103 5801 11072
5 3684 5114 5815 11073
5 4987 3282 5800 11074
5 5116 3353 5716 11075
5 5479 4404 5599 11076
5 4594 4698 5585 11077
5 5340 3720 5619 11078
5 5271 2293 5571 11079
5 4005 5643 5788 11080
5 2487 5246 5657 11081
5 5141 3524 5589 11082
5 3235 4598 5799 11083
5 2459 3867 5624 11084
5 5126 1294 5700 11085
5 805 350 4974 11086
5 1684 4549 5774 11087
5 4983 5117 5363 11088
5 4166 5278 5591 11089
5 5214 3699 5755 11090
5 4636 5167 5360 11091
5 5594 4449 5622 11092
5 3602 5260 5812 11093
5 745 5116 5716 11094
5 5069 3368 5789 11095
5 5060 856 5373 11096
5 4817 5232 5526 11097
5 3515 5161 5491 11098
5 3375 5568 5772 11099
5 1719 4638 5749 11100
5 612 4626 5692 11101
5 1834 360 5060 11102
5 1029 4349 4803 11103
5 5415 4790 5460 11104
5 80 805 5039 11105
5 1994 5185 5494 11106
5 3278 5158 5399 11107
5 2951 2457 5581 11108
5 5496 3961 5545 11109
5 3569 5227 5733 11110
5 3204 5271 5571 11111
5 5081 2247 5809 11112
5 1701 5352 5367 11113
5 5227 3135 5733 11114
5 2888 4567 5639 11115
5 2963 4897 5554 11116
5 2457 2460 5581 11117
5 5086 2116 5551 11118
5 5693 4393 5762 11119
5 442 5209 5735 11120
5 5246 3620 5739 11121
5 5377 3254 5707 11122
5 5260 3849 5812 11123
5 2950 5594 5622 11124
5 5612 3244 5649 11125
5 2459 354 3972 11126
5 5525 1720 5613 11127
5 5246 3721 5657 11128
5 3340 5432 5449 11129
5 2423 5649 5811 11130
5 5237 2272 5656 11131
5 4721 2996 5790 11132
5 5286 4232 5671 11133
5 5334 3191 5780 11134
5 3096 5428 5681 11135
5 4784 5574 5813 11136
5 3750 5089 5763 11137
5 5428 3760 5681 11138
5 1835 351 5039 11139
5 5622 2718 5646 11140
5 4027 5267 5722 11141
5 5168 1044 5768 11142
5 4626 5367 5692 11143
5 5561 545 5757 11144
5 3357 4721 5790 11145
5 81 1835 5098 11146
5 5159 129 5240 11147
5 5333 3499 5676 11148
5 132 856 5060 11149
5 5253 3084 5512 11150
5 524 5377 5707 11151
5 5095 2856 5616 11152
5 5284 1479 5526 11153
5 5279 4015 5798 11154
5 4330 5286 5671 11155
5 2856 3253 5616 11156
5 4334 3519 5741 11157
5 1347 5538 5717 11158
5 3668 5650 5651 11159
5 3464 5408 5570 11160
5 1351 5259 5448 11161
5 5314 3087 5732 11162
5 3142 5496 5545 11163
5 1579 5499 5626 11164
5 3728 5324 5751 11165
5 3500 5462 5759 11166
5 3814 5236 5538 11167
5 3888 5418 5472 11168
5 3807 5133 5699 11169
5 3824 5505 5694 11170
5 807 352 5098 11171
5 5179 3262 5688 11172
5 3825 3337 3826 11173
5 5568 3883 5772 11174
5 5349 3749 5763 11175
5 3637 5265 5776 11176
5 1855 357 5159 11177
5 3192 5273 5689 11178
5 2450 5388 5737 11179
5 5183 3223 5352 11180
5 856 359 5104 11181
5 2887 2653 5769 11182
5 5623 2459 5624 11183
5 131 1844 5104 11184
5 5574 3677 5813 11185
5 4351 4353 5738 11186
5 4449 2718 5622 11187
5 4994 2857 5666 11188
5 3388 5241 5594 11189
5 2423 5612 5649 11190
5 1833 5334 5780 11191
5 4567 2888 5775 11192
5 3888 5472 5786 11193
5 3117 5276 5406 11194
5 1844 358 5142 11195
5 4803 4351 5738 11196
5 130 1855 5142 11197
5 5467 3314 5795 11198
5 3435 5139 5501 11199
5 3259 5693 5762 11200
5 3465 5525 5613 11201
5 356 857 5240 11202
5 3336 4567 5775 11203
5 3667 5561 5757 11204
5 5388 2450 5664 11205
5 3386 5623 5624 11206
5 5 4 4355 11207
5 4361 4 5541 11208
5 26 25 5304 11209
5 103 102 5544 11210
5 353 105 104 11211
5 128 355 1902 11212
5 4547 525 5058 11213
5 1522 4394 5139 11214
5 4824 2187 4914 11215
5 2299 4166 5591 11216
5 3451 2991 4916 11217
5 3815 3817 3818 11218
5 4355 4350 5440 11219
5 4364 4363 5251 11220
NPOIN= 5816
0.5 15 0
0.5 -15 1
-14.5 0 2
15.5 0 3
1 0 4
0.99975328 2.619e-05 5
0.99901336 0.0001047 6
0.99778098 0.00023529 7
0.99605735 0.00041761 8
0.99384417 0.00065115 9
0.9911436300000001 0.00093527 10
0.98795838 0.00126918 11
0.9842915800000001 0.00165198 12
0.98014684 0.00208263 13
0.97552826 0.00255998 14
0.97044038 0.00308279 15
0.96488824 0.00364967 16
0.95887731 0.00425919 17
0.95241353 0.00490979 18
0.94550326 0.00559985 19
0.9381533399999999 0.0063277 20
0.93037101 0.00709156 21
0.92216396 0.00788964 22
0.91354029 0.00872008 23
0.9045085 0.009580979999999999 24
0.89507751 0.01047041 25
0.88525662 0.01138641 26
0.87505553 0.01232699 27
0.86448431 0.01329014 28
0.85355339 0.01427385 29
0.84227355 0.01527606 30
0.83065593 0.01629472 31
0.8187119899999999 0.01732776 32
0.80645353 0.0183731 33
0.79389263 0.01942865 34
0.78104169 0.02049228 35
0.7679134 0.02156187 36
0.75452071 0.02263527 37
0.74087684 0.02371031 38
0.72699525 0.02478478 39
0.71288965 0.02585646 40
0.69857395 0.02692309 41
0.68406228 0.02798238 42
0.66936896 0.02903198 43
0.6545085 0.03006954 44
0.63949555 0.03109265 45
0.62434494 0.03209884 46
0.60907162 0.03308563 47
0.59369066 0.03405048 48
0.57821723 0.03499083 49
0.56266662 0.03590406 50
0.54705416 0.03678753 51
0.53139526 0.03763859 52
0.51570538 0.03845454 53
0.5 0.03923269 54
0.48429462 0.03997034 55
0.46860474 0.04066481 56
0.45294584 0.04131341 57
0.43733338 0.04191351 58
0.42178277 0.0424625 59
0.40630934 0.04295784 60
0.39092838 0.04339705 61
0.37565506 0.04377774 62
0.36050445 0.04409764 63
0.3454915 0.04435455 64
0.33063104 0.04454643 65
0.31593772 0.04467139 66
0.30142605 0.04472768 67
0.28711035 0.04471371 68
0.27300475 0.04462811 69
0.25912316 0.04446966 70
0.24547929 0.04423738 71
0.2320866 0.04393049 72
0.21895831 0.04354842 73
0.20610737 0.04309083 74
0.19354647 0.0425576 75
0.18128801 0.04194885 76
0.16934407 0.04126493 77
0.15772645 0.0405064 78
0.14644661 0.03967403 79
0.13551569 0.03876883 80
0.12494447 0.037792 81
0.11474338 0.03674492 82
0.10492249 0.03562917 83
0.09549150000000001 0.03444646 84
0.08645971 0.03319868 85
0.07783604 0.03188783 86
0.06962899 0.03051603 87
0.06184666 0.02908547 88
0.05449674 0.02759841 89
0.04758647 0.02605717 90
0.04112269 0.02446408 91
0.03511176 0.02282147 92
0.02955962 0.02113164 93
0.02447174 0.01939686 94
0.01985316 0.01761931 95
0.01570842 0.01580109 96
0.01204162 0.01394419 97
0.008856370000000001 0.01205049 98
0.00615583 0.01012171 99
0.00394265 0.008159400000000001 100
0.00221902 0.00616496 101
0.00098664 0.00413961 102
0.00024672 0.00208434 103
0 0 104
0 0 105
0.00024672 -0.00208434 106
0.00098664 -0.00413961 107
0.00221902 -0.00616496 108
0.00394265 -0.008159400000000001 109
0.00615583 -0.01012171 110
0.008856370000000001 -0.01205049 111
0.01204162 -0.01394419 112
0.01570842 -0.01580109 113
0.01985316 -0.01761931 114
0.02447174 -0.01939686 115
0.02955962 -0.02113164 116
0.03511176 -0.02282147 117
0.04112269 -0.02446408 118
0.04758647 -0.02605717 119
0.05449674 -0.02759841 120
0.06184666 -0.02908547 121
0.06962899 -0.03051603 122
0.07783604 -0.03188783 123
0.08645971 -0.03319868 124
0.09549150000000001 -0.03444646 125
0.10492249 -0.03562917 126
0.11474338 -0.03674492 127
0.12494447 -0.037792 128
0.13551569 -0.03876883 129
0.14644661 -0.03967403 130
0.15772645 -0.04050639 131
0.16934407 -0.04126493 132
0.18128801 -0.04194885 133
0.19354647 -0.0425576 134
0.20610737 -0.04309083 135
0.21895831 -0.04354842 136
0.2320866 -0.04393049 137
0.24547929 -0.04423738 138
0.25912316 -0.04446966 139
0.27300475 -0.04462811 140
0.28711035 -0.04471371 141
0.30142605 -0.04472768 142
0.31593772 -0.04467139 143
0.33063104 -0.04454643 144
0.3454915 -0.04435455 145
0.36050445 -0.04409764 146
0.37565506 -0.04377774 147
0.39092838 -0.04339705 148
0.40630934 -0.04295784 149
0.42178277 -0.0424625 150
0.43733338 -0.04191351 151
0.45294584 -0.04131341 152
0.46860474 -0.04066481 153
0.48429462 -0.03997034 154
0.5 -0.03923269 155
0.51570538 -0.03845454 156
0.53139526 -0.03763859 157
0.54705416 -0.03678753 158
0.56266662 -0.03590406 159
0.57821723 -0.03499083 160
0.59369066 -0.03405048 161
0.60907162 -0.03308563 162
0.62434494 -0.03209884 163
0.63949555 -0.03109265 164
0.6545085 -0.03006954 165
0.66936896 -0.02903198 166
0.68406228 -0.02798238 167
0.69857395 -0.02692309 168
0.71288965 -0.02585646 169
0.72699525 -0.02478478 170
0.74087684 -0.02371031 171
0.75452071 -0.02263527 172
0.7679134 -0.02156187 173
0.78104169 -0.02049228 174
0.79389263 -0.01942865 175
0.80645353 -0.0183731 176
0.8187119899999999 -0.01732776 177
0.83065593 -0.01629472 178
0.84227355 -0.01527606 179
0.85355339 -0.01427385 180
0.86448431 -0.01329014 181
0.87505553 -0.01232699 182
0.88525662 -0.01138641 183
0.89507751 -0.01047041 184
0.9045085 -0.009580979999999999 185
0.91354029 -0.00872008 186
0.92216396 -0.00788964 187
0.93037101 -0.00709156 188
0.9381533399999999 -0.0063277 189
0.94550326 -0.00559985 190
0.95241353 -0.00490979 191
0.95887731 -0.00425919 192
0.96488824 -0.00364967 193
0.97044038 -0.00308279 194
0.97552826 -0.00255998 195
0.98014684 -0.00208263 196
0.9842915800000001 -0.00165198 197
0.98795838 -0.00126918 198
0.9911436300000001 -0.00093527 199
0.99384417 -0.00065115 200
0.99605735 -0.00041761 201
0.99778098 -0.00023529 202
0.99901336 -0.0001047 203
0.99975328 -2.619e-05 204
15.46788384842344 0.9810469408263021 205
15.37167291998809 1.957892888003057 206
15.2117792045043 2.926354838004903 207
14.98888739162538 3.882285686654075 208
14.70395193804372 4.821591992458925 209
14.35819298135707 5.740251500715408 210
13.95309111465392 6.634330370189574 211
13.49038104605599 7.500000018551289 212
12.97204417029916 8.333553516604228 213
12.40030008702732 9.131421457730308 214
11.7775970920804 9.890187249425543 215
11.10660169416119 10.60660174143523 216
10.39018720355411 11.27759713230857 217
9.631421414426008 11.90030012025588 218
8.833553475273671 12.47204419791536 219
7.99999997989371 12.99038106837495 220
7.134330333981427 13.4530911325098 221
6.240251468128926 13.85819299485484 222
5.32159196479126 14.20395194743563 223
4.382285665019538 14.48888739742234 224
3.426354821354841 14.71177920781621 225
2.45789287738886 14.87167292138547 226
1.481046935500818 14.96788384877249 227
-0.4810469408403349 14.96788384842252 228
-1.457892888037025 14.87167291998362 229
-2.426354838058314 14.71177920449368 230
-3.382285686726187 14.48888739160606 231
-4.321591992548743 14.20395193801323 232
-5.240251500821701 13.85819298131305 233
-6.134330370310876 13.4530911145941 234
-7.000000018685908 12.99038104597827 235
-7.833553516750268 12.47204417020158 236
-8.631421457885677 11.9003000869081 237
-9.390187249587969 11.27759709193796 238
-10.10660174160228 10.60660169399415 239
-10.77759713247765 9.890187203361318 240
-11.40030012042428 9.131421414206542 241
-11.97204419808027 8.333553475026868 242
-12.49038106846936 7.499999979730195 243
-12.95309113255806 6.634330333883582 244
-13.35819299490432 5.740251468009475 245
-13.70395194748368 4.8215919646497 246
-13.98888739745178 3.882285664909642 247
-14.21177920779591 2.926354821456898 248
-14.37167292137265 1.957892877486234 249
-14.46788384876834 0.9810469355642273 250
-14.46788384842217 -0.9810469408457506 251
-14.371672919983 -1.957892888041704 252
-14.2117792044929 -2.926354838062249 253
-13.9888873916052 -3.88228568672938 254
-13.7039519380124 -4.821591992551204 255
-13.35819298131232 -5.740251500823447 256
-12.95309111459358 -6.634330370311936 257
-12.49038104597803 -7.500000018686321 258
-11.97204417020171 -8.333553516750078 259
-11.40030008690867 -9.131421457884933 260
-10.77759709193905 -9.890187249586731 261
-10.10660169399581 -10.60660174160062 262
-9.390187203363617 -11.27759713247563 263
-8.631421414209532 -11.90030012042199 264
-7.833553475030588 -12.47204419807778 265
-6.999999979734683 -12.99038106846677 266
-6.134330333888863 -13.45309113255545 267
-5.240251468015571 -13.85819299490179 268
-4.321591964656617 -14.20395194748133 269
-3.382285664917382 -14.48888739744971 270
-2.426354821465454 -14.7117792077942 271
-1.457892877495582 -14.87167292137142 272
-0.4810469355743409 -14.96788384876768 273
1.481046940790619 -14.96788384842578 274
2.457892888045164 -14.87167291998255 275
3.426354838081147 -14.71177920448914 276
4.382285686478815 -14.48888739167234 277
5.321591992253973 -14.20395193811329 278
6.240251500534776 -13.85819298143189 279
7.134330370032987 -13.45309111473114 280
8.000000018504736 -12.99038104608287 281
8.833553516741246 -12.47204417020761 282
9.631421457877641 -11.90030008691427 283
10.3901872495809 -11.27759709194416 284
11.10660174159614 -10.60660169400029 285
11.7775971324724 -9.890187203367301 286
12.40030012041988 -9.131421414212282 287
12.97204419807665 -8.333553475032282 288
13.49038106846647 -7.499999979735204 289
13.95309113255581 -6.634330333888125 290
14.35819299490266 -5.740251468013484 291
14.70395194748252 -4.821591964653125 292
14.98888739745103 -3.882285664912437 293
15.21177920779548 -2.926354821459029 294
15.37167292137247 -1.957892877487667 295
15.46788384876829 -0.9810469355649453 296
0.8801560750000216 0.01185669999999801 297
0.8697699200000217 0.01280856499999803 298
0.8590188500000001 0.01378199499999999 299
0.8479134700000431 0.01477495499999617 300
0.8364647400000217 0.0157853899999981 301
0.82468396 0.01681124 302
0.8125827600001293 0.01785042999998897 303
0.8001730800000215 0.01890087499999819 304
0.7874671600000216 0.01996046499999821 305
0.7744775450000002 0.02102707499999998 306
0.7612170550000217 0.02209856999999826 307
0.7476987750000216 0.0231727899999983 308
0.7339360450000217 0.02424754499999832 309
0.71994245 0.02532062 310
0.7057318000000001 0.02638977499999999 311
0.6913181150000002 0.02745273499999999 312
0.6767156200000217 0.02850717999999845 313
0.6619387300000217 0.02955075999999849 314
0.6470020250000001 0.03058109499999999 315
0.6319202450000864 0.03159574499999426 316
0.6167082800000216 0.0325922349999986 317
0.6013811400000001 0.03356805499999999 318
0.5859539450000217 0.03452065499999869 319
0.5704419250000001 0.03544744499999999 320
0.55486039 0.036345795 321
0.5392247099999784 0.03721306000000117 322
0.52355032 0.038046565 323
0.5078526900000001 0.038843615 324
0.49214731 0.039601515 325
0.4764496800000217 0.04031757499999904 326
0.46077529 0.04098911 327
0.4451396100000433 0.04161345999999834 328
0.429558075 0.042188005 329
0.414046055 0.04271017 330
0.3986188600000109 0.04317744499999969 331
0.3832917200000217 0.04358739499999946 332
0.3680797550000217 0.04393768999999954 333
0.3529979750000325 0.04422609499999944 334
0.3380612699999891 0.04445049000000014 335
0.3232843800000217 0.04460890999999981 336
0.3086818850000325 0.04469953499999987 337
0.2942682000000217 0.04472069500000002 338
0.2800575500000109 0.04467091000000006 339
0.2660639550000217 0.04454888500000025 340
0.2523012250000271 0.04435352000000046 341
0.2387829450000162 0.04408393500000037 342
0.2255224550000217 0.04373945500000063 343
0.2125328400000271 0.04331962500000096 344
0.1998269200000219 0.04282421500000093 345
0.1874172400000162 0.04225322500000081 346
0.1753160400000108 0.04160689000000062 347
0.1635352600000108 0.0408856650000007 348
0.1520865300000108 0.0400902150000008 349
0.1409811500000056 0.03922143000000046 350
0.1302300800000162 0.0382804150000015 351
0.1198439250000082 0.03726846000000084 352
0.00012336 0.00104217 353
0.00012336 -0.00104217 354
0.1198439249999921 -0.03726845999999919 355
0.1302300799999838 -0.0382804149999985 356
0.1409811499999946 -0.03922142999999955 357
0.1520865299999892 -0.0400902099999992 358
0.1635352599999947 -0.04088565999999966 359
0.1753160399999892 -0.04160688999999938 360
0.1874172399999836 -0.04225322499999919 361
0.1998269199999781 -0.04282421499999907 362
0.2125328399999729 -0.04331962499999904 363
0.2255224549999783 -0.04373945499999937 364
0.2387829449999838 -0.04408393499999963 365
0.2523012249999892 -0.04435351999999981 366
0.2660639549999783 -0.04454888499999975 367
0.28005755 -0.04467091 368
0.2942681999999783 -0.04472069499999998 369
0.3086818849999675 -0.04469953500000012 370
0.3232843799999783 -0.04460891000000018 371
0.3380612699999566 -0.04445049000000056 372
0.3529979750000108 -0.04422609499999981 373
0.3680797549999891 -0.04393769000000023 374
0.3832917199999783 -0.04358739500000054 375
0.3986188599999892 -0.04317744500000031 376
0.4140460549999674 -0.04271017000000104 377
0.429558075 -0.042188005 378
0.4451396099999999 -0.04161346 379
0.46077529 -0.04098911 380
0.4764496799999892 -0.04031757500000048 381
0.4921473099999999 -0.039601515 382
0.50785269 -0.038843615 383
0.5235503199999999 -0.038046565 384
0.5392247099999566 -0.03721306000000235 385
0.55486039 -0.036345795 386
0.5704419249999999 -0.03544744500000001 387
0.5859539449999784 -0.03452065500000132 388
0.6013811399999783 -0.03356805500000136 389
0.6167082799999783 -0.0325922350000014 390
0.6319202449999135 -0.03159574500000574 391
0.6470020249999999 -0.03058109500000001 392
0.6619387299999784 -0.02955076000000151 393
0.6767156199999567 -0.02850718000000309 394
0.6913181149999569 -0.02745273500000315 395
0.7057317999999999 -0.02638977500000001 396
0.7199424499999997 -0.02532062000000002 397
0.7339360449999782 -0.02424754500000168 398
0.7476987749999568 -0.0231727900000034 399
0.7612170549999784 -0.02209857000000173 400
0.7744775450000001 -0.02102707499999999 401
0.7874671599999784 -0.01996046500000179 402
0.8001730799999783 -0.01890087500000182 403
0.8125827599998706 -0.01785043000001103 404
0.8246839599999998 -0.01681124000000002 405
0.8364647399999784 -0.01578539000000189 406
0.8479134699999999 -0.01477495500000001 407
0.8590188499999999 -0.01378199500000001 408
0.86976992 -0.01280856500000001 409
0.8801560749999785 -0.01185670000000199 410
0.8336771757084795 0.02162105003642301 411
0.6292436584853554 0.03864525190956103 412
0.8342080237267046 -0.02188331698502 413
0.6284291460600145 -0.03856379010824151 414
3.691332200632137 13.77942365048033 415
3.518588247386439 -13.80795478791799 416
-1.868525816005659 -13.91181245868266 417
-1.772475144032767 14.04797988621435 418
8.848622409448227 11.41408340881553 419
8.760499162431202 -11.62746315282119 420
-7.019313640950651 -12.05374726331392 421
-6.985575547273152 12.01342076569835 422
-11.01038735265957 8.296391757882464 423
-10.9951982229667 -8.237342586936897 424
12.55174234487566 -7.413123520006597 425
12.50465630544756 7.495544473279421 426
-13.27247290819579 3.211290273191101 427
-13.23884981115467 -3.126951952864989 428
14.4837670583144 -2.309149398314085 429
14.4968603133494 2.30777467008937 430
13.64813046557823 -5.1344199076301 431
-13.60861657752531 -0.503861829182543 432
-12.445090682935 5.792403863118439 433
-12.18673290293062 -5.85483528512775 434
10.72865755415327 -9.574533661686656 435
13.83172571513286 4.971922909743711 436
-9.167295437157616 10.32166624538229 437
10.85644657949087 9.691538510167344 438
-9.125582970718082 -10.47296902480081 439
-4.377630184153419 13.29926266164709 440
0.9612698243050837 14.08332233300884 441
6.366118386989045 12.90159318913641 442
6.33646242760053 -12.8813470341092 443
-4.522502517127299 -13.14238067287968 444
0.9627100673342657 -14.13433035344434 445
14.64437936523959 -0.4801444638171383 446
-13.53271798246355 1.352903199371084 447
14.58523482500644 -1.406900555310645 448
13.81225328088495 -0.9032285862781668 449
13.83811921508809 -0.01315099861616087 450
13.07227049153748 -0.437431097508662 451
13.0480493691062 0.3391991336407745 452
12.33891228834728 -0.0593971677517916 453
12.36087390949031 -0.8012462931679655 454
11.67039065983365 -0.4083693538671912 455
11.64056359442372 0.3078046344856255 456
11.01190873602914 -0.02080369878522062 457
11.05348833077178 -0.6915639193890861 458
10.42511814714329 -0.3283319525373475 459
10.37749352130176 0.2780100500927269 460
9.80411154667318 -0.04296830779849056 461
9.84570934295192 -0.7110787554260732 462
9.252163614215613 -0.3251602709619078 463
9.234186355180803 0.2497259460387544 464
8.720965761542114 -0.03076235523227662 465
8.690495887322884 -0.6011104833175587 466
8.212899962500284 -0.3002528531013882 467
8.223982308238426 0.2565930185345032 468
7.746518836110408 -0.008685658052758956 469
7.74289411798558 -0.5429645886291881 470
7.756048980681932 0.5347876926017344 471
7.299595629542749 -0.2700316851409711 472
7.288323880243645 -0.7707338829998014 473
6.874898648484604 -0.5266120813653952 474
6.863269208521023 -0.995632658627188 475
6.466125739544767 -0.7624306406861021 476
6.451304562226619 -1.198789657196852 477
6.077495394835805 -0.9748953796077429 478
6.087778286767394 -0.5559139444502246 479
6.058010452636998 -1.382206812111987 480
5.728447058296275 -0.7516251902421556 481
5.729476020459284 -0.3641158071233792 482
5.403538776480241 -0.5502431406305273 483
5.403372180437437 -0.1897516705975609 484
5.099289541076126 -0.3598362599741162 485
5.099650588184121 -0.02133047233801966 486
4.8132470177468 -0.1838128689990803 487
4.815182605805286 0.1439670607768657 488
4.806203978570373 -0.5085745590887532 489
4.539321444250477 -0.3422811586187131 490
4.528514619122152 -0.6478433832543449 491
4.280845786505645 -0.4964037811305935 492
4.272107351824685 -0.7798374344910854 493
4.033230585075835 -0.6368741206373461 494
4.026004023807813 -0.9096376385750033 495
3.800795309631811 -0.7657579803939647 496
3.788712736875131 -1.036356320811242 497
3.80609423501757 -0.5112613841073674 498
3.59041189229001 -0.6292611469428736 499
3.591627530358068 -0.3977500144562225 500
3.392824442778581 -0.5088502971099831 501
3.397542394829178 -0.2920924444610357 502
3.215012318268982 -0.3940453263757738 503
3.221136888966904 -0.1937785393211465 504
3.060133299415585 -0.2769587685176552 505
3.060069098297423 -0.1008076670755075 506
3.048652990526864 -0.4722918650279339 507
2.911661239714594 -0.1769244499424636 508
2.908995399702482 -0.01809205490562596 509
2.768646574189783 -0.0909239374888049 510
2.768765952365607 0.0614428746876972 511
2.63630223687031 -0.006599572048553612 512
2.637001369870503 0.1426958815465118 513
2.778730637928892 0.2087579766225287 514
2.638054832905714 0.2932098218748623 515
2.786795881435479 0.3712219305698183 516
2.634986394714205 0.4599887825859817 517
2.782479610972548 0.5516979180373849 518
2.63014150359247 0.6388474493067344 519
0.4336455757558803 0.04860943026122364 520
0.527840633252412 0.04484013278323608 521
0.962390507268614 0.008961555484610811 522
0.9001269284556908 0.01763839249248764 523
0.5748900437928582 0.04151225373032633 524
0.4810512927673266 0.04568802119697134 525
2.782673790763802 0.7338415030735652 526
2.62261493063641 0.8276116443651274 527
2.787423797857712 0.9258839171354826 528
2.619264782918765 1.023504018793029 529
0.3957399926877183 0.05032826512407107 530
0.3047141676241713 0.05149544469169235 531
0.349293892515038 0.05105054704856687 532
0.8675441711838381 0.0176268250344961 533
2.510343490446042 0.06892531383191275 534
2.507844218340315 -0.06911508702350183 535
2.393295659391653 0.001458602743558524 536
2.388960656197365 -0.1265393792411806 537
2.284794907287519 -0.06241618852486959 538
2.280149358717063 -0.1795024646994553 539
2.183639714875908 -0.1205661167024121 540
2.177893504709829 -0.2299051439745257 541
0.9687599661728072 -0.008341077561433282 542
0.9096833196136728 -0.01608094404144323 543
0.8729521372939886 -0.01836809913882018 544
0.94272237694317 -0.01166072364314243 545
6.77480393049799 -1.433927046924146 546
2.08844624002158 -0.1714162366250077 547
2.083089299916488 -0.2788728987848252 548
2.091455696284215 -0.06863317412572252 549
2.00404246562284 -0.1153043318497211 550
2.005096447202975 -0.02133181676153124 551
1.924924303815834 -0.06370286312833937 552
1.926049823415019 0.02395504281673833 553
1.848058566698356 -0.01747823766212468 554
1.853149802123901 0.06655667846387708 555
5.096818086027776 0.31226946680636 556
1.847748562961798 -0.1013542823462754 557
1.777878244897122 -0.05963832134071852 558
1.775057601916954 -0.1350852398966564 559
1.711484010716271 -0.09661531120084649 560
1.70911442644708 -0.1692239724116995 561
1.646958660448228 -0.1317325572621727 562
1.646500155610452 -0.2050201712812913 563
1.584613417385457 -0.1665809144792532 564
1.579417438492423 -0.2416893547627931 565
0.4336834471432118 -0.04878436915217217 566
0.5285894643571829 -0.0448083924519756 567
0.5756592894899621 -0.04316681663904048 568
0.4806728643310776 -0.04693787483116493 569
1.588004625793033 -0.09866972560538707 570
1.531065797124007 -0.1282993579112116 571
1.533564626039377 -0.06865565501309853 572
1.483852011467432 -0.09271734074434454 573
1.486253233410458 -0.04065237990847035 574
1.444359299355448 -0.06323875985647287 575
1.449569687223615 -0.01452263205659923 576
1.437435541414248 -0.1128741572482143 577
1.398673214274725 -0.07680450492619893 578
1.392629133240306 -0.1312564394463184 579
1.352854607545681 -0.1038874821421251 580
1.348671022190763 -0.152755001920078 581
1.309914345009557 -0.1251088853231689 582
1.301734120558306 -0.1750338029624232 583
0.7380456060790285 -0.02898973341196474 584
0.6881438345728222 -0.03397925912090417 585
0.7839864107340118 -0.027216921919296 586
0.6586687680346278 -0.03622716587616404 587
1.315221600099797 -0.08100435790610458 588
1.277149319668298 -0.09797934620823567 589
1.280869883492488 -0.05936787255072719 590
1.249301228683644 -0.07325847286080495 591
1.252198500789925 -0.04174273787960073 592
1.22390821781514 -0.0539028173308958 593
1.227608499357674 -0.02548574982971859 594
1.220059553715771 -0.08418042589542019 595
1.195606383757477 -0.06486697686547385 596
1.19079758397289 -0.09780630784824534 597
0.7654567047805522 -0.02834266883327347 598
0.8510911500834766 0.02057504389774761 599
0.5977864386519888 -0.04115363149983664 600
0.5513451937824378 -0.04433666783594863 601
2.176273801060921 -0.3414308680418421 602
2.071846807565243 -0.3952690314842105 603
2.173333744384519 -0.4608657569952899 604
2.059970594663906 -0.518957333891169 605
2.170729123442247 -0.5896359201779978 606
2.048810656446725 -0.6515394910781758 607
2.175117751597286 -0.7378742021744563 608
2.039996835200243 -0.7970615680789513 609
0.2556116123095991 -0.05031955901296611 610
0.3344287722896777 -0.05089689094062108 611
0.3794221846183924 -0.05068499475538547 612
0.2906832701486138 -0.0508706492311667 613
2.171333232185827 -0.8952508104089449 614
2.026218696626751 -0.9539352173097611 615
0.8565775768426557 -0.0189324369608804 616
0.709788182195097 -0.03247332506448659 617
0.8038672037824192 -0.02488724653694392 618
3.386787427194856 -0.0848265778705108 619
4.809135111557802 0.4757426586630771 620
5.093896723810613 0.6481353913767309 621
4.79685368836188 0.8187815860662859 622
5.091681610131959 0.9963251254403828 623
4.787065084880405 1.167859440013579 624
5.092528745406503 1.350294364799633 625
4.779395740364241 1.527789425668376 626
5.117359257301744 1.703511564528905 627
4.774025990127981 1.893682668534292 628
5.126929877514671 2.082334329952781 629
4.761195195060266 2.281822964288141 630
5.101471251566626 2.492299880302498 631
4.763167268438588 2.693773665342801 632
5.09355227415861 2.905746957724331 633
4.732302882366648 3.113308201262637 634
5.095759837530398 3.339701715640027 635
4.690634273003329 3.555052897580885 636
5.095206077605323 3.795760390296439 637
4.688412850355208 4.017672081657853 638
4.282288620814454 3.773029049491557 639
4.279562406519682 4.236172843194114 640
3.890036080323772 3.991957826367062 641
3.876588805598523 4.451807628278733 642
3.493392531187792 4.210973115317383 643
3.475192735455672 4.666261433005648 644
3.093633976560505 4.426245923474735 645
3.071339369268488 4.873797090793222 646
2.69356561829954 4.639321175017843 647
2.67075237819063 5.086471150517587 648
2.296222973122732 4.859126184065446 649
2.271453857874892 5.305163848827117 650
1.888265229831157 5.074291728841095 651
1.866527997016337 5.523638532355753 652
1.47560675267457 5.280730009708458 653
1.494088435817415 4.842537472525037 654
1.09763406058364 5.036147098328663 655
1.101992943143103 4.604160833312109 656
0.7302011487254321 4.797032564187015 657
0.7381874746692592 4.375482219604589 658
0.384982688863337 4.555335224847904 659
0.3965976053872429 4.159586985892994 660
0.04857802761759727 4.3318662257432 661
0.05400255864304172 3.947178612219461 662
-0.2877397021409621 4.128861419284327 663
-0.2816973789295781 3.74932154108779 664
-0.6092064500857322 3.924908332057204 665
-0.5930645753686954 3.5562153415964 666
-0.921039074494973 3.724913832822127 667
-0.9104581289872282 3.373370603047276 668
-1.228462247687814 3.525321604731239 669
-1.221809288315521 3.18234725311298 670
-1.546519619189899 3.346923482808398 671
-1.516884962030039 2.984883063326887 672
-1.839430349408791 3.149617170329724 673
-1.813405032202303 2.79311280218708 674
-2.126733379471927 2.953589423734623 675
-2.107791243586986 2.610581095689549 676
-2.424894154975674 2.764050081300458 677
-2.406959938225814 2.418232487230557 678
-2.729697951397143 2.572834461485165 679
-2.703167160577353 2.230117000712325 680
-3.039696555832903 2.378602674599934 681
-2.997494382725745 1.99360632517421 682
-2.428987747559326 3.105466218141866 683
-0.9452687737905933 4.10225796972502 684
-3.359480382696589 2.178195068463725 685
-3.36955042574916 1.785637000180412 686
0.3340815781438456 4.921051893111725 687
-3.699627774264413 1.972878712021485 688
-3.697902149853488 1.5630645440654 689
-3.712657780665769 2.376551774611583 690
-4.054507089744232 1.75567259111045 691
-4.033017076390943 1.337420837615295 692
-3.609359583591222 1.136392885393388 693
-3.997698211814768 0.9182483694560126 694
-3.619677676998629 0.7159885826420984 695
-3.968029546620792 0.5094729493846033 696
-3.612576424983596 0.3246752498953526 697
-3.942469827219346 0.1122513652698584 698
-3.592557958379901 -0.0593633795307692 699
-3.918000800693122 -0.2796867469856862 700
-3.570717722544386 -0.4660724703130024 701
-3.895214833352393 -0.6794156174580159 702
-3.538126506231088 -0.8730475744126684 703
-3.87184130793129 -1.088367413824928 704
-3.522957462132509 -1.26835170788053 705
-3.85144271282619 -1.505281624613066 706
-3.426043385059773 -1.690699410668492 707
-3.812835172509011 -1.927716355857334 708
-3.388087028841645 -2.157476164490617 709
-4.277597492086722 -0.1071142621096831 710
-4.420768986363459 1.530315330982551 711
-4.217319175218247 -1.740473190439971 712
-3.798446751519148 -2.354638376426286 713
-3.365317090502293 -2.596859435122794 714
-0.2944794424106923 3.420810938662886 715
-3.786094186863044 -2.824182045152938 716
-3.344836140495482 -3.057599723672047 717
-2.941846999729553 -2.795317532729156 718
-2.916574045412271 -3.252890319096532 719
-2.531908337349901 -2.945904316209709 720
-2.490456567932093 -3.420467508743556 721
-2.878614148391834 -3.716578130274592 722
-2.447339054125976 -3.908703575622055 723
-2.066063186045898 -3.632433773526955 724
-2.015897760608787 -4.102350300185787 725
-1.635414470809538 -3.820122827527041 726
-1.585917787768898 -4.291021667936018 727
-1.200519432206271 -4.01142925457828 728
-1.156272997085098 -4.47799762005307 729
-0.7935233956451402 -4.203657615694632 730
-0.7243505972537846 -4.669781352427665 731
-0.3701595106261782 -4.415794938165328 732
-0.2871190214322298 -4.866943608044171 733
0.09092381067633079 -4.607752438730174 734
0.159368772151696 -5.072466741167082 735
0.5518161838352322 -4.796566223829291 736
0.617627749373667 -5.278007178935374 737
1.095499899122764 -4.934225047847904 738
-2.395647030877933 2.050717422100369 739
-1.966364636421204 -4.577850752352385 740
-0.2401056241485108 -5.362216702154484 741
-1.224848400474704 2.839927495981017 742
1.100642777533109 -5.479222341913612 743
1.546069327568378 -5.188397649863359 744
-3.308741925841226 0.1767646604456274 745
3.465081997848499 5.096055292333855 746
-0.8673125274026875 -3.733722350639221 747
-3.15893457289564 -1.029841803119573 748
1.574606417673775 -5.700635255857923 749
2.008771462533928 -5.404028013829647 750
5.097049915066789 4.267359301059253 751
5.52095668985941 4.028443293523657 752
2.075399299899599 -5.932769673264663 753
2.526503061948645 -5.616979021381091 754
1.616135826178932 -6.251835558245478 755
5.525573404666115 4.533576294256545 756
5.986906022695194 4.250933879193633 757
2.593681498953484 -6.167501342119498 758
3.069679783337675 -5.817212143824695 759
0.7244692889930711 3.979458974474449 760
1.450070784741357 5.753175313663001 761
1.863198246118343 6.009355239442518 762
1.426485503158271 6.250163963801077 763
1.865204809188871 6.518231495530882 764
1.395410582446288 6.769531991126254 765
1.859395321421401 7.056476959943881 766
1.362514090942832 7.319568946980205 767
5.983236918832246 4.809494742983469 768
6.457671111461433 4.538878343212038 769
3.130342800274016 -6.405158181815279 770
3.607861948436994 -6.047715388392079 771
1.997534437906593 -4.858118264415883 772
0.4844968276995787 -4.249824895696231 773
3.543966332951403 -5.459013980951832 774
4.054036010513961 -5.692089090525146 775
4.163835553327788 -6.280206651009713 776
4.654173970849474 -5.817872973353098 777
2.459874139359171 0.9265584727305041 778
2.454981285500386 1.122487170510045 779
2.297183593970795 1.027779042526872 780
2.284747349034409 1.220399106079115 781
2.104834056724099 1.111970303510534 782
2.100607487233494 1.306969798369294 783
1.933017065571299 1.209106100928308 784
1.938465392819859 1.424819240467005 785
1.767133095395339 1.305258096629621 786
0.7379965577390371 0.02997147113399413 787
0.6881488835249875 0.03400129493566825 788
0.7841560734302163 0.02629046538841266 789
2.282313945394926 1.428356668696373 790
1.758153513227123 1.495084090670202 791
1.594283814832141 1.395322675911875 792
0.1974186643665331 0.04847455017001187 793
0.2418087516506638 0.05047851931878668 794
2.823929226836168 1.146544108102299 795
1.585935247302768 1.59001910102313 796
1.42164550582587 1.485510618809247 797
1.430394855114363 1.300127484526047 798
1.271304508468262 1.381278586261082 799
1.282116215650221 1.188164174316765 800
1.123066375320536 1.290728936426073 801
1.128048516497221 1.128153412681467 802
0.9920390065165718 1.19941646163685 803
0.08011685238303307 0.0403807478410626 804
0.1375648852467777 0.04486271188884616 805
0.166207673125931 0.04534669494599861 806
0.1164526174252141 0.04284403367999522 807
1.003530159631648 1.055068839658215 808
0.8734772056037313 1.122548945739397 809
0.8590931344719757 1.261557033473114 810
0.7411497763118582 1.183356367722084 811
0.7515435211858873 1.052956230453224 812
0.6199040298923228 1.106287576381993 813
0.6067772267612406 1.237789878656495 814
0.4937350347726566 1.160841502695197 815
0.5073297844431713 1.028576154314906 816
0.3851278906393172 1.076876668036922 817
0.3683773358552158 1.210381441398167 818
0.2632776544503567 1.12512358142638 819
0.4066956964108542 0.9516684920355742 820
0.2401389285149892 1.263299790701119 821
0.1253633233920982 1.171114460118841 822
1.120633437821815 0.9931897666529368 823
1.251575973532474 1.568967928412029 824
0.1032674598877612 1.319193956587702 825
-0.009771133660236749 1.222276566952999 826
0.01160935409588986 1.078476815690212 827
-0.120623666416912 1.126661871645665 828
-0.09421112680755286 0.9910126003017843 829
-0.2229392786824033 1.035555743404279 830
-0.1981517428449167 0.9065500057317835 831
-0.3214979644394077 0.9489621111061206 832
-0.2982151513615752 0.8254429173896828 833
-0.4168711835620232 0.864498434508893 834
-0.391527128561259 0.7473084427894043 835
-0.513120581529817 0.783880939352212 836
-0.4909201410808682 0.6683791544779127 837
-0.6114252557745737 0.7024935430980829 838
-0.592377231536056 0.5815514112979908 839
-0.7124855714432032 0.6197911440165776 840
-0.6893863527699999 0.495788407409656 841
-0.8147736953753877 0.5338914057584543 842
-0.7860774396486634 0.4165232208959323 843
-0.9206968075989542 0.4462850564331869 844
-0.8730765830749631 0.3076233877134391 845
-0.6403494238135 0.8217284634619262 846
-0.1848377716147633 0.7857819029790296 847
-1.030707472332082 0.3553609775165417 848
-1.00026289218675 0.2115477989616125 849
-0.8652811573093855 0.1601399059362427 850
-0.9753785823096152 0.06815806092577061 851
-0.8403773686678819 0.02311350189386333 852
-0.9469484013651952 -0.0701444411828685 853
-0.821107764178161 -0.1069185487019147 854
0.08093943799561126 -0.040939431829481 855
0.1667570022180231 -0.04554142667910734 856
0.1260338457931412 -0.04358178815012125 857
-0.91781441481569 -0.2076001699252124 858
-0.7553027774948325 -0.2454059146540377 859
-0.8866139005411064 -0.346756676416359 860
-0.7543272127777954 -0.3927925819155588 861
-0.8643217258126606 -0.491984953371522 862
-0.7259333545981841 -0.5353595418491995 863
-0.8363240423100506 -0.6432714722755213 864
-0.6965492592853062 -0.6813362429498835 865
-0.806441343554696 -0.809684599316551 866
-0.6219994750416139 -0.8412583879441762 867
-1.08505893044214 -0.02601643967334982 868
-0.7742386618476221 -0.9927151208532596 869
-0.5885447536446532 -1.050422192559565 870
-0.4483290656539634 -0.9182476849630048 871
-0.4034959133243409 -1.107882016334282 872
-0.2693813463894397 -0.9772658152690733 873
-0.2179664700619517 -1.162411600025522 874
-0.09043724462437061 -1.041600870641938 875
-0.02923220029504119 -1.219693295687579 876
0.1064545763843081 -1.067925547334128 877
0.1611092712684378 -1.276923694760731 878
0.3006146385737134 -1.135910752947251 879
0.3574803171893813 -1.33625420102816 880
-1.06045889904869 0.5034538545363779 881
-1.183273184913619 0.4041913897296883 882
4.026786357950074 -1.184419156278737 883
3.762954094265205 -1.323753053917555 884
2.164951889838447 -1.050408313617527 885
2.007791099427497 -1.124863365737849 886
2.166016081822394 -1.226875235540717 887
1.987805947931684 -1.31503006585402 888
2.165450214589019 -1.429788424327182 889
1.970459992266054 -1.525221602399192 890
2.160405871971474 -1.652293044126 891
1.837486367318585 -1.020165659357648 892
4.029727504263915 -1.479403772697962 893
1.167016657203599 -0.07424007907675195 894
1.161591045586781 -0.1068666790581074 895
-0.2500340831339204 1.16852496261919 896
1.855547041059002 7.622421220635496 897
1.344449308381645 7.900583790658411 898
0.8413182133995745 7.58381877023535 899
-0.738069868801855 -1.195673902424523 900
0.9825706691224483 -0.005249881763428919 901
0.9926763276724371 -0.002865921928960258 902
1.25326419412021 -0.01318537177034727 903
1.230922365981916 0.00194417892286981 904
1.255977099970138 0.01487097011180154 905
1.230556369162188 0.03169758710666998 906
1.259017059780162 0.04518658755952026 907
1.232499205529789 0.06263079231407134 908
1.203921437443221 0.04850266878695206 909
-0.9843304568454428 -0.5850125393062875 910
-0.9444876250355192 -1.125418351811702 911
6.465838005867065 5.107173532463135 912
6.980675906718407 4.807802628103144 913
1.947399935956104 -1.758620759221593 914
2.153728822568537 -1.896752690332014 915
-0.5650545251633823 0.4559473768098951 916
1.750387146989378 1.700695592057822 917
0.2208622273721546 1.411110857482749 918
0.07426436111089821 1.476537095720133 919
0.2070070318572914 1.578977566358024 920
0.8170315330378997 8.179522484787025 921
0.301750367661348 7.854777462795335 922
-0.1765251145643417 -1.365434651609095 923
1.487642902678307 0.008833515844539938 924
4.74522646983006 -6.509674766310306 925
5.267911089821344 -6.114617089469093 926
-0.7255005250175288 -0.01055579570622208 927
-0.9028542150820265 -1.345637156618364 928
2.94823106860973 0.8204661033902606 929
-1.212355268454717 0.5664552868409484 930
1.137020740478358 -0.08328849273623733 931
1.131471979497323 -0.1175622415750415 932
-0.6364424031312208 -0.4452903984539542 933
1.852692896729787 8.218659413671611 934
2.380477595094333 7.921545306608603 935
-1.345425441271833 0.4570601054017089 936
0.2755328707602035 8.472219135196754 937
-0.2533178462008111 8.13441674343068 938
6.976220699495293 5.414609951481994 939
6.446723883451854 5.709961225493762 940
7.501825176675892 5.110768059619091 941
1.915705064588066 -2.017026577433919 942
2.156109973087255 -2.167271055496894 943
3.962446471944585 -5.117111027819119 944
1.925674146616645 0.1110283690658348 945
1.85372647981819 0.156249752490719 946
5.34583302620425 -6.774150101305172 947
4.826311847440826 -7.176745040206685 948
5.863984926558235 -6.367169633711228 949
1.106637030764028 -0.0969633186114634 950
1.098393734726206 -0.1312858011607423 951
1.110960580002081 -0.06775361400776718 952
5.511865570206652 2.281428799194352 953
0.04506810286667609 1.646639431136975 954
0.1893391072547057 1.762603893716937 955
2.382567049525932 8.54123630953206 956
2.946280777543707 8.222169096900434 957
2.7424540161614 4.193055259654573 958
-0.2855481998398265 8.774033152508885 959
-0.823142134146766 8.423261586716592 960
-1.378980519414858 0.6356751874338313 961
-1.130678890079913 -1.262644510743685 962
0.2633148137872999 -0.9548486261179823 963
0.4281791706411539 -1.003658339444593 964
6.976452748129313 6.038468481699827 965
0.386937700121235 -0.8428084497549753 966
0.5393144480689386 -0.8848983350059179 967
0.2476688536979927 -0.7971794060118831 968
5.757371731365046 -5.714072460272072 969
6.380083712713928 -5.961699764274677 970
4.39727171968059 2.476524630297938 971
0.2672295943106244 9.120601922532577 972
1.086076703240654 -0.07677167122801441 973
1.090751874009685 -0.05375813207594411 974
0.4887455466375387 -0.7298110563461161 975
0.6436925320457538 -0.7779836263093646 976
0.6874195419945643 -0.9220639528406764 977
0.793151892643166 -0.811738309071329 978
0.8372517798378993 -0.9578910201899666 979
0.94068439825523 -0.8448872850343797 980
7.502065228762747 4.48719219002101 981
8.048020820972667 4.791483776261679 982
-1.525825002233598 0.5152237651704927 983
1.070946761342484 -0.05928754389421369 984
1.074338994460144 -0.04157978553803402 985
-1.081849092206647 -1.508426827692015 986
-0.7129773308000253 7.792528389155184 987
-1.3324988379188 7.955813112893635 988
-1.397951161028645 8.702047492512502 989
-1.941383546233126 8.330583754261133 990
-1.922628487954878 7.659303758996497 991
-2.484586219327369 7.969293030831772 992
-2.450064672361854 7.319049337510625 993
-3.011862542615965 7.608080142874975 994
-2.959898630875557 6.980048016486428 995
-3.511607845096796 7.253242589459117 996
-3.474445241654371 6.627781304715339 997
-4.00542549741712 6.934979792390206 998
-3.99437462131504 6.274608621029339 999
-4.539794335049391 6.585526557869949 1000
-4.513959808734088 5.908398994546314 1001
-5.08088591938068 6.188351267156692 1002
-5.017580904698844 5.531588156602123 1003
-5.6033041561332 5.818142886829738 1004
-5.515702593446237 5.155631651751509 1005
-6.129412972757774 5.455889667160204 1006
-6.083001090404238 4.818049374707323 1007
-6.671695042110771 5.095725953239528 1008
-6.601491866944284 4.434072331202472 1009
-5.11341425899547 6.924490299619593 1010
-7.215404644688988 4.723529177132477 1011
-7.163636242044651 4.060988923438349 1012
-3.545101366787392 7.917441929796074 1013
0.612280129672789 -0.6352070157140304 1014
0.4925599657290134 -0.6040338754048962 1015
1.0578509547171 -0.04644386937387728 1016
1.053946603536509 -0.06489959370966898 1017
1.061898072629632 -0.03093766199313436 1018
1.075897974991108 -0.02588811742938937 1019
1.064712858830957 -0.01691226245746065 1020
1.076820922776237 -0.01186467256667489 1021
1.066714901224304 -0.004198701457753978 1022
1.078026670070198 0.001052129403861405 1023
1.068383695543747 0.007890250623029836 1024
1.205231231641086 0.07933131000513249 1025
1.056244349130693 -0.009894262011221537 1026
1.08006094646481 0.01384416852395049 1027
1.066516532931711 0.02137007387213314 1028
0.9951977011212055 0.002058135791408635 1029
0.9865053225512908 0.004785936141750631 1030
6.488867343974633 -6.625589847060945 1031
7.02194516529708 -6.189182583374016 1032
1.047549824400877 -0.03508127663423415 1033
1.89957219104084 -2.296242193558204 1034
2.142992647083555 -2.461477945775429 1035
1.929429080854888 0.2034258953702227 1036
1.851105388008231 0.2524723122039677 1037
6.905078612002545 -5.514354334786194 1038
7.550108202575086 -5.749371718738709 1039
0.5656855408411228 -0.5313816566263891 1040
0.4755518926215166 -0.506355791003184 1041
2.938270193003698 8.880481296586284 1042
3.526564604922654 8.545597716811546 1043
1.093303438313013 0.003579799889117602 1044
-6.725558437768028 5.754916435551384 1045
0.5417807345530928 -0.4361518257042215 1046
0.6246287545881698 -0.4621679705917737 1047
0.4540018056565215 -0.4147014860556553 1048
0.8830992220653204 0.0162015919084383 1049
2.415110790306827 -2.317479381326605 1050
2.400982606463187 -2.629892528964535 1051
0.01094500442572704 1.837308289694246 1052
0.1686002888705468 1.965632713667218 1053
-1.329828640382491 -1.417652634438599 1054
-7.778385373629484 4.351474039999421 1055
-7.711211292304723 3.666819066505079 1056
7.438848612713159 -5.073222685752258 1057
8.078461495974725 -5.310498539790689 1058
7.957584339256096 -4.646368681483199 1059
8.606198735065004 -4.871988458895867 1060
0.9899104245176052 -0.992538322755083 1061
1.08245338128359 0.02895644627657258 1062
1.069464734939445 0.03919327679796571 1063
1.447677010381321 0.03447167426669925 1064
1.235078005654919 0.09677650022113116 1065
1.204677695050333 0.114709286780341 1066
1.236846813220449 0.1343661385523583 1067
1.202524509036639 0.1551444832992546 1068
1.239769102734426 0.1772522332320494 1069
1.202191438732469 0.1988995843859654 1070
1.242068780489848 0.2237286977828679 1071
1.200589158277882 0.2486087661351356 1072
1.245991577806772 0.27695129600073 1073
1.198340598806716 0.3055265408884225 1074
1.148771725740018 0.2671523032913299 1075
1.249162026245429 0.3367907248471494 1076
1.147853946398422 0.3315575083180587 1077
1.09909185314975 0.3029079028275969 1078
1.097371482265514 0.3604961651052534 1079
1.04375180405692 0.3250450523291781 1080
1.045313521420796 0.388660481345017 1081
0.9921806641141915 0.3575782179787366 1082
1.099935665587407 0.4196480971262674 1083
1.301663742445858 0.3034245938666623 1084
1.306415376725779 0.3711052512107063 1085
0.9867191557263547 0.4280192645280916 1086
0.9395655455452676 0.3848000418269076 1087
0.9418567117465879 0.3287752620201064 1088
0.8961746761432059 0.3546850776704378 1089
0.8881843495026872 0.4090718488369147 1090
0.8420918075800763 0.3703379791360353 1091
0.9016841774391007 0.3018091200853917 1092
0.8364468278144769 0.4365883273629693 1093
0.7870499434308743 0.4023480334504297 1094
0.7820210284715478 0.4633992957667343 1095
0.7331872593432038 0.4278862788302643 1096
0.7383290207869189 0.3709545835345889 1097
0.6879514594621103 0.3928719290041219 1098
0.6928271206729859 0.3407421503251542 1099
0.646560075966892 0.3606604698931005 1100
0.6524244074426419 0.3114140625761916 1101
0.6067012839117023 0.3275518088619204 1102
0.6923296276522111 0.2931008950938465 1103
0.6006220660061242 0.3790787615761752 1104
0.5618782809217533 0.3489816495203981 1105
0.5544763842829252 0.398468295319385 1106
0.5159719453948814 0.3669102200503019 1107
0.7262387521360664 0.4899959541195453 1108
0.5201450455512946 0.3244449932796374 1109
0.4772337827601595 0.3387624719221328 1110
0.4699362481499534 0.3836444781180037 1111
0.4342628496021955 0.3525755636466704 1112
0.4245002020383164 0.3991776734673486 1113
0.3857581596084643 0.3611756887125243 1114
0.3767934022324518 0.4159541475784284 1115
0.3381436530145531 0.3828690691716494 1116
0.4182628904059172 0.4505855044272888 1117
0.3275568831620862 0.4351450088295231 1118
0.2879921218784432 0.3996173751074364 1119
0.02540128365002861 0.02449392625199491 1120
0.04317509314610987 0.03105453862204246 1121
0.300594757881508 0.3470567078308162 1122
0.2529798755699282 0.3627514755807524 1123
0.2605208301757896 0.3174739772058268 1124
0.2193183989162009 0.3301028371259584 1125
0.2280320936243223 0.2903690352391975 1126
0.1882737008650036 0.3021812703420968 1127
0.2653063806769868 0.2691932206449985 1128
0.1807878309385869 0.3438444016347263 1129
0.144111598313821 0.3057129426439592 1130
0.4442616924286245 0.3042057878463455 1131
0.6591255485395784 0.2679967676891239 1132
0.6918680094074788 0.2515258900275439 1133
0.2004025506020183 0.2648674729227137 1134
0.1364602836324052 0.3570660703538789 1135
0.09743266747625196 0.3220227952402737 1136
0.2760272037050661 0.4537540951842917 1137
0.6641755405280714 0.2305576186856242 1138
0.6937802794689729 0.2156313557591518 1139
0.08557660647123988 0.3705992963345513 1140
0.05167346341378479 0.3349642620732223 1141
0.06275711172882327 0.2896602433032768 1142
0.0191574246690009 0.3007380079948884 1143
0.03117088807943951 0.2587382647628598 1144
-0.01028594360932263 0.2671329819374391 1145
-0.02466188726395684 0.3110042398703267 1146
-0.05631834783811998 0.2733376518876596 1147
0.004278580099032534 0.2271509667050349 1148
0.04571361893805161 0.2172737115291263 1149
0.01679067004517629 0.1932759319459123 1150
-0.07291233753925412 0.3230339441614026 1151
-0.1068072399814163 0.2801871418148802 1152
0.6689442759588975 0.1974255630642235 1153
0.6946364517627807 0.1843226489216169 1154
0.9414623121516046 0.277984307420862 1155
0.9042014774979226 0.2543444334654628 1156
0.04667369076366721 0.1839344341684255 1157
0.9390631689002211 0.2336537281079177 1158
0.90473975366896 0.2114352565118341 1159
0.9374190322347308 0.1945856667160887 1160
0.9094454831780279 0.1764044985213964 1161
0.9372207468686906 0.1607868684793611 1162
0.9340855676445452 0.01434478273991754 1163
0.964855726183077 0.1770683264879825 1164
0.9629832717214606 0.1465493108870395 1165
0.9904631901139291 0.1597494637523012 1166
0.6715810148561541 0.1681872454143341 1167
0.6468873199198156 0.1794798633708177 1168
0.6599864014824186 0.0357134978320512 1169
0.6959102745465913 0.1570400384746303 1170
0.7180911721823873 0.1710624331225251 1171
0.7191973994809455 0.1455304769337808 1172
1.489756263727283 0.05892562447610038 1173
1.367427918200602 0.3315973885222315 1174
1.370625633457507 0.4081052390675475 1175
0.6087700648799979 -0.3856693484718289 1176
0.677945109350184 -0.4033300154235871 1177
8.037807743404043 4.159709262770659 1178
8.612144776956267 4.464712510231411 1179
8.630220212111723 5.105878159073233 1180
0.02559938788591644 0.1639865242562276 1181
-0.003782068352524964 0.1697012849007805 1182
0.003320277405380547 0.01092072590278369 1183
0.008785193396387623 0.01559563261371681 1184
1.128100927462194 -0.155062799925975 1185
1.089919628990023 -0.170862756349857 1186
1.12531017349205 -0.1993045940289754 1187
1.079179915931191 -0.2175810054355878 1188
1.119756811145588 -0.2515013864788233 1189
1.066845412706176 -0.2720520204091816 1190
1.025488983194165 -0.227295363869569 1191
1.11399923129157 -0.3118927190769007 1192
-1.561068017831754 0.7104102719943726 1193
-1.402211688925392 0.8387412843401522 1194
1.052146187314483 -0.3357057871623385 1195
0.9112676741582925 0.1466021544494116 1196
0.8860197652664965 0.1587909513534943 1197
0.008255207503812924 0.1413021919567818 1198
-0.02119156005217299 0.148008259856468 1199
-0.01148519348278603 0.1240412755996562 1200
-0.03856835765428217 0.1276463276801087 1201
2.322555734281432 -1.12891919091384 1202
1.660544287322251 -2.134801635049373 1203
-1.996882109521112 9.016680216913366 1204
0.0536944797138409 0.1573289104430843 1205
0.8869476259172744 0.129100428898533 1206
0.8342446536141795 0.4999942426522881 1207
0.654291519064599 -0.3345799861201237 1208
0.5945460466716614 -0.3183325000639659 1209
-8.35303848384515 3.961659010513032 1210
-8.286046884301818 3.265204343671201 1211
-7.653228970945209 2.972487794553047 1212
-8.218187769920151 2.576398880613918 1213
-7.599520085722521 2.297011552672629 1214
-8.144591834796223 1.903940588978963 1215
-7.546424992854133 1.630155920553738 1216
-8.074506145453476 1.244392678223984 1217
-7.489357445126581 0.9753434972336248 1218
-8.016899694232915 0.5927904172496186 1219
-7.42892367781098 0.3224371542804711 1220
-7.949973878735894 -0.06456534799158836 1221
-8.558191298163138 0.2136687395563922 1222
-8.488137891958585 -0.4500446835788019 1223
-7.853504957930294 -0.7214449777385036 1224
-8.411085895407544 -1.118096820844561 1225
-7.771961029952004 -1.382467798510575 1226
-8.323626466115691 -1.786541124424007 1227
-7.713658693511286 -2.055379243714225 1228
-8.258603496291526 -2.461701640343436 1229
-7.632629682356752 -2.737073242922505 1230
-8.174354552560148 -3.14564337435785 1231
-7.546541310794997 -3.423616213687975 1232
-8.106488429776061 -3.839543651305484 1233
-7.4603621153221 -4.120697932737151 1234
1.053534567574921 0.03189485160674096 1235
0.8907539716440668 -0.01722092702144999 1236
-1.721198863866791 0.5791788431684413 1237
-1.676345729605327 0.3719220407832998 1238
-8.777965617248073 2.174387772286638 1239
0.6500116418960705 0.152198841323674 1240
0.6273000523125714 0.1624144591332688 1241
0.9115574279414151 0.1201302529199356 1242
-7.945166195913679 -4.556883004802349 1243
-7.34941479808745 -4.82211763985876 1244
1.636994306026104 -2.424240523761245 1245
-8.956011962686969 -1.573067542061836 1246
-0.1252465945936369 0.3359553064660312 1247
-0.1646928445717941 0.2919790559734183 1248
-0.07890352474956326 0.3794908918821288 1249
2.694132776205952 -2.476580355553494 1250
2.679575600362481 -2.810687214586999 1251
2.989685075773641 -2.648453315868933 1252
1.397986040013882 -2.269182677337569 1253
0.6384507153493237 -0.2774154892055244 1254
0.5864606301918315 -0.2568391765777495 1255
0.6920467312544645 -0.287813963038609 1256
1.106473021672638 -0.3808201739875102 1257
1.933236462000326 0.303429620857067 1258
1.842203757390325 0.3539649510380499 1259
3.515320914569472 9.233364938810993 1260
4.116280511622813 8.890963489931838 1261
2.910052255490569 9.570526325713587 1262
0.8649753677940106 0.1426766584343284 1263
0.8647946734474227 0.1189867031797182 1264
-3.426368533081972 6.025355262888086 1265
7.143599233498467 -6.885448055586453 1266
0.698368273235742 0.1331776891523447 1267
0.7191269347458269 0.1229441186751385 1268
0.6289987589677575 0.1388735876843086 1269
0.6087512400004219 0.1474637240038132 1270
-1.276072306617994 -1.684952863288939 1271
-1.014588029853423 -1.76926643096038 1272
-1.536427086883181 -1.594758699252008 1273
-1.58171279219216 -1.314556913202747 1274
-0.02572633119609544 2.043601826869335 1275
-0.1881705259603424 1.908336352274957 1276
0.1442607695225302 2.181511470888835 1277
0.8461500437395926 0.1286776961308168 1278
0.8444176060095339 0.1509156582399895 1279
9.208921495354531 4.784508872158277 1280
0.01017237741320236 0.1175167961226185 1281
-0.004070326551154212 0.1026587023289151 1282
9.193295722394362 4.100532615265339 1283
-8.724980111524475 -3.524449906379394 1284
5.390109356705857 1.155981554666606 1285
0.6770562013359501 -0.2390297725661488 1286
0.7246696226502383 -0.2479112923953296 1287
8.729236453026981 -5.559951817250751 1288
0.8463089789567728 0.1048476380956985 1289
0.8098610843267837 0.02386291525613751 1290
0.8641588141009708 0.09810431261765752 1291
-6.806754639235772 -4.393076547632552 1292
-6.727119889618191 -5.126545655606179 1293
-7.253643584547069 -5.520301116517626 1294
-6.609578442497569 -5.782230772762061 1295
-6.075200872354554 -5.40402456496113 1296
-5.959077635064952 -6.0575869119246 1297
-6.534230743819923 -6.451241778641601 1298
-5.846165801082428 -6.751813097013436 1299
-5.299376136848339 -6.348848263335708 1300
-5.162974167279278 -7.017570899655006 1301
-5.724366392815627 -7.474930793970643 1302
-5.036835605190106 -7.72070779109291 1303
-4.482431929084704 -7.257932381349756 1304
-4.353997849137993 -7.958903446855533 1305
-3.815210942483721 -7.493969473292445 1306
-3.677886669589276 -8.185993184827741 1307
-3.152932785655819 -7.72467093799874 1308
-3.007046532779909 -8.413493528286745 1309
-2.483974106182341 -7.959149679177398 1310
-2.342338817707153 -8.644796660699535 1311
-1.803052823101553 -8.204004844434781 1312
-1.673062367028629 -8.877755589122438 1313
-1.131618133909468 -8.437751960873175 1314
-0.9988896221016949 -9.103942015997642 1315
0.3487200716717856 2.092034176003802 1316
0.331129572112822 2.31441738238301 1317
0.5416411898999171 2.23012230848479 1318
8.484668274050236 -4.202683835470138 1319
9.140368811221133 -4.426329200607298 1320
-2.269275040135472 -9.316180007754063 1321
-4.18425230575421 -8.675976589008025 1322
-0.4646487129765012 -8.661517510595296 1323
-0.3293864376681174 -9.356460911370373 1324
0.2170162499045629 -8.896356243188514 1325
0.3350226468167068 -9.654851031642341 1326
0.897280190379846 -9.158707273190428 1327
1.023859269019944 -9.916370522906028 1328
1.600921123110858 -9.387876773528856 1329
-8.400464772438202 4.668962464589884 1330
-1.759561121781293 0.7919828358554412 1331
1.784856427540784 1.119834806619152 1332
7.406867233753001 -4.54098722665411 1333
1.055118310502493 0.04916206680362065 1334
1.072319112559244 0.05841857922878278 1335
1.039755573657929 0.04080263816470842 1336
0.6118890378967062 0.1259631377745742 1337
0.5922089110100242 0.1338237368520048 1338
0.5885195455956175 0.1551492441400653 1339
0.5711473275314983 0.1414155558854024 1340
0.5674165653454054 0.1632967412456167 1341
0.5495233793159735 0.1490931306750891 1342
0.629968647070569 0.1178583870664737 1343
1.647855868790593 -0.2829563091647743 1344
1.573436478694181 -0.3225745068726456 1345
1.083694945527395 -0.8802070747158949 1346
0.9969165177561031 -0.001624122130379609 1347
4.487441612895641 1.343569993758346 1348
0.708948160478729 -0.2004404089390932 1349
0.752786875087095 -0.2120176354136541 1350
0.6660259302185922 -0.1999346897523931 1351
0.770337531414778 -0.2552398223980599 1352
0.8289190896773433 0.1158778040567397 1353
-5.954275843433931 4.16855948594164 1354
-0.1846365639187718 0.3512798370596636 1355
-0.2265792353174462 0.3034566104320909 1356
-0.2033205338106855 0.2413543249832661 1357
-0.2680511538985418 0.253808906170119 1358
-0.2491864330150585 0.1959583445113352 1359
-0.3105325113176239 0.2045950887706843 1360
-0.2883817586839844 0.1444254775648989 1361
-1.215823788516279 -1.96048928256961 1362
-0.9377008251806414 -2.051875765614671 1363
1.369111416336628 -2.56071642706043 1364
1.121254719224031 -2.39854558670708 1365
9.212904272943328 5.48426037413976 1366
1.147939970183975 -1.030251381742547 1367
1.033079997911146 -1.159676011049297 1368
0.5459777170260366 0.1717808171355308 1369
0.5282134135657683 0.1566713806593866 1370
2.984566317545328 -3.005965351513706 1371
3.314620597949021 -2.832565143064651 1372
0.531964646318883 0.1349606979137186 1373
0.5108572439839849 0.1418926986119245 1374
0.5065304897159574 0.1640454921619259 1375
0.4892776240647305 0.1485748214906737 1376
-1.934440505150933 0.6484978974443596 1377
0.01627850226694052 0.02013475371666849 1378
0.5248149355773045 2.459089418698015 1379
0.7363964564793546 2.367994012395248 1380
0.7016662203967272 0.1122257672542068 1381
0.7182462209075886 0.1026946011670268 1382
0.7166196955181099 0.03198546545261118 1383
0.8286204140477068 0.09651295796506654 1384
0.8131231914803509 0.104878339610175 1385
4.119597034027674 8.197744181476576 1386
4.714655606977376 8.539617243178641 1387
0.01404196336131462 0.09909748975569554 1388
0.001425554784241985 0.08494523748243768 1389
3.514268592873257 9.947628287155215 1390
2.876926284258885 10.29703109026175 1391
0.741535503704521 -0.1734102470015135 1392
0.7771311325569719 -0.180865990593334 1393
1.744755395424822 -10.12463226294442 1394
2.313986418620806 -9.647708056450501 1395
1.919863415976616 -0.7102505033842567 1396
4.468605673183436 0.6197453758059014 1397
1.445471129716705 0.08597371957203309 1398
1.492775610479605 0.1146977404738196 1399
-0.2096695290390949 -10.09198733592101 1400
0.6149833412280659 0.1068071732552704 1401
0.5979536923054211 0.04046941854729613 1402
0.07305384211320679 0.1743181116783242 1403
0.0794435135841744 0.14716044313813 1404
-7.181976307301579 -1.650692027206517 1405
0.09806437266266695 0.1662177373139225 1406
0.1043474119822632 0.1428798314672893 1407
0.1210914825099542 0.1589015399590469 1408
0.1257602909759027 0.1367075016714293 1409
0.1425247376427562 0.1515228501567924 1410
0.1467290265171975 0.1306575635435397 1411
0.1627656780433296 0.1445926289088675 1412
0.1666235203036415 0.1249112560428806 1413
0.1814686878666255 0.1376590127024475 1414
0.184552316991001 0.1167995955036444 1415
0.1993341473696796 0.1309540053150925 1416
0.2017161269994942 0.1131788440624838 1417
0.2693390132512138 0.05095482508814553 1418
0.2169957699578715 0.1227195221105719 1419
0.2159981557299619 0.04992430628055657 1420
0.1103600369075104 0.1219413309401778 1421
-9.011537062429669 4.263579970036298 1422
0.4844881756665205 0.1705483475216926 1423
0.4679954244386793 0.1547644146092046 1424
0.472768316597197 0.1337988749974147 1425
0.4518684132872178 0.1394996407190344 1426
0.4465476006508565 0.1607256106591102 1427
0.4306477943345388 0.1448941035236201 1428
0.4248517157934063 0.1660026184804771 1429
0.4104442850881864 0.1504909189539924 1430
0.4029053284478077 0.1716648404962609 1431
0.3881927877424461 0.1522201925157768 1432
0.3803074383562142 0.1777222396291821 1433
0.3644892619931064 0.1601397371892641 1434
0.3694920778089379 0.1382178247160615 1435
0.3496523751047661 0.1439477978285528 1436
0.7243440049649178 0.2357955241815705 1437
-0.01544176783034279 0.08832521465465881 1438
-0.00842084208718046 0.07261935418540642 1439
-0.02361626590342882 0.07490638901040808 1440
0.5158168718244797 0.1216029586305449 1441
0.5031883799384332 0.04684017174015249 1442
0.5340792136716537 0.1149897969491311 1443
0.5514595266005122 0.04392288588142773 1444
-3.950431552240236 -6.820765920986299 1445
0.2120445286733971 0.1436301912543433 1446
0.2317604898277256 0.1373415913579271 1447
0.2357072168701215 0.1187721273586233 1448
0.2495387250021007 0.1308401839143265 1449
0.05708511428623954 0.0346982039236228 1450
9.812317408872204 4.431072629918178 1451
9.799867069332052 3.722923773230665 1452
0.3948534408009954 -0.4720072385668146 1453
0.3782794749932715 -0.3953980396199415 1454
0.3239470327689329 -0.4421360683416978 1455
0.3125516983705682 -0.361959990127765 1456
0.2091245457893477 -0.04888578414955884 1457
0.2286533269224103 -0.04969468600217945 1458
0.1900978604526957 -0.04701515854694153 1459
0.2574797492979998 -0.4132086423468762 1460
0.2441249897653849 -0.3441310628524912 1461
0.1923998604933674 -0.3880557336813122 1462
0.1810469293044782 -0.3164621342557027 1463
0.03647673815602655 -0.02964138241435785 1464
0.1294145113160136 -0.3619769453266579 1465
0.3674926909819055 -0.3308301348237012 1466
0.1160173846455159 -0.3000939112275873 1467
0.06665839095018206 -0.3385372594311699 1468
0.05776850104068452 -0.2655197546088008 1469
0.01249958966009939 -0.01822572137910646 1470
0.006292328246621732 -0.3128939196934591 1471
-0.000128256354238395 -0.006522442842543959 1472
0.01385401070968467 -0.3819522888635195 1473
-0.004968863079579942 -0.2488418763524354 1474
-0.05364969184805868 -0.2893352122955577 1475
-0.06406446208643586 -0.220054784145852 1476
-0.1142274778832649 -0.2658021646516228 1477
-0.1274193117849104 -0.2018099147895656 1478
0.2324466351463984 -0.2895511282685306 1479
-0.1783573641629925 -0.2419919521692774 1480
-0.1683834512272652 -0.3133965381334363 1481
0.1098354938047318 -0.2367666772108248 1482
1.935305314156308 0.4100832594515426 1483
1.836745756692647 0.467993787181305 1484
0.04974671086968274 -0.03263354903941468 1485
2.031025305684096 0.3524647590738686 1486
0.4156750286022994 0.1284685053655663 1487
3.39048226822644 -0.7274542551749557 1488
0.6317457860991265 0.09954414970220034 1489
0.7653656937426648 -0.1447202519207069 1490
0.7985602472259994 -0.1532987999491543 1491
0.732638053171063 -0.1417960402012511 1492
-0.1868925666467573 -0.1731576502198256 1493
2.397271473522915 -2.982112371680274 1494
2.295427928063424 -0.6586924605597202 1495
0.8148043661470921 0.08691531292414408 1496
0.8278458575373135 0.08005614642622122 1497
1.038806362514774 0.02598751884461985 1498
1.024861210750143 0.03185030772763023 1499
1.025603768338259 0.04827191386111568 1500
1.01253229238324 0.04023078597209798 1501
1.012015468286881 0.05554740881452437 1502
0.9994914801629202 0.04726600326573836 1503
0.3419619854273593 0.1642812058017989 1504
-1.809666580982786 -1.496392422087661 1505
-1.848851554164237 -1.20620819701772 1506
0.2474787636235142 0.1503155679551511 1507
0.2517349700502457 0.1127827019904264 1508
-6.942371412702346 0.6979185690559884 1509
-0.2266513229814578 2.128283030910803 1510
-0.4049273346584446 1.982118113811777 1511
0.06472070779511781 -0.03675730811996842 1512
0.1507124678941729 0.1127041891178763 1513
0.7994361263510983 0.09433762822006822 1514
-1.975020510631396 0.8840627037841206 1515
0.5131154683295179 0.9065935706244536 1516
1.173250449169037 -0.04633142560729757 1517
3.511476945968149 3.7702981110469 1518
-7.04431775278533 1.995597582913522 1519
0.09969632042734231 0.04175194305170539 1520
0.9264065748674821 -0.01419394645474351 1521
0.979301213970126 0.007207473692192769 1522
0.7970082878302451 0.1103742687606763 1523
0.3547356880318254 0.1245926441335903 1524
0.3720059282633457 0.05041812157139627 1525
1.090603261172846 -2.699185736523337 1526
0.8384997634381769 -2.520697994463579 1527
0.4571304326652532 0.1183729690436455 1528
0.4571637106525661 0.04958288369728026 1529
-2.417443759770987 6.707519505854139 1530
0.7161796396160645 2.623423091424279 1531
0.9353854951709814 2.525232823210239 1532
0.7898445655634596 -0.1243284159604387 1533
0.8167145757849592 -0.1303245976959267 1534
0.8285548106605397 -0.1574208774792902 1535
0.8463878350537782 -0.1298859723448215 1536
-1.81549848821666 2.476399486672421 1537
5.38580606940287 -0.9202445988784883 1538
0.3362326550220874 0.1290488244985323 1539
-4.462587340280017 5.287029717054223 1540
9.015635873176659 -3.773535708811704 1541
9.691362108119565 -3.973900492114885 1542
-0.2555079894434946 -0.214119528876414 1543
-0.3551755930613339 0.1531895295096479 1544
-9.052678903331811 5.020028285372005 1545
1.54101559083867 0.08283045349129181 1546
1.545262968905166 0.1452772776319616 1547
1.43834858542575 0.3641970607964592 1548
1.441567605662061 0.4474162124936714 1549
1.368652857946205 0.4927892018029194 1550
1.446518298996481 0.537411412688203 1551
3.787137475512274 -0.2868942296838199 1552
0.09997237110796853 -0.04232844201743814 1553
-7.043736772517152 -3.017313272923726 1554
0.8591868265581831 -0.1615001726176988 1555
0.8772783224269493 -0.1367597586576489 1556
1.170143249997125 -0.3532812955005374 1557
2.465789720126825 -10.37761664276707 1558
3.047932859423086 -9.885954203814901 1559
-1.89229222995242 -7.44613305777316 1560
6.069915687582684 -0.159088278624085 1561
0.8682493741854922 -0.1093740665413665 1562
0.8932184841533647 -0.1135016614296849 1563
0.00581077187905775 0.06964306317806694 1564
-0.00239953734626019 0.05927945451919353 1565
1.166718190278301 -0.4322530181064671 1566
1.035571417489253 -0.4069658723566582 1567
0.7035657537921101 0.09390348028839049 1568
0.7178091203675576 0.08632506171890569 1569
0.9202335775084527 0.01521364967446637 1570
-1.161273642894259 -2.254748208036942 1571
-0.8722170716938927 -2.348129278135641 1572
0.35512682305462 7.267174013780068 1573
0.9495367199647833 0.01104617387413334 1574
-2.166923435197132 0.725183477091315 1575
2.498172859400378 -0.200209364236018 1576
0.4273280329555432 0.8398984781894585 1577
9.134967852364463 3.330369053715846 1578
0.3425111632700242 1.691336739583162 1579
-3.748128955836417 -3.328987708543967 1580
-4.212567093959303 -3.071780532404999 1581
-4.17499061408872 -3.615587846404209 1582
7.49511916752412 3.8610847138276 1583
3.303258899151909 -3.219227582955996 1584
3.658267917609361 -3.029855152098397 1585
-0.3292203832006142 0.08739676968127552 1586
-0.2543937717177671 0.08119085730612809 1587
0.9561891386842885 -0.009986392793013605 1588
-0.0114776069930967 -0.1924358664434859 1589
1.346592935827124 -0.2072153012597907 1590
1.234022375900712 -0.3986732197725521 1591
0.5655504069570639 0.1858683177436267 1592
0.8063451260483052 -0.1051859229585116 1593
0.7842549223711461 -0.09985381732595972 1594
1.574039012826921 1.799604917694503 1595
1.758280392357769 1.916045299267476 1596
0.1913469527724292 0.1012611021735994 1597
0.9980269064489596 0.0629737555186044 1598
0.9846457699267878 0.0537582012456206 1599
1.011795333196892 0.07225688609496107 1600
-0.130326973683909 -0.1377197881126994 1601
-5.599441909016776 -8.205858875557745 1602
0.8022044645847272 0.07640308342936379 1603
0.7869479571219499 0.08444028029794576 1604
0.7585951440337706 0.02816583426581023 1605
10.4359496916549 4.061302512980949 1606
1.166072728032463 0.1737094341447171 1607
0.2045591478116321 0.09729427965210566 1608
1.027402534119979 0.01931190737118239 1609
0.3419431220064126 0.1115686740390142 1610
0.3271705115126937 0.05089578450570193 1611
0.3594668380100188 0.1066052155535408 1612
10.4235431697199 3.329597885541139 1613
0.7728115677644687 0.02639535524821201 1614
1.314415859891782 -0.0421615437798863 1615
1.235374717404316 -0.4857904984879472 1616
0.6734979552556897 0.03589139203227588 1617
-2.850010788855117 -4.18752164857929 1618
2.842224282797378 7.601191742275956 1619
0.1840774036858525 0.04736532983305144 1620
0.2280405509714839 0.04944324672194341 1621
-9.117365728466314 -0.1883460512148828 1622
0.324896968666384 0.1153510987563115 1623
0.6436801756649163 -0.03719158760623192 1624
4.732416473225399 9.242145727517414 1625
5.353671318324737 8.885391101586681 1626
-6.307312044053436 -7.943769286883382 1627
0.7972879040070495 0.02351876544071954 1628
1.354649003234486 -2.876473277661642 1629
0.9275267151027886 2.788022519903442 1630
1.152853804377905 2.69020115166184 1631
0.2842090969376375 0.05194138348455988 1632
0.7014560303896988 0.03293100511431838 1633
-0.6169762211756267 -8.012051005562377 1634
1.363910650841644 0.5862726080600936 1635
1.451471885038211 0.6362759078444777 1636
0.8151931261078579 -0.02248919194416003 1637
0.6436918071254327 0.03733767054287283 1638
0.2554256740689833 0.05100782150882448 1639
0.8456325951604695 -0.01999657986151502 1640
1.009915893274518 0.9199130795638393 1641
5.368841346549853 9.618767869132535 1642
6.000735406374103 9.242469106068803 1643
-0.3132599502268857 9.438339976449893 1644
0.2637346625863846 9.803611443578657 1645
-0.3613194918353146 10.13904227506555 1646
0.251174519096998 10.52676195022913 1647
8.311541250130126 -3.539360521929582 1648
0.2425794638885015 -0.05051840485577095 1649
5.432594581162499 -7.448666259305394 1650
1.211771178648374 -1.201983668160271 1651
1.079800377547436 -1.343126832063996 1652
0.2695448452894733 -0.05033459510102106 1653
-4.65044109921359 -3.365003030261635 1654
3.199895536628936 -10.63786793267357 1655
3.795723000249825 -10.1174695049915 1656
0.6733170491873726 -0.03552206538433418 1657
7.692006446958622 -0.9849016424536992 1658
-0.2493240606642247 0.3666432568490842 1659
2.688379689292812 -2.151917276255751 1660
-2.209668095836857 0.9901772557631445 1661
-2.000820032326093 1.140039245396945 1662
8.223947638883496 0.8095226210144766 1663
7.752610019569628 1.084041904489757 1664
4.702994878989651 7.851230047105067 1665
0.3050781771213774 -0.05095489434465379 1666
1.151135298599827 2.962048299553398 1667
1.424843797954785 2.802902018146775 1668
1.388190943629088 3.142321106737824 1669
1.679155605626745 3.014277455094055 1670
1.638225260958635 3.33981242238148 1671
1.932679929751993 3.212500897083517 1672
1.967341971076297 2.885250955813011 1673
2.228329917303635 3.07797737701468 1674
2.257713509002184 2.752212119847439 1675
0.7515709880091854 -0.02875792731147777 1676
-0.4183638762612683 10.87871409303374 1677
0.1588835416853588 2.417300815261423 1678
0.3201599418252435 -0.05197121515330429 1679
10.40942760564146 4.769310552141469 1680
2.645518730224482 -6.760642260587403 1681
1.127994332412159 -10.74410332532191 1682
2.633301057338453 -11.16404279744423 1683
0.5121158385172001 -0.04544677360354268 1684
-2.110308445495851 0.4989168323750278 1685
0.5414942757258512 0.1975219638524383 1686
0.5204160140917187 0.1034093590087443 1687
0.53552967758257 0.09731527732344226 1688
0.8018215518766082 -2.836146007533219 1689
0.5547452117316961 -2.651843343171303 1690
0.3491062208025286 -0.05147741395919547 1691
1.93903429064916 0.5270587598285714 1692
1.832541414774051 0.5885078728833935 1693
-4.436209521145161 1.971706774922694 1694
-4.823384351234538 1.735732494785978 1695
-4.834900926856852 2.203886053320749 1696
0.5196349905792763 0.7983634375030353 1697
0.4106576175235971 0.0502625727485141 1698
1.647150030180837 -0.3650242833292962 1699
1.568583977837251 -0.4086683539777159 1700
0.3644215230411219 -0.05055939667573142 1701
0.8838161104643059 -0.08995489984580708 1702
0.9063550986657486 -0.09233540247678124 1703
0.9179940248738443 -0.1136290367126465 1704
0.9300293986738902 -0.08907483346702032 1705
0.9425625249664994 -0.1136255022071992 1706
0.8926041085018424 -0.1670407168421776 1707
0.9543226936605685 -0.09177505818505816 1708
0.6554495505927249 -5.799884006672735 1709
-6.182137936149122 -8.707592693175659 1710
5.472279500903212 5.139321300384091 1711
1.270848387654143 0.1131436474592152 1712
-4.808682498947779 1.273542001762996 1713
0.7238890839161617 -0.03062626590274582 1714
9.817213282839056 -4.690940489398041 1715
10.40003277090979 -4.204909237123971 1716
-1.759369045323569 -1.794333625336582 1717
0.4392810210343445 0.1797767039525249 1718
0.3955137327652486 -0.05022135777998622 1719
0.4649767614532266 -0.04759442136181503 1720
-0.04899213322200355 0.1539795351455301 1721
-0.0690200357713216 0.1311454408767666 1722
2.942611377943341 -3.349829286851826 1723
0.7104716028336536 -0.4920323976161238 1724
0.4963209656709877 -0.04524635744133759 1725
1.177804990412169 0.06391769542980547 1726
0.4097442795773103 -0.05108179298249498 1727
5.46597098264025 3.118591261673502 1728
0.1263871970860261 0.4078987832074169 1729
0.1546939132327092 0.04457174007114569 1730
0.06997216375295363 0.422545153968748 1731
0.1105153024285732 0.4612919894551892 1732
0.04984249957314314 0.4807642298330801 1733
0.0979244268233414 0.5250692343844348 1734
-1.111003856955657 -4.958310642206869 1735
0.3195178059067878 0.1316834936646943 1736
2.365581058074646 -1.53549894132656 1737
-3.068185916589789 2.779500215065017 1738
0.1166382914232161 0.1841630978821543 1739
3.510603531633191 10.68982629690889 1740
2.842955245704031 11.05950016864287 1741
0.4494697594649296 -0.04899545148966537 1742
2.521609408024262 2.943815980329783 1743
2.557113362277761 2.62270888016646 1744
2.811360688020497 2.799388575061466 1745
2.851415681778361 2.486369121860235 1746
-0.2669677832742213 4.51276132410483 1747
-1.553070988201232 3.744249540213751 1748
-0.3347945912025755 0.2662098527471976 1749
0.9685957229990044 -0.1143017402676802 1750
-4.291418293125274 -0.899156530167825 1751
0.6186938406290536 0.08980358573003511 1752
0.6041762848919974 0.09487969351019751 1753
2.687052714667161 5.523871862811423 1754
1.261350193122869 -0.8975956088918392 1755
3.032470358670484 0.08196852648991096 1756
-0.6453386661333282 -2.139043617615936 1757
-0.5759635853534412 -2.439277859941452 1758
0.7885819636436414 0.06803990819336185 1759
0.7753119659203469 0.07542072621017781 1760
0.7720603318683261 0.08868034528655173 1761
0.6325764808274809 0.08348234380700563 1762
-2.058202202048311 -1.681810487785049 1763
0.1598745572512899 0.1665480618950694 1764
3.751000424564089 -1.622531702454544 1765
4.017739280623578 -1.799899001024164 1766
4.317527123603548 -1.63847401463738 1767
4.308827143516306 -1.993373838988396 1768
3.49265429936535 -1.459003642511238 1769
4.629637460335585 -1.811542913620008 1770
4.62323123142198 -2.197675713504728 1771
-0.2019737454651072 0.4188907119286148 1772
9.546350227190732 -3.2268385234689 1773
0.8014024687573702 0.06195541389024728 1774
-9.69687096516479 4.58307972196101 1775
10.52167101738037 -4.969801648151048 1776
11.08050306208546 3.679207011942859 1777
0.7983203756631116 -0.08114482502674095 1778
0.7780717693594497 -0.07937704761952033 1779
-2.420855538059631 0.8094763765775547 1780
0.01001866149133986 0.05514184999531951 1781
0.0184750004390033 0.06582648080068815 1782
0.001268929643507824 0.0474200626559609 1783
-0.009209499777161057 0.04943681488532117 1784
-0.0008016633992637041 0.004128183069441169 1785
-0.004750517565019697 0.03931183596858607 1786
-0.01530377637990445 0.03997387247292929 1787
0.7042069399910762 0.07694525521067558 1788
0.6910055772061015 0.08453100489290646 1789
0.02806465288586255 0.9451399304720365 1790
0.2053209022903894 -1.488044527324967 1791
0.4126113970710257 -1.54539270137855 1792
0.2543590979360149 -1.710613746611114 1793
3.124619534735821 2.676431608447454 1794
3.139004883595086 2.353827908814873 1795
1.279258375498333 0.197863086056951 1796
0.9834877332583911 0.07040100240551747 1797
0.9694965179411692 0.06237699558379652 1798
-0.8425331467381096 0.6926881387250887 1799
-6.932581072646828 -8.419491590038925 1800
-9.757541877123881 5.36044280623504 1801
-9.088527340154201 5.803587982718562 1802
0.487672368253753 -2.987132952269103 1803
0.741173645846104 0.1578745859567559 1804
1.149556682469511 -0.523795200296111 1805
0.6894175537306169 2.871104381543955 1806
0.9933409132257423 0.1912392383427713 1807
1.021260699357772 0.173159033079235 1808
-0.4406337151004166 2.216160912798913 1809
-0.6244527829571692 2.060133031336758 1810
-0.5658709411117524 1.80250668044802 1811
-0.7994355792082686 1.902053721759984 1812
-0.759410150648068 1.677774736011315 1813
-0.9749332440966346 1.753249240524697 1814
-0.927831753606232 1.534095207814488 1815
-1.131365920815287 1.604864415186522 1816
0.02996047574817581 0.546266207796114 1817
0.08242997460458676 0.5982342484708163 1818
5.98901414353707 8.498586120401875 1819
6.633008906701439 8.886913576634603 1820
0.3974197735262038 0.1960459170131997 1821
0.3718641236906136 0.2028084168391072 1822
-1.031785266160304 -0.3026345292990827 1823
0.3298831737238518 0.09982829113344646 1824
0.3144002622559014 0.1029753795521552 1825
-1.107107828594805 -2.563082974565321 1826
-1.401860224651366 -2.471395681950935 1827
0.3197542714758423 0.4931060178286138 1828
8.2315370379961 1.3709037384825 1829
7.743338944299344 1.639583279372713 1830
7.280020151482772 1.359384473259447 1831
7.28040423681774 1.876189544168564 1832
0.7179074513316964 0.07115396124962642 1833
0.1780058789529165 -0.04694974773063824 1834
0.1273243539824856 0.04205288585139156 1835
3.949172883722706 -10.90417765158689 1836
4.55608730014971 -10.39607654829866 1837
3.645568210053663 -3.444513058553496 1838
4.014642772325261 -3.24078571886872 1839
2.006107950463078 0.1576569584916632 1840
1.110630422980563 -0.04460284352919026 1841
0.9437955284091895 -0.07189849720770201 1842
0.9642891037629734 -0.07235101938458605 1843
0.1542840740765801 -0.04510503739069029 1844
-0.4026274677215087 0.09778150761679667 1845
-0.37493872395567 0.02538749327693276 1846
6.018357276999565 10.0130684824763 1847
-0.3075187224394563 -0.8163401328196205 1848
0.8625689271157245 0.2773437694743252 1849
0.897763014605751 -0.07175338133212622 1850
0.8778364145861051 -0.0699505374560689 1851
2.391161618358312 0.1323022194119154 1852
-5.229041301292585 1.487269755101168 1853
-5.210933245734303 0.9966902330491005 1854
0.1433886395223627 -0.04441469461228701 1855
2.884549931559837 2.172396824635145 1856
3.164890461883318 2.035337842723191 1857
1.276463453880084 -1.388820224657495 1858
0.1199379552164198 -0.4453081971558545 1859
-0.08022598785042498 0.1601635483425299 1860
-0.1003701880188341 0.1331371238136425 1861
0.239908516537322 11.29108056175371 1862
0.19479485838261 0.08768232723515987 1863
1.725794284220315 -0.3285078999602445 1864
2.88144245904364 -9.096833592265439 1865
0.6888339299421971 -8.471778545554889 1866
-0.4313372133902418 0.9735900330940809 1867
11.06244943142111 2.910653987626022 1868
11.74559815177782 3.282074318739589 1869
0.8705806655848054 -0.1958498205359956 1870
0.9764128958132853 -0.351875013710039 1871
1.600562498099129 0.1082528432086313 1872
1.603911679988845 0.1772071918095855 1873
0.9608804026840845 -0.4331061284807325 1874
-4.616166522480091 -3.925325077499854 1875
2.934291637054281 0.4568803346357305 1876
-0.4319962928744037 0.1648967169507775 1877
0.5620743800431153 0.2145256521940374 1878
1.443549658881987 0.1418876892128071 1879
1.512771054886566 0.400423584968487 1880
0.2075054240917017 0.08384868079390906 1881
0.6213434235969125 0.07501103542623085 1882
0.5240803672644071 0.08503726910864061 1883
0.5090283941842562 0.09193361148717397 1884
1.136050332355447 -1.543316450290217 1885
-1.629373300739157 -1.030833575936039 1886
-1.88424425052495 -0.9233934305125584 1887
-1.66734421619671 -0.7565725745895132 1888
-1.918195245573194 -0.6507893525456054 1889
-1.707529274390704 -0.4887822337922102 1890
-1.955846045550063 -0.3826291846242263 1891
-2.170950258985655 -0.5335550768545013 1892
-1.027044562732749 1.968816626863781 1893
-6.880898570769846 0.06541134734412297 1894
0.5387372419735927 0.08178980112783707 1895
0.5494934228011803 0.0909454616514377 1896
4.902689797930813 -7.869932597948784 1897
5.539328150390272 -8.147794138774184 1898
0.9685231304245995 0.07817578585710115 1899
0.9546061638099809 0.06876845077433127 1900
0.9834895956166929 0.08855721233565812 1901
0.1187044507349411 -0.04208619745759516 1902
0.1209574099559609 -0.05031548611548948 1903
0.955851634664671 0.05276111755412297 1904
0.94150345521363 0.06023526412354961 1905
0.2701990953628826 -0.4780351703002435 1906
-2.467588306605212 1.09844804147909 1907
10.4117884094212 2.612130983532167 1908
0.7839936495620063 -3.18571718488208 1909
1.221294043790487 -0.1220306679369268 1910
0.775812648105955 0.06213054742354525 1911
0.764481010288579 0.06759459897670646 1912
-6.794644268042593 -9.230554443169058 1913
-6.025236064659138 -9.499999382206438 1914
2.48886450182497 0.5213872628919074 1915
7.714823863629687 2.173870128077576 1916
6.418586589060004 6.347339906301317 1917
6.975782787287541 6.690809174389273 1918
-0.08340670697055659 0.1036184339279736 1919
1.646036825726099 -0.4620223900915275 1920
1.560758473749005 -0.508733889256569 1921
0.7417233417558098 2.141567854347951 1922
0.9549377173432054 -0.0555330468844971 1923
0.9723943990531374 -0.05520634985511292 1924
0.9837158286884568 -0.07185395619889072 1925
0.9893057322620976 -0.05511221109601431 1926
0.9376489381667469 -0.05462278642374719 1927
0.9818674654134791 -0.04261833445695618 1928
0.9943010134970354 -0.03947751469429161 1929
11.11803268073532 -4.471131084455378 1930
10.99268366414643 -3.704763410967215 1931
1.360758835476653 0.6895467807991249 1932
1.259303394209971 0.6251777754980469 1933
1.457520007142735 0.7451286747399444 1934
-0.2771499692974795 0.4358648260841814 1935
0.319071546398203 0.08880940370285687 1936
0.3042855257334933 0.08969309130252362 1937
0.2993830961859111 0.1054863125237962 1938
0.3331508643961156 0.08553189948244266 1939
0.6912681079878974 0.07014081091006188 1940
0.6801407631612297 0.07572828956121963 1941
0.6756328589348606 0.09053031194351838 1942
0.4419573373072168 0.7401108405474984 1943
0.3570986241555836 0.7710270261440131 1944
0.5289678785876627 0.6994924112370484 1945
0.6056228661507891 0.7544182551065379 1946
1.943136578078288 0.6531935706041416 1947
0.02214269090437482 0.05406916306421505 1948
0.02999359266076808 0.06264472916907807 1949
3.385208620297246 -4.874396227477179 1950
4.966680118860978 -2.003975032936758 1951
4.962656644128074 -2.411329650484162 1952
1.400526343873514 0.0573596949362002 1953
-2.211534569273173 -0.2656688086691306 1954
6.822613621713298 1.617384775885328 1955
6.802289768997704 2.146929060722141 1956
1.001646186866333 0.03306680272336566 1957
-2.118789410538432 -1.091198796929046 1958
1.431919346317691 -0.1627513049974854 1959
6.829514691603578 1.109304352218516 1960
0.2904456199830271 0.09386649992756874 1961
-0.1974653728959341 -0.1000074262461172 1962
-0.1331907482356051 -0.07314691286228636 1963
-0.08964174343403347 -0.101122995283168 1964
-0.1033882083053976 -0.03726028154907116 1965
-0.05993896093333342 -0.05837560232944924 1966
0.8187471156820023 -0.08766917528197338 1967
0.8123746214563606 -0.06889615993038806 1968
-0.2198094086794783 0.4945808808844844 1969
-0.4501088859980651 11.65905124045297 1970
-1.122495848864188 11.22846492678482 1971
1.176725627493144 0.03520348295609275 1972
-2.439556978959228 -0.4254439007249898 1973
-5.113124123951382 -3.678263143013744 1974
-5.138898073053275 -3.103504677309115 1975
4.006508185132525 -3.678767651758196 1976
4.410255939311868 -3.468634255207812 1977
3.475504814074406 -1.759831702190915 1978
3.226671219424407 -1.590306181437046 1979
1.019198627591184 5.976690547961814 1980
0.6329497538849298 0.06949016442505829 1981
0.5511046566870108 0.07665543539701528 1982
0.9857795715024187 -0.03091663311138636 1983
1.000850952579187 -0.02950103266419412 1984
1.006243610618127 -0.03846717685687452 1985
1.009627713180786 -0.02864093396944161 1986
1.004413741408109 -0.02161933526042185 1987
1.011708632571475 -0.02050166482890377 1988
1.006717076157284 -0.01401529588681401 1989
1.014213100453876 -0.01339530905837145 1990
1.000513212543618 -0.01572592112965418 1991
1.009551648782384 -0.008490995028956762 1992
1.016651590535462 -0.004720166489254379 1993
1.01239622725623 -9.00815606416118e-07 1994
1.0224682464972 -0.01212866353005528 1995
0.9541924049849986 -0.1396021230841353 1996
1.025804408925124 -0.005555114464458251 1997
1.833686395930472 -0.1877657290505919 1998
-9.633321170347262 3.819110447682124 1999
-10.33835353812166 4.136938184362148 2000
-10.27050084862641 3.347323291936209 2001
0.4749625989737477 -1.774119874712558 2002
0.886974878537693 -0.05681356152732242 2003
0.8725946448104798 -0.05421809075077817 2004
1.152766619027596 0.04904174629447984 2005
1.152399405638942 0.07695888125066787 2006
1.152036662198781 0.02267376729863624 2007
3.206437774362469 -7.016963153026618 2008
-0.1215732100099243 0.1042134224912142 2009
-0.142263246678345 -0.0239034652435333 2010
1.000694520769479 -0.06940681556474568 2011
1.90165164495917 3.547285662545284 2012
4.263097793657643 4.6919218594864 2013
11.2612456054427 -5.255227041022111 2014
10.64974317081961 -5.74115507492984 2015
0.3914231651852039 0.22282876291274 2016
0.3620523879559326 0.2306331554010007 2017
1.553451834841662 2.026587236111504 2018
-4.136744466132486 -4.141441584253463 2019
-4.576627057349299 -4.486287656241956 2020
-4.07521658202459 -4.713730275562321 2021
0.976168609862252 -0.03187447907346382 2022
5.331989650948385 -2.207775935248331 2023
5.328006670818355 -2.644531454547361 2024
5.731123420653798 -2.420029758166999 2025
5.718161938751092 -2.897407555704373 2026
6.149871667381294 -2.653971683195501 2027
6.137538289720743 -3.157338326654279 2028
6.583902369826315 -2.909919194816484 2029
5.699500113588472 -3.38921397140497 2030
1.496842193580978 -0.3619483882454555 2031
3.42115399506443 2.214427971604648 2032
3.444715420762299 1.89489650730183 2033
-2.003541824220566 -2.012085745921037 2034
0.9855605531998881 -0.1410377196224362 2035
11.73182813713364 -3.962362145334584 2036
11.58924801018832 -3.182129319504972 2037
0.004135072978669737 0.03806862408486024 2038
-0.001888943109391247 0.0306274604110391 2039
11.72505795124502 2.489515068210721 2040
-0.3560287397830476 -2.224453097899023 2041
-0.7283867390372397 1.460836612153948 2042
-0.881687315642127 1.326427878748937 2043
1.285305363234541 0.02645030164364449 2044
0.8295280232882377 -0.07209734258266864 2045
0.8222560199129281 -0.05714804199993123 2046
0.8090462173355358 -0.05409825307183379 2047
1.850177927670809 8.812692277387042 2048
-2.472192899110608 -0.1529501523213487 2049
-2.329806027278429 -1.884894859505469 2050
1.016415447276544 -0.03647512618478552 2051
0.9395839694675684 0.07526140537362953 2052
0.9274375190187203 0.06546172946413588 2053
0.9293311723590436 0.05048871024787295 2054
0.9157726200444614 0.05652615323921729 2055
0.9135032145175349 0.07024231203986125 2056
0.9028625612687 0.06083062924073036 2057
-9.184263119942322 0.5154444941233974 2058
-9.775152109153254 0.09305176533685117 2059
-9.835215790550709 0.8400087275750285 2060
-10.4586785882284 0.4100597860591071 2061
-10.37713366219319 -0.3529410998304551 2062
-10.52318929813096 1.294837267587696 2063
-11.0985740516134 -0.03560755650046486 2064
-11.01214368943721 -0.8405163913810237 2065
2.915976691777634 1.869437111215384 2066
2.655048591924598 1.995579326110847 2067
-0.08873783199975518 1.537132239269083 2068
0.2937858284746883 0.08089174424386299 2069
0.2824592087603828 0.08308744929914827 2070
0.2611665886241988 0.5144355693237318 2071
5.372601894059637 10.38313564794936 2072
0.5348105145997786 0.2263579543647095 2073
5.391433860701742 0.5141148153786033 2074
0.9009375437219027 -0.3842399476152965 2075
7.555495503206228 6.363349365854259 2076
7.559615138707337 7.051286250222746 2077
1.758898061645343 2.153475795984096 2078
0.5622165552638033 0.08476859907189933 2079
2.055413068738814 0.5860569006922477 2080
0.05924454921571837 0.135048570511893 2081
0.7645195391146444 -0.09336725123456985 2082
0.7604210307474513 -0.07479270023738321 2083
0.7468605253359782 -0.08682418631454439 2084
0.7440298417813128 -0.06774144540055473 2085
0.7306023754780295 -0.08066252702816874 2086
0.7743606104487779 -0.06240673101385277 2087
4.395955160902584 -3.922049514328563 2088
0.727361258176846 -0.06482970070445881 2089
0.715092111162102 -0.07561751295119751 2090
0.1820540883625013 0.09067625235886961 2091
0.1863237103184087 0.07757076005265498 2092
0.1731512322080587 0.08146493823241975 2093
3.509760068857178 11.47611675645877 2094
2.807051452974098 11.8591699199597 2095
12.35205273985637 -3.439415147535064 2096
-0.2916682822400141 -2.529509414333089 2097
0.593405268252403 0.4317334853968001 2098
-0.4720519577118581 -2.770418783938987 2099
-2.69443613456618 0.9003785368581851 2100
0.9049860786207732 0.04740406010532615 2101
0.8930863830379223 0.05220458276646549 2102
1.434012965361028 1.128899874588152 2103
0.5636115877726292 0.07147344216933804 2104
0.5440957138518949 -0.2986297883127361 2105
0.5348376760834682 -0.2478376226877511 2106
0.5660482736466663 -0.2149482608435692 2107
0.5273991472796237 -0.2047324795090394 2108
0.5569016815329165 -0.1780155560100709 2109
0.5225138298408275 -0.1651746038864125 2110
0.4961161731125351 -0.1881799893091497 2111
0.4903013595354969 -0.1562867065871937 2112
0.4671716400846315 -0.1750332169431672 2113
0.4636930420876169 -0.1457238058930034 2114
0.4405545374944152 -0.1628489425146717 2115
0.5499013757896968 -0.1445938740771467 2116
0.4388611228102358 -0.1323349159182082 2117
0.4159033115901125 -0.1508787871497083 2118
0.4142149403355793 -0.1252919969753322 2119
0.3910999843191837 -0.1373001845046232 2120
0.3939186872526185 -0.1668107901008185 2121
0.3694926591785979 -0.1548301160097966 2122
0.3663138526546719 -0.1305859646928672 2123
0.3454380962301397 -0.1432520262188918 2124
0.3466783342215488 -0.170721481940386 2125
0.322824512043852 -0.1563841740889052 2126
0.324455405468179 -0.1278314455208784 2127
0.3012774271748949 -0.1418625869124112 2128
0.4850861516406131 -0.1268576584272501 2129
0.3027892972869336 -0.1180913365556126 2130
0.2803252475019933 -0.1267453063301732 2131
0.4428137931810641 -0.1925891705062503 2132
0.2788496383007348 -0.1530682321763048 2133
0.2586493212456821 -0.1387946818011628 2134
0.2608628022085722 -0.1150770733489434 2135
0.2398286183947625 -0.1261562430567092 2136
0.2361767411982501 -0.1496381887985983 2137
0.2162530900771189 -0.1321531753973781 2138
0.2105559710026335 -0.1600119925336866 2139
0.1906851981143861 -0.1421083662110025 2140
0.194712813794826 -0.1170847542587361 2141
0.1724039230372641 -0.1248734385472719 2142
0.3199784669889466 -0.1062291837567666 2143
0.4305672095189045 -0.1100561493904752 2144
0.2417818144258795 -0.1044849807465952 2145
0.411777457620369 -0.1030288273147904 2146
0.5779885353027402 -0.1549034427608852 2147
0.572202778500619 -0.1269598263983918 2148
0.5950296633756128 -0.133019322308517 2149
0.5889014924686237 -0.108992295465467 2150
0.6100460574053785 -0.1142566529723626 2151
0.568512950221806 -0.104894249249039 2152
0.6064189299952063 -0.094559956880407 2153
0.624721789343422 -0.09920783964422922 2154
0.3215444407909077 -0.1860121103122733 2155
0.3498679135364118 -0.2022069356451427 2156
0.1782031620858046 -0.101188592832343 2157
0.1566071053068564 -0.1095770411933842 2158
0.1504150153333185 -0.1324805092223043 2159
0.1350059627862841 -0.1166335397468552 2160
0.1977399964272238 -0.09478092281270906 2161
0.3039675005607749 -0.09766336777705925 2162
0.2594078108672544 -0.09495593079604767 2163
0.6217234332354908 -0.08081976267698503 2164
0.638739630944684 -0.08648588044209179 2165
0.6436463619044976 -0.1034596280130223 2166
0.6550850279913676 -0.08893235053910771 2167
0.6621330602680127 -0.1067245719405373 2168
0.6490206007313379 -0.1234026720677 2169
0.1269039002955333 -0.1394972888893288 2170
0.1090802170184777 -0.1184183215527943 2171
0.14848838233476 -0.1622458190677149 2172
0.6040553838787058 -0.07689553240683722 2173
0.1011876400762459 -0.147860785735903 2174
0.08186434782467897 -0.1277590546202618 2175
0.08746680948259539 -0.1023052016136702 2176
0.06341976874403497 -0.1086910787516565 2177
0.1614435849209877 -0.08895938155098063 2178
0.3193273059964954 -0.08880845118409875 2179
0.3342001680371127 -0.09552363141044637 2180
0.4273411563430363 -0.09129314522680178 2181
0.444419880061648 -0.09651309023214394 2182
-9.814037050375852 6.162421984358155 2183
-9.135205312957789 6.599851496087358 2184
0.3110054249246331 0.5568676677239806 2185
0.3162750652281725 -1.965929349445158 2186
0.7291931913802404 -1.049315072029513 2187
0.2330375168036019 -0.1778795039745219 2188
0.2037243213554925 -0.1904138342391528 2189
11.75724245032701 4.073712366868238 2190
0.246413980705272 -0.08548556520082418 2191
0.00952288835715908 0.6188838955703432 2192
0.06640708725242718 0.6757527217430553 2193
1.834058162327234 0.7124344833975702 2194
0.06950322350703254 -0.08501571268778423 2195
0.04725803194122774 -0.09216474900633005 2196
1.055165576306451 0.06974397897572134 2197
1.074679069071244 0.07986528423976838 2198
1.054815553361616 0.09335307200932433 2199
1.077714412621774 0.1049178533516791 2200
0.7654732382472239 0.05555602144885311 2201
0.7546071564873673 0.06047987073107101 2202
0.7527803295813509 0.07422227550461317 2203
2.695949576285109 -7.385454927294577 2204
-1.304045654299035 0.3012364160352213 2205
0.7752400397974075 0.05044595526296678 2206
-0.4550428878269848 0.0345982075527872 2207
-0.4267437230212471 -0.04291087682836601 2208
-0.104806981577831 -0.0004361002540931094 2209
0.6489128382086448 -0.07235737545805246 2210
0.6650156052537448 -0.07524365720384021 2211
1.964517052523246 1.786596841234303 2212
-0.69380520126543 -1.405000509918938 2213
0.03940663468011808 -0.1140010774803224 2214
0.02394748928407055 -0.09527754825228404 2215
0.03420577206099003 -0.07420184522280338 2216
0.01101946009220805 -0.07684168757489721 2217
-0.0002292399434889389 -0.09778164141764116 2218
-0.6712107460113059 2.300860403826352 2219
-0.4716095123888725 2.465165858894329 2220
0.2676475872012987 0.1405778163052471 2221
0.2637619792621714 0.1634240390227435 2222
0.2431136949967362 0.1724016146146669 2223
0.2614905320580012 0.1870010926488134 2224
1.024586121605457 0.2081429999965324 2225
0.5438089028604796 0.4530976498362561 2226
0.5885851627487864 0.4898751463542794 2227
0.5314660230005797 0.5135644569899044 2228
0.5108926714978979 0.07687424133576701 2229
0.4978381914481473 0.08163410766648997 2230
1.650170738165487 -0.5663434924735473 2231
1.552593514850733 -0.6237422735168453 2232
1.170204902935691 -0.2282473920068117 2233
-11.00627821695455 3.68241737045315 2234
-2.6386127421959 0.6075538150776799 2235
1.054095131891331 0.1884340609856007 2236
0.9084341099828573 -0.200602437415396 2237
4.719284857879267 -11.18622361719068 2238
5.340154818082899 -10.64363708417541 2239
0.8899176358113298 0.06453003526764128 2240
0.8809516737872969 0.05543380007471092 2241
0.8838259023565167 0.043536501373029 2242
0.8724801650270682 0.04703966893775888 2243
0.8692780258183972 0.05804680268412048 2244
0.8617154457937366 0.04943668847593248 2245
0.4112491880598192 -0.08255759167433357 2246
2.821805352511246 3.122836102494656 2247
-1.355196340366919 -2.7981873634357 2248
0.3960420166697456 -0.09455903904076375 2249
1.585121625940025 3.679195055577929 2250
0.2392291040252804 0.1018829122059615 2251
0.6809856452702719 0.06292227527822787 2252
0.6706130679088591 0.06826249545793858 2253
1.397031459519731 -1.237251151618676 2254
0.7345551537786916 0.1120697413239772 2255
0.1494361177394532 0.6457742570210568 2256
3.258759585063812 -7.676200589166795 2257
8.173129151860243 6.701540767957358 2258
8.173074260355211 7.427166316359301 2259
8.81782987317847 7.060533428758424 2260
8.823071197950028 7.82815115831742 2261
9.509896914967076 7.429690094945834 2262
0.1763306330296043 0.07018380080667752 2263
0.1649249803709943 0.07309850636199826 2264
0.8927094337833985 10.17018586129291 2265
4.521595597037443 -0.9288157757318558 2266
0.6728741828619746 -0.1281641229136398 2267
6.131218142957739 -3.675781305434127 2268
5.676195858161408 -3.891766525345447 2269
1.861037943163802 3.894843684679404 2270
0.8808810304417787 -0.04238584577619047 2271
0.894284997542434 -0.04364341191294205 2272
0.8678067987930316 -0.0414057596035036 2273
0.8596410271829378 -0.05098771655449527 2274
1.742466130268063 -0.5118344955148304 2275
0.558273264235273 0.2459312394020657 2276
0.6213294417994188 0.1881804841004273 2277
0.3205413239998975 -0.2209148706331603 2278
0.615245143317102 -0.06636374684313293 2279
-5.648759918856942 1.225199907802922 2280
-5.671373629575701 1.733094972021416 2281
-5.620791700495174 0.7201918134414804 2282
0.4944512010132439 0.09590164172892857 2283
0.4844868792977847 0.08542599073269101 2284
-7.561296293351987 -8.944963193058348 2285
-7.695602177945021 -8.118182960800651 2286
-8.344788289199471 -8.65136096995808 2287
-8.480293230437407 -7.809102729386401 2288
1.649756948002762 -0.6891814240104732 2289
0.07317114560280662 -0.156985813831504 2290
0.6912331066387712 0.05750138408125736 2291
1.246180140673381 0.4042701318176767 2292
0.613247470981594 -0.0394452379459177 2293
1.346440973772634 -1.583933481180996 2294
2.282047167188561 -0.4096518255716903 2295
0.4953233903235693 -0.2795655944414254 2296
1.535310712770852 0.5773692921426532 2297
1.031676351909194 -0.01128235306804545 2298
1.035625609015426 -0.002712897875275704 2299
0.02002517922709123 -0.05687178502140997 2300
0.001703421302246614 -0.05821932715672493 2301
0.460496251456251 -3.346772789298568 2302
0.2383344786762637 0.1966829932895625 2303
1.226769737057372 -0.5899241805429239 2304
1.586122287945476 -0.03964224452232334 2305
0.9454002661221141 -0.04195856598117882 2306
0.931266109633207 -0.03923301227092384 2307
0.8837163702583594 -0.2345176179893345 2308
6.116872071198003 -4.202962954790294 2309
0.1325021019618727 0.7320938260485322 2310
0.2274259528404601 12.08829001981645 2311
0.7176087241340773 -0.0920000016263498 2312
0.7128440959075732 -0.05895179895141284 2313
0.8647007026928337 0.03943576472222329 2314
0.8545488896772319 0.04134511632041583 2315
0.8509591051169035 0.05115896841198787 2316
0.8438968895845573 0.04179736986667551 2317
1.293150524564488 -0.2321932813425985 2318
0.03292509667231925 0.05016457196418057 2319
0.04067823251015262 0.05949791596246898 2320
0.03811305398306789 0.07158934376157719 2321
0.05069284598177373 0.06631348453797277 2322
0.04726594185035719 0.08109325427751297 2323
0.06040501664883825 0.07711199470038674 2324
0.0645220974925573 0.06393958363730681 2325
0.07410202193116681 0.07320775770575752 2326
0.07061362201738211 0.08710121295470126 2327
0.08407541382233959 0.08232214772172822 2328
1.711872059700628 -0.02693836788838791 2329
-1.744647376853029 -0.230369325910954 2330
0.086962653732458 0.06905638484868817 2331
0.09694835236405222 0.07747272746772493 2332
-7.423432741702019 -9.768937646484758 2333
0.0907687487772816 -0.0805638833001428 2334
6.036955252555527 10.80752784238414 2335
6.71397953906768 10.42810809074023 2336
5.345546556465432 11.19843462885029 2337
1.359041139131035 0.802602885105979 2338
0.2854983403664444 0.1739381878180958 2339
0.2817356494700891 0.202475636793532 2340
-0.1385948571418711 0.1387035161935766 2341
0.2604176483884378 -0.07911633183256109 2342
1.344183332217319 -0.2675667385354456 2343
12.43371949963886 2.873765491565383 2344
0.6228226878070082 0.06215004858566432 2345
0.6117030884149681 0.06674285078644351 2346
0.6134789362235924 0.0393592638004898 2347
3.997072243445851 -2.146388460374027 2348
0.5616856222663301 0.0988815292790382 2349
3.24726317949668 -1.296717619441975 2350
2.999865442512975 -1.424835548335564 2351
3.021006306093825 -1.158264833021544 2352
-2.7191125245137 -0.3236784365584291 2353
4.232565445581161 -0.1966915190366981 2354
1.092218128933102 0.06570865103870455 2355
0.3054646726974685 -0.08090815130130735 2356
-5.621887922065021 -3.418933266114498 2357
-5.617086403499858 -2.841478807880517 2358
0.6204578462359938 0.665070208692403 2359
0.6871569089560434 0.7107603363497447 2360
6.840170622529421 -0.08489771404346574 2361
0.9226283583207227 -0.05197618005006761 2362
-2.749184766860077 1.201919373236642 2363
1.546727424023143 0.2097219354157225 2364
1.606930427520178 0.2493400513704106 2365
3.703291524630984 2.067080039231063 2366
3.711951436110431 1.756232857868268 2367
3.465601627147952 1.585056024574918 2368
3.719435027489767 1.450193753248719 2369
3.486533679733996 1.290928025260941 2370
3.738304917763778 1.160106712508629 2371
3.506993761690153 1.010932368719701 2372
3.748483571257044 0.8845432568775988 2373
3.526216358012589 0.7414864084748474 2374
3.758435070516974 0.61974529116316 2375
3.721438961844036 2.374888627373008 2376
3.542286933383059 0.4847963024352494 2377
3.76902095359249 0.3624547267026175 2378
4.961876361419579 -8.569729610923527 2379
5.634636264227944 -8.83484482064534 2380
6.208333188423065 -8.417910007916049 2381
6.370509441197328 -9.142299725683767 2382
6.918120525490484 -8.698945205740081 2383
7.105882282927851 -9.473696290468165 2384
7.689949233448159 -8.982482838775528 2385
-0.1442943753763434 0.02116488898375926 2386
0.3841700926727745 0.2532879882603435 2387
0.3526505552517174 0.2613075473127987 2388
0.8405236419673168 0.05256964338430509 2389
0.8339653757730748 0.04471175224548828 2390
-5.155357405682164 -2.536527469071043 2391
-5.624576954396712 -2.274368126270725 2392
2.766211861562775 -0.2625270727562613 2393
0.6462428835955296 0.1104789778888885 2394
4.087599831469778 -11.72269747754547 2395
-1.160565848681246 12.03419197639764 2396
-1.840588092051507 11.58877985464821 2397
-1.757133928241455 10.79414158194328 2398
-2.516802507936259 11.14101472740494 2399
-2.573022097416976 11.95236006900319 2400
-3.257159111588199 11.48843347916503 2401
-3.20636858014721 10.67683520774126 2402
-3.933914429212321 11.01875283206496 2403
-3.877529584607327 10.20956712858403 2404
-4.59699548522938 10.54933736437866 2405
-4.530494286764473 9.728724009999379 2406
-5.253668981451016 10.0879089315955 2407
-5.186122017851004 9.269773195856384 2408
-5.908081672690213 9.631296469850373 2409
-5.839638654025749 8.842115159438295 2410
-6.563030874732076 9.18131815785369 2411
-6.49425333077782 8.390972336132352 2412
-7.22047937262951 8.727544525461036 2413
-7.14573399612644 7.934546777704978 2414
-7.871349362353095 8.268478665655838 2415
-7.26969696174433 9.499556727262728 2416
-5.146491093118844 8.458008580083446 2417
-4.675570447385131 11.36572777166297 2418
0.5413086974447292 0.06872701979551689 2419
0.1865906293870616 0.06650474613502305 2420
0.8564490303395186 -0.03920924430236575 2421
-8.418044796370516 6.239761258733819 2422
0.0242769403389897 0.04494499561401858 2423
1.122955673503008 0.8589100551555102 2424
1.010557076046245 0.7994282528100263 2425
0.912748277525707 0.8533526014481732 2426
0.9185613548666733 0.7388831344023449 2427
1.008183360175647 0.69133002902602 2428
-0.1860957968228309 -0.003214956917142263 2429
0.4413094358290558 -0.08020635577890102 2430
0.4566849448742454 -0.08487680119391112 2431
1.540638374124533 -0.7490539041412954 2432
0.5744644127538017 0.07905803269841336 2433
0.5756720036835112 0.06651274189205844 2434
-10.92949934421693 2.873934251336921 2435
-5.179538542518836 0.4958902010082183 2436
-5.585637314604321 0.2383944575710215 2437
0.3242337061214449 0.07441425527474757 2438
0.3365094604717969 0.07260736407921645 2439
0.3443559321921429 0.08072058643120128 2440
-0.2992801924571831 0.513733262366515 2441
0.830447976118594 0.05464224718130217 2442
0.8237937226719654 0.04625651266560589 2443
0.8223444620100024 0.02256947022126837 2444
0.08143726041097851 0.09693965051564492 2445
-1.43937425928449 -0.8551831349925633 2446
0.70124082442685 -0.07011453198308541 2447
0.9176402806563582 -0.03963018642517904 2448
-0.4343273249301275 -1.934098705153387 2449
0.003665541033043226 -0.04461282672488176 2450
0.01994298896221066 -0.02348361731900089 2451
-0.008582795745078017 -0.04463624103931926 2452
-0.00583964479948108 -0.03073836314040663 2453
0.002721567498887698 -0.01122790085147115 2454
-0.01894117267594296 -0.03396744681062951 2455
-0.01391747913310884 -0.02162711082843718 2456
-0.0276339372453327 -0.02355106433032314 2457
-0.02004195323967665 -0.01198690069059565 2458
-0.0009386463014081888 -0.001599633212034425 2459
-0.03499389456937885 -0.01110092017256729 2460
-0.0342440681917841 0.003337139317156727 2461
0.332293961257617 -0.07845933067963025 2462
0.3472611430694587 -0.08638256350859554 2463
2.17272586759602 11.47091943145179 2464
2.111585787770466 12.25302379619865 2465
1.20526829210324 -0.01183436957149026 2466
0.9801764768366217 -0.02299064182717106 2467
2.283205270828042 2.391999425893026 2468
0.893586710938286 -0.6997617744839829 2469
1.115322395798991 3.251523587901746 2470
0.8466261606602346 0.06189055282976753 2471
0.7556887836761665 0.04927162720530703 2472
0.7456224312624482 0.05374194229508485 2473
0.884296842020495 -0.4588233147616947 2474
-1.51682687641309 -0.3260696562882649 2475
1.663576454555534 0.1386676000852845 2476
0.934893286301038 -1.491945973097666 2477
0.9869068335147896 -1.707825881215501 2478
4.11111141015904 7.512734442631016 2479
4.686143682389254 7.184483106014508 2480
4.127535470181096 6.859876758046479 2481
4.664567255076461 6.552027875645209 2482
4.13908180843323 6.254352623336449 2483
3.620187530095716 6.531017120980825 2484
0.5866617912671762 0.2319439221580712 2485
-0.05296522640410537 0.1898995300707157 2486
-0.091581616564975 0.1943283818740957 2487
0.4878366000866453 0.07236872248318384 2488
0.4751879706260901 0.0756589284469536 2489
0.4714324881948117 0.08832363379553934 2490
0.4621736288249118 0.07853833205113969 2491
-4.540282063610472 -5.053786975251572 2492
-4.012972728638999 -5.319226437407183 2493
2.06117213644703 0.7240321413460575 2494
0.6827544524712159 0.8012941108456058 2495
-0.04662007961720039 0.5696362589560305 2496
5.635081774016869 -4.452185793835909 2497
9.505925999231133 8.242950080388487 2498
8.797089088078351 8.636565606783076 2499
10.21888642318113 7.838206138901898 2500
10.20880681207763 7.009040031911486 2501
-1.67615190287515 -2.659661317875567 2502
-5.60075780360369 -4.001439806432001 2503
6.392524120152579 1.364796752899639 2504
6.398782144926692 0.8875858235939371 2505
0.394698978141017 -0.07791924832256117 2506
1.749451457740888 0.4079406963442334 2507
12.19745206838078 -2.639746136629355 2508
11.45238527187662 -2.436725909277496 2509
1.317203720816909 -0.4339724079688945 2510
0.6107273375302115 -0.157442777322197 2511
0.4493421790916193 0.6593602165692931 2512
0.5866366227334558 0.07422713576870626 2513
0.5868896217167126 0.0621451679764167 2514
0.4143227758148166 0.2443570257464339 2515
1.005920075638302 -0.001697063320829375 2516
7.838861826596871 -9.784985441999689 2517
7.181020142768445 -10.29661390989749 2518
8.491949432042317 -9.272939250404169 2519
8.298217183971671 -8.344789704357163 2520
9.141282393205472 -8.729687379842442 2521
9.033702792017767 -7.864148814448201 2522
9.810078679035703 -8.206772718090821 2523
9.64744400662347 -7.384662439107385 2524
10.41051188567192 -7.70343347110632 2525
0.6330192054332856 0.05568396511393561 2526
0.2536582222523118 0.09679508639052753 2527
0.2430987193606123 0.08738260641134207 2528
0.255043111526832 0.08285571640010558 2529
0.2455257303481568 0.07474096414127859 2530
0.2568723648310569 0.07050864029804685 2531
0.234679244766488 0.07877797005068966 2532
0.817869407463738 -0.04487105389677335 2533
0.829349054126698 -0.0463150574124504 2534
0.1549616419856092 -3.128801938813995 2535
0.1219706496824178 -3.509330064448629 2536
4.02448418966767 1.959225008807585 2537
0.6435030590266479 0.06351049017760892 2538
6.407182233829262 6.961370573033699 2539
0.2846400735104704 0.1078464520232289 2540
0.6705098217076852 0.05591637264784105 2541
0.9669412969923302 0.09719973555147726 2542
-3.813863975306311 9.353894682094008 2543
0.2736747961664726 -0.08498166349606973 2544
1.02704729582002 -0.02121287045379009 2545
0.6977623725417664 -0.05626269441468627 2546
1.463003446781363 0.8624076201539406 2547
1.116946608995069 -0.6453852938717595 2548
4.641510278143917 5.953793544905635 2549
6.748517046497835 11.21639608284375 2550
0.9679379592792052 -0.1702634614335828 2551
3.191127237257801 1.40701663471587 2552
-10.49197796182302 5.710622304130383 2553
0.007065434432516424 0.03037122321926949 2554
1.130319104767256 0.03495945242802801 2555
2.686610995741468 1.71754073750556 2556
-5.168622116494506 -1.982649695266507 2557
-5.648513051709791 -1.724236282044977 2558
-5.196408121310633 -1.43723202280032 2559
-5.661869956229336 -1.186737963099413 2560
-5.206210103237268 -0.9264110541143157 2561
0.659485855579673 -0.06133986326245568 2562
-0.3599701645985925 0.4503678484835725 2563
12.41160681076135 2.062858050107151 2564
-0.2460708096135702 0.559280734615735 2565
1.001876584244368 -0.01056039239370608 2566
0.9970779903013569 -0.01155455723861212 2567
0.9949674286038128 -0.01639703119498455 2568
0.992292274560181 -0.01193212288186973 2569
1.978904356991334 -0.3300786975609674 2570
-11.73026739898549 -0.5000515540354049 2571
-11.6345653405625 -1.320939835703985 2572
-10.90823281324795 -1.657210794732216 2573
-11.5748330461479 -2.148559046038439 2574
-10.81166591957498 -2.475523282198792 2575
-11.52578668288627 -2.980997849122995 2576
-10.719189764544 -3.308258010647398 2577
-11.44127120552688 -3.814925377696801 2578
-10.61837892524974 -4.144408178506328 2579
-11.83820860024393 0.3211100948081735 2580
-12.36649203041866 -1.760080282461736 2581
0.7708940186713559 -3.559970686129298 2582
-6.436758980375843 7.609652114816804 2583
-7.078674378666364 7.158014304020934 2584
-5.969909988914909 10.42112810532286 2585
0.3808447816613885 -0.08604172587810935 2586
-0.04914709898351496 0.0003954718993903765 2587
-0.04035268709011031 0.01668867807882399 2588
0.737234661753978 -0.05424660378190527 2589
1.130357326622864 0.01050002536669968 2590
3.332865380655853 -2.418805991435561 2591
-9.143317060080932 -8.350276722169957 2592
-9.263905615867104 -7.50615738161377 2593
-8.611397640762569 -6.974812143623276 2594
-9.383849211612732 -6.671052142439755 2595
-8.73886729074815 -6.15684087882422 2596
-9.498984827994255 -5.852710731028012 2597
-10.11529043319121 -6.376687833689386 2598
-1.552006865491157 -0.08841935842456011 2599
2.789255499090048 -1.269640721904784 2600
2.814256141100163 -1.027513382379266 2601
3.606811610535167 -3.889927569818511 2602
8.01033123568509 3.532123678442384 2603
0.9289234773688824 -0.243586965669647 2604
0.0996680441581223 0.0649937417187384 2605
0.1094317174402737 0.0727636863284131 2606
0.1074211598104744 0.08513686923067317 2607
0.1196164320219188 0.08015803727970919 2608
0.1212589451578008 0.06799884334691618 2609
0.1308936779005938 0.07522959836266251 2610
0.1314090746859657 0.08932713153024992 2611
1.088114922106263 -0.01946235261049462 2612
6.468200864889768 3.925833266370421 2613
-2.50668864313786 1.399950648324251 2614
0.6466022169833952 -0.05829471112390586 2615
0.2737832816309894 -0.07196471476978807 2616
0.8054682619376763 -0.04213055770642248 2617
0.9833615222970862 0.1087394987334422 2618
-0.01914913865307591 -0.06181704344117382 2619
0.1609285629173004 0.08425919060232891 2620
-5.151218900185669 0.01561272540069203 2621
-0.3371656473804313 -0.04925945534033255 2622
-0.39258402724677 -0.1248862800311156 2623
-0.4806991291088694 -0.1164020550862378 2624
-0.4461103993982978 -0.2036263633990242 2625
-0.5436554427384418 -0.1932582897380858 2626
-0.6945697653340877 1.260537643754099 2627
-0.8418654064081076 1.133670680718062 2628
-1.028164040975969 1.192422411444144 2629
-0.5483944810015432 1.386916273180644 2630
-0.9822902915114415 1.005369806072139 2631
0.131946783015294 0.06357022740225403 2632
4.966267832363304 -1.612334274695314 2633
0.7973487971053445 -0.05016466805935203 2634
1.544743021148676 2.269482384849749 2635
1.337408750194875 2.133707257024468 2636
8.945899071273136 -7.0403605048991 2637
-3.522722334248792 -4.969032159981932 2638
-3.474439851926721 -5.567610725064168 2639
-3.011824677425034 -5.268510483670968 2640
-2.946555765973211 -5.820670699562742 2641
-2.476089749959269 -5.487594674999357 2642
-2.429234874381567 -6.045764781197088 2643
-1.954597646361131 -5.719192235805943 2644
-1.908299843389734 -6.369962972154329 2645
-1.40981761143908 -5.965574737887548 2646
-1.355814580497683 -6.547843257882572 2647
-0.8828892206259662 -6.212276230971463 2648
0.2860466795075939 0.0720644188074509 2649
1.561806667511386 0.7986361956921848 2650
0.5660533302002514 0.05792048182228778 2651
0.002418103879980623 0.02489453607563996 2652
-0.003385159536506115 0.02380892185345335 2653
-10.06642595241596 -2.796321281429472 2654
-10.2308189896258 2.598965194497258 2655
0.03780942494873422 -0.05634989897498675 2656
0.6002312354430052 -0.06203502781028657 2657
0.590074183621992 -0.07161001341479975 2658
0.2960041617960495 0.06962498859970673 2659
11.42246902709178 -6.102132688691989 2660
0.9985464583857053 -0.007308678393382826 2661
-0.05630751383677474 -0.01977278661132215 2662
0.6830883633995319 0.1201119167272601 2663
5.874942621454889 6.003454795144213 2664
0.1415304239977083 0.07026866095777644 2665
1.055508414885329 0.1191728893717402 2666
1.07935518973296 0.1341773374162668 2667
1.104292394401353 0.1152676367720043 2668
7.471494383133868 3.254691045332296 2669
0.9715968958184812 -0.02301370278816142 2670
0.04347576359955584 0.04875996813593415 2671
-10.55681815484425 6.546729208731175 2672
0.2483046888246516 -0.07127266235089039 2673
0.2360361955653804 -0.07543333074683287 2674
1.150638524895069 -0.002167665969408187 2675
2.183271471058647 0.6484509298139078 2676
0.9285922714437791 0.6394870803394939 2677
1.008602615764904 0.595529345410072 2678
-2.974161242802532 0.6634057272460604 2679
2.305625816197412 6.783568062769495 2680
0.2366661618628941 0.0676601984271237 2681
0.2259056488533213 0.0714938273630871 2682
12.04280244884318 -5.538754091451217 2683
-0.02093496257957889 0.05089875280451792 2684
0.4581824147656018 0.09135324461876262 2685
0.4487039989730831 0.08136517254135248 2686
0.4447213308715527 0.09444635543065656 2687
0.4348961370585446 0.08426461412692979 2688
0.4300214299452494 0.09786193810659916 2689
0.4211623553511987 0.08687519292600732 2690
0.4253964756102941 0.07429965735897362 2691
0.4122141291185956 0.07682826262578524 2692
0.4077812360326339 0.08931603086388469 2693
0.3990488806465929 0.07913400934827849 2694
0.3945761706811666 0.0914222849794131 2695
0.3864721637188385 0.08103612698039771 2696
4.591495546087283 -2.601506833789037 2697
0.8955937402113356 -2.18422744418465 2698
-2.268722437277923 -2.246770962609698 2699
-0.7187751288342499 2.559799877709239 2700
-0.5024102551484513 2.723821189943268 2701
-2.613817285012841 -2.119553637914258 2702
-2.670587414505793 -1.742124697478043 2703
0.02138245191525826 -0.04103191422280657 2704
1.810709115936038 -1.397964029559687 2705
0.7409630573103511 0.1846544631787997 2706
0.7642091645907334 0.1705842546730179 2707
0.7641999533896457 0.1987386219179103 2708
0.7892705557773728 0.1839981545319091 2709
0.7886273213093367 0.2136022366025763 2710
0.8153918139783625 0.1984029485633475 2711
0.7634807465559346 0.1447589610390774 2712
0.1312692994550858 -0.05097589274393773 2713
0.1239092160553737 -0.05981093319053696 2714
0.1356319369272092 -0.06247071442330553 2715
0.127467063620613 -0.07180531710468019 2716
0.1141056688427417 -0.05585988992205231 2717
-0.01566681480277819 0.004738218570507484 2718
-2.953631050050158 -6.492452121617591 2719
0.4525967378681836 0.06738339000105148 2720
3.982714676249968 1.013143767390324 2721
2.12685955781471 -7.120644886340752 2722
2.1722744398159 -7.757798588452322 2723
1.520762720114481 -7.526682165649739 2724
-0.03271311468126292 0.09040400433526893 2725
-0.04243396485276704 0.07203816441735438 2726
1.06043567209452 -0.1412156395326537 2727
3.212503107743787 -1.8845074068542 2728
2.248887414953366 9.902611055298213 2729
0.3052983642967899 0.1920179612691957 2730
0.3024469557308295 0.2199336758745546 2731
-6.108999838218634 1.445308612048202 2732
-0.01062217413744172 0.7016589979338388 2733
2.441343715977542 1.828018890059829 2734
-0.8211878417776614 -6.799322410733648 2735
-0.3423457466095892 -6.4583788428417 2736
-0.1629743155216438 0.1011171006938953 2737
0.9660463671286115 -0.03150896697905561 2738
0.07856540900643863 -0.06738152134417548 2739
6.578275450003424 -2.392083462084042 2740
7.043199676695157 -2.638952151561313 2741
7.046286134731043 -3.180456609834497 2742
0.3767006115536825 0.2872412611725399 2743
0.8244186086422537 -0.03541894628916226 2744
0.8349496151014655 -0.03667763236284687 2745
-0.1755608651210754 -3.277935223967383 2746
-4.434828857829815 2.449797095197773 2747
-4.850101803499163 2.687151233886838 2748
-4.431028583472973 2.934979803466248 2749
-4.865227672757431 3.183246660825243 2750
-5.30100405038258 2.92097228035762 2751
-4.412772722116083 3.445030489512794 2752
-4.876554592463436 3.697586585223513 2753
-4.439923170296672 3.940705957093483 2754
-3.977997956939984 3.697803138122005 2755
-4.02366386459414 4.263931896347223 2756
-3.539602822411288 3.95556980173809 2757
-3.539583720024371 4.45840918081221 2758
-3.115721644065302 4.208509286139716 2759
-3.10501515703008 4.692891673654272 2760
-2.689259903445467 4.453642122109486 2761
-2.672316252699157 4.925300030833006 2762
-2.264175509658361 4.68728300661091 2763
-2.252885046798662 5.176840288191736 2764
-1.833946767139744 4.940578037986178 2765
-1.831510404607108 5.430584866445781 2766
-1.412989448912435 5.176533955560552 2767
-1.403608026575733 5.676099248298667 2768
-0.9728805909349199 5.428843105916845 2769
-0.9715135024061305 5.931753274628599 2770
-0.532190131138484 5.677889936390491 2771
-0.5293037046574974 6.187338852827562 2772
-0.9811908458064778 6.453855157427731 2773
-0.09220136354950537 5.924609453296387 2774
-3.089478566818686 3.727254075789142 2775
-2.287755669538228 4.202846617122246 2776
-4.906290607396305 4.209489485335334 2777
-3.488517653020009 4.930032626585998 2778
-2.295347852789319 5.657414764185335 2779
4.876728000571431 -12.01251899232544 2780
0.8494654624856428 0.03346263617120839 2781
0.3533093083100152 -0.238430761737933 2782
0.3133920080342554 -0.2643765389713668 2783
9.260450204953621 -9.556566852734244 2784
0.106018269165851 -0.0928233991221642 2785
1.353520052954219 0.2568637652898322 2786
-1.433988327921932 9.391242479676073 2787
1.087953633304722 0.6425805056161624 2788
-0.1432062854009904 0.4733179654409712 2789
2.165628061778867 0.5100380606965597 2790
-11.07383940833497 4.49864869138041 2791
-11.76481647004866 4.033051797402567 2792
1.028879439953023 0.1041157906919951 2793
0.6734676202966298 -0.06360999100867873 2794
3.020988050307248 -0.9227432827209353 2795
2.823702213659126 -0.8073063558711701 2796
2.63810948277247 -0.9002563927329482 2797
2.65754476782273 -0.6976272620391433 2798
0.587158273021499 -0.05934636743430673 2799
0.5777382853701682 -0.06669860533384134 2800
1.654150466679122 -0.8230833364276317 2801
1.531728815734058 -0.8920368412741624 2802
3.325289570353375 0.5968510261543486 2803
3.341486232279076 0.3630872180811927 2804
-6.090146732290487 -2.068779551054077 2805
0.2897686967422778 -0.2014040930475216 2806
-0.5339876704770878 6.700452696435591 2807
-0.9123278549115315 2.392952020941642 2808
0.8272201133129116 0.03594782750609559 2809
0.8178855645284357 0.03850016946616996 2810
0.8138708325207121 0.04734144477013416 2811
0.8081615460424552 0.03811426033086908 2812
0.1421261595789568 0.05910032959087254 2813
0.9401078547931123 -0.03010762052904634 2814
3.987505330070529 0.4884311145559111 2815
4.002844932506822 0.2325873705392305 2816
0.9495667657223971 -0.5161826219436799 2817
5.282454736188342 7.502217130921285 2818
-2.660326220952901 -0.6546822562977092 2819
8.722438850737102 1.099122842152116 2820
8.7318533722309 1.679410406739446 2821
9.25680748533361 1.386173324626093 2822
9.259266165031198 2.00203338110549 2823
8.736942487103795 2.246871874865064 2824
-5.068211749114921 -4.802299154184512 2825
1.75861942575656 2.402025973916526 2826
2.17425890351297 3.748588093180537 2827
-4.346618077580659 0.6891319772169214 2828
-11.28152056400975 -4.645351235821454 2829
-12.0939911031274 -4.390391150990213 2830
-0.07746714322320079 -0.1390801463041275 2831
0.3905016633128719 0.06970321447273053 2832
0.3787896124587227 0.07135591301125442 2833
0.3741059500250636 0.08268544882662383 2834
0.3674235333091501 0.07245648187484696 2835
0.3456855362221508 0.06710032287080749 2836
0.3470030011869188 -0.0702811920034556 2837
1.110159201091987 -3.390626277782154 2838
1.095028064069199 -3.780095504525314 2839
1.460176657737238 -3.600440429382811 2840
1.440265162560652 -4.010925303236462 2841
1.809241250300979 -3.812496300561254 2842
0.9996044962641003 -0.1126000727586002 2843
4.334985413043162 -8.312128100749382 2844
0.05026945398433261 -0.06433051722630696 2845
1.037979690360509 -0.01846870004210811 2846
1.058394501864543 0.2288160503576701 2847
1.023459680156267 0.2461048629156128 2848
1.431530540599483 -0.6748929576135416 2849
0.01281814176776481 0.03759351124104502 2850
0.7943953405349718 -0.03931349908805493 2851
0.218761598076653 0.1796756744117621 2852
0.2135825766273332 0.2060088346643842 2853
0.2353369014448779 0.2235822548981039 2854
0.3817388117354356 -0.07139742758847761 2855
-0.02691258599648277 0.04046362912362288 2856
-0.02163317170183798 0.0305483365136261 2857
1.807816740805681 -3.409458232013695 2858
2.161771176445501 -3.615100642910926 2859
2.167361760945691 -4.034452966981924 2860
7.518759113603136 -2.913817721778776 2861
7.513950950774298 -2.347877895187498 2862
8.00701377121684 -2.610091295370868 2863
7.998543595049874 -2.050962780972351 2864
8.518762727344853 -2.340102966505043 2865
8.517916587851868 -1.757750308619218 2866
9.05309665102466 -2.054440114774331 2867
0.02956784069739375 0.1120411986107795 2868
0.2186557881196677 0.09205510855965857 2869
12.97440578881546 -2.951849266299491 2870
-1.766433204928388 0.01102109565794738 2871
0.4529864506286228 -0.06856181180119957 2872
0.4678628830436057 -0.07432952586751133 2873
0.4717912337017209 -0.08932702264477395 2874
0.4829335469449502 -0.07834248473461775 2875
0.4870996478469559 -0.09369006892196031 2876
0.4995567794371459 -0.08010937756154408 2877
0.5032204123896551 -0.09786480158578612 2878
0.5150737230912917 -0.08607794812263704 2879
0.519706407225474 -0.1033170626942681 2880
0.531636221682778 -0.09033935751831518 2881
0.5257926279135358 -0.07305647565407968 2882
0.5420753208460962 -0.07789008373612127 2883
0.5382145241433173 -0.06434040869723914 2884
0.5538152112502227 -0.06766328545117672 2885
0.0002795214349068113 0.01923821891703062 2886
-0.006625691911246472 0.01861781376897669 2887
-0.006034326691938958 0.01273686027071314 2888
7.524176459425915 7.781810934243179 2889
1.09180002512986 0.20456930312239 2890
0.6961317575761256 0.6275418192684312 2891
0.7513899248945544 0.668941082134239 2892
-1.017317763396058 -2.921557356605948 2893
-1.308535769233886 -3.14402840295683 2894
0.05872198996289008 -1.87990876139469 2895
0.1102996526259523 -2.138933519176788 2896
0.1679748243075199 0.06133995575848 2897
0.1673073771022235 0.4432087595232083 2898
-5.64764493483047 -0.6854662497653355 2899
-6.134209176265181 -0.9312638630983853 2900
0.8256326355466195 -0.4033071177678708 2901
-1.014744079099156 4.939564193096697 2902
0.8739398970138164 -0.03236682588052256 2903
0.5363880406532346 -0.1087662203397176 2904
0.5228705787583475 -0.1229043028086911 2905
0.99844619202644 -0.001189449067578079 2906
0.9994615163217465 -0.0005981329636545736 2907
0.09122465947718103 0.05768738359499238 2908
10.94369266657167 7.41883930845005 2909
10.92447716223803 6.579696291606217 2910
1.5671508503837 0.9309439724372136 2911
2.761538705984263 -1.529444956020523 2912
9.813338629364297 1.673357135253858 2913
9.513243837219006 -6.592725111311283 2914
13.71983549233016 0.9251483553051091 2915
-0.2732119079464309 -7.043615290774751 2916
0.215310952764161 -6.709531114057755 2917
0.2865785344538153 -7.289921823082021 2918
-6.350294789577654 6.834649703097861 2919
0.492164293068875 -0.06691233917799079 2920
11.69525657008647 1.731031764046055 2921
0.50070101775794 0.1882576764334504 2922
0.4777764260765887 0.1950680540686321 2923
0.4026092738491179 0.1025737912551166 2924
0.3892283744063461 0.1046607046223851 2925
1.014408920200143 -0.04590342853907215 2926
1.026094485504751 -0.0439987898965947 2927
1.020645365623102 -0.05785158647847412 2928
-6.131791849239634 1.995891569864529 2929
1.508057122609139 4.039364788087447 2930
1.834746792492657 4.264762632350548 2931
0.7457911107435771 0.04230369593279566 2932
0.7370757517277251 0.04745038796878399 2933
0.7357125281946091 0.05781553977974266 2934
0.7274116721521705 0.05134626290121095 2935
0.7281452579443367 0.04027137929554322 2936
0.7193915382841709 0.04533663794383603 2937
12.82687025663039 -2.073400594682544 2938
3.500987448798768 12.27911255056996 2939
6.160578681633337 -4.725479315548283 2940
9.475362330242998 9.075290433740244 2941
8.75642734493101 9.481173773520631 2942
9.46267707393223 9.933688908075613 2943
8.047140658518948 9.005803027164342 2944
-1.08981948263834 0.6584657282267913 2945
0.7314302302875777 0.07974161944030633 2946
0.01167617022025005 0.4354497191706422 2947
7.98999861862139 10.0101309863673 2948
0.6837978201506241 -0.1088233513765628 2949
-0.01105705223648716 -0.007687742023907242 2950
-0.03386929280869194 -0.03701369810192039 2951
0.008949146692267918 -0.02908817750264372 2952
-2.23770585041557 0.01177580632918165 2953
-2.721207224129078 0.03212147558531556 2954
0.06745750430760268 0.1021662270651862 2955
0.5599107422871556 -1.384787358798845 2956
-0.1096408422976987 0.0389621418079059 2957
0.3757560645279913 0.5363147934792329 2958
0.2941836560003476 0.1206413314055949 2959
-0.06118575383589805 0.01501763083602201 2960
-0.05232822150679842 0.03517850010951529 2961
-0.006755552535760444 -0.01643255566734491 2962
0.3852577478405527 -0.2158381079206882 2963
0.3877435681886763 -0.2544737930283419 2964
2.087088015578007 0.02909988753398438 2965
0.7862616123164667 -0.0462832989089997 2966
0.4050819866558749 -0.06857748468399778 2967
-8.457304152380317 7.02766200179949 2968
-9.17373072804962 7.409041797395307 2969
0.5274169387583548 0.2573483915052895 2970
0.8524362079523988 -0.3315672098219906 2971
1.088444484309919 0.5553248554608863 2972
4.188788395065648 5.672792811981099 2973
0.5837058091787558 0.2699441721841622 2974
0.8839889135258743 -0.01777484204165371 2975
0.8873910393846511 -0.02379354544046476 2976
0.8962252121525411 -0.0234432379912036 2977
0.8157053725289288 0.2303569015222275 2978
0.7857828750976519 0.2514201617988462 2979
0.8414156493755645 0.2132909849157087 2980
-3.314777854726975 12.31388514481357 2981
4.822439234896597 -3.734772253580126 2982
4.74459721698979 -4.240914724100453 2983
-1.166951942975238 1.059430313534824 2984
-1.221604823400845 1.252610732952804 2985
0.5022356277797239 0.2356137024326097 2986
0.4945725417098808 0.2676169511746839 2987
1.110046927989014 0.1472573548114714 2988
1.134247677024284 0.1248686798293877 2989
-0.2609212499896897 2.636974303795011 2990
-0.2040735247580083 -3.614068614346695 2991
0.3568549823807939 -0.07787423191219162 2992
0.2300757779695879 -0.2098967942162039 2993
0.1973694303082789 -0.2252186599933703 2994
-0.7680235810746747 2.831260979522125 2995
0.3382018724394694 0.06119670135418058 2996
0.05083370547136776 -0.05106881858612733 2997
0.8480306349634692 -0.04803655385376299 2998
0.8504173353243845 -0.05914689217080858 2999
0.7739125328084712 -0.3497279834090969 3000
10.93415880662706 8.277027516497441 3001
0.6436886682291745 0.05126306938949556 3002
12.49912200294649 -4.251367676130339 3003
0.2753128059400777 0.07404997894400203 3004
0.1228632466900112 0.05639888414779089 3005
4.344404125279189 -9.002541140538607 3006
0.6528044209176276 0.0578598683470329 3007
0.6528139628715142 0.06895699125287669 3008
0.6687653789148821 -0.05091197256573402 3009
4.645957132098427 5.428632178486226 3010
1.037129204208402 0.01366046347425783 3011
1.35270438459483 0.9158119504249745 3012
0.3629627554402161 -0.09214101658900933 3013
0.8389300138158148 -0.08883583853118707 3014
1.72990041319993 0.6477705232664697 3015
0.03275619752502597 -0.2110488711183947 3016
-7.906565778494846 -6.405775447319819 3017
0.6795721799466931 -0.0773690984140573 3018
-0.504790539567314 -0.2848946203131026 3019
-0.4007739860429763 -0.2977680533402348 3020
-0.2863831579676115 2.89878681488251 3021
-0.03135517608962043 2.803551517889109 3022
0.3081894255599741 0.1677213859319918 3023
-2.961233017122542 -0.48392087800025 3024
0.1934783024850884 0.1901033439203193 3025
0.1875358631546326 0.2152665321631068 3026
0.7374327749915242 -6.940745145114089 3027
0.9617838259105396 -0.02189449239320163 3028
0.3824575056308983 0.05990473617405202 3029
-0.4561675355962838 -0.3823677634920967 3030
-0.3500252119097557 -0.3939440337403962 3031
-0.4133699231112369 -0.4872434140099913 3032
-0.2971797393543805 -0.4985203264404651 3033
-1.335696477703124 -0.1570830220155615 3034
-1.305541881837822 -0.3810455149414252 3035
0.6559888532952414 -0.1460525606908707 3036
0.6827452495686557 -0.1524353316279382 3037
-6.037439568691501 0.4005294138652278 3038
0.07974669576950974 0.113219741446294 3039
-2.119262508252647 9.657655174321627 3040
-2.615341621301746 9.314415069110469 3041
-10.44221202277268 -4.920955416237442 3042
-9.836924902583668 -4.436382119100417 3043
-3.289171717698724 -3.992893778326158 3044
0.1579562956913167 0.06485488457400995 3045
0.2122313826922441 0.7163872306139913 3046
0.193915303281014 0.8019231711799165 3047
0.6135132023141404 0.0540358701385007 3048
0.01446805380145902 0.02978502194135315 3049
0.478842069765403 0.06419438391725003 3050
0.4907308747884731 0.06116990032930104 3051
4.183236576039101 11.88521700170462 3052
10.20556042285587 6.191554611548943 3053
0.3420734846534227 0.2987175805909584 3054
-4.411649972148695 -5.678506913710129 3055
0.4691041006737909 0.2493976252427294 3056
-6.059249374117798 -0.4205513302894442 3057
-6.655370400530754 -0.5522596860532036 3058
0.5793657486000457 -0.08060298984088012 3059
0.5559367935832228 -0.07989239200914194 3060
0.8615750400342956 -0.541979051851795 3061
4.854310787683035 -3.289600686538379 3062
3.922217382311326 -4.598350148502184 3063
1.290545402577633 0.05977175498308333 3064
1.320057114221143 0.03991985125867798 3065
1.323142203202554 0.07777553715595349 3066
-6.098690448537468 -3.704588125772767 3067
0.4769679035619294 0.1146248924130778 3068
-2.795206062873288 1.507345996020518 3069
-3.054581119247953 1.308043385849294 3070
0.4167401609718057 0.06545935956311935 3071
0.749751050381001 -0.1054199288326971 3072
0.1400302825905854 -0.07584246508872952 3073
0.1468315952403101 -0.06507509146641774 3074
0.1306639078612254 -0.08561701113137241 3075
-2.630287931531115 12.81672845123512 3076
7.575084982911521 -3.450755805295044 3077
0.2128170032776904 -0.1088942423890573 3078
0.2154556367320965 -0.08798572232961627 3079
0.2027776784822974 -0.07812987251441275 3080
0.2150093324957681 -0.07250208492225486 3081
0.2057297500548801 -0.06385083658277914 3082
0.1927463064836929 -0.06849891139095693 3083
0.2170357572955565 -0.06118983782331162 3084
0.5262205167759774 -0.05949059672511796 3085
1.050181756711123 0.0182606078255067 3086
0.6273748003331742 -0.068525463929374 3087
0.6244223551307841 -0.05604693379000205 3088
-8.901730509891106 -5.410060966505059 3089
-1.381935950193018 1.069139409702134 3090
-1.429914795070657 1.316168903460266 3091
-1.600093719458995 1.164139497484566 3092
-1.650737484462551 1.399134141235838 3093
0.2462741445005658 0.5798644648680676 3094
0.3053364075059475 0.6293385717985551 3095
0.3629551336516473 0.08360720851272049 3096
3.771617228171467 0.1249515207515543 3097
0.7061774118455975 -0.04621563210007164 3098
1.129727944860981 -0.0126784391473537 3099
0.4392054210840891 -0.06522259779980824 3100
9.086773889797232 -1.463012669763606 3101
9.618356698307547 -1.728886165089241 3102
6.822390295992435 0.6280178631620033 3103
6.393617499418685 0.4553287992532059 3104
6.011250446318819 0.6548986972751576 3105
6.580085114511399 -7.3287635971464 3106
7.262469584765574 -7.58752034382873 3107
0.5017998656324731 -0.3325114394630014 3108
1.405871479815868 -1.971496725859451 3109
-11.1479815398284 -5.500043867547733 3110
-0.01219224909757949 0.01310433693223195 3111
3.996091837389522 -2.84964467308024 3112
-0.1822245269729111 0.1432977167143675 3113
-0.1556690478251854 0.1749082558934494 3114
1.002093101677388 -0.006354979480685929 3115
0.9997288451568229 -0.004402155766216174 3116
0.9974088762429159 -0.00456861760191613 3117
0.9947317148274631 -0.008043705340245951 3118
0.9898615466023691 -0.007376298640907092 3119
0.9869907192079342 -0.01153908400055547 3120
0.2785413890882142 0.06452004513857773 3121
1.221105969138496 -0.6861676451908039 3122
3.741171235200208 -7.314737267842305 3123
0.4562366828219754 -0.3114348914984897 3124
0.8908590954744668 11.64235344975796 3125
0.8900811578079195 12.41153500689996 3126
0.2140654338634552 12.90669779638706 3127
4.160004881673998 10.31777632177162 3128
0.9383045798835812 0.5554575366254098 3129
0.838070229679635 -0.2208677164859819 3130
0.380339584059512 -2.222974836070415 3131
0.1552991111792583 -2.417968520184938 3132
13.14082285797543 2.380633278404848 3133
13.12602592364642 3.233270145484875 3134
-0.05023910973016015 -0.1090916235110484 3135
0.7585385085217822 -0.05887950269291717 3136
0.7675310829465892 -0.04965983261107976 3137
0.7553144010851944 -0.0453916651077774 3138
0.725496471548247 -0.05142103530598533 3139
0.9867030639994607 0.3049994413567486 3140
0.8135897929410306 -0.03519996898294431 3141
0.9764098493454711 -0.01480969844481862 3142
1.690370600577256 0.8566942816919617 3143
2.534790640029491 -3.850812273472478 3144
2.541771562181458 -4.277261507434362 3145
2.930958454881504 -4.115677843509195 3146
0.8028749319250703 0.05013507046270513 3147
0.79812362810569 0.03914329649635016 3148
0.7925757654726415 0.04855048530220046 3149
0.7891313609267054 0.04080661781738795 3150
-0.3718626285564274 -0.6035873769453848 3151
-0.2430105670882133 -0.6028760964519206 3152
-0.1763521471861421 -0.4893585949703215 3153
-0.120160888782792 -0.6117770092953859 3154
-0.05279721691716639 -0.503974632198263 3155
-0.004750100731665416 -0.6159145683816054 3156
-0.06913690389822714 -0.7257499583735227 3157
-0.6722299194216739 1.096356411361126 3158
-4.692062319995931 -2.243703723907502 3159
-1.48169612897474 1.552399223021029 3160
-1.728295129337603 1.636206739249452 3161
-1.528479101636995 1.812847835328175 3162
-1.776982349089084 1.905896640860394 3163
-2.004039254464091 1.73148415064067 3164
-1.562634278188454 2.082823432400457 3165
1.011948215615508 0.02729446512760107 3166
1.002685298917655 0.0194695778906822 3167
0.9933624333989179 0.0254763710101893 3168
0.9940306067509217 0.01612770366840109 3169
1.002873786702083 0.0114760153363909 3170
0.9866651197939662 0.01918775301582192 3171
0.9844413031113994 0.02758464661783518 3172
0.9778263746111704 0.01991956321889465 3173
0.9753674009403004 0.02988379001366957 3174
0.9688458926860422 0.02325807470917325 3175
0.9659627303015337 0.03290910588583134 3176
0.9596722864337754 0.02580421719278904 3177
1.012709806601802 0.01747408792244595 3178
-0.9964757621386781 6.986302247750221 3179
-1.458211195913052 6.712848980686795 3180
0.6230666862837637 0.05263755718813282 3181
0.288066641861723 0.0610789831846317 3182
0.2381200312690702 -0.06378201155096823 3183
1.253879081411399 -0.1932051287697084 3184
1.004662516111027 -0.1728603991489428 3185
-0.3773601953567863 0.5361143835722874 3186
1.696168245588733 -8.097429057963719 3187
0.009429372195674414 0.02456055279471419 3188
0.7175734660741866 0.0546897337572945 3189
0.7102755457810757 0.04844683646406975 3190
0.7084392211322913 0.05820584746762658 3191
0.2876901170838058 -0.1073362946282878 3192
5.705865342492539 -1.983595393091317 3193
6.589702990824241 -3.937738894724035 3194
4.294218145893002 -12.5960892364087 3195
3.559117489392273 -12.27325384732716 3196
5.038302102322548 -12.81531202223225 3197
1.65669513317084 0.07102100888352041 3198
1.72412567957181 0.09751681690451504 3199
1.727771788961247 0.1660779995093876 3200
0.583661575819699 0.5527889049872912 3201
0.6035822661969762 0.05764460411862925 3202
1.026126669194485 0.009608077723454801 3203
0.6112561911954785 -0.05457709563537869 3204
0.575530590112062 0.1223416755845034 3205
0.3344583195039703 -0.06573592659579058 3206
10.91878674160037 5.76839957938632 3207
11.64431043199713 6.148835672052788 3208
11.65271700662212 5.361589019525713 3209
12.36159427651827 5.707945452918315 3210
0.3174787687927222 -0.07401777556007832 3211
0.3056813250894548 -0.06645015693183477 3212
0.2945786194846284 -0.07287623513727427 3213
0.5843881049116622 0.08734890265033519 3214
1.402692420146169 -0.2330211233477454 3215
0.3425641335311014 -0.7143489234167151 3216
0.2220037839243109 -0.6650674093074523 3217
0.04972476973186447 -0.7382927446206835 3218
0.6798116286513834 -0.05243877967972649 3219
4.179169051267915 12.89010310256995 3220
4.848378681839981 12.33450209900316 3221
0.380267768191093 -0.1028719605243957 3222
0.3593676779654521 -0.06645567901291305 3223
0.3444248170789019 0.2068346205305499 3224
0.6544167069950988 -0.04900628569836839 3225
0.9559401975078459 0.03541091350413265 3226
0.9489117665483396 0.02692155476982852 3227
0.9454537629013423 0.03794119460342801 3228
0.937609198698417 0.03098445434352948 3229
7.491579879539817 -1.777160042605394 3230
1.260576126035144 3.78351669972706 3231
0.4280246600869678 0.06389699669604453 3232
0.7712822472106782 0.5960353758441768 3233
8.06773184541527 2.983428627785468 3234
0.1191862660513086 -0.8702647998720672 3235
-9.229970293394601 1.188746724369069 3236
2.815319855422802 -0.6092754077677929 3237
2.671623215427709 -0.5154981735465891 3238
2.524788577767997 -0.5957403856914629 3239
2.532703411439846 -0.4200091421171214 3240
-0.6128174095366431 -0.2688637101725992 3241
0.9948701401702078 -0.002812317029330198 3242
1.656478155456992 -0.9719918513498599 3243
0.01980421466002708 0.03397334476586778 3244
1.131521142600841 -0.05713629638466128 3245
0.3720807181298221 0.1201395677818398 3246
0.3857925162330911 0.1302120685359301 3247
0.09287882321273719 -0.06417502085999711 3248
9.60460129152446 -2.347441102426614 3249
10.18520702547958 -2.016509499415242 3250
10.20401574621008 -2.726002016583151 3251
-0.2732363396162891 0.7203184781139629 3252
-0.03494437105130453 0.05393956913854726 3253
0.5778136207277977 0.0554032642602123 3254
0.586973220309352 0.05013467602475325 3255
8.121562132188311 6.038106917612311 3256
0.1694153408641643 -0.1980038519555395 3257
0.7879026212725613 -0.06825887613189061 3258
0.6969065026490887 -0.04585503779794308 3259
-0.6330466833119706 -0.1630808706381542 3260
-0.1900298413891589 0.05622334475705682 3261
0.1765137638198981 -0.0839376511973686 3262
0.834492818624774 0.7908532268035847 3263
-0.4949525287758433 -0.5858595255784323 3264
0.0007530376291647804 0.008714441965794602 3265
0.03600966332936151 0.1412552787663727 3266
0.1652261948993763 -0.07198828102376163 3267
1.035168012884762 -0.02857917943392691 3268
7.807150430670299 -7.138083449157826 3269
0.8619177115823428 -0.08503250481073696 3270
0.5119066441450433 -0.07372685007479129 3271
0.5057525492000554 -0.05788134556291082 3272
0.9714502318180231 0.01445983456344114 3273
0.2605868593221427 -0.06528281667042053 3274
2.185541563761782 0.7934502014042961 3275
2.295682586571996 0.7164833892495551 3276
2.059003015271693 0.8549381406737457 3277
0.9151023685008046 -0.0760350696293675 3278
0.03371339920918935 0.08334675885118345 3279
0.6532115750110771 0.04769528889652564 3280
-5.682673086109216 2.228418598463747 3281
-6.145946796292152 2.573210160075039 3282
0.8512855546225035 0.08608488502883113 3283
0.8675817898736831 0.08004047121506735 3284
0.8805069451857294 0.09320377315626191 3285
5.165777821273865 -9.879077410153066 3286
2.924593525005775 1.599482392421012 3287
2.707504368273605 1.453356096210465 3288
0.8170836590691644 0.07183754702440155 3289
0.1294619238756086 0.115717129919168 3290
1.110665995839417 0.02194963169105687 3291
9.802275481259757 1.044151139306236 3292
10.39656119341935 1.347227871849538 3293
0.0382628536817216 0.04288706312557652 3294
0.0296119861516428 0.03500982519880237 3295
1.499892612911549 0.3185585929887186 3296
1.586897129821996 0.329198178626223 3297
1.592172084142337 0.4230976709768819 3298
0.461868592609221 -0.1204547528334428 3299
1.286269282854848 -0.2946642579589426 3300
0.8270363868436175 0.886802225978945 3301
-1.136291219352531 -1.028412749538143 3302
0.311644411458168 0.0772810569319349 3303
0.3156166855944779 0.06650500089368071 3304
1.048165927084379 -4.188460224178194 3305
1.30958382384009 -4.456971841842085 3306
0.8924986484309934 0.01898338587160048 3307
0.896754342945717 0.02571989161573665 3308
0.9043776502032645 0.02575450283759702 3309
0.8892438219395828 0.02607634054712625 3310
0.8934571021621848 0.03225866803968584 3311
7.445771399656617 10.74582956908818 3312
7.418987097645471 11.5711354801798 3313
0.9504531736606615 -0.03136063240170564 3314
2.402301481106821 2.089366543012843 3315
0.2770108371622897 0.2318503742539013 3316
0.2993702347801251 0.2548403471535526 3317
5.954226675613706 -10.2754885882532 3318
5.974167750169098 -10.97933534136736 3319
12.35794866411216 1.28815615920042 3320
4.242796536354522 0.3834279787564787 3321
-0.9062692500673653 -5.577138503622901 3322
10.81386387379455 -6.535250670597297 3323
0.1786884389742033 0.06037641015329754 3324
0.1874582656933454 0.05859977941305415 3325
0.1956648073843537 0.06356526946072596 3326
-1.393353145630462 0.04373700013264795 3327
0.04375806140692402 0.09559627893461388 3328
0.2649156862479057 0.0901458010955215 3329
0.8636195049650727 -0.03095301825174149 3330
0.8534673689676726 -0.02898904507725723 3331
0.6328532578391112 -0.2296528917163227 3332
-0.0001102053375804815 0.005985982180364755 3333
-0.001928666639379428 0.005253793200716096 3334
-0.00241353586187432 0.003423788868868768 3335
-0.00987085233775049 0.006871238154499683 3336
-0.0006234798523839128 0.001533222581336861 3337
-0.002212032631146914 0.007338464009846686 3338
2.278227263044974 -8.446947146896907 3339
0.3723456759512813 0.06319972029483198 3340
0.3618641920154466 0.06294751924622145 3341
1.045785211281973 0.005560930596733968 3342
0.7558499504204221 0.0396070318506397 3343
0.7486924212412837 0.03416784634903509 3344
0.7664779472478633 0.04338130533954083 3345
0.7760681022110416 0.03976552937622834 3346
0.9896571203803362 -0.01653645368450493 3347
0.5526613669236369 0.06213276575246481 3348
0.5409324569830538 0.05727925363625819 3349
0.5317282647437023 0.06049401375234057 3350
1.346126334983514 -0.3443318658325314 3351
0.7338117072581395 -0.04325893768494456 3352
-2.833385042351357 0.3475392802067894 3353
-0.1169723469057374 5.453962425064477 3354
0.3357619692648263 5.663870148253691 3355
0.3359433722116552 6.107203188741941 3356
0.3241421693811747 0.06293499543821181 3357
0.6503461435186909 0.5130595119958937 3358
1.150256046994556 -0.02623237040998669 3359
1.169502685019383 -0.01688285495725069 3360
0.9081663519563878 0.01771960019471278 3361
0.9122320783663793 0.02552007437734391 3362
0.9079262597809503 0.0324578340643977 3363
0.9171592871176416 0.03469873848798385 3364
0.8368120472510017 0.03514343160708945 3365
0.8413948480095458 0.02737353560155457 3366
5.098419764561293 5.613627174275917 3367
0.1981630549881246 0.5346888446522491 3368
0.4271629682940696 -0.07478139475108297 3369
2.935262568061181 -4.515918343753211 3370
0.09592816546596852 -0.1815134369319494 3371
-0.1082509533254106 -0.4153219890192028 3372
0.1598524460325487 0.05554796059163853 3373
4.437544093367774 -4.774814876498702 3374
0.9731804758435163 0.03939709488844814 3375
-0.07137171454259864 0.8577555941416146 3376
0.1046408283993479 -0.07423654670699953 3377
0.9926719486353021 -0.02071252996032665 3378
1.05385785513711 -0.02209635283856841 3379
0.9088949987720725 -0.05025963262806158 3380
0.9235707050068456 -0.0310341937116642 3381
0.9132029882283939 -0.02948757109486271 3382
0.3928287322770086 -0.06558778864717527 3383
0.2286094768192367 0.06138640381200705 3384
0.2195345945212387 0.0634493508085557 3385
-0.001644604207222651 -0.004409550548980451 3386
-0.002575036475382254 -0.006898817472709347 3387
-0.005076097841452592 -0.004469028448493569 3388
-0.00065932056064085 -0.009701516309633852 3389
0.6826796865236208 0.05008567960373787 3390
0.6937895293371261 0.04651634139084915 3391
0.1114996131500443 0.06105495702422879 3392
0.8987550385168093 -0.2833528206740528 3393
10.60498702408427 -8.532445780431168 3394
11.24023816934165 -7.972431832747089 3395
0.2473393992463379 0.06343964957078585 3396
7.949294540379837 -10.60911857200222 3397
7.280920707313562 -11.15666795336413 3398
6.672234227954282 8.050441336534137 3399
-0.05865316142733976 3.076656855045953 3400
0.2043344885772858 2.980903490686295 3401
0.1778448256701574 3.262578546943433 3402
3.458309964701886 -2.070533383733955 3403
0.1650202887947377 0.1945847279864524 3404
0.1590526997771358 0.2254020126330332 3405
0.1672185281278832 0.1076935650942345 3406
-0.1711859309853567 0.6736275680383602 3407
1.604768074788093 1.190836260565814 3408
0.4267537968660968 -0.05924825596933417 3409
12.22275199064375 -6.414148210191454 3410
12.86743798011373 -5.817007976782183 3411
0.1524767490411416 1.013083951212338 3412
0.07827760917535809 0.05907863311177727 3413
0.0679155445682665 0.05219980636506912 3414
0.05732761309073243 0.05475186979037558 3415
0.07294206762358714 0.2483659382885391 3416
0.1045598282181718 0.2776467503055625 3417
0.1087830705015762 0.2394469836298725 3418
0.1430917694147474 0.2565398521471859 3419
0.4999231379328002 0.06859243368255834 3420
0.511057626530266 0.06399863225370714 3421
-4.694474614819987 0.2801554163924683 3422
0.5984331461369435 0.06856367774182845 3423
-2.5526571475126 0.3229053511532687 3424
0.9384202141849117 0.1291420610388309 3425
0.9287242783347118 0.1059894411148425 3426
0.9109919837811864 0.09839264284176398 3427
0.8937701696565761 0.1061682254889559 3428
1.986949159112972 2.280384559012273 3429
0.783949227726244 -0.03656536589126101 3430
0.1593630341387396 -0.2330166534148826 3431
1.01320705816103 0.1441414609498793 3432
0.05829513469207094 -0.5288362777272496 3433
0.317486338477286 0.05782150828926207 3434
0.9885338015006115 0.01238806107417527 3435
0.9946333356293263 0.008864344099743517 3436
0.9823761778079958 0.01310802355913646 3437
1.221423876254138 1.060002730707099 3438
-2.55012419190174 -4.908620364983813 3439
0.2487908883756942 -0.0585997199062442 3440
-1.45412917889737 -0.5781347330822969 3441
-1.253787589427076 -0.6964715844978413 3442
0.8570407209935603 -7.519844085432309 3443
-12.60318110307625 -0.202172175863781 3444
-12.61822155200138 0.6990600005406454 3445
-11.91722248406167 1.131266614135238 3446
0.4775054032407403 -0.06380123054890469 3447
0.3475124029875083 -0.1206868125129611 3448
0.6343557748362112 0.2425743987265243 3449
0.5217022226396176 0.06962185629292711 3450
0.05237204668359699 -3.877737757644855 3451
0.08312130332401386 0.2171643556932928 3452
0.5528865964743727 0.1271573609493047 3453
0.7553047081525044 -0.6732854133064389 3454
-0.1435437608456356 -2.877635208437442 3455
-11.23353348601726 6.120729063307234 3456
-11.20508348501608 6.883059281893498 3457
0.4034591166165346 0.06648642687121098 3458
0.295484644248637 0.988679807577886 3459
-3.465264046527004 13.11907017171429 3460
0.792283007475858 0.03298461525702377 3461
-4.736273374204787 -1.149463975611568 3462
-4.72858754594353 -0.6838564511173978 3463
0.114712778584296 0.105962004908636 3464
0.4638758721261561 -0.06227140270723712 3465
0.2269232820001328 -0.06592812088278009 3466
0.6338361632855903 0.9727534985923318 3467
-1.69324335067257 -2.107663300732604 3468
0.7706026084381438 -1.646945193356942 3469
-9.021833249577707 -9.157751643467394 3470
-9.769879954919226 -8.871980924099454 3471
0.4943581886762695 0.1254537294109709 3472
0.00580001977540038 0.01328358419696764 3473
0.005020236332647988 0.01714073573591612 3474
-0.3101508999411778 -0.1354353147901703 3475
1.002181335930206 0.09835617110292723 3476
0.01625802893258203 0.04616743188929118 3477
0.7374654937290549 0.3131644905374574 3478
0.7864641483396126 0.3451962014905 3479
0.7836712095223853 0.2943973819760066 3480
0.8264837520704873 0.3132084725639225 3481
0.9182900106691658 -0.01497955765634384 3482
-0.7440859088419193 0.1085237948920024 3483
-0.6305524964253761 0.06763128462357726 3484
-0.6477239602525028 0.1786322097608538 3485
-0.6101944012428748 -0.04563276596140466 3486
-0.5369717916915083 0.1475276722841793 3487
-0.5602184190501538 0.2468682816408869 3488
-0.6517856205161886 0.2858028730384138 3489
3.995956711298148 -0.009321427506221844 3490
0.0005277438718686175 0.01183999073512704 3491
0.8922528629654582 -0.0302601462607987 3492
0.9018518900408914 -0.03045737767379442 3493
2.482365691519898 -4.694996573876233 3494
3.698221404361706 -8.732933789970222 3495
-10.84564606636261 2.066886255674103 3496
-11.52906389657 2.364387943673264 3497
0.4386201449461967 0.07121936984060293 3498
0.4441998422998048 0.05979897144518877 3499
-0.05613278183742122 0.09347333742125391 3500
-0.06909451850278429 0.07488206951887112 3501
0.2672954992126511 0.0660085478043098 3502
0.5195157862866946 0.5738636646536449 3503
0.4805065937472708 0.5307613745372778 3504
0.635322155655642 0.04651113812317979 3505
1.354147424616027 -0.05892195461312531 3506
1.347717169560784 -0.01922953528494251 3507
1.38547622560216 -0.02843680805086776 3508
0.1022250083532408 0.05511187808369578 3509
1.323729693312652 2.38259366891925 3510
1.131399842028329 2.210364486697903 3511
1.140831229303946 1.991081264912633 3512
0.4657887664397533 0.06487824797732571 3513
0.471509047738451 0.05564002172280802 3514
0.450676999838574 -0.2619449836571071 3515
0.436442148602954 0.1255313970048015 3516
0.5753713245607379 -0.05363868854497243 3517
0.566179420908216 -0.06197277815203937 3518
0.5645624345286322 -0.05130085389520536 3519
0.5957927291236541 0.1120843787425595 3520
0.2577433842049627 0.06032034163326012 3521
0.04521505378656156 0.03912941930720445 3522
0.1964296415741126 -0.05728403773197134 3523
0.1848867680477355 -0.06084701193747531 3524
-5.367255635613086 3.940301602051189 3525
1.072450367537747 -0.1037554159895328 3526
1.038361765248333 -0.1132876380608966 3527
0.832742400140266 -1.890298737913771 3528
1.083016870300425 -1.941986974731272 3529
0.1334999188150964 0.05248377663129218 3530
-3.311711679069283 0.5184799405310966 3531
-3.292826260910713 0.8631129702385558 3532
-0.5246689112370421 1.209855068764258 3533
-0.3913669505875559 1.332321136088127 3534
-0.4011236611983363 1.491451394650031 3535
1.163741102861589 0.5936084411891598 3536
1.163866911778984 0.5124298594073666 3537
1.172893527636304 0.6862044256348567 3538
-11.93904853851239 4.964749497229962 3539
-12.64457352601741 4.414911840617054 3540
0.6732559993909074 0.04570458937328867 3541
0.6727772082068025 0.1426777626314207 3542
0.7515984461793732 0.2657557962393228 3543
0.6628291859999358 0.1212031960988014 3544
0.5015624135353113 0.05732768926639766 3545
0.4939120686066455 0.05176332729374915 3546
0.9901131524601148 -0.003644218665150615 3547
0.9868781691324733 -0.0044426326598784 3548
1.130522180266298 0.06128129873070372 3549
-0.9288780508610259 -3.273043655487339 3550
-1.503278427025234 2.601056210041418 3551
0.03749575087434479 0.8401961765346047 3552
0.8311383467868916 0.0291648053761446 3553
6.974662061727273 3.579600416950773 3554
6.969748001369179 3.007755420173695 3555
6.483419489140663 3.309783445725564 3556
6.482053809189956 2.707498042036434 3557
5.986928191421789 3.614649240092453 3558
1.048593828976279 0.1503484872849552 3559
0.5479220485982413 -0.05514453752299224 3560
0.812432354445481 0.1682661963083542 3561
-2.039961240573321 1.999182073553758 3562
0.2321426307140271 -0.08888990709288049 3563
3.274145275740705 1.115854492287257 3564
3.310006140540898 0.8440849176597518 3565
0.1738635651878664 0.05346211003522012 3566
12.28430922783611 4.709728938916743 3567
0.03025336056884147 -0.1650646684527762 3568
-0.007114561033946307 -0.1476378400478706 3569
0.06014203943258998 0.0433799684547746 3570
-0.5912698482356196 3.254149611761874 3571
3.505403593309437 -1.130721334476273 3572
3.232818940070319 -1.03986711081592 3573
1.373670919582153 0.01447598325687907 3574
0.8026896012942446 0.03213651170141386 3575
0.04047258703403408 -0.04350501694442317 3576
-2.578727666296157 -2.519182171125163 3577
-2.229236857764132 -2.654563310757831 3578
-2.091156059856765 -3.098875728660976 3579
-1.655131005597562 -3.37369594691646 3580
0.5565715009034051 0.05262605426161821 3581
0.5642005654447826 0.04856273789055083 3582
0.008633499836964782 -0.01619259210106828 3583
0.008638762381567766 -0.02166099042535365 3584
0.004020557115063758 -0.01800744872485259 3585
0.01373784840506731 -0.02381583615147284 3586
0.01602311539662959 -0.03051828065109407 3587
0.02408915800507206 -0.03064052478724603 3588
0.03103335095343206 -0.03692992614243217 3589
0.3942800427042915 3.784435787410452 3590
0.7360934318158612 3.653242688890967 3591
1.523553898725288 -0.1961569389335715 3592
1.015114696575227 0.5062677010092368 3593
-0.2392877645005921 -0.3913162487599523 3594
0.07046568424168195 0.04287658199008261 3595
1.997421480956624 2.568688501606591 3596
1.412733456939701 -0.4019971617078207 3597
1.400836435130613 -0.4969684966860364 3598
1.934259810436503 1.050722127302634 3599
6.822840900189138 -4.829304046047823 3600
10.08845435815445 -1.362992064142555 3601
10.66966659563531 -1.605251577363424 3602
0.8576283662502617 0.03130425814116593 3603
0.8670800325895005 0.02912734184156186 3604
0.8606125228556912 0.02404927471983362 3605
0.8744276067724798 0.03653992625783082 3606
0.876501471480077 0.02725925191540581 3607
0.8835416972347212 0.03276087253029922 3608
0.2784503454643276 0.1236677211193972 3609
0.2889500616602318 0.1372645303782652 3610
0.1991925180743051 0.0763380856952013 3611
0.2094135965351416 0.07352581043985439 3612
0.09699365570128651 0.1076079513575604 3613
-1.287862149117301 -7.140699450471146 3614
0.2904122857449331 -0.08770531937231306 3615
2.620902726003476 -1.125913479943502 3616
1.033275444116934 0.07859721612729743 3617
0.6475764967780132 0.09147490014981285 3618
0.6615387471416649 0.1009933807915656 3619
-0.06861728680189734 0.2250577430550369 3620
2.817514063588685 -0.4284847709054778 3621
3.122187273423795 3.986131016265988 3622
2.780815817098017 3.785203133331602 3623
3.114481360865036 3.545635766370149 3624
3.510424327356507 3.350822266079842 3625
0.9214977748091109 0.02423853107967693 3626
1.109030161735219 0.04566998880120072 3627
-5.429809067589332 4.513028990889263 3628
-5.8872448017748 3.570652566892767 3629
-6.497968553719009 3.771077856799782 3630
-7.062287035706197 3.384832899477723 3631
-7.025479904870915 2.709737971477866 3632
-3.25275571122988 -0.2137960949886764 3633
2.505199710246279 -0.7820927691564019 3634
0.8827776659140781 0.1897727179822063 3635
0.7887243293496367 0.152445097586634 3636
0.8105326621955335 0.1426983395993797 3637
-2.690510888848971 3.977386014080605 3638
-2.312993799952898 3.773120304233345 3639
-2.697816113570346 3.553192715589422 3640
-3.040188428341738 3.245261624436333 3641
-3.469254211335266 3.448355150597177 3642
-3.919266044787219 3.133291809262849 3643
-3.419913321421525 2.975154827024147 3644
0.8451552466180581 -0.03626589860060333 3645
2.931368205072339 1.347145206241365 3646
0.6229317058729665 0.2800135469109259 3647
9.249215674156879 2.637248466776655 3648
0.8196427590275565 0.2688291800424344 3649
2.964357768732135 -5.303686699771585 3650
0.7776253958944306 0.1317379460371257 3651
0.7624823689009814 0.1219866445353926 3652
0.7429885394447133 0.132496400628552 3653
3.187024987095262 1.724100853556772 3654
0.5853804275281321 -0.04816209773464954 3655
0.4199861185244953 0.05564941649723787 3656
0.4877538576490126 -0.231453689057935 3657
3.554528613469478 0.2514815191462828 3658
-0.7232695252640637 -1.816228903702151 3659
-0.4863835474122596 -1.668740581396938 3660
-0.2225560836823929 -1.74034092462777 3661
2.47127760090136 1.57362098470662 3662
1.018165233971061 -0.02640613710668169 3663
-6.617451778465899 -1.240628464655069 3664
-7.187700255428799 -0.9733198569113537 3665
0.2991469762629848 0.05884457193996209 3666
0.9457310734054517 -0.02216908207485856 3667
0.9367014809652778 -0.02134227477372376 3668
-1.997721334925837 -5.136002530711929 3669
1.774347023257731 0.02986873409524928 3670
0.01202242280776106 0.01771113056540667 3671
-7.025091927717746 1.343710635507931 3672
2.282888878365026 0.06104894823025364 3673
2.27396682110872 0.189777489487608 3674
2.384114813683289 0.2671751077831542 3675
2.263588243792036 0.3178425454116977 3676
2.171190798146787 0.2457556994342243 3677
2.369148412390454 0.4098420529976037 3678
0.9942918806607401 -0.004845838438305142 3679
-2.928157662052754 6.383736580019994 3680
-2.876865131136417 5.755961618384946 3681
0.5354141582630113 -0.05199959348722244 3682
1.509563897106035 -1.070109004891532 3683
1.672972463394121 -1.139158787149582 3684
3.002138048941018 -0.6825157915043315 3685
-5.741200736686801 7.259247513878959 3686
-4.686820797551089 -2.801995284984907 3687
0.6049048887545623 0.04841330358726267 3688
0.7638796449580019 -0.03755466347836142 3689
0.2959628959593392 -0.06096496928154753 3690
0.2850641718086246 -0.06557184840030562 3691
-3.95672042736698 5.680574042014709 3692
0.08310091106035709 -0.05277196625924747 3693
0.06956049365562909 -0.05449661295533111 3694
0.7628449545467526 0.03454081068560391 3695
-1.251139589196445 -3.55343849650274 3696
3.660736975725473 5.885653484160881 3697
3.153972491172945 6.222195414706408 3698
3.15608221493744 6.76947197875606 3699
0.005926519072794099 -0.01329771639852997 3700
6.382960712143374 1.846983053022632 3701
6.001559240672568 1.599329694486512 3702
5.946906734111586 2.062457946640444 3703
5.567984179309864 1.816694258358811 3704
5.895936752228362 2.547023652668891 3705
6.018974626998424 1.129255141176079 3706
-5.798615811699134 8.036826925936872 3707
-5.133352075209747 7.660965851271381 3708
-4.536852433598447 8.013558956074586 3709
-4.416638174494029 8.813038921620649 3710
-3.706452734844156 8.650865882362799 3711
1.261739531636823 -0.1393889357202636 3712
-0.02396898629640744 0.01120126909107396 3713
4.981254147147752 13.18897678520316 3714
1.199858453537997 -0.03789510781369199 3715
-4.73744579506129 -1.662644282523175 3716
4.535850052130112 -0.01950162814236456 3717
1.03061691293302 -0.7473588058800035 3718
-2.520444704835135 1.734411548836196 3719
-8.209782513197466 -5.700962320285659 3720
-0.1468916626903141 0.2432993880652287 3721
0.9582999915555763 -0.04022703086674013 3722
-1.090840464350499 0.8456934729977132 3723
-0.3046955874553277 -0.2991812947455284 3724
1.098581226261861 0.2504476073993813 3725
1.126282562994442 0.2236920282243723 3726
-2.969972849494155 -1.980703452104119 3727
-3.027812882971734 -1.592111072632839 3728
-2.709307188058919 -1.389373855335891 3729
0.8377247016216443 -0.05757774870873267 3730
-0.2375913603972274 0.01773614550061101 3731
-0.2301689612524011 -0.03734911035472738 3732
0.6813809512175784 0.04048442327763262 3733
2.193862896981253 1.92878313806242 3734
2.213746272025352 1.658799066496794 3735
1.994775661923778 -0.219625936698868 3736
9.012734624988409 -2.684432499711533 3737
0.2256485151581927 0.1053556552656366 3738
-0.01667813663116502 0.1969036385872579 3739
4.487105797765801 0.9910495281291618 3740
4.222398458801996 0.8568142804594105 3741
1.057420806559716 0.000852466411682522 3742
7.213129776989033 0.2682042011276667 3743
7.283379086504784 0.8198372473224068 3744
0.2381032382323748 2.680236578299042 3745
0.8058863077165158 -0.0329513228454633 3746
0.7970975181010038 -0.03045225902680567 3747
0.01795587423719563 0.08150436620204857 3748
0.2703538888087401 -0.06247583839399266 3749
0.2808949713469642 -0.05712943028722004 3750
2.328914769968995 4.399476248362272 3751
3.208415529027631 -0.602068254950317 3752
-0.5726965399774269 5.190418078088848 3753
1.357164749489896 1.898420670435277 3754
3.615738234621821 7.123052078523109 3755
-1.902797579730678 3.97717930874167 3756
-1.867001129453672 4.428279088464425 3757
-1.450899510652906 4.645089295471573 3758
-1.429631541201148 4.185652810937214 3759
0.3456226548177339 0.09496071926388654 3760
-0.3024162436783261 0.02314559997133903 3761
0.837136668541471 0.177815666022185 3762
0.4881316996449869 -1.179518729210166 3763
-1.485456278052018 -5.351871311995933 3764
-7.662191698200209 6.596298092917679 3765
-7.787618822574045 5.777510153991768 3766
3.880853886410372 3.551572916095286 3767
3.857197003442385 3.130314224511801 3768
3.418514242165299 2.934260091693911 3769
4.304190217651486 3.271914340107174 3770
4.152687373050588 2.832327937922514 3771
7.300293589588539 9.425348679928018 3772
0.8543913894009274 0.5730782061430819 3773
-0.453739181144714 -0.7388084079388136 3774
5.088517063864836 -0.7023093552728412 3775
5.049510165563516 -1.023765539453372 3776
5.285486750560367 -1.334617832796604 3777
0.8306055537300151 -0.02840535050985365 3778
0.8242439439745484 -0.02721237784280388 3779
0.03677435045067429 0.02847318977973219 3780
0.3691486620625154 0.09417624610933868 3781
0.9295791368181083 -0.164883061467773 3782
-4.610137641150458 -6.596348737604965 3783
0.3321892180793984 0.8712283801846868 3784
1.280683101117056 -0.02752353098571257 3785
1.308387507976591 -0.001875515834040705 3786
0.9282760990166641 0.03291117541898297 3787
-6.134765163221216 -4.282399840966017 3788
0.3837935499587966 3.148467265990831 3789
-4.881414133183494 4.798912921139373 3790
-4.291755607297812 4.757547418117082 3791
1.671015698441855 -1.84073413272541 3792
1.12585145281299 0.0906355587894136 3793
-0.8090155442910656 0.9703690686515778 3794
-0.9187203683257957 0.8384231029817485 3795
1.648499983915654 -0.0651640148468072 3796
1.170869719268314 1.74714302029793 3797
0.9578354660322741 1.859600719015794 3798
0.9709778924694672 1.653091355638098 3799
0.7921165373095155 1.734441162157749 3800
0.8151708032416745 1.550293563566393 3801
0.6451103243972618 1.613441516335753 3802
0.6190442117028107 1.787841496602695 3803
0.9731289875191288 1.492097543852061 3804
0.6850325564167152 1.458770487300749 3805
0.510901896141509 1.457950191021486 3806
0.6019961962991495 -0.04934603160919777 3807
0.8698736892013047 -0.02515820409343366 3808
0.8785186036468788 -0.02349715509124654 3809
-7.117886237324848 -2.308838291435612 3810
-6.488364940570454 -2.598939023169334 3811
0.02060604593804321 0.0223295344070148 3812
0.3733919681803462 0.6860926649713037 3813
0.9985625051032643 -0.003027446245542267 3814
1.000066565749192 -0.00212757879476292 3815
1.001919701086518 -0.003415549433325115 3816
1.001795147697509 -0.001245547078250403 3817
1.000528575658672 -0.001073297415868199 3818
-3.317406802960826 -7.048994598842788 3819
-2.620644354080602 -7.158495327502643 3820
0.9270728401085683 0.01791264430182626 3821
4.52852929034518 0.285067278328035 3822
-8.428713063044434 5.422582668688186 3823
0.6428776302351218 -0.0487295891010638 3824
-0.0008947450828551619 0.0005356294230007797 3825
-0.001861358529000698 0.001581944755047979 3826
-0.003896189736791728 0.002060347400831165 3827
0.002491404371227653 -8.239827441921351 3828
0.9397012579608619 0.485746656223079 3829
5.954763249866948 7.773575943695486 3830
-1.575723267797116 0.1427840433444737 3831
0.4007796916557399 -0.5618209696026861 3832
-7.841466352418322 -7.252773214247067 3833
-7.071611474268595 -7.617528263999465 3834
-9.98297657107199 -3.62190108395785 3835
0.5109313188397044 0.05330654316917445 3836
-1.181720881063324 2.497788881260241 3837
0.8214302031332503 0.03073827466332846 3838
0.8129393587588665 0.03141086320523821 3839
0.3010202698503852 0.2982443308336007 3840
5.691655738655439 -5.08436283235822 3841
5.096662915394711 -4.745130354197174 3842
4.770585287467314 -5.239707271479696 3843
0.73240346144136 0.09454391079583598 3844
0.7467015090221729 0.1000763706170513 3845
0.4854402368593124 -0.05572082939193002 3846
0.6291695929413721 -0.1887218551009954 3847
0.0209288413637258 0.02760014795700386 3848
11.6833203399971 -1.182873960980948 3849
-0.4526217132577735 0.4665910014206256 3850
-0.4138378235817874 0.3687372908089508 3851
-0.01140948813878737 0.03114181046597913 3852
10.90766175088758 0.7445999575142755 3853
1.041001141334096 -0.05059935584650543 3854
0.6332708090801684 -0.1402000538297534 3855
1.110943240125426 -9.250706796181361e-05 3856
0.1125543639537327 0.05038581901691842 3857
-6.926248676863692 -3.705189985499636 3858
0.2380976382525446 0.05777167494373554 3859
-2.380201741434942 -1.535421513602917 3860
-6.472849954507422 3.097122305011552 3861
-1.985156146831119 -0.12334244618787 3862
-2.019285353166744 0.1221728124461695 3863
3.17213773288925 3.160150487465166 3864
0.4028765286790664 0.3208453957189041 3865
0.3165512896458306 -0.06120734253918851 3866
-0.002253443148057278 -0.0004544312871412411 3867
0.1673016692701975 -6.129163802806897 3868
1.091017662497598 4.158514134165878 3869
0.03063582218157467 0.02645137189454152 3870
-0.3284122278939266 1.771795876664163 3871
0.5199724133317358 0.0577985206239686 3872
-10.18862736893486 -1.987484588203579 3873
-9.42264024515457 -2.299162338153484 3874
-10.30467362688713 -1.170513980942884 3875
-0.1388750791298313 0.06652941120116254 3876
1.73069954996369 2.700257975157273 3877
0.1375461051251167 0.2040208623802266 3878
1.758140923047111 0.2966881710238715 3879
-7.341148068874109 -0.3522894261370572 3880
1.263659086029532 0.7394228693314495 3881
2.561254154255135 -1.371662099232716 3882
0.9896522604941203 0.03872720895280629 3883
0.9409191960752528 0.02141213857131708 3884
3.471588517974662 7.773493322022349 3885
0.6785821751324491 0.4497874818798752 3886
0.2670501094614995 0.1064782317526759 3887
0.6616716157282313 0.0861623362710715 3888
-1.290555705325264 1.978691753309603 3889
4.016584304561269 -0.3888360109925186 3890
11.46329422190799 -8.890991052145697 3891
9.522461569028849 6.668066483344823 3892
0.03030726105457324 -0.0276100935013078 3893
1.777770510705054 -0.7460740210935024 3894
0.2821462126142505 -0.3053652088483958 3895
4.476120639873023 1.683459895554334 3896
4.220442468238933 1.481701234798087 3897
4.422467011726147 2.049963649111392 3898
0.1091664413444928 0.04205355710077023 3899
-0.1553605581705249 7.529807208973409 3900
11.04170332504835 2.153665530770503 3901
0.4579303517926759 0.0587323208929249 3902
7.045811566626403 -2.112434904351654 3903
2.453427625596971 -1.001055902134123 3904
0.7845388933812253 0.03409884116911234 3905
3.579445867687275 -0.8655091064208627 3906
0.9803372290692468 0.2538189415857354 3907
0.226765060520859 -2.730087200991557 3908
3.780083841560012 2.724722936629094 3909
1.937497798020422 -0.5723468751715639 3910
0.04958885537302753 0.03256499935242084 3911
0.8190340111165645 0.05829924747140107 3912
0.1280427598471548 0.8842525692897116 3913
-9.568668696761115 3.079604423512525 3914
0.09018826297634075 0.04130368215058315 3915
0.2345886026799862 0.4134940075991004 3916
0.8896447807783034 7.021952994549927 3917
0.04842582718890309 3.562582582729564 3918
-0.1422355754462766 4.966922315759959 3919
0.8765463018055608 0.06728508681503531 3920
6.452717290420925 -0.340760248737893 3921
4.25642382803599 0.1125946754897433 3922
2.510700491666303 0.2091577068703713 3923
0.7846742779187876 0.05533026074292409 3924
0.3293421275410491 0.2359405219862525 3925
2.609743698378271 2.299808594437425 3926
-0.522191040107594 -3.427012566782178 3927
5.698639704422625 -1.144690850868308 3928
1.961852848321512 -0.444684129431492 3929
1.874798410988172 -0.3769774790115289 3930
1.885680179086236 -0.2671394711974707 3931
2.470738762446063 1.335607407771174 3932
0.6662635026262687 0.04066322100414283 3933
1.249131324016116 0.841028709951261 3934
0.9530726200770191 -0.2899066708032942 3935
0.4808603044961012 0.09899438546457984 3936
1.744221919082166 0.5251437787414869 3937
0.8995270976857974 0.07403223020604903 3938
1.201245652946082 0.01556455554562334 3939
0.1389874103759924 0.1016477871693692 3940
0.5795794803465513 0.1035269432600865 3941
0.8517938792315213 0.02708037115229221 3942
5.234658017934349 6.885978164122399 3943
0.9252504012370145 0.07994118988858423 3944
5.715625339813766 0.005509437693088814 3945
1.425733650541023 0.2871565717189679 3946
1.420368349110267 0.2079811115397082 3947
1.356869178589321 0.1916453416529817 3948
1.177303891151458 0.0948386802822981 3949
0.06534701634065761 0.03610957269186252 3950
3.153467705460856 5.712557750416068 3951
1.292442152091063 0.5291857960016664 3952
5.683548930227447 -1.573442322083348 3953
-2.247538856893566 1.571802876911472 3954
-4.034421109428108 2.624978479177799 3955
5.332925655647355 8.175102931148171 3956
-0.129833397951422 -0.8669646910706351 3957
-1.008976018319531 10.46596731477083 3958
0.9784073503215138 -0.005955295348281989 3959
0.9814963742148517 -0.01014725880022265 3960
0.9737144775216102 -0.006933863443350969 3961
-3.187849629890894 9.851502739496921 3962
-7.780652234897214 7.467982502360854 3963
3.140979191801693 0.4640443877445995 3964
0.9641243175906551 0.1195572741943682 3965
0.5644760120801812 0.3056266868012534 3966
2.975741556006284 -2.309760517197964 3967
0.2925906126040363 0.05339111014671145 3968
0.3440964464833808 -0.06032391923192251 3969
0.1997656975903437 0.1645998349567992 3970
3.433184072781933 -4.295098915531276 3971
-0.0007926949064641257 -0.0005121210152349773 3972
0.710654367997284 -0.1615293624563999 3973
2.173024663956144 0.1188920191428275 3974
0.2227386739868547 0.05505493566963182 3975
0.2133879149213093 0.05716084205654843 3976
0.2080454299907857 0.05089143127302645 3977
0.2044621079109545 0.05887219989788844 3978
4.63711373753232 -1.426669555266596 3979
0.1098887732621812 -0.04223740230781201 3980
2.631313893236984 -0.1539558392474142 3981
-5.444122964868821 -5.720061505173954 3982
-9.376512318253663 -3.181159299249215 3983
6.571327440744171 -1.882784695954304 3984
0.07647524129761499 0.04863279073881242 3985
0.2175630962331994 0.0791281568110442 3986
3.155951549637933 0.2530798479702965 3987
3.369978661339902 0.1341413647942632 3988
-9.709549589557952 -0.6630739605133918 3989
-7.150134642086583 -6.847404420277048 3990
-6.982397758286914 6.434163029677334 3991
2.972227225943223 -1.705373206677475 3992
2.67899215155805 -1.819605906935041 3993
0.04296483525600522 -0.03087584027038635 3994
-0.7531141470772382 0.2275515762905485 3995
3.127722591644276 0.7149124509912999 3996
-2.112079508197791 -6.89918188722441 3997
1.59018339549479 0.04997480489116218 3998
1.531641990340572 -0.01749772620568283 3999
0.5984755406271139 -2.024609558771138 4000
12.39207430654176 6.561944978737842 4001
13.07917003008138 6.11092167462607 4002
5.852054807043809 6.640218801849112 4003
2.38772497747304 -0.2458369510633693 4004
6.06329982871941 3.059249231264269 4005
5.301607595295627 -3.102323879916204 4006
-0.5743002175148585 1.596086581358494 4007
0.9006989007843041 -0.01688998755883822 4008
-10.57864185787654 7.4552957954724 4009
0.4783611258872461 1.2970208839591 4010
8.587538144251317 3.813567794990307 4011
0.4014322239682303 -0.05734060223967485 4012
-0.003835306227923105 0.005025208995623997 4013
0.7434890625167077 0.08460504076178776 4014
-3.217392653206167 -4.487492681467281 4015
-0.362828424318606 -5.880050797119567 4016
10.28125933716929 -3.47127832848913 4017
-12.69049012426131 1.571594440646966 4018
-13.38951707825185 2.280119940453701 4019
-12.43433774134652 2.578872510239167 4020
-13.52600361522461 0.4403468908371725 4021
-12.8998517317659 -1.063321391893448 4022
0.4804333496826533 0.4712838386592756 4023
6.130649712151396 -2.187940716026963 4024
0.8672927403912591 -0.01860136598439898 4025
0.7246355115113744 0.06102407114449499 4026
7.504358026363777 2.672374048747665 4027
2.600442978163803 -0.2928475659426793 4028
0.9853636873883698 -0.2050652793548033 4029
0.9780623116342518 -0.09230452671008602 4030
-4.552143356537071 7.274857908654525 4031
0.9899840886187761 0.003989209778123101 4032
3.659589181283327 -2.650898095022096 4033
-0.356239550008858 0.6403931834069432 4034
13.03761615883498 -1.238709192347575 4035
13.74224095133548 -1.752043481764781 4036
0.8294089084845186 -0.1102741838084655 4037
-0.05201878713784203 0.05386321712040798 4038
0.687558700236561 -0.06408911841944741 4039
1.398838734508077 0.112406065583797 4040
8.834457128629644 -6.286817035353729 4041
8.795128274400385 10.42920961654022 4042
9.562587723884802 10.89097179020286 4043
0.4478892745512849 6.639609253552906 4044
1.905128127885658 -0.8596010839041828 4045
5.279553102902188 6.182476743200242 4046
0.684127225937874 -6.34578602288434 4047
1.080086903347584 5.493857181848261 4048
14.60796634175486 0.4394925818804482 4049
14.58852588510545 1.337288121390489 4050
1.573846991173232 -6.862676305146817 4051
3.578823456598343 -0.1867495705579479 4052
0.713419790258195 0.03960820919507586 4053
0.7036193371381363 0.04124626799154987 4054
0.6951566791505257 0.03791438035200237 4055
0.7011715741081832 0.05259331888470847 4056
0.05691982873302096 -0.03452941976718805 4057
0.2176390826341467 0.4724871849682583 4058
13.1116733124858 1.625102025829964 4059
-2.478323678027941 10.36190418556504 4060
2.420326813311332 -2.022353960684847 4061
4.443805407589493 -2.993346592082521 4062
0.778498945860239 0.02981502518112237 4063
-1.953689026590461 3.527883882189593 4064
8.179610895617667 -0.8563719374230749 4065
0.7935606469730463 -0.2179321627639791 4066
1.011999249615784 -0.2884905180894865 4067
0.9631165312677179 0.01551985249966782 4068
0.9550902965642422 0.01777842092618638 4069
1.109552733665739 -0.02229453367312248 4070
1.038988828118302 0.05839222805227327 4071
-3.89372020352409 -5.815551335498979 4072
9.941664025925011 -5.419961098467482 4073
-2.536803118893753 8.623887157156139 4074
0.8380919283725674 9.457434332726329 4075
1.49550167519471 9.789290487713494 4076
1.533375612275132 10.49592344869356 4077
0.7743882545836078 -0.04016600464910597 4078
0.7769013760393567 -0.03150998833155084 4079
-6.438970183021098 -7.181114606797594 4080
0.05151861823992605 -0.04044730565382802 4081
-5.450961842443464 -8.966084893197468 4082
-5.270129046718882 -9.752367973931246 4083
-5.866021121473729 -10.30197981589553 4084
-5.078363035424009 -10.55454770911545 4085
-4.469600676012755 -9.990396455706041 4086
-4.270021214058939 -10.79808802013683 4087
-4.895111783861506 -11.37860528514622 4088
-4.076068101978599 -11.62058345450394 4089
-3.456831449935834 -11.03579247545982 4090
-3.256459996025499 -11.85874164303189 4091
-2.643503390848827 -11.26492974518279 4092
-2.439357613351401 -12.09301477027882 4093
-1.824634980817294 -11.50499206552918 4094
-1.62098234601177 -12.32675787187602 4095
-1.004981990096278 -11.73912743253255 4096
-0.8011943946991689 -12.5672101272952 4097
-0.1800391357090602 -11.9727617050818 4098
-3.053928185059072 -12.693160323559 4099
0.02576106454349722 -12.80881734708321 4100
0.6535427308839453 -12.20806022687062 4101
-2.03946102260842 -10.72108824538911 4102
-0.5197233184183699 -13.44341892742712 4103
-0.3610950058355546 -11.01768825156243 4104
0.8450429965055025 -13.0892242886304 4105
1.486536800045706 -12.45249397011241 4106
1.686821245389949 -13.34531177487492 4107
2.284862643069047 -12.67083027859834 4108
2.563693508021053 -13.55019018332836 4109
1.283444759579633 -11.57812146993976 4110
-4.711254195231597 -12.23095949565183 4111
-5.532088164011556 -11.95056754861367 4112
-1.238368083120187 -10.92395411903386 4113
-1.454363047123793 -10.23325172541923 4114
0.4636142174667044 -11.36637278463221 4115
-2.855084667821208 -10.4932117185567 4116
-3.654427896989289 -10.23882200319577 4117
-3.055225236767708 -9.667306181948833 4118
-3.93876391192936 -9.437786471447252 4119
-5.396654681090338 -12.85990331694489 4120
2.0639316995362 -11.76594088201297 4121
-0.3256956788388954 0.3757137808915081 4122
-1.888061427318778 12.41064253180624 4123
-1.175229530869949 12.85477814351451 4124
-3.470711044423505 5.440363563252574 4125
2.185425539705024 -0.01181520206899575 4126
-0.2037063692105605 0.1059806217884655 4127
-1.787128464905483 1.021890352278253 4128
0.3915624222530178 -10.547735299413 4129
0.9495647375351723 -0.01082227750776192 4130
0.9535835763833832 -0.01715602913932826 4131
-9.764434450499525 1.5701879379777 4132
0.9170343385966704 0.04528643058242673 4133
5.076743074120659 4.77934850575118 4134
8.874131795984926 6.234873989291026 4135
-5.692877012931969 -11.12154583776093 4136
-6.489246512825696 -10.83554063402609 4137
0.8456524519209939 -0.02781190750169413 4138
6.979732390180624 4.200065259747498 4139
-0.2266504414712222 1.413250304650013 4140
0.0725736406438348 -0.03813511252279171 4141
1.04713391792157 -0.5564043891906485 4142
-2.720948276104674 13.83511015048339 4143
11.62308545015853 7.933194207674121 4144
7.664067243755231 -6.434684945345479 4145
8.522035158050432 3.265436958740216 4146
11.99677240714538 -1.919499421337443 4147
1.838057936614015 -1.211791179568654 4148
0.8761451763842298 0.9783246975299752 4149
0.3092034856760214 0.05878785098048987 4150
0.9681825399707494 0.008441881548456391 4151
0.4248605916657437 0.1121936880475903 4152
2.024521618085282 1.598784839254649 4153
-1.357810631103255 -1.11602731774283 4154
0.6368787059051957 -0.05450380623364375 4155
0.8110005252977506 -0.02771694681303892 4156
2.289517962441238 6.25876261594431 4157
0.6361075473817577 -0.0377010782652048 4158
1.169548381612754 0.1305603227797873 4159
13.08918126360452 -6.645177512942422 4160
11.64549476583517 -7.128620429868318 4161
0.6331969410035965 -0.04594037001210177 4162
0.6245010899938153 -0.04558815374843037 4163
0.8834714635213867 -0.03050952250070267 4164
11.50377762320472 8.935965200887368 4165
1.040380839926275 -0.01039819291302436 4166
2.527424592395575 -3.406660024453041 4167
0.6364050325301065 0.03792241833659517 4168
1.051773525731775 -0.08905365113463948 4169
1.023381370711184 -0.09102261658033131 4170
1.022969585146219 -0.1441672233422603 4171
7.30123562166952 12.48824278135475 4172
1.408264824152758 1.678489093280794 4173
5.323306437575502 -1.785956798475278 4174
-0.2661728469326494 1.591778421749353 4175
3.212549699562757 -0.009216197437680478 4176
2.954099305084699 0.2548505403037793 4177
0.5044750528804999 0.1087760441142131 4178
0.08984750543665682 -0.04241512019622748 4179
-4.711701785653573 -0.2414365361184278 4180
0.9426430234856655 0.01283027921108809 4181
2.321274326828785 0.5640303868310154 4182
0.7012926503253533 -0.1304546552541089 4183
0.7269417321871826 -0.1140199118374328 4184
0.008735839440476359 0.01955677848192278 4185
0.9786652695625568 6.483331182912615 4186
-10.03273252894941 -7.178278662589914 4187
-10.84494934521971 -6.884239917559145 4188
2.199552458126716 3.405897180849851 4189
0.9687956008993583 -0.01560023712212694 4190
0.7372184424853405 0.03868307955029607 4191
-6.6485351798647 -10.03767770771054 4192
-0.07247852457658516 6.417488163247883 4193
1.464213343467181 4.420309406628225 4194
-1.354175730357561 2.27171590521152 4195
0.5191308934635651 0.04797467038737464 4196
0.5899617537353508 -0.04095525488535438 4197
-10.06847120876867 -8.09702208966827 4198
-0.1757217734918297 0.5751499574130764 4199
0.8404612134537112 -0.02137246481846411 4200
1.22835147560363 -0.2489919822712969 4201
-1.482854620968993 7.282478654404562 4202
0.6511818144818374 -0.03656936254476152 4203
1.450778537053856 -3.218205993179017 4204
1.775446744747737 -2.981081657122373 4205
-0.0742193701702779 0.04596501575070237 4206
0.8832915297963386 10.88757137857253 4207
0.8568663487961783 0.01898819434118817 4208
0.8306247013860668 0.6794236195084681 4209
0.7660428254252198 0.02774595040149715 4210
1.511486495667129 -0.274248399445358 4211
0.7914357179772704 0.02577261314236237 4212
-8.845259486125043 2.857754701717383 4213
-8.199495145294286 -9.444026239289304 4214
-8.103178945096605 -10.34456019013593 4215
-3.877344127959938 -12.47269513777142 4216
2.389978996150664 -0.5217228011205574 4217
0.7506970072136629 -0.4109715952352291 4218
7.685041031434212 -4.029489095825068 4219
-4.894127791327747 -8.456252130497376 4220
0.5900555154526006 -0.1851104616071019 4221
-2.215062932478903 -12.94351380229098 4222
-2.765001532044006 -13.67324973779646 4223
-4.788922917673256 0.7879664690200061 4224
-4.003160209774452 11.82974208284302 4225
-4.759300184718893 12.36625229960196 4226
-5.503632664522669 11.72882829886358 4227
-5.564340269546009 12.5925739808352 4228
0.6956989946328805 -0.5854959165134136 4229
0.5824950541591284 0.04149350363914875 4230
-9.526630485985942 2.297633172891875 4231
0.1530830741104887 0.09656462263402407 4232
2.70503084589544 -7.959606356873373 4233
11.67204938715911 7.023009155300073 4234
-1.03918953896321 4.506242908468243 4235
0.6062879889699849 0.0400905580655067 4236
4.304998958352925 -1.323560599246215 4237
-2.419165495195884 -1.205219256976424 4238
-2.761472107076827 -1.032366437685719 4239
-4.222480036997727 -2.569610838636069 4240
5.482326189209504 -11.47246425311002 4241
6.464587552975108 -11.80369622756096 4242
7.29552901167999 -12.07816163561943 4243
0.5961027201916081 0.04922502747551233 4244
0.7239204768049339 0.03177875194941968 4245
-0.5477210344873843 -1.246276241810377 4246
1.919246203262191 -0.1543423994295033 4247
1.787008418986546 -0.2619256226704121 4248
0.3511491430437292 0.339691624393037 4249
9.937769690397113 -9.04695386280922 4250
0.9734587585614654 0.007199051385021443 4251
0.1881698355050015 0.3945212137821877 4252
2.782326586073013 12.67612880481438 4253
2.065351134396971 13.09857802040876 4254
2.80890795863288 13.47772019414404 4255
2.02297376001276 14.04188053638956 4256
-12.30453028881842 -2.645270032174556 4257
-13.05151538804046 -2.337903076559482 4258
-12.34938741539481 -3.519656273106881 4259
-12.98084098152659 -4.176676100730223 4260
8.222196138477607 1.926033741862926 4261
0.3795341258125998 0.05048313577643676 4262
0.6521113340528361 0.0385044587599075 4263
0.7089560505506901 0.03300286379225921 4264
0.3344443989934375 0.051671567470136 4265
-1.226181761797316 -7.788377385856989 4266
0.8883274086044264 -1.292935380173927 4267
1.472860802417511 -1.42797220750346 4268
1.564939498852283 -1.628459761691748 4269
-1.358470112536673 -13.20495129025609 4270
0.5905282153275886 0.04164896011445152 4271
0.3307870489760601 0.1468931522190023 4272
0.8455243683887231 0.01928880655765342 4273
0.8402570604722299 0.02157084813621646 4274
0.6416397808459146 0.2093146249877339 4275
0.6135724541381753 0.2183186890360577 4276
0.5923912372408584 0.1954193060903108 4277
0.449508079642537 0.0473628169907 4278
4.134947349909591 11.08512873021296 4279
0.8385053507584913 -0.02873609512974701 4280
8.600246220210181 -10.0800384347297 4281
9.359646502696293 -10.28513386357329 4282
0.2579173322142986 -13.59354561448366 4283
0.2765708196769884 0.05106211636501552 4284
0.1522602783782453 0.0751509999877379 4285
0.5435255367363704 0.04374594141789213 4286
0.8030393260715533 0.02508687277873253 4287
14.35459164643747 -3.181356434168332 4288
13.95348912393817 -4.063679562051639 4289
0.6661006175099095 -0.03569027224444526 4290
0.6622583721107551 -0.0425628692504546 4291
0.8163116430381719 0.02395995222432691 4292
-10.44819115110876 9.036655720627447 4293
-10.11651699818995 8.25833191456948 4294
-9.525746570382569 8.904981100734481 4295
-11.49643107011375 -7.540165910475908 4296
-11.88737141809873 -6.781185567463019 4297
-5.320598373786962 10.88308151825761 4298
11.88886378885428 -4.752870440712326 4299
0.3644233787624829 0.05040982232123752 4300
-7.785903070276933 -11.43011805702125 4301
-7.793160018811713 11.50862924046425 4302
-7.111265325615111 11.08012252894758 4303
-7.844061691835753 10.64324842532025 4304
0.235302672503132 0.04977206084033442 4305
-0.8851150892221488 14.18862130177051 4306
-0.00160044052414926 14.21946316136317 4307
0.2022815366454432 -0.04919587958809152 4308
0.2051304041403215 -0.05471482919793197 4309
1.851845454737072 -0.4908453888870735 4310
1.782451976574247 -0.4098403230921646 4311
-8.933146526563348 3.559470177159387 4312
0.6089514051520767 0.07994419597290019 4313
-3.067826390034597 8.272588198389613 4314
-0.3525787182231006 -0.2125489648166816 4315
-10.4202124527271 4.92905526327702 4316
0.5592969733320234 0.04301158229764386 4317
1.886536160736349 -10.95907623007173 4318
-9.860034579529541 6.969813165787458 4319
1.329710589536811 -1.069992532489311 4320
-6.613055218063697 9.953107170681239 4321
0.2621314774887747 0.05151995197356476 4322
-11.68199288106965 3.178113466374362 4323
14.35552982426242 3.233173152372315 4324
14.09115595898761 4.122832098546961 4325
13.21738617863271 4.213636526834443 4326
-9.056202600888025 -0.9171659847312439 4327
-8.608984191897582 0.8641992723016708 4328
-0.454855337927326 12.50686915470409 4329
0.141714177393286 0.08120473511651777 4330
0.4657176709674993 0.04809577159955559 4331
7.312117231527848 -1.313747610682035 4332
6.04681622654976 0.2248622935037373 4333
0.5669497138514269 -0.04240938393338166 4334
0.535677172762804 0.04420472467684709 4335
0.7313686716622783 0.03162283448820857 4336
-2.234895767704304 1.269601000522899 4337
-1.951961066185674 1.427019723407082 4338
0.4548864162652795 -0.05694252255265943 4339
8.103815653398097 8.188613173737323 4340
3.373056332182013 -11.42987494090378 4341
0.3439255836199497 1.885694283068854 4342
0.2487121541580826 0.05050466194744972 4343
0.68880258158524 0.1010691125041948 4344
2.326751483101741 7.341380778625879 4345
-2.410323755488805 -0.9079692357130235 4346
8.721534401079465 0.5363073988424214 4347
-0.9558541960359214 -0.9203993796742586 4348
0.997071278991108 0.002034178986323691 4349
0.9985450299164174 0.001565351488145995 4350
0.9983478816554601 0.003413950709541628 4351
0.9999365956222392 0.002577199471030914 4352
1.000087225152567 0.005103725635013691 4353
1.002120118715549 0.003424115390356237 4354
0.999457033623939 0.0006407302508033072 4355
1.00106085045924 0.001306299321969938 4356
1.003570504475126 0.001059070228749512 4357
1.005831126556756 0.003811796675841763 4358
1.002854182410744 0.006707125204913473 4359
1.007073778342781 0.007973386655829211 4360
1.001150244605856 -7.732915107848279e-05 4361
1.010879155907627 0.004174712664162885 4362
1.016069541778636 0.002731351275713537 4363
1.014987818143287 0.009432646513955208 4364
0.9994279120677391 0.008366456933470408 4365
-7.820053291466719 5.035797181760038 4366
1.326747487036976 8.491179389034388 4367
5.972289984434978 5.399607073821311 4368
5.958688824497789 -7.042273133638514 4369
4.784221333494458 -0.809768141204663 4370
-2.445155482133933 -4.385057116124766 4371
0.3874629054671694 0.05119604776910042 4372
0.3418065638307307 0.05176961759671481 4373
-7.949427362680638 9.068400741413136 4374
-8.642726780458974 8.618757486583688 4375
-8.807024470990269 9.548306248027101 4376
0.3767033559135583 0.6095022376827079 4377
0.1242941633397547 -0.6258703807441043 4378
0.1475653889208237 -0.523878780677859 4379
-5.678156368820066 6.519735199991286 4380
0.02395361476429497 -1.64204396397235 4381
0.7916408611274204 -0.02562843333535922 4382
0.9224489109390267 -0.02255523040829898 4383
0.9349748286486249 -0.01407673450338238 4384
-8.601488150751301 -4.263631281153357 4385
3.67369404277852 -6.64204052576016 4386
-0.2496167334142425 2.379267164700998 4387
0.442635303237148 0.05006428918855424 4388
6.051418506954522 11.57560304502728 4389
0.9561839641325802 0.009934983073017715 4390
0.2353854780156608 -0.05002727950382396 4391
0.2321230578507048 -0.0567211023645208 4392
0.6953961781546462 -0.03335225478690875 4393
0.9831018947309718 0.004874323621186358 4394
7.956864179944018 -1.483712245707373 4395
-1.550456148534785 -4.798842420876033 4396
9.755975656868046 5.165283448616041 4397
0.6805812088256201 -0.03539677347980559 4398
0.6846737718354405 -0.04197600782544066 4399
2.105240317374073 -6.516011670950768 4400
-11.14991889353183 0.7314614821322668 4401
0.2489524959147568 -0.04960571675499621 4402
4.131069076180326 9.594765506676925 4403
0.8511590420270883 -0.01931465161703316 4404
-3.488377009745562 -6.111828840618942 4405
10.17158150296697 8.654224600914944 4406
0.5593440555115414 -0.04351912166769187 4407
-6.074875826975398 -3.071319835861887 4408
0.6495978777964648 5.275960955343933 4409
-6.244854080557272 6.136249487051302 4410
0.2625243263045619 -0.05058359788675514 4411
0.3562031604277456 0.1825905113939195 4412
0.4411020598014869 0.1088805301872601 4413
-5.094189718285865 -4.243894311670484 4414
0.8014025943936984 -0.4776718188414272 4415
0.2220681916014494 -0.04928831003136262 4416
-0.8576609137283291 9.075159387590158 4417
-1.420431087443753 6.179710479713721 4418
-1.91011723099854 6.448496610447956 4419
0.6056431580495127 -0.03997082499323013 4420
0.1778733587349746 0.04735830171661699 4421
0.5427731292532839 -0.04494795300438398 4422
-0.5691009827834891 0.3459705313869899 4423
9.265240714640912 -5.141835329677466 4424
0.9080920232805136 -0.1414195534035754 4425
3.85912427807787 4.905177610225624 4426
0.5500014436019636 -0.09438776246174359 4427
0.2155474327177273 -0.04899864275125429 4428
13.10663877375938 -3.736899590009529 4429
8.18777419532344 -6.001357270883112 4430
0.9696566164989274 -0.04194651393733768 4431
0.6724287611087312 -0.09147301627026617 4432
0.1661356154868615 -5.586964871476022 4433
-6.133190287108761 -1.490879843771548 4434
-3.317509206341967 -3.526130151431661 4435
1.047704561972598 -0.180427009275113 4436
-7.237292606930101 5.391647380431627 4437
-0.7372969325757298 -7.397087730782903 4438
0.3930347335345477 0.05935907628977988 4439
0.4021510077923606 0.05654730231182398 4440
0.9527674473831149 0.08581831721804983 4441
0.2310989638721353 0.09102320632789646 4442
-0.4858925102296622 0.3075216158884819 4443
10.87810735027567 -2.977295175937299 4444
1.535503830077332 2.519219213627477 4445
2.382968413754324 -1.762964023175462 4446
1.173924444743906 0.009138982535263473 4447
-0.1683507471161315 -2.024479413518057 4448
-0.01030767211954969 0.001256241178348176 4449
12.42738023864315 3.731031298068212 4450
7.496233966910959 5.721286205991364 4451
1.144703199540815 -5.999771045330221 4452
0.418014024917701 0.2151849105390441 4453
-4.71215487400046 -9.212240400385905 4454
0.5055152966864794 0.4165693288376031 4455
11.07353398590073 4.413641994883491 4456
-1.931570425203255 -2.391500596383368 4457
0.4133925001328662 -0.05961899570994237 4458
0.4201834948480697 -0.0526056987551198 4459
-0.6537696699715094 -5.086878161691217 4460
4.671293716360083 4.479580709187747 4461
0.7956167029501131 8.784023523863691 4462
6.962586267639845 7.348706495342287 4463
0.5356059245184146 -0.04388387604915376 4464
3.567168808762402 0.02480362008525747 4465
3.434135909827448 2.546426524093831 4466
4.038217328578532 2.468786825373047 4467
9.799587610851335 3.014896965335227 4468
7.38011158259787 8.556488454706932 4469
2.000482050950503 -14.18458941367892 4470
5.66977246376588 0.8693961153295113 4471
-6.23018555237416 -12.4864317362666 4472
-0.5119235935552198 -0.03879268094495739 4473
0.6216256917622256 0.03900224880210214 4474
-4.385505569094599 1.109530202243345 4475
-4.245837911665501 0.2967794892308336 4476
1.424837750627095 -0.2999150703250841 4477
2.117280054228388 -2.805734552714227 4478
-1.241195950232259 0.7461931808043599 4479
-0.1467830270337936 1.267947950631652 4480
-2.936110047760649 -2.381464756160583 4481
0.6055960405811216 0.1696299932568167 4482
1.639163604746339 0.004471681206755992 4483
0.7435638993760977 -0.04512703994948504 4484
0.7574171645122453 0.08961286332518544 4485
0.3985770174615764 0.1188967773675258 4486
0.8728320499460339 0.01716611520117099 4487
0.8708671202814124 0.02242061353198571 4488
2.371664548374736 9.171270302406688 4489
0.5464900133294727 1.979278914647299 4490
2.226127036466309 10.64798996907467 4491
0.0636944320755411 -0.06801257779502544 4492
-0.005163959014551568 -0.01013686552502864 4493
-0.0003651724955797697 -0.01471978004527509 4494
-0.003110916513774376 -0.02108451927979623 4495
-0.6373945959738405 4.310872762391853 4496
-5.235916899342659 1.957017803151388 4497
0.862339862874806 0.1690982844582047 4498
0.9836585614423097 -0.01630816781546737 4499
1.825617889895246 -0.6093850434616518 4500
-2.741403811191466 2.930035271538277 4501
6.591289764120185 -3.427036459891909 4502
0.4649021752648392 3.408950591422494 4503
-4.284290109727846 -1.340897836196755 4504
-2.084913926480385 -1.388557303378494 4505
0.4752777893701935 -0.1055063800185794 4506
2.490323333476952 3.263809629877533 4507
0.8465423359451993 -0.07220796722662293 4508
0.1909344735923218 0.04809987274268477 4509
0.7848368651940429 0.09994829008764042 4510
-6.084349600711171 0.8771598940468783 4511
0.5201145274689385 -0.04529184416993762 4512
0.5161268352403368 -0.05341314223851776 4513
0.7026046873072654 -0.03275487363878872 4514
-0.9708256322856494 2.651061184125265 4515
0.7587011003444857 -0.02913593227876501 4516
0.7555614993191969 -0.03542649404947572 4517
0.7470577725746556 -0.03598691977076283 4518
0.0915877560763287 0.1275082531050903 4519
1.08482543783354 0.1682349258723621 4520
0.8622368070085769 0.01824386461626421 4521
0.7442295620714433 0.06443777006806864 4522
1.880680256348978 -2.584596978580262 4523
-4.062042022179583 2.191930904506964 4524
-4.303753458475768 -0.4817776906595058 4525
0.3123341773449912 0.05096934430115197 4526
-2.362979348810176 0.5488770515445553 4527
0.8280078661410896 0.02221125236766919 4528
0.8103389977703583 -0.1831115151983352 4529
0.8947781041921103 0.04159377676964018 4530
0.2980560789477625 -0.05133879632103824 4531
-1.581999827182656 0.9327172752758197 4532
2.956454640373063 -2.003771994604943 4533
1.351950210241062 0.04912503439341748 4534
1.412854170427646 -0.8221790153659905 4535
0.7586381357269749 -3.91485373863728 4536
2.280222416116853 5.772143648377186 4537
1.196913330217986 0.3648031560547483 4538
1.173474195608241 0.4349641762256923 4539
0.4391086037565951 -3.735204612447122 4540
5.654548958934202 -12.35106452978641 4541
-1.477091757284126 0.3319716676932947 4542
-1.233421224896776 3.875211118286145 4543
-5.372503153267553 3.392417515616989 4544
1.974252211437008 2.037288449707335 4545
10.24607825468992 10.31733838410985 4546
0.4728276092132458 0.04727799050100088 4547
-0.6822211406765485 -3.017909764640829 4548
0.5035721746555686 -0.04589945480877309 4549
-0.8463992783687286 2.132492128645359 4550
4.575676233640801 -13.51548080111445 4551
0.7235303663744326 -0.03964429076684833 4552
0.2893302660182224 0.7046262600791657 4553
-0.1081904731810399 0.6264856117488897 4554
0.3125167441913679 -0.05198922593607428 4555
0.3273256901017955 -0.05833174499151209 4556
3.209285373727246 -0.8130253826487208 4557
1.487119537058157 -0.4533349931181777 4558
1.777808888851889 -4.347448455416476 4559
1.489554271947716 0.245552635227718 4560
-0.04851034846029494 -0.1695766139983358 4561
5.495464244878421 3.531549911061441 4562
0.9623852477458058 -0.008909687418836439 4563
0.1790892420796331 0.1565979699266776 4564
0.01093472516968965 -0.1179976940024101 4565
0.8543984948183049 0.07222022758980673 4566
-0.005299203729638408 0.008303204375735397 4567
0.9859326117236074 0.1331187585182178 4568
0.3568624592530381 0.05066275084741442 4569
0.3534053426208417 0.05881683740369815 4570
0.09479009947503282 0.09055848308325359 4571
0.1693637115542547 0.09374843598439056 4572
-1.877193772563618 0.4376671472584377 4573
0.7168801155999247 -0.03169663544478964 4574
0.713914981237353 -0.03922143157550347 4575
-8.538748239964869 7.832956847080462 4576
1.929259339253976 4.660481483944079 4577
5.440235193681483 2.698524553803916 4578
3.732675104582001 -1.948480529467043 4579
0.7447533331517125 -0.02934976873967506 4580
0.8781342518933442 -0.01676475725434448 4581
0.6072752145185811 0.8560299967786977 4582
1.059762200760774 0.2761777749875197 4583
0.3270118192672179 -0.05094006419296707 4584
0.6207173899162521 -0.03910187089362313 4585
0.1957926104704795 0.0554541265050433 4586
-0.01742106296300495 0.496532225604492 4587
-0.04701746361217255 0.4373579688020082 4588
2.330308709834716 -0.8198984653438582 4589
1.346533776033505 3.454704269443551 4590
-12.48210960485572 3.557527238678036 4591
0.4885403768195519 -0.04658655652804296 4592
-2.145611989078493 -0.7928062531793427 4593
0.6889688730419449 -0.09174506814749181 4594
0.7428654513388985 -0.2927975775981892 4595
0.7148126032311113 -0.3442297334600573 4596
5.403328947285459 0.1614925859376022 4597
-0.003908726925652441 -0.8341865185369334 4598
-0.7878132245711007 -2.676729336304696 4599
2.146823765728058 0.3666324072226707 4600
0.6431808012032124 0.07642389280065327 4601
1.091547820368917 -0.03459762747602914 4602
0.3413264351833057 -0.05164383825812739 4603
-2.098516377898162 2.288078252853024 4604
-7.2747118696492 -10.60345873119248 4605
0.3645210905295498 -0.1111934172720212 4606
4.294458870185327 -2.357356767395312 4607
0.7096020282271829 0.5567556428484898 4608
-0.09317428453509201 0.7284419194667237 4609
0.3962122686310173 -0.1147410122049882 4610
0.7182517944156455 0.1992931675064452 4611
-3.366843725467854 2.549918187921188 4612
0.2728152311035938 0.05774506479169471 4613
0.3568457252285208 -0.0507993501516821 4614
0.548567858543082 0.1070506358349921 4615
0.4728313072516695 -0.04748245714764095 4616
-1.482529464499607 -1.881320783777073 4617
0.3818466376524859 -0.06071247721545907 4618
0.370690425534723 -0.06454793894818024 4619
0.1057544572622345 -0.04981224176958955 4620
0.006208731581097941 0.3447809881358039 4621
2.176454981994351 -4.453087528662161 4622
0.7314198496034633 -0.03266647275758894 4623
1.003541722604667 -0.001939003684434116 4624
0.871151427875094 0.2267219442836914 4625
0.3720059282633302 -0.05041812157141539 4626
0.8995465854580146 3.054007676149126 4627
2.10630659720396 -3.195245834162492 4628
0.2835026309671296 -0.07661995623515015 4629
3.271867046129933 -3.596579311694285 4630
4.91364710860031 -2.840439849559611 4631
2.447854805938938 0.7224044818914082 4632
2.504311574530822 0.3601267891673134 4633
0.002283223755021945 0.0145525488053851 4634
1.609905724787084 -2.701343928849068 4635
0.1518407072681814 0.05822386287025461 4636
0.4573976838055194 -0.04837755353348798 4637
0.3872748936054726 -0.05010576406006476 4638
0.1404492437911785 0.1766235233766236 4639
-0.03682945598657336 1.372806656646485 4640
-0.09946828784684553 0.07236174911630494 4641
2.283909041733259 -0.2963205076675868 4642
0.7035077508094092 -0.1038485691646719 4643
-1.111804945410035 0.1134471214389536 4644
0.8285697086069305 0.0668840968721183 4645
-0.8551964425280097 -1.567229715194921 4646
1.09259438229572 0.7409390228027357 4647
0.5729533572525585 0.09167353889110327 4648
1.098667533998631 -3.034392412926908 4649
-9.817376452134527 9.733109675093267 4650
-8.573628164877157 10.96404100317391 4651
0.4024181433326231 -0.04917637501382128 4652
6.246807521526551 -5.370479689811747 4653
-12.66397907063996 -5.015419845594565 4654
-9.741271668231617 -9.679081477900494 4655
9.389503359845486 -5.854891980263997 4656
12.04551897007616 -8.145023620668709 4657
1.221631090487002 -1.751402140414985 4658
0.87802696483432 0.01673651698166095 4659
0.8810604968502469 0.02166563564826333 4660
0.5561236238066981 -0.05081949493491671 4661
0.441503889369269 -0.048613269939071 4662
1.161820244235299 -0.1758212433494254 4663
1.672973231041075 0.3596499193167792 4664
7.832250939113343 -7.743773268800894 4665
3.613477741634462 -9.431458509534544 4666
-1.073360492685899 1.387992446758072 4667
0.5956011276008117 0.08369538086416912 4668
-5.167561348282367 -0.4582627010251179 4669
0.5237272490130594 0.1803819051674664 4670
0.2372874313452726 0.2559002795539304 4671
1.799498955869348 0.9637733252413722 4672
0.4613085000317791 0.1775901382372846 4673
0.5527250895149792 -0.3597225122169398 4674
0.2994502434480097 -0.1672007459458681 4675
2.952729648474388 0.6236404496454734 4676
0.172036478623193 0.04656291115519602 4677
0.90592176465775 -0.03907667632906213 4678
0.2287502802912932 0.1578894045319846 4679
0.3817197960367049 0.09307688328128438 4680
8.17264207494692 -12.10223782046891 4681
9.806867001834974 2.319950675055113 4682
6.302029555334197 2.262178351018108 4683
2.95981790880813 1.023832376837229 4684
0.5669038986188173 -0.07403064743768875 4685
-2.406829530473763 6.189040416537408 4686
-13.69055408534345 -1.3976475897107 4687
-1.145165327873118 0.2606600940093192 4688
1.549781915774684 1.068380177120783 4689
0.7965284969293367 -0.2989513096464749 4690
0.992939445174047 0.00295291228106582 4691
0.1428633327332785 -0.09333766649470085 4692
0.6657321047926101 0.04777885317378223 4693
0.3487614749636635 -0.1024075330951317 4694
0.03715127455593688 0.3832569648564015 4695
1.394037048901932 0.1587772057051961 4696
1.354105809399653 0.1375481374885076 4697
0.7032208762565186 -0.08572950085728072 4698
3.971881011398878 1.314931041208998 4699
0.3265857388752879 0.1815730999449929 4700
4.228664004225202 1.166868307624054 4701
0.3557343805328672 0.07277502578299098 4702
1.944682091660692 0.7812526070773492 4703
-0.7303406245014493 0.7436836271752834 4704
0.004966210631166557 -1.424968855653492 4705
-1.838741566493992 5.917808980643644 4706
-0.3566526685027123 1.065738045026871 4707
1.547826085182126 0.6760396122950865 4708
0.2805595923913746 0.153322281488377 4709
0.5918073595891086 -0.08758424173981871 4710
0.1423254628271038 -0.05227691856144182 4711
-9.286532568993486 -3.938767394479946 4712
0.7640333382568847 0.1044465686304956 4713
0.4105696684650034 0.2794953734486515 4714
0.4410863096410563 0.2670347819473425 4715
10.24722940514649 -10.37124673544045 4716
-1.940219994661384 7.021616141316761 4717
-6.64695102769187 -1.793632938677365 4718
-2.251964971480563 0.27222615054696 4719
-0.9422306116519193 0.5801591044473461 4720
0.3300853229374763 0.05809354193916153 4721
0.06005935892016812 -0.04550636124940067 4722
0.8583085615704535 0.06016192981504583 4723
0.05595367275213834 -0.132639460673711 4724
-6.409209428023627 11.49754532326672 4725
0.1522772049355684 -0.07706307050059882 4726
0.1615220024641734 -0.05890528598125942 4727
-0.1359133875823784 1.715498435131463 4728
0.6397932042352278 0.4128956678949895 4729
0.9669407750581265 0.2117642428488326 4730
-0.08639082713636892 6.956460407672688 4731
1.773170210121199 -1.605060634808296 4732
0.5119098487773796 0.04515674891488942 4733
-3.727730230217079 -3.80783124867667 4734
0.8402435241553083 0.072337746931171 4735
1.515531243232522 0.4862302376866765 4736
-1.816920513346024 2.178783379923315 4737
0.6881831463942264 0.8962404804714206 4738
0.4537230570383335 0.1027674875557239 4739
12.69381059287839 -4.990476983401555 4740
-0.4799858953362134 0.5597502345276439 4741
0.4677313970792039 -0.2026183183415137 4742
-0.02872182493239438 0.1716984497121504 4743
-0.967722760034437 -0.7385511962551394 4744
2.266471070026061 -0.5271444664595727 4745
0.4173576737660574 -0.1790211612331876 4746
0.1958127825679884 -0.04851962573180731 4747
0.6225338904403266 -2.338353089369041 4748
4.24864316865983 -6.917173127204959 4749
-1.059496236442364 -0.161679312051543 4750
-1.181861561344229 -0.2501860680073744 4751
1.086495791834202 0.04615992337731745 4752
1.316973826176154 -0.6464776723549062 4753
-11.15706641546059 5.294998905126443 4754
2.04553830112255 0.4587223578275768 4755
0.192986832678165 -0.267303960990897 4756
2.006190806170277 0.06924817472439418 4757
0.7679684082483567 -0.1154289248046128 4758
0.4886117230512648 2.677583998292653 4759
0.759324487811334 0.2295080379913388 4760
-0.02384453247905438 0.1069829721803819 4761
-0.6122046854556885 4.737796930318405 4762
0.5066435096807753 -0.1375269318566951 4763
5.264179860794339 -3.571949508345436 4764
0.9060362654415521 -0.02298787786960775 4765
-0.03980232993224753 2.287089809110705 4766
0.9072477541980778 13.19177856611153 4767
-5.871791055469196 3.042686411098425 4768
-3.653775665294052 -13.4457208694896 4769
0.6807611379996555 0.03337333404911504 4770
-8.674083301056605 1.531970986182685 4771
6.063637325719375 -7.720657741855405 4772
0.7672904700168139 1.926614968119095 4773
-7.937523438851988 9.877034231536696 4774
1.314862539863569 -0.5411552030259417 4775
0.2579521026515816 0.2132866787565789 4776
0.7343528815032537 -0.09578531112783856 4777
2.34491347716552 -1.331636000479006 4778
0.2646527050449324 0.07733024884395148 4779
-1.00907619224301 -0.4395742966547203 4780
-1.158500404291745 -0.5269402187424738 4781
0.4160855515263576 0.1002959464739524 4782
-0.2946734036717605 0.3140132307948968 4783
2.011200585663995 0.250837914124313 4784
0.3612167596092397 1.35494967087214 4785
0.7796300165100969 0.5298764528957193 4786
0.4425025785912612 0.2330615455230834 4787
0.9349188567511684 0.04098163607081348 4788
-0.01520619113800395 0.06158329216339654 4789
1.66586244733807 0.2079791719727065 4790
1.480311694755082 -0.1447600775542169 4791
0.02624563044288844 0.03045239256392248 4792
0.587779533165203 -1.045401545489534 4793
-3.474942424480293 -8.887934288227317 4794
4.280364089077242 -1.052188110480997 4795
1.772565471692228 -0.8867387270953685 4796
3.981296168047707 0.7411919554971301 4797
0.05177582598987106 0.0458386606481027 4798
0.1603191473184893 0.04683591855617952 4799
-0.914265209160815 9.752590113256058 4800
8.078785718848817 5.412896017082531 4801
4.749697739302047 9.976459715998342 4802
0.9955299442832075 0.00442141881700792 4803
1.493583776794092 0.1768892523873997 4804
-9.655064537250798 -1.51036685017399 4805
0.2315486096235145 0.8916501564887129 4806
1.046662968723892 0.4469842830890662 4807
0.09588150589286723 -0.05180325535529494 4808
0.459729597392664 0.424252164701904 4809
0.3178842893837034 -0.609941456522396 4810
1.034534246991393 -0.0712267736379843 4811
3.983496571789892 -4.119075022565582 4812
0.4209721711786721 0.1893939877941681 4813
0.05699945498033238 0.09192019003734694 4814
2.132865497737886 4.052824065951247 4815
1.485774460890529 -8.66040066051983 4816
0.2891503290986789 -0.2349521275392981 4817
0.8614915782385748 -0.0652572848282518 4818
4.341619863381588 -7.579634512100589 4819
-0.9638039243228149 -14.15013480282077 4820
1.233159980847722 0.4791867641050621 4821
1.302912690290276 0.4474403973342631 4822
0.1489115951600073 0.0446925546385982 4823
0.8816477624524758 -1.103995273405325 4824
0.32328471844721 -0.5212558325784553 4825
0.2652944391958814 0.05768582949803785 4826
0.1795635193929925 -0.07067864981968106 4827
0.1732961451555726 -0.06024908092478083 4828
1.025685001012159 -0.0327797696190798 4829
0.8853156148986703 0.4644843437306876 4830
0.2771632336296763 0.09434462268530328 4831
-6.574074581916954 1.682868559683238 4832
0.3093252545221937 0.1180710712688731 4833
-0.1969290613390606 -0.7187749007733524 4834
11.01418790756603 1.478343569853009 4835
10.7729865227403 -2.296750702429055 4836
0.02765018410584485 0.07298233575691508 4837
-8.585695594248861 -11.06477199182317 4838
-0.1421284222431637 0.390512915025778 4839
0.2092758216209552 0.2342865072733567 4840
1.714132160792002 -0.2457055370463678 4841
0.9371061798172554 0.0913632100016579 4842
0.1811568951961763 -0.1688985018458113 4843
0.133994140778309 -0.1959800838420939 4844
1.275723061479681 0.1507119803257236 4845
0.2456057430542599 0.05568713161423591 4846
0.03882819810092314 -0.0355686687595148 4847
-0.07940496878521858 0.4957949200474946 4848
0.8096620905436303 0.05620931885116649 4849
0.3609001672191981 -0.2812745782293677 4850
-3.154689578378576 9.011192288101658 4851
0.002454605183733439 -0.02604578760000894 4852
0.3086914515557883 -0.05843097857929899 4853
-0.8811908805964122 -9.786153363821176 4854
-5.611496825959279 -4.548120949520706 4855
-0.09603593961075163 -2.321313178923569 4856
0.7515496415838775 0.02824947267457049 4857
2.475039433095053 3.600138051501736 4858
-0.0334310601975963 0.229913752040524 4859
0.1112375008202437 0.210136482798238 4860
-5.262662257097854 2.450768306873107 4861
1.285711527544343 0.2472493409002271 4862
11.62405889908206 1.02618828249566 4863
0.3731940609897274 0.4727683511032819 4864
-9.67802528883348 -5.143876525662763 4865
0.9602898829958857 -0.01521821213805843 4866
0.1204667956929447 0.04866401441913338 4867
13.70770412834171 -2.580872563655672 4868
0.9996126740133499 -0.08683221169150267 4869
0.3714233596849104 -0.1834437560449689 4870
1.097192092371842 0.08863291832439865 4871
9.179881569818622 -0.8848765198265564 4872
6.635647840266513 9.63901826380509 4873
-11.94586728684831 6.603461697391726 4874
-0.5306130761063628 0.9121831172324889 4875
0.2027522020330471 0.04802077309305483 4876
0.4674790470877729 0.1007843384982949 4877
-3.005875447096148 1.013393058902734 4878
5.253431807996116 -5.498829380484143 4879
-0.3652337616773415 -1.302902370751331 4880
-0.3354723295960971 -1.507901355768007 4881
-2.14821528970711 3.230909727190688 4882
-0.6585711458204665 0.3896594388885251 4883
0.4254705667507617 0.04863807828969569 4884
0.2222038586809952 0.04853077396747825 4885
0.2562733938760198 -0.1645900199074352 4886
0.2578160391142419 -0.1945490363128461 4887
0.2587971140391415 -0.05676110518108331 4888
0.5335762226012226 0.05127806620454312 4889
1.171296911398697 -0.2848987667287581 4890
-0.08538948122346639 0.01992248580234608 4891
0.8529217148372334 -0.2707538717912075 4892
0.9995297923602606 0.08033012013652857 4893
-0.03551724205148277 0.3490056999486895 4894
-0.4675118116793761 13.40086352531931 4895
0.8124845641172579 0.1224900179503047 4896
0.4160954482856412 -0.2082824632048602 4897
-0.1098671964841801 -0.3367322931563663 4898
8.447811780517393 -2.929405841581159 4899
0.3569511185581032 1.52364586993361 4900
4.242594719761323 5.160324136068969 4901
0.1408489435595192 0.05049884243605536 4902
-0.5380383155202306 0.04903761864674467 4903
0.07092880449690767 -0.3964718978808403 4904
0.6762010100497819 -0.04495970435646211 4905
1.00816448261403 0.1192999048220512 4906
-3.947359188073971 5.130007842212421 4907
0.9919090444385225 -0.005163698221910326 4908
0.1843950198336942 -0.04789144759514327 4909
0.9491770385137078 0.1043977628236329 4910
1.025014295787746 0.06377555438117617 4911
0.2032711350004165 -0.4686801027165066 4912
0.9328625262430459 0.0239846717507623 4913
0.6988367551121624 -1.211103673850182 4914
0.6447475200192971 0.1285129222804462 4915
-0.3886835303300452 -3.930827765484241 4916
0.03660952187975028 0.03548944160998847 4917
0.8591798324861277 -0.02460595738182233 4918
-0.9397699137825072 3.065930336853806 4919
-3.38300082570708 1.391327715937427 4920
-2.267491502161069 -10.03149699994663 4921
4.371183256890617 -9.702305902916235 4922
0.490344307821065 0.1089058156189474 4923
0.5068774943259535 -0.115431873356805 4924
0.6185052687859398 0.04601482638890607 4925
1.263577518382961 0.07820361004588261 4926
5.37571907370423 1.477574996695253 4927
1.092635290988663 -0.4574919606961948 4928
5.71307362854792 0.3481439386831422 4929
-2.829765610374107 -8.985942133383299 4930
1.223788911297024 -0.157635626069485 4931
4.761892996127396 -1.100929782743333 4932
0.9465004800785668 -0.20258330951707 4933
1.185933736972108 -0.142535557008234 4934
6.42127367715568 0.06346865521358373 4935
-9.300266607475658 8.134770007544965 4936
7.081309231216444 -3.69179333960432 4937
3.709262422423311 -8.104986635176845 4938
-0.04741965155887082 -0.3575613670619767 4939
0.9766660398386589 0.01130169208174577 4940
0.5537220064910894 -0.1169134206762361 4941
13.85613153265611 1.80699594251868 4942
4.655677884155686 4.949383150558229 4943
-8.740765932001464 -2.196352507810926 4944
-11.2940588569075 1.538354700611065 4945
0.561948073205032 0.1136689691359711 4946
-0.2289093904513217 0.1480740894708798 4947
0.1530642931272414 -0.05412647579202612 4948
1.640457003517597 0.5793148493890428 4949
2.623608025571696 1.215424420424428 4950
0.1806586549129247 0.05320371927623382 4951
8.174681125605815 2.445563023640257 4952
9.24478602008465 0.8038543777996831 4953
1.401497480225948 -0.9490652088463339 4954
0.5668262638313654 -0.08841197223574761 4955
1.38450097154441 -0.1773998341942836 4956
1.461704959082155 -0.2178515798798117 4957
0.4151614064810372 -0.3501741947164317 4958
-11.3546006391717 -6.25681860616719 4959
0.4595484865154855 -0.1015273840352095 4960
-6.321355426048104 -11.61679464792466 4961
2.177578773746276 2.153750953332912 4962
1.310379618758984 -0.7704295714287704 4963
-1.900870344580126 13.23309405742952 4964
0.7973342586021643 -0.02385949277982213 4965
0.7902138716447304 -0.03183529585215537 4966
1.130626181870215 -0.03501708661182262 4967
0.9855096300630812 -0.007752953098289264 4968
13.01829161877359 5.239695204368505 4969
1.362871676946526 9.120731950662313 4970
2.39936544125014 -0.3715957926546379 4971
-3.661496330587973 -4.352070288044637 4972
0.09559557630104518 0.04860272679828055 4973
0.1437475120881176 0.04513589770850508 4974
-1.798148153467759 1.230444591960537 4975
-8.753367267855991 -2.845703059674006 4976
0.799501880409732 -0.06178036287749549 4977
3.842332933934862 5.339438306302307 4978
3.067584059424278 -12.96290426076511 4979
-1.149384357757178 1.79898705592044 4980
0.7500201562465614 -0.126367939436226 4981
-0.007502101749315627 -0.07516074563340937 4982
-0.02917979919656542 -0.08364500956143296 4983
0.02567415360437119 -0.02445254712151095 4984
0.9623577319901814 0.04252928185143148 4985
1.019158451481194 0.02179028963586085 4986
-6.571238387012762 2.259878012668699 4987
0.4915122991146742 -0.1078701564620762 4988
0.6387280664397395 0.5881018173820558 4989
3.392544649080942 13.02049766051573 4990
1.316298276779399 0.1668827013143322 4991
0.6291353148887151 -0.1189196018377687 4992
0.5169202487664456 0.2069956745441928 4993
-0.01573718091605827 0.02162520262202241 4994
2.465369079551007 3.956449671183474 4995
0.4459786073061197 -0.05731374758233537 4996
1.180246798696136 0.7733010165751626 4997
1.096433628585639 0.4862282956315988 4998
1.125061523281795 0.1846230116134887 4999
1.528732828529778 0.03133871896493289 5000
-0.2000347782498185 0.1856322512002827 5001
-1.272595588941309 1.460467399868403 5002
3.076431757106878 5.29710038776746 5003
1.036471943819388 -0.03942143953460733 5004
3.103896068348057 -8.431947277030073 5005
6.74092068486878 -7.996363944202599 5006
0.7202993517619493 0.0377960887672972 5007
0.0750285248316041 -0.04687338849078886 5008
-0.08413402551449753 -0.02120844454702161 5009
0.413911513860199 -0.2890175994825583 5010
5.32737880302321 0.8367906004383667 5011
10.41407441110903 1.930779294385698 5012
0.8214184425324031 -0.02236754062879781 5013
0.8276359756606118 -0.02216242432774589 5014
0.5478195161981918 0.05053109865727373 5015
-0.3868836572197838 0.2154837252622027 5016
-0.4110060037643867 0.2834937084274721 5017
1.15206880011861 -0.04715803652662131 5018
-6.563007736527624 1.056824945096541 5019
1.166377424750707 -6.5695080424555 5020
0.225113415501481 -0.07814783319487291 5021
-2.633474417007497 5.329276489263684 5022
0.7793242421363407 0.1151785172311273 5023
1.143109724015514 0.382293820566004 5024
0.7720355410924281 -0.02684105193667824 5025
0.2024226437531242 0.06753265212916826 5026
-3.237893834560228 -0.7156345357144378 5027
-4.001884279642518 12.58952684368767 5028
-0.1582217047833278 -7.630217299575321 5029
0.884864410660681 0.07785761645074826 5030
0.8958587492386727 0.08847967987432269 5031
0.479122064341661 0.3008393967795378 5032
0.4026953636007374 0.04865468503688176 5033
1.46105870465549 0.9853202469723811 5034
1.672913449498313 1.018030708565069 5035
1.245908735499005 -0.1033675697243302 5036
0.2515067408324742 0.05621603441516129 5037
10.07498567001329 -6.17155592539595 5038
0.1318652510976727 0.04426507197487676 5039
-5.586084682102196 -0.2197112117178406 5040
0.07394359562097735 -0.2129955298955917 5041
-1.521415062656094 -9.505030098550032 5042
0.4714903814888247 0.2222973434095299 5043
0.770457390509264 0.0336073293720341 5044
0.410732265801737 0.05825713523669601 5045
0.9319507641258733 -0.6014563748498549 5046
-1.226629685250734 0.01963477064029082 5047
2.721003507562183 6.518191540430019 5048
2.703583718583146 6.012069790881999 5049
0.1682871073130186 -0.1466577873045006 5050
0.9474202005276565 0.01799771347051068 5051
0.7492166749256153 -1.427397962509588 5052
-0.2448186370429872 -0.1420220032826765 5053
-10.19198610998336 -5.638069244066203 5054
-0.1155387761893074 0.1671748011318078 5055
1.007965822336657 0.0131892412921405 5056
7.972042179675803 -3.088686237191085 5057
0.4826853407441298 0.0537183518276343 5058
0.7184410134509905 1.316893524081909 5059
0.1715967419602659 -0.04574525188858744 5060
1.087236573586795 -0.007875052018552464 5061
4.745937449756953 10.73343397104571 5062
0.3199609709004618 0.05078108942356427 5063
5.710613829797182 1.361393241122312 5064
1.052238905652219 3.550628969761563 5065
0.9465332499710014 2.056959661943087 5066
-1.809031159991229 0.2199301867514845 5067
-1.673815365028168 -2.980832845439578 5068
0.1421287297975862 0.5712887201018959 5069
0.9772258206657272 -0.2455363545280375 5070
0.6751533504860953 0.1072643380367007 5071
0.7326590850542553 0.06803406334488415 5072
0.4473350147598816 0.2017675262177524 5073
3.989665133762873 -2.496333466172179 5074
3.696423900082201 -2.291698927024651 5075
0.03014459881570997 -0.04693770826121172 5076
0.6625550210742708 0.06127557260977818 5077
1.505952420016347 11.19024508656861 5078
-3.070162459960529 1.631320488187604 5079
0.8436444178301622 0.2462483929192783 5080
2.739917006804659 3.440880600587426 5081
0.824794321307854 3.33932550844918 5082
-12.80724331014343 5.15351256254639 5083
-10.5637480540527 -8.958999963372744 5084
0.7701900154182744 -0.03300199610793564 5085
0.5276287214502653 -0.14233749307291 5086
0.86185155391888 -0.01892683711746953 5087
0.04476628163831973 0.1225729877230878 5088
0.2767246353218113 -0.05042077953999528 5089
1.823568326532908 0.8291158127824418 5090
8.176616232557977 10.97816290400991 5091
1.276723453283707 -0.0002526293669309042 5092
0.4771257946765908 -0.05364154437298291 5093
1.763799800814611 -0.1999412202151455 5094
-0.03454493521078658 0.02989450668930853 5095
0.263061876082462 0.1231802644429203 5096
1.018197849710423 0.08943569336150327 5097
0.1219407985601064 0.04194743154314844 5098
-1.10203733545986 2.207076219372024 5099
8.293885994125917 -6.70544717246874 5100
0.3702400166772336 -0.07552450228104933 5101
0.646524826160109 0.04467381620721624 5102
-1.115260150329318 -0.8180659714288967 5103
0.1607785429309162 -0.04834764869661072 5104
5.81832031158887 7.211880614920807 5105
-0.1784349778482714 -0.04735902885678941 5106
2.112070344942162 -9.047953245932305 5107
8.55901498444196 -1.224281080402256 5108
-0.8289373091430083 -10.41060695915154 5109
-2.955971950521628 -0.7832891821635377 5110
1.002050829206176 -0.05113922836909515 5111
1.794312868921294 0.1107305302921766 5112
-6.324087651955608 12.46896338964956 5113
1.569333007091651 -1.285065855034435 5114
0.425881578841604 -0.04830643597746377 5115
-3.021651785035332 0.09820632377841827 5116
-0.03845100189596449 -0.05895327151118457 5117
0.05249658365089007 0.1084521722916807 5118
0.1213004457901633 -0.165419482893398 5119
-0.07189895274496484 -0.04049000337382953 5120
5.206526143375618 -4.106119859900756 5121
-2.959033612775733 -0.1917823670048095 5122
0.08531303360176218 0.04928099403925139 5123
0.2771527269178523 -0.1776225220901374 5124
2.830308880157044 -12.04447450117526 5125
-7.183929491472009 -6.156259643117277 5126
0.8413463060507043 -0.1837500204634603 5127
0.7751869737491659 -0.566248797578101 5128
-11.87484103610723 -5.081208277016343 5129
0.3248913344153399 0.2698100655754326 5130
-1.431395475767979 -2.16776355951698 5131
0.01596668286479436 0.02443806513866806 5132
0.5939597481910828 -0.04693068893918873 5133
0.6996727046216986 0.06364323591289815 5134
3.05870738603828 1.176804225202644 5135
1.229119028793514 -0.3225693687815894 5136
0.502641982640852 -0.3804237357212539 5137
1.044317979593322 -0.02523053807569534 5138
0.9852645171334417 0.008643598271988384 5139
0.5673059266361862 0.04206411423375537 5140
0.1805864374486771 -0.05432413129618045 5141
0.1485992682588795 -0.04594789439274073 5142
0.1528921133020618 0.4961583012078299 5143
1.643139715204303 0.7196096465136552 5144
0.2840351806012095 -0.05102003581270194 5145
0.02718312896530576 -0.4485217916589361 5146
0.2297860820541574 -0.556104161835288 5147
0.9172305419317802 -4.577044702724877 5148
-1.61865827832072 10.07058347492215 5149
0.3454329214669989 0.05791804679908281 5150
1.180744569913108 -2.153087881764004 5151
-2.801162145506662 1.763431422549016 5152
1.020135661923514 -0.4834533852826563 5153
1.475201626123982 -0.5586412264539866 5154
0.86522263477728 0.06755090362381515 5155
0.8102837239668059 -0.2527489766171406 5156
4.991600776954061 -9.218860629924215 5157
0.9274628176030152 -0.0652846548456593 5158
0.1376550245011582 -0.04479331015869373 5159
-0.4986252984223368 0.3931445469830223 5160
0.4448015213687761 -0.2258355258910665 5161
0.0914086892090727 0.1915824097515672 5162
0.7782123427934873 -0.0515838823146606 5163
0.5513498286223568 0.2742661932680087 5164
2.314237776697752 0.8586217857162439 5165
0.6386464079612052 -0.1602707192775837 5166
0.1471989285188143 0.05166891988263991 5167
1.092795330744454 0.01927152149974663 5168
0.2981416242019617 0.05028020146094224 5169
0.2384669912379631 -0.05570539525497626 5170
2.706289872353928 -3.11105084981717 5171
-3.049380759427393 5.165226641584599 5172
2.69480527656605 -0.3784716763486 5173
0.7556629032610818 0.7486872308923551 5174
13.19800244281491 -4.4417718771631 5175
6.679271170225717 11.98877417852333 5176
0.9104455018008319 0.08383782644110074 5177
0.6898176569383084 -0.04993931174795008 5178
0.1901353015695729 -0.07998672563192481 5179
-5.573419831101256 -5.108964285940812 5180
1.358899871579955 0.09386363150184959 5181
1.312178336476908 0.1181259451805092 5182
0.3528608319872331 -0.05942060546255594 5183
0.01637348733762856 -0.01991822963163831 5184
1.00852034289471 0.0006422609096492875 5185
8.122139817630059 12.00195033373457 5186
0.3760727087511562 0.1059946653789191 5187
1.005301938467254 -0.008784835006616087 5188
1.12480508233025 1.436473677701974 5189
0.3135880067910675 0.1489465901503713 5190
0.7413943259270795 0.2117358872078073 5191
-0.266826182321863 -0.08127525343510075 5192
-2.242263194113272 1.824920440124798 5193
1.4134978950408 0.006278534704368123 5194
1.33669734976713 0.01279366167365666 5195
-0.01879628030411355 0.7751985186063256 5196
10.21083352454502 -6.921268359716276 5197
0.2242236671633072 -0.0562302654244167 5198
0.9378533041171788 2.290396105454763 5199
-11.53802859641496 7.597998854003853 5200
0.5830345291506848 -0.04035913085180914 5201
0.9000523114309322 -0.05844150041557315 5202
0.7447503218005839 0.02898175364901909 5203
8.609615448649118 5.670817346439126 5204
2.550066896725284 -1.603835185338061 5205
1.152119025780209 0.1048745634145513 5206
0.5802367483623371 -0.09666379241599232 5207
0.4884852091847195 0.04541197689170183 5208
5.556397750266678 12.67114493448621 5209
0.4659683486465718 -0.3578491494909664 5210
7.311870410117383 10.08687699325001 5211
1.706036409869814 0.03672792497032736 5212
0.7644101604341696 0.07910616186064691 5213
2.71723884204092 7.063081379521846 5214
0.5247911221871262 -0.05136498837224726 5215
0.7066163967020166 -0.03856689235693138 5216
0.9977329438229678 0.2222140571378969 5217
10.13381248679221 9.472894868360925 5218
7.412878370302786 -8.224386768728939 5219
0.1794456176402186 0.1744867877370636 5220
5.690915652000158 -13.31092717522471 5221
0.1180938928354089 -0.08214086182610786 5222
0.1234977644559136 -0.09960612273095162 5223
6.090512914513395 -1.762946176617776 5224
0.8476651202883883 -0.1043732168155801 5225
0.9432930643203107 0.0477354143481573 5226
-0.01979840432966413 -0.1156046042167809 5227
0.497932989022644 -0.0546138044943528 5228
0.9139322989783623 -0.0212182362141113 5229
-13.22441927263503 3.980548296732607 5230
-4.20931523762061 -2.128923143830291 5231
0.259428537081288 -0.2256577111040607 5232
0.8420294894825178 1.404393723065231 5233
9.59618356846193 5.981756969286998 5234
0.1138821520116119 -0.04806224351450769 5235
0.9989546622037047 -0.001951760785039342 5236
0.8896314773605586 -0.03664610804853704 5237
9.590531173969808 -1.200815123525609 5238
0.1714778451494374 0.2738790414987715 5239
0.1321407879498738 -0.04328004721055024 5240
-0.005181159567446875 -0.0009455180484247262 5241
-6.512743966105143 0.4504274493114971 5242
9.775388790845255 0.5222500365711973 5243
-4.989849287740645 -5.342329210308437 5244
12.28137320327472 0.6342675349924563 5245
-0.1056383517318372 0.2293409496954437 5246
2.888612330750433 0.1177855726396581 5247
-0.5232493587321865 -0.4695710454611294 5248
-1.268061779729188 0.1538413040964053 5249
2.45191624559463 -5.139658798151432 5250
1.023531634778437 0.002573337611255715 5251
1.020242855059766 0.01514398473156504 5252
0.2118510462179037 -0.05536657765786358 5253
-0.5916303508354761 7.233182175996285 5254
0.837033890353359 0.0616881708514152 5255
1.004970207243531 -0.004661893505402671 5256
3.976331437784987 1.622541635850717 5257
-10.65033257399203 -7.590743387453292 5258
0.6871225492472828 -0.1767808469905555 5259
11.33367936020414 -1.768379816780041 5260
10.29609958993482 5.540791294051565 5261
0.8073342113916643 0.02873226959453349 5262
1.022764546373149 0.2879347413252858 5263
-9.103596448162396 -4.710786240465298 5264
0.82835108022934 0.1344185113989347 5265
-1.610501487426787 2.322155682849826 5266
7.015175626091883 2.557444282295022 5267
0.001568091101055539 -0.008419401754406223 5268
0.9978083002100929 -0.02198100509529104 5269
0.2261109779955782 -0.1020565544848271 5270
0.6165285176317883 -0.04667690724726268 5271
0.02878971569030925 -0.1359755150997459 5272
0.2734927130297159 -0.1001715591033834 5273
0.1490842390993048 0.06568116453942432 5274
2.920517691936141 -0.3459560021666787 5275
0.9968454279012828 -0.002882436617706332 5276
0.2217553595390299 0.642502641443784 5277
1.047683544223833 -0.01447062188104463 5278
-2.840591262751941 -4.568276919498227 5279
6.541512603158012 -4.383010151699542 5280
13.08387456055612 6.86054830307684 5281
0.8258908051523535 0.02774915532555208 5282
0.8390418504862671 -0.04497457818767926 5283
0.2286916487599022 -0.2454139273945526 5284
4.296762085072273 -4.331040857199097 5285
0.1502925386888672 0.08586746117301267 5286
0.2111433697592386 0.06528121230517422 5287
0.3057081055103423 0.06773121529731282 5288
0.5944537027609014 0.2957840536895655 5289
0.9924339151015437 0.005608216371471243 5290
0.2693855673083295 0.7928070374484144 5291
0.7825082308236009 0.04488288524767024 5292
-0.01773367567598896 0.3882237054659457 5293
13.82011447798718 2.706628377814443 5294
-0.6071064226343958 -0.5661997862885239 5295
-4.024553529901965 7.601754720208076 5296
-1.256627199335281 0.9118395322758366 5297
0.00358015962679699 -14.32568223661503 5298
-0.4729353511269272 0.09876834461025708 5299
-7.01143698948292 -11.30191920033474 5300
6.609695478262372 -9.945169237341245 5301
0.8886734411269156 0.0375945341284831 5302
0.3273839763514462 -0.3103309661226877 5303
0.8884035977106092 0.01547062400602032 5304
-0.01229463005135307 -0.01428968778171214 5305
-0.03661874348233087 2.558542288553441 5306
0.7087671758139777 5.742664421971867 5307
-11.99815140468166 1.847188230540233 5308
3.943145742481735 2.223751330157732 5309
4.989815471167855 5.182062461891128 5310
0.5840686542662459 0.1744361970582894 5311
0.5721690472607457 0.6133948164998267 5312
0.4939265604918367 0.2120931737056285 5313
0.6370035808539191 -0.0641238143908815 5314
-0.1478381539689512 -1.546685730035575 5315
0.9186216774307343 -0.3296095128035265 5316
0.521484507902646 0.2881576633456561 5317
1.434818977895328 -1.762167837015 5318
0.02843324628595154 0.09538870297092197 5319
4.464951527546628 13.73902724103377 5320
1.066240575944958 -0.07809779139555055 5321
-5.979010171546581 -2.570977068847308 5322
0.1943404607159358 0.146688202831072 5323
-2.983852181543671 -1.294206754164321 5324
13.62116398940067 -5.94512203692978 5325
-5.937319686170292 -0.00498156052094953 5326
-6.367460898284627 -0.01404646228853077 5327
0.7163926653826405 -0.04709083773996432 5328
3.776722663336293 -0.0896835197117441 5329
-0.5341163644735496 2.974015104149104 5330
0.2800406357336314 0.05726951859289591 5331
5.787741076254878 -9.549290068666807 5332
0.4378252136825688 0.05535760347159455 5333
0.7084368318989436 0.06771393651035108 5334
0.8359233713072415 0.02630391719660858 5335
1.033639665695745 0.005737982306085323 5336
0.6949307316130424 0.0318445010803978 5337
0.6301423907775114 0.4594702587043676 5338
1.096646509951582 0.0329244159289243 5339
-8.417832382109872 -4.978802827200135 5340
-1.177748578236518 -0.1150660142215076 5341
1.664248590975522 0.4689420349445217 5342
12.21607178517404 8.395618343691387 5343
0.8862377237178261 0.02071992901257957 5344
0.7478784632135134 -0.0544164243660636 5345
1.203996392075859 -0.1910728215791602 5346
8.004795265390019 -11.38058210840203 5347
1.547044020755389 11.89139246637746 5348
0.2658824783748295 -0.05655408581399488 5349
0.0573828306208311 -0.1842067396863944 5350
2.256359415674636 0.433400417612508 5351
0.3607459202565975 -0.05718607841616691 5352
0.9822364841607065 1.342853231462816 5353
0.2314543022412672 0.05488512204813373 5354
0.9301436940230733 -0.1340712762903253 5355
5.554131846636825 5.656422968534883 5356
3.113105061897003 0.949325761061407 5357
6.738116374417052 0.2660243609425987 5358
-0.02576663233052714 -2.592535108429517 5359
0.1538027895884583 0.05025682610174274 5360
0.8759584151442972 0.02120206913209512 5361
0.1153252728384558 -0.06719504829660779 5362
-0.05931965712164123 -0.07964026862465257 5363
0.9009853862611268 0.03541317645213074 5364
0.6699104798791063 -0.04153755347661204 5365
2.078832095566676 0.1149691455661208 5366
0.3687611508392119 -0.05584355682158348 5367
4.223969149458152 1.759378284824423 5368
3.193948981838474 -2.141473514463583 5369
-1.292989763613503 -0.5456480128160093 5370
0.7780150235710501 -0.0253342098347994 5371
-0.02379868035575066 -0.04727754018084551 5372
0.169848241152619 -0.05198772605001048 5373
0.8465413698915997 0.02534717756127757 5374
1.018720501862726 -0.01872892899556046 5375
-0.03573306178684248 -0.4210577925158532 5376
0.5789541162095069 0.04775991136174644 5377
8.380539125856382 -7.424086077931811 5378
-0.4810317382436316 0.2247627881786183 5379
0.4181970208191097 0.04796866081027693 5380
10.86418844383766 -7.25220095280706 5381
0.2273583008342059 -0.1147490392149134 5382
0.8673260126913741 0.3254118039415066 5383
-3.862559141476019 4.708554853083793 5384
-0.6665903389228343 0.952390853170727 5385
0.6019353934356581 -1.582871407721049 5386
0.594712936653783 0.05748447595070234 5387
0.01101556741315628 -0.03779905500016389 5388
1.106277495283713 -8.012489170074836 5389
0.5318906348679407 0.07359026000312975 5390
1.139758951609895 0.1536508360494572 5391
0.7483333347262825 0.1173577238890579 5392
10.99720057087785 5.089061703172812 5393
1.869172441100497 9.378673851209804 5394
0.01248656391512934 0.02128025613947604 5395
4.762947731964243 11.49359141849728 5396
0.817605885682632 -0.02864353281032445 5397
9.459786449349579 -11.11787489832227 5398
0.9125318452769978 -0.06213040492398291 5399
-0.2925194676199771 3.141361522754872 5400
0.0716877871808564 4.657587396713523 5401
0.3237094138572613 0.3209275609121031 5402
-2.422202716576197 -6.558668686289232 5403
-1.137353061175422 -0.3800761255290153 5404
8.689044690076184 -10.85003517164178 5405
0.9957761748508205 -0.004037758898431293 5406
0.9960465643361023 -0.005985295497903614 5407
0.1174728947527981 0.09316547648062969 5408
0.06325225018672048 0.1184101300741174 5409
0.008753123584992977 0.04460195710742906 5410
0.6275868229997257 0.04592138702177222 5411
-2.461306135844278 0.08560729045108419 5412
-0.001807355284109192 0.01467773047651606 5413
-6.212982728782374 -4.842331550115875 5414
1.669104438930766 0.2803971844297394 5415
0.7397424652166656 -0.03679688913304933 5416
0.05276137777365794 0.03912225033722508 5417
0.6534037637431713 0.07955039863083763 5418
0.4374250323537573 -0.05583644808854419 5419
0.3037507963912258 0.1346689751308887 5420
0.6659928571542176 0.03414687383312838 5421
0.6594919051464928 0.04378688410559635 5422
-4.811236995814376 -6.093079136950843 5423
-1.403655120947986 0.1947140862604086 5424
1.016457475011688 -0.07393383807828643 5425
0.9253439507682377 0.040873338161616 5426
1.165713657545407 0.2128253168485837 5427
0.3581139268537833 0.09376129144759968 5428
0.4507954212792022 0.05579423215117438 5429
1.392016802596049 -0.5937979621149417 5430
-0.07349514249533046 -0.001013623812446399 5431
0.3678817780146884 0.05656052033936491 5432
0.1344348001608701 0.2299326062425143 5433
6.389191860123835 -1.532130877761013 5434
-0.3873200355556802 1.190403671693298 5435
0.447053058303099 -0.1121772584818959 5436
2.850727656121968 -14.23814740201762 5437
0.272512166030987 0.08343763873872838 5438
0.07498264827271664 0.1284784715840928 5439
0.9987054514913447 0.0007232041781864483 5440
2.168678550278107 0.9412088657888864 5441
0.02426982873061721 0.1277987921331366 5442
-0.5663702195714007 -0.3678095590096946 5443
0.4167280880017454 -0.06895674455773818 5444
-0.5099160233052209 1.057216742906121 5445
0.1055019655139824 0.09686080865001293 5446
0.2883726972477714 -0.05800149414372479 5447
0.6640754469590325 -0.1689363494441019 5448
0.3751524159863098 0.05614401985802124 5449
0.1784727582864878 0.2450402364396946 5450
0.4013098851710996 0.1360874774778195 5451
4.940054296429381 -1.299663396991044 5452
0.5910212017787355 0.09720867954104724 5453
0.9712217708796893 0.04928763650746757 5454
2.491030586451605 -0.3095635651773667 5455
0.05486304404738888 0.7561835878780722 5456
0.8387060002708643 -0.6195411123927126 5457
10.51044446267609 -0.9466767872187349 5458
1.159714141087278 -0.7713419588215398 5459
1.723347873089786 0.2304211578316524 5460
4.183168486787083 2.239400534822231 5461
-0.04259245769137446 0.1060249625356235 5462
-6.564577355650924 -3.326866780962105 5463
-5.658118685449187 2.661483357283506 5464
1.23708042778916 0.9511800297011495 5465
0.4656293417590027 0.2778189085981278 5466
0.9540791848473704 -0.02452377706276317 5467
1.220503019612268 0.5479795534181593 5468
0.3801824861502853 -0.1192110120124641 5469
1.097830181559447 -0.009228929096202754 5470
1.105754329991562 1.578345134558868 5471
0.6619164246389283 0.07391851589697465 5472
-0.2292464313579344 -0.2920011125369217 5473
-1.323022355815955 1.689313243717598 5474
-7.226587434697042 10.27392720907069 5475
3.76577691049469 -13.06645072612624 5476
0.9957067211655188 -0.001677527155483228 5477
0.7872646440577282 -0.05674630321770852 5478
0.8539872704647149 -0.02320666886391608 5479
0.6886250160077773 0.04073679212875354 5480
0.4486330575875653 0.5793130261966987 5481
0.4294643361568542 0.5068378147338426 5482
-0.01589676045430538 -4.243800515116781 5483
0.8098194290375798 -0.02226338305883078 5484
1.935380582502277 0.9133826223298614 5485
0.6548736137923602 -0.04138843563300677 5486
-0.5171475678861082 -1.454419649224234 5487
1.191267755176222 -7.165014534972454 5488
1.14814506617911 -0.06641268585538189 5489
0.8656681307838039 0.0222935839488283 5490
0.4166581476777322 -0.2402452667528979 5491
0.5576416446167549 -0.05807050535168876 5492
-9.194616829636949 1.752585318741593 5493
1.009625962072256 -0.003525531746376353 5494
0.8882256500336838 0.5182560182487536 5495
0.9765863172614522 -0.009907145125259802 5496
0.8775103415118661 0.108128153072806 5497
-0.05012350407122297 -0.03999084490041405 5498
0.4902410839944492 1.643808361017191 5499
-0.006693389714184388 0.003745982112262239 5500
0.9892563775531402 0.007655287773590118 5501
8.866814751200662 -3.230714619100576 5502
1.343269359578601 1.038184347527686 5503
0.7181052060507418 0.2716105190687088 5504
0.6478852138297553 -0.04259707347222901 5505
1.79018346775128 0.2015466253191923 5506
0.4638333967101974 -7.860679727606787 5507
0.06633682491108882 0.1974946731434714 5508
1.154487688771903 -0.1380914811217041 5509
1.186297337086276 -0.006803538964586971 5510
-12.23262170749372 -0.9646814279835851 5511
0.2181452189991888 -0.05421472673764176 5512
-0.9768288147409327 0.7230859094757375 5513
2.889131815252321 -3.717688880773509 5514
-10.73176735372748 -6.101175294769528 5515
0.7571490830365694 0.846918039143324 5516
0.9875626993812527 -0.02256576779350354 5517
1.547434500405291 0.2711982983229108 5518
0.07285251744225354 0.03616703213721056 5519
-0.3146120321135744 -0.6960773829858184 5520
1.011958713953686 -0.6450637069138094 5521
13.63518533479459 -3.279868352531155 5522
1.033101313996121 0.1273726253074165 5523
5.693122743464731 13.36477197022325 5524
0.4696078623996773 -0.0548702436558948 5525
0.2629472033400111 -0.2612891751644226 5526
0.1266842055474728 0.04837320615980896 5527
1.811146653971103 -0.3288781591863641 5528
10.25187614754274 0.7872478110667946 5529
0.005176614656737239 0.02107816440104473 5530
1.744207443568326 0.7531249495304198 5531
1.112733460933129 0.07311586088401109 5532
0.4959186401786115 0.04447102961744702 5533
0.5994976717616974 -0.2166308776048937 5534
1.553400374481106 -4.775634581513726 5535
-3.690620396354095 2.731979015599514 5536
0.998797603713639 -0.0006822886700920085 5537
0.9979330855494343 -0.001946995968430467 5538
0.9992859702200084 -0.001283871319227389 5539
0.9998803206067307 -0.001019537522103384 5540
1.000128989532167 -0.0004657478421174399 5541
2.462308507073413 -1.218329789931017 5542
4.484790286623001 2.885221258364504 5543
-0.0007444462737537724 0.002815181545782463 5544
0.9728532422401399 -0.01111840433939792 5545
8.73389571285697 2.797361970004982 5546
1.588593047899568 0.5102806678481697 5547
1.135681439297598 2.44025779413415 5548
9.934055030369723 -9.750837477234898 5549
2.116034256820392 1.473304486551363 5550
0.5381021446285267 -0.1271030621949403 5551
0.5153672883084899 -0.06325654071702003 5552
1.650432543349141 -1.436347943058461 5553
0.396810583365956 -0.1906792557009047 5554
1.546082174913313 12.67575537361001 5555
6.438854599996981 7.51694784845458 5556
3.069687510064423 2.938613373032531 5557
0.7940218815435023 0.05680222771828777 5558
0.5037255897628575 0.6250848270313023 5559
0.3023339578053293 -0.05738901060599763 5560
0.9465460671363776 -0.01593905507253807 5561
11.61190811050544 4.693369199712904 5562
0.1664541918394024 0.05175135116341357 5563
2.874162980689999 14.20295670529597 5564
0.4085067253874194 -0.6439912562585619 5565
-1.657331447335553 -2.375012679319511 5566
0.5403061810563285 0.04940781691856286 5567
0.9808879870602292 0.03609917367882899 5568
0.3212337555672231 0.2074114512208287 5569
0.1265732831032076 0.1011621457616429 5570
0.6097343068315046 -0.0460032194861974 5571
-2.019512519118724 0.3153279095294328 5572
-13.70641339593757 -2.313437481220706 5573
2.08763904772881 0.1961247192692556 5574
0.8589642549162027 0.1953399195323992 5575
-4.506114030117559 4.380365462078855 5576
0.2967560371933863 0.1526436584829983 5577
3.268333301597218 -3.952347253093075 5578
0.9662440707806126 3.811492528039482 5579
-0.1670166930843421 -0.3855989474978384 5580
-0.04058562850628024 -0.0262858628233094 5581
-0.7445249872275039 0.3254320993653718 5582
0.3366579737827597 -0.05810640707325392 5583
0.3255757817704364 -0.06761124012241833 5584
0.6921007817022299 -0.07914628372921596 5585
-1.249856428406632 13.55086938617463 5586
-0.08838762432458287 -0.1789214980887197 5587
-9.800920781528623 7.636474442442532 5588
0.1887014183208172 -0.05264690213991986 5589
0.1565131854075545 -0.7363803374228816 5590
1.047190060022986 -0.005177096278691624 5591
4.515641648620591 -1.176436990262431 5592
-4.009135538354347 8.211991953583466 5593
-0.009319007660044662 -0.002940504719500215 5594
2.418630181868173 -0.6716487508533919 5595
1.41982930526648 -0.03637705916053437 5596
0.2017522862453478 0.05278895383864805 5597
2.288515438347479 -0.9791065364836584 5598
0.8493955105614867 -0.02383758294866094 5599
12.41484966776479 -1.435546450497907 5600
0.4474871645679231 2.912649208563661 5601
0.109363792002355 0.8029298661861672 5602
0.7780800441373029 0.02469263668829266 5603
0.6425024309514212 -0.539612159775903 5604
0.05404094998528135 -0.07806163939224547 5605
0.1518499349143261 -0.2707286674199789 5606
-0.1741000463115978 0.2151268752508106 5607
12.91749386578235 0.9792494917226254 5608
0.1047644260747307 -0.06051366715175686 5609
0.06838854516927079 -0.04435375666765615 5610
-2.707643187059693 3.233208999021245 5611
0.01957660265646646 0.04032521172282826 5612
0.4621489192099718 -0.05401122876221887 5613
-11.74768109590024 5.682200085733083 5614
0.2147379063915273 0.3686767842240503 5615
-0.03963181931328476 0.04193715758787733 5616
0.2771193141848395 -0.06266694348003411 5617
0.9980997412987903 0.01267067817222209 5618
-7.775322344027456 -5.241268008145171 5619
0.641126497940093 0.04354162251987192 5620
-3.688951054198452 13.83433356681058 5621
-0.01497305653528699 -0.002856476255023716 5622
-0.0007144593717822057 -0.002918864933885965 5623
-0.002634735072894965 -0.00246617107982673 5624
-2.392235945505042 3.417991941557631 5625
0.4669277898969865 1.788634352626441 5626
0.4299678468382268 0.055293892060326 5627
-1.023287380532395 7.450060916039977 5628
0.2203788701245853 5.276026589160413 5629
0.3879365715863304 -2.472245397957451 5630
0.4111377582476427 0.1126198262569691 5631
2.770610996583166 1.297347214571036 5632
4.180520433291638 0.6179221410149665 5633
-0.5559038499914752 -0.111433332473768 5634
-2.62250311713861 1.950472754526547 5635
0.04835283757005635 0.05588543272088314 5636
4.294354770191014 -2.682013874136751 5637
5.43743196799255 11.92625591433705 5638
-0.002517343273133052 0.01057943023936095 5639
1.059378171137661 0.01172068382404674 5640
1.318659921607433 0.2147568830655786 5641
0.3239142873425275 0.05633726304393523 5642
5.74703205755644 3.241685417202273 5643
0.04470618990011424 -0.0366060761335134 5644
1.725537565103408 -0.6248560817249623 5645
-0.02375350305595248 -0.001179065060536785 5646
6.666368723225943 -10.76175126520536 5647
10.79718620540315 8.98824121349209 5648
0.02469829408544556 0.0376714618234073 5649
0.929340446349735 -0.0200337736544678 5650
0.9313376724618798 -0.02687911875461714 5651
-0.6648626472633063 -0.3515559009597037 5652
0.7412381033384283 0.07415765798482742 5653
3.388453550657481 -0.9119406272840662 5654
4.354257155843485 -5.354793137235061 5655
0.8967885985134185 -0.03601674404502687 5656
-0.1315699168855362 0.2040297753184727 5657
0.360787718234052 0.05606221352955283 5658
-0.3758427375036634 -3.070425990894328 5659
3.046330420894652 0.3572137776636014 5660
1.51960306963275 13.48602299556415 5661
-1.257415315692043 -0.9029077053480378 5662
3.458430566049245 5.475234917782669 5663
0.01336697198715433 -0.04633183743498902 5664
-4.096350455264269 -6.246743167863219 5665
-0.02724739224304011 0.021991598598971 5666
0.3246590633794838 0.1632832427355964 5667
-0.09813213295822169 0.4352949322396762 5668
-0.5748693733763747 -0.6826924701399659 5669
-0.2748336790060498 -0.02540041473164213 5670
0.143205639506376 0.09127532181029754 5671
0.8007118570725418 -0.0362119096666866 5672
0.9095859294992357 0.03945386113894179 5673
0.7881034230661425 0.02978663373922778 5674
0.1877842816709848 0.05254456555401349 5675
0.4360885528651436 0.06175246469155375 5676
-0.05917374436475067 3.305254573825617 5677
0.2169770039613523 0.07073874210368226 5678
0.3226941520326183 13.56042507643798 5679
0.3846769125742718 0.1169635247096411 5680
0.353356405609635 0.08516496628767981 5681
-5.172892106818325 13.16663974536606 5682
0.6587769966473744 0.05314978000295197 5683
0.3720096650615569 0.3180502693611416 5684
0.5264496854785277 0.05247708075029261 5685
0.6113380570096441 0.04558276439613319 5686
0.5999027637315403 1.353684993003948 5687
0.1856480559756249 -0.08997347311858636 5688
0.2753238579019175 -0.1127967487994127 5689
-0.2670348001762926 1.286198742765349 5690
-0.7936858210497247 0.8374989021408412 5691
0.3752293592846451 -0.05647317164233226 5692
0.6999823570623709 -0.0392931538385167 5693
0.6407495016230295 -0.04243193969136626 5694
0.7425463206411983 0.03476358715545329 5695
-13.0315472664906 -1.708982235959683 5696
-6.521233855684506 -3.972008296873463 5697
0.5037800905303755 -0.0660833762647683 5698
0.5942000733917014 -0.05408112985395662 5699
-7.661155889501568 -5.840825025965225 5700
-0.02665603913441427 0.06235898757553211 5701
0.1793183835800704 0.1019359976163447 5702
-0.4300473249808152 1.64265824021562 5703
-0.3056891825969433 0.5812513504027119 5704
0.8098773388142914 0.06494092213331602 5705
7.062889504861499 -1.707349388601858 5706
0.5723394322474528 0.04794660648401122 5707
0.03243774064384255 0.03100739963076306 5708
0.05909456760590197 -0.05706914268122398 5709
-3.270063158189433 1.14349835998767 5710
0.2538042170979686 0.2381277206555608 5711
-0.7186274596336034 -0.1122409865274574 5712
0.1568819467737656 -0.06672158683074413 5713
1.575168821411391 0.005729046866968978 5714
7.024112796152542 -12.74031980839979 5715
-3.096052611393423 0.3583714406462927 5716
0.9974945367491628 -0.001073701578795026 5717
-0.6606201928731635 -1.586144718690972 5718
0.7551134604778527 0.03296980962698737 5719
0.9267109509002197 0.01196611070176494 5720
-3.508899812226471 -6.611121289672383 5721
7.281031823858754 2.287744760853739 5722
-0.04981682462272299 0.6490213367351653 5723
0.8555927440467812 0.02409185308130907 5724
-4.477953442691042 -1.942067597329333 5725
-2.369655276201733 -0.6533051474585857 5726
2.843822178841018 -4.905731328605929 5727
2.922183005246906 -0.5159855697368845 5728
-1.930767547886417 -2.772361489243027 5729
0.8643634641925289 -0.0236490765657732 5730
0.3348231408546381 -0.110265552944551 5731
0.6356307743857935 -0.07462021264542951 5732
-0.04235422386323967 -0.137141754300721 5733
0.3483086021318249 2.509725638586828 5734
6.018127556485703 12.21267425230205 5735
-7.24198992428828 5.976947032750991 5736
0.002069726226756651 -0.03569522652700081 5737
0.9976052597576601 0.006033979238955432 5738
-0.0827087310313369 0.25375896735809 5739
0.9148471076644253 0.0186310555479806 5740
0.5706356906076897 -0.04762893575314998 5741
0.9638221811127116 -0.04822823538592196 5742
0.9931624143008815 -0.02752574721983221 5743
0.7550869926035533 0.9508409582257237 5744
-8.502416250669846 10.30271479519187 5745
0.1044327480387334 0.04724988034095094 5746
0.6361346656601575 3.12104089522444 5747
0.6575913890305265 0.1361481805835855 5748
0.3917792440536891 -0.05679359798847203 5749
-1.676571478348335 -6.875242155793593 5750
-3.242441269064945 -1.400657718193282 5751
0.1933808350832631 0.0705147754848323 5752
0.4634256282007329 0.05441981367624442 5753
0.6063393271737151 0.2510157284585483 5754
3.150302841303464 7.239563028538861 5755
-8.801636550599582 -9.814793021477191 5756
0.9412761385611892 -0.01728031372326336 5757
13.66291920258777 5.702125255344775 5758
-0.0617035018048516 0.1116181710611039 5759
0.2126110593887172 0.1065202674213727 5760
-6.552977428470848 10.67798220378785 5761
0.6923000178851332 -0.03964042471044956 5762
0.2734200222211096 -0.056596945436043 5763
0.8833991705640043 0.0262872204907352 5764
0.7088338685822122 6.202435691397987 5765
-0.087325686854096 -0.06581275297957984 5766
0.8427467081662807 0.03295967102137125 5767
1.101927001255577 0.01117711150298982 5768
-0.008269804699655575 0.02546126930432555 5769
0.929554994349129 0.4322412437142955 5770
3.959632299675129 -0.2048910313592868 5771
0.9799176528408685 0.04345386305463431 5772
1.29205836965884 0.08940409896492876 5773
0.5084897060751649 -0.05165504928987298 5774
-0.008349157964226837 0.01025390993329504 5775
0.8265740742842719 0.1548228743137686 5776
1.2825481486699 -0.358842224062902 5777
0.663153440226273 -1.798060274996191 5778
1.32415394202019 2.569897615258491 5779
0.7153984963896985 0.06255751002587871 5780
0.302118200493852 0.07687977331039746 5781
-5.923382668275295 11.04934750439934 5782
0.6148897226983693 -0.1328769467212666 5783
-0.3597211093042886 0.3199748322990875 5784
0.9236458468280639 0.09319096491571502 5785
0.6699949460744219 0.07892038982614456 5786
13.76301993372793 3.553815490565921 5787
5.723497040122333 2.884387441919698 5788
0.1915514813129519 0.5948237856174107 5789
0.3318484366167592 0.06518059436571312 5790
2.040431203042536 0.9744444119211324 5791
0.8383741977428046 0.08778403226487265 5792
0.796973073290735 0.1266928442759228 5793
-2.614708557659339 9.812712496822943 5794
0.9583358704080558 -0.02994174261612995 5795
1.186835443383186 -0.02394945938286349 5796
1.705106625125698 -0.4130802571088722 5797
-3.083261884521924 -4.856209998368873 5798
0.0002922945868343305 -0.9361884854911404 5799
-6.553921173811011 2.670892051964723 5800
-1.101521466300209 -0.6651396067680988 5801
1.875904475315387 1.597940471940585 5802
7.021212331762507 -4.235387125759148 5803
0.7974758714811094 0.03008367245832515 5804
-0.2497539998465548 0.6319616335456721 5805
0.9525792782768703 0.04327558437225448 5806
-10.23331475443349 1.975826700545369 5807
0.2262587588857005 0.08269909521072588 5808
2.970156964873432 3.322269903591441 5809
-0.1040910373618273 0.557760107130813 5810
0.03106411546831153 0.0410278932226623 5811
11.12327654130851 -1.257413977922796 5812
2.087568859930348 0.2854358242484673 5813
0.002958225893033923 -0.01418999713865994 5814
1.709908333635773 -1.284024551957743 5815
NMARK= 2
MARKER_TAG= airfoils
MARKER_ELEMS= 315
3 4 5 
3 5 6 
3 6 7 
3 7 8 
3 8 9 
3 9 10 
3 10 11 
3 11 12 
3 12 13 
3 13 14 
3 14 15 
3 15 16 
3 16 17 
3 17 18 
3 18 19 
3 19 20 
3 20 21 
3 21 22 
3 22 23 
3 23 24 
3 24 25 
3 25 26 
3 26 297 
3 297 27 
3 27 298 
3 298 28 
3 28 299 
3 299 29 
3 29 300 
3 300 30 
3 30 301 
3 301 31 
3 31 302 
3 302 32 
3 32 303 
3 303 33 
3 33 304 
3 304 34 
3 34 305 
3 305 35 
3 35 306 
3 306 36 
3 36 307 
3 307 37 
3 37 308 
3 308 38 
3 38 309 
3 309 39 
3 39 310 
3 310 40 
3 40 311 
3 311 41 
3 41 312 
3 312 42 
3 42 313 
3 313 43 
3 43 314 
3 314 44 
3 44 315 
3 315 45 
3 45 316 
3 316 46 
3 46 317 
3 317 47 
3 47 318 
3 318 48 
3 48 319 
3 319 49 
3 49 320 
3 320 50 
3 50 321 
3 321 51 
3 51 322 
3 322 52 
3 52 323 
3 323 53 
3 53 324 
3 324 54 
3 54 325 
3 325 55 
3 55 326 
3 326 56 
3 56 327 
3 327 57 
3 57 328 
3 328 58 
3 58 329 
3 329 59 
3 59 330 
3 330 60 
3 60 331 
3 331 61 
3 61 332 
3 332 62 
3 62 333 
3 333 63 
3 63 334 
3 334 64 
3 64 335 
3 335 65 
3 65 336 
3 336 66 
3 66 337 
3 337 67 
3 67 338 
3 338 68 
3 68 339 
3 339 69 
3 69 340 
3 340 70 
3 70 341 
3 341 71 
3 71 342 
3 342 72 
3 72 343 
3 343 73 
3 73 344 
3 344 74 
3 74 345 
3 345 75 
3 75 346 
3 346 76 
3 76 347 
3 347 77 
3 77 348 
3 348 78 
3 78 349 
3 349 79 
3 79 350 
3 350 80 
3 80 351 
3 351 81 
3 81 352 
3 352 82 
3 82 83 
3 83 84 
3 84 85 
3 85 86 
3 86 87 
3 87 88 
3 88 89 
3 89 90 
3 90 91 
3 91 92 
3 92 93 
3 93 94 
3 94 95 
3 95 96 
3 96 97 
3 97 98 
3 98 99 
3 99 100 
3 100 101 
3 101 102 
3 102 103 
3 103 353 
3 353 104 
3 104 105 
3 105 354 
3 354 106 
3 106 107 
3 107 108 
3 108 109 
3 109 110 
3 110 111 
3 111 112 
3 112 113 
3 113 114 
3 114 115 
3 115 116 
3 116 117 
3 117 118 
3 118 119 
3 119 120 
3 120 121 
3 121 122 
3 122 123 
3 123 124 
3 124 125 
3 125 126 
3 126 127 
3 127 355 
3 355 128 
3 128 356 
3 356 129 
3 129 357 
3 357 130 
3 130 358 
3 358 131 
3 131 359 
3 359 132 
3 132 360 
3 360 133 
3 133 361 
3 361 134 
3 134 362 
3 362 135 
3 135 363 
3 363 136 
3 136 364 
3 364 137 
3 137 365 
3 365 138 
3 138 366 
3 366 139 
3 139 367 
3 367 140 
3 140 368 
3 368 141 
3 141 369 
3 369 142 
3 142 370 
3 370 143 
3 143 371 
3 371 144 
3 144 372 
3 372 145 
3 145 373 
3 373 146 
3 146 374 
3 374 147 
3 147 375 
3 375 148 
3 148 376 
3 376 149 
3 149 377 
3 377 150 
3 150 378 
3 378 151 
3 151 379 
3 379 152 
3 152 380 
3 380 153 
3 153 381 
3 381 154 
3 154 382 
3 382 155 
3 155 383 
3 383 156 
3 156 384 
3 384 157 
3 157 385 
3 385 158 
3 158 386 
3 386 159 
3 159 387 
3 387 160 
3 160 388 
3 388 161 
3 161 389 
3 389 162 
3 162 390 
3 390 163 
3 163 391 
3 391 164 
3 164 392 
3 392 165 
3 165 393 
3 393 166 
3 166 394 
3 394 167 
3 167 395 
3 395 168 
3 168 396 
3 396 169 
3 169 397 
3 397 170 
3 170 398 
3 398 171 
3 171 399 
3 399 172 
3 172 400 
3 400 173 
3 173 401 
3 401 174 
3 174 402 
3 402 175 
3 175 403 
3 403 176 
3 176 404 
3 404 177 
3 177 405 
3 405 178 
3 178 406 
3 406 179 
3 179 407 
3 407 180 
3 180 408 
3 408 181 
3 181 409 
3 409 182 
3 182 410 
3 410 183 
3 183 184 
3 184 185 
3 185 186 
3 186 187 
3 187 188 
3 188 189 
3 189 190 
3 190 191 
3 191 192 
3 192 193 
3 193 194 
3 194 195 
3 195 196 
3 196 197 
3 197 198 
3 198 199 
3 199 200 
3 200 201 
3 201 202 
3 202 203 
3 203 204 
3 204 4 
MARKER_TAG= farfield
MARKER_ELEMS= 96
3 3 205 
3 205 206 
3 206 207 
3 207 208 
3 208 209 
3 209 210 
3 210 211 
3 211 212 
3 212 213 
3 213 214 
3 214 215 
3 215 216 
3 216 217 
3 217 218 
3 218 219 
3 219 220 
3 220 221 
3 221 222 
3 222 223 
3 223 224 
3 224 225 
3 225 226 
3 226 227 
3 227 0 
3 0 228 
3 228 229 
3 229 230 
3 230 231 
3 231 232 
3 232 233 
3 233 234 
3 234 235 
3 235 236 
3 236 237 
3 237 238 
3 238 239 
3 239 240 
3 240 241 
3 241 242 
3 242 243 
3 243 244 
3 244 245 
3 245 246 
3 246 247 
3 247 248 
3 248 249 
3 249 250 
3 250 2 
3 2 251 
3 251 252 
3 252 253 
3 253 254 
3 254 255 
3 255 256 
3 256 257 
3 257 258 
3 258 259 
3 259 260 
3 260 261 
3 261 262 
3 262 263 
3 263 264 
3 264 265 
3 265 266 
3 266 267 
3 267 268 
3 268 269 
3 269 270 
3 270 271 
3 271 272 
3 272 273 
3 273 1 
3 1 274 
3 274 275 
3 275 276 
3 276 277 
3 277 278 
3 278 279 
3 279 280 
3 280 281 
3 281 282 
3 282 283 
3 283 284 
3 284 285 
3 285 286 
3 286 287 
3 287 288 
3 288 289 
3 289 290 
3 290 291 
3 291 292 
3 292 293 
3 293 294 
3 294 295 
3 295 296 
3 296 3 
