$MeshFormat
4.1 0 8
$EndMeshFormat
$PhysicalNames
3
1 1 "airfoils"
1 2 "farfield"
2 3 "fluid"
$EndPhysicalNames
$Entities
206 205 1 0
1 0.5 0 0 0 
2 0.5 15 0 0 
3 0.5 -15 0 0 
4 -14.5 0 0 0 
5 15.5 0 0 0 
6 1 0 0 0 
7 0.99975328 2.619e-05 0 0 
8 0.99901336 0.0001047 0 0 
9 0.99778098 0.00023529 0 0 
10 0.99605735 0.00041761 0 0 
11 0.99384417 0.00065115 0 0 
12 0.9911436300000001 0.00093527 0 0 
13 0.98795838 0.00126918 0 0 
14 0.9842915800000001 0.00165198 0 0 
15 0.98014684 0.00208263 0 0 
16 0.97552826 0.00255998 0 0 
17 0.97044038 0.00308279 0 0 
18 0.96488824 0.00364967 0 0 
19 0.95887731 0.00425919 0 0 
20 0.95241353 0.00490979 0 0 
21 0.94550326 0.00559985 0 0 
22 0.9381533399999999 0.0063277 0 0 
23 0.93037101 0.00709156 0 0 
24 0.92216396 0.00788964 0 0 
25 0.91354029 0.00872008 0 0 
26 0.9045085 0.009580979999999999 0 0 
27 0.89507751 0.01047041 0 0 
28 0.88525662 0.01138641 0 0 
29 0.87505553 0.01232699 0 0 
30 0.86448431 0.01329014 0 0 
31 0.85355339 0.01427385 0 0 
32 0.84227355 0.01527606 0 0 
33 0.83065593 0.01629472 0 0 
34 0.8187119899999999 0.01732776 0 0 
35 0.80645353 0.0183731 0 0 
36 0.79389263 0.01942865 0 0 
37 0.78104169 0.02049228 0 0 
38 0.7679134 0.02156187 0 0 
39 0.75452071 0.02263527 0 0 
40 0.74087684 0.02371031 0 0 
41 0.72699525 0.02478478 0 0 
42 0.71288965 0.02585646 0 0 
43 0.69857395 0.02692309 0 0 
44 0.68406228 0.02798238 0 0 
45 0.66936896 0.02903198 0 0 
46 0.6545085 0.03006954 0 0 
47 0.63949555 0.03109265 0 0 
48 0.62434494 0.03209884 0 0 
49 0.60907162 0.03308563 0 0 
50 0.59369066 0.03405048 0 0 
51 0.57821723 0.03499083 0 0 
52 0.56266662 0.03590406 0 0 
53 0.54705416 0.03678753 0 0 
54 0.53139526 0.03763859 0 0 
55 0.51570538 0.03845454 0 0 
56 0.5 0.03923269 0 0 
57 0.48429462 0.03997034 0 0 
58 0.46860474 0.04066481 0 0 
59 0.45294584 0.04131341 0 0 
60 0.43733338 0.04191351 0 0 
61 0.42178277 0.0424625 0 0 
62 0.40630934 0.04295784 0 0 
63 0.39092838 0.04339705 0 0 
64 0.37565506 0.04377774 0 0 
65 0.36050445 0.04409764 0 0 
66 0.3454915 0.04435455 0 0 
67 0.33063104 0.04454643 0 0 
68 0.31593772 0.04467139 0 0 
69 0.30142605 0.04472768 0 0 
70 0.28711035 0.04471371 0 0 
71 0.27300475 0.04462811 0 0 
72 0.25912316 0.04446966 0 0 
73 0.24547929 0.04423738 0 0 
74 0.2320866 0.04393049 0 0 
75 0.21895831 0.04354842 0 0 
76 0.20610737 0.04309083 0 0 
77 0.19354647 0.0425576 0 0 
78 0.18128801 0.04194885 0 0 
79 0.16934407 0.04126493 0 0 
80 0.15772645 0.0405064 0 0 
81 0.14644661 0.03967403 0 0 
82 0.13551569 0.03876883 0 0 
83 0.12494447 0.037792 0 0 
84 0.11474338 0.03674492 0 0 
85 0.10492249 0.03562917 0 0 
86 0.09549150000000001 0.03444646 0 0 
87 0.08645971 0.03319868 0 0 
88 0.07783604 0.03188783 0 0 
89 0.06962899 0.03051603 0 0 
90 0.06184666 0.02908547 0 0 
91 0.05449674 0.02759841 0 0 
92 0.04758647 0.02605717 0 0 
93 0.04112269 0.02446408 0 0 
94 0.03511176 0.02282147 0 0 
95 0.02955962 0.02113164 0 0 
96 0.02447174 0.01939686 0 0 
97 0.01985316 0.01761931 0 0 
98 0.01570842 0.01580109 0 0 
99 0.01204162 0.01394419 0 0 
100 0.008856370000000001 0.01205049 0 0 
101 0.00615583 0.01012171 0 0 
102 0.00394265 0.008159400000000001 0 0 
103 0.00221902 0.00616496 0 0 
104 0.00098664 0.00413961 0 0 
105 0.00024672 0.00208434 0 0 
106 0 0 0 0 
107 0 0 0 0 
108 0.00024672 -0.00208434 0 0 
109 0.00098664 -0.00413961 0 0 
110 0.00221902 -0.00616496 0 0 
111 0.00394265 -0.008159400000000001 0 0 
112 0.00615583 -0.01012171 0 0 
113 0.008856370000000001 -0.01205049 0 0 
114 0.01204162 -0.01394419 0 0 
115 0.01570842 -0.01580109 0 0 
116 0.01985316 -0.01761931 0 0 
117 0.02447174 -0.01939686 0 0 
118 0.02955962 -0.02113164 0 0 
119 0.03511176 -0.02282147 0 0 
120 0.04112269 -0.02446408 0 0 
121 0.04758647 -0.02605717 0 0 
122 0.05449674 -0.02759841 0 0 
123 0.06184666 -0.02908547 0 0 
124 0.06962899 -0.03051603 0 0 
125 0.07783604 -0.03188783 0 0 
126 0.08645971 -0.03319868 0 0 
127 0.09549150000000001 -0.03444646 0 0 
128 0.10492249 -0.03562917 0 0 
129 0.11474338 -0.03674492 0 0 
130 0.12494447 -0.037792 0 0 
131 0.13551569 -0.03876883 0 0 
132 0.14644661 -0.03967403 0 0 
133 0.15772645 -0.04050639 0 0 
134 0.16934407 -0.04126493 0 0 
135 0.18128801 -0.04194885 0 0 
136 0.19354647 -0.0425576 0 0 
137 0.20610737 -0.04309083 0 0 
138 0.21895831 -0.04354842 0 0 
139 0.2320866 -0.04393049 0 0 
140 0.24547929 -0.04423738 0 0 
141 0.25912316 -0.04446966 0 0 
142 0.27300475 -0.04462811 0 0 
143 0.28711035 -0.04471371 0 0 
144 0.30142605 -0.04472768 0 0 
145 0.31593772 -0.04467139 0 0 
146 0.33063104 -0.04454643 0 0 
147 0.3454915 -0.04435455 0 0 
148 0.36050445 -0.04409764 0 0 
149 0.37565506 -0.04377774 0 0 
150 0.39092838 -0.04339705 0 0 
151 0.40630934 -0.04295784 0 0 
152 0.42178277 -0.0424625 0 0 
153 0.43733338 -0.04191351 0 0 
154 0.45294584 -0.04131341 0 0 
155 0.46860474 -0.04066481 0 0 
156 0.48429462 -0.03997034 0 0 
157 0.5 -0.03923269 0 0 
158 0.51570538 -0.03845454 0 0 
159 0.53139526 -0.03763859 0 0 
160 0.54705416 -0.03678753 0 0 
161 0.56266662 -0.03590406 0 0 
162 0.57821723 -0.03499083 0 0 
163 0.59369066 -0.03405048 0 0 
164 0.60907162 -0.03308563 0 0 
165 0.62434494 -0.03209884 0 0 
166 0.63949555 -0.03109265 0 0 
167 0.6545085 -0.03006954 0 0 
168 0.66936896 -0.02903198 0 0 
169 0.68406228 -0.02798238 0 0 
170 0.69857395 -0.02692309 0 0 
171 0.71288965 -0.02585646 0 0 
172 0.72699525 -0.02478478 0 0 
173 0.74087684 -0.02371031 0 0 
174 0.75452071 -0.02263527 0 0 
175 0.7679134 -0.02156187 0 0 
176 0.78104169 -0.02049228 0 0 
177 0.79389263 -0.01942865 0 0 
178 0.80645353 -0.0183731 0 0 
179 0.8187119899999999 -0.01732776 0 0 
180 0.83065593 -0.01629472 0 0 
181 0.84227355 -0.01527606 0 0 
182 0.85355339 -0.01427385 0 0 
183 0.86448431 -0.01329014 0 0 
184 0.87505553 -0.01232699 0 0 
185 0.88525662 -0.01138641 0 0 
186 0.89507751 -0.01047041 0 0 
187 0.9045085 -0.009580979999999999 0 0 
188 0.91354029 -0.00872008 0 0 
189 0.92216396 -0.00788964 0 0 
190 0.93037101 -0.00709156 0 0 
191 0.9381533399999999 -0.0063277 0 0 
192 0.94550326 -0.00559985 0 0 
193 0.95241353 -0.00490979 0 0 
194 0.95887731 -0.00425919 0 0 
195 0.96488824 -0.00364967 0 0 
196 0.97044038 -0.00308279 0 0 
197 0.97552826 -0.00255998 0 0 
198 0.98014684 -0.00208263 0 0 
199 0.9842915800000001 -0.00165198 0 0 
200 0.98795838 -0.00126918 0 0 
201 0.9911436300000001 -0.00093527 0 0 
202 0.99384417 -0.00065115 0 0 
203 0.99605735 -0.00041761 0 0 
204 0.99778098 -0.00023529 0 0 
205 0.99901336 -0.0001047 0 0 
206 0.99975328 -2.619e-05 0 0 
1 0.5000000000000009 0 0 15.5 15 0 1 2 2 5 -2 
2 -14.5 8.881784197001252e-16 0 0.5 15 0 1 2 2 2 -4 
3 -14.5 -15 0 0.4999999999999991 0 0 1 2 2 4 -3 
4 0.5 -15 0 15.5 -8.881784197001252e-16 0 1 2 2 3 -5 
5 0.99975328 0 0 1 2.619e-05 0 1 1 2 6 -7 
6 0.99901336 2.619000000000001e-05 0 0.99975328 0.0001047 0 1 1 2 7 -8 
7 0.99778098 0.0001047 0 0.99901336 0.00023529 0 1 1 2 8 -9 
8 0.99605735 0.00023529 0 0.99778098 0.00041761 0 1 1 2 9 -10 
9 0.99384417 0.00041761 0 0.99605735 0.00065115 0 1 1 2 10 -11 
10 0.9911436300000001 0.00065115 0 0.99384417 0.00093527 0 1 1 2 11 -12 
11 0.98795838 0.00093527 0 0.9911436300000001 0.00126918 0 1 1 2 12 -13 
12 0.9842915800000001 0.00126918 0 0.98795838 0.00165198 0 1 1 2 13 -14 
13 0.98014684 0.00165198 0 0.9842915800000001 0.00208263 0 1 1 2 14 -15 
14 0.97552826 0.00208263 0 0.98014684 0.00255998 0 1 1 2 15 -16 
15 0.97044038 0.00255998 0 0.97552826 0.00308279 0 1 1 2 16 -17 
16 0.96488824 0.00308279 0 0.97044038 0.00364967 0 1 1 2 17 -18 
17 0.95887731 0.00364967 0 0.96488824 0.00425919 0 1 1 2 18 -19 
18 0.95241353 0.00425919 0 0.95887731 0.00490979 0 1 1 2 19 -20 
19 0.94550326 0.00490979 0 0.95241353 0.00559985 0 1 1 2 20 -21 
20 0.9381533399999999 0.00559985 0 0.94550326 0.0063277 0 1 1 2 21 -22 
21 0.93037101 0.0063277 0 0.9381533399999999 0.00709156 0 1 1 2 22 -23 
22 0.92216396 0.00709156 0 0.93037101 0.00788964 0 1 1 2 23 -24 
23 0.91354029 0.00788964 0 0.92216396 0.00872008 0 1 1 2 24 -25 
24 0.9045085 0.00872008 0 0.91354029 0.009580979999999999 0 1 1 2 25 -26 
25 0.89507751 0.009580979999999999 0 0.9045085 0.01047041 0 1 1 2 26 -27 
26 0.88525662 0.01047041 0 0.89507751 0.01138641 0 1 1 2 27 -28 
27 0.87505553 0.01138641 0 0.88525662 0.01232699 0 1 1 2 28 -29 
28 0.86448431 0.01232699 0 0.87505553 0.01329014 0 1 1 2 29 -30 
29 0.85355339 0.01329014 0 0.86448431 0.01427385 0 1 1 2 30 -31 
30 0.84227355 0.01427385 0 0.85355339 0.01527606 0 1 1 2 31 -32 
31 0.83065593 0.01527606 0 0.84227355 0.01629472 0 1 1 2 32 -33 
32 0.8187119899999999 0.01629472 0 0.83065593 0.01732776 0 1 1 2 33 -34 
33 0.80645353 0.01732776 0 0.8187119899999999 0.0183731 0 1 1 2 34 -35 
34 0.79389263 0.0183731 0 0.80645353 0.01942865 0 1 1 2 35 -36 
35 0.78104169 0.01942865 0 0.79389263 0.02049228 0 1 1 2 36 -37 
36 0.7679134 0.02049228 0 0.78104169 0.02156187 0 1 1 2 37 -38 
37 0.75452071 0.02156187 0 0.7679134 0.02263527 0 1 1 2 38 -39 
38 0.74087684 0.02263527 0 0.75452071 0.02371031 0 1 1 2 39 -40 
39 0.72699525 0.02371031 0 0.74087684 0.02478478 0 1 1 2 40 -41 
40 0.71288965 0.02478478 0 0.72699525 0.02585646 0 1 1 2 41 -42 
41 0.69857395 0.02585646 0 0.71288965 0.02692309 0 1 1 2 42 -43 
42 0.68406228 0.02692309 0 0.69857395 0.02798238 0 1 1 2 43 -44 
43 0.66936896 0.02798238 0 0.68406228 0.02903198 0 1 1 2 44 -45 
44 0.6545085 0.02903198 0 0.66936896 0.03006954 0 1 1 2 45 -46 
45 0.63949555 0.03006954 0 0.6545085 0.03109265 0 1 1 2 46 -47 
46 0.62434494 0.03109265 0 0.63949555 0.03209884 0 1 1 2 47 -48 
47 0.60907162 0.03209884 0 0.62434494 0.03308563 0 1 1 2 48 -49 
48 0.59369066 0.03308563 0 0.60907162 0.03405048 0 1 1 2 49 -50 
49 0.57821723 0.03405048 0 0.59369066 0.03499083 0 1 1 2 50 -51 
50 0.56266662 0.03499083 0 0.57821723 0.03590406 0 1 1 2 51 -52 
51 0.54705416 0.03590406 0 0.56266662 0.03678753 0 1 1 2 52 -53 
52 0.53139526 0.03678753 0 0.54705416 0.03763859 0 1 1 2 53 -54 
53 0.51570538 0.03763859 0 0.53139526 0.03845454 0 1 1 2 54 -55 
54 0.5 0.03845454 0 0.51570538 0.03923269 0 1 1 2 55 -56 
55 0.48429462 0.03923269 0 0.5 0.03997034 0 1 1 2 56 -57 
56 0.46860474 0.03997034 0 0.48429462 0.04066481 0 1 1 2 57 -58 
57 0.45294584 0.04066481 0 0.46860474 0.04131341 0 1 1 2 58 -59 
58 0.43733338 0.04131341 0 0.45294584 0.04191351 0 1 1 2 59 -60 
59 0.42178277 0.04191351 0 0.43733338 0.0424625 0 1 1 2 60 -61 
60 0.40630934 0.0424625 0 0.42178277 0.04295784 0 1 1 2 61 -62 
61 0.39092838 0.04295784 0 0.40630934 0.04339705 0 1 1 2 62 -63 
62 0.37565506 0.04339705 0 0.39092838 0.04377774 0 1 1 2 63 -64 
63 0.36050445 0.04377774 0 0.37565506 0.04409764 0 1 1 2 64 -65 
64 0.3454915 0.04409764 0 0.36050445 0.04435455 0 1 1 2 65 -66 
65 0.33063104 0.04435455 0 0.3454915 0.04454643 0 1 1 2 66 -67 
66 0.31593772 0.04454643 0 0.33063104 0.04467139 0 1 1 2 67 -68 
67 0.30142605 0.04467139 0 0.31593772 0.04472768 0 1 1 2 68 -69 
68 0.28711035 0.04471371 0 0.30142605 0.04472768 0 1 1 2 69 -70 
69 0.27300475 0.04462811 0 0.28711035 0.04471371 0 1 1 2 70 -71 
70 0.25912316 0.04446966 0 0.27300475 0.04462811 0 1 1 2 71 -72 
71 0.24547929 0.04423738 0 0.25912316 0.04446966 0 1 1 2 72 -73 
72 0.2320866 0.04393049 0 0.24547929 0.04423738 0 1 1 2 73 -74 
73 0.21895831 0.04354842 0 0.2320866 0.04393049 0 1 1 2 74 -75 
74 0.20610737 0.04309083 0 0.21895831 0.04354842 0 1 1 2 75 -76 
75 0.19354647 0.0425576 0 0.20610737 0.04309083 0 1 1 2 76 -77 
76 0.18128801 0.04194885 0 0.19354647 0.0425576 0 1 1 2 77 -78 
77 0.16934407 0.04126493 0 0.18128801 0.04194885 0 1 1 2 78 -79 
78 0.15772645 0.0405064 0 0.16934407 0.04126493 0 1 1 2 79 -80 
79 0.14644661 0.03967403 0 0.15772645 0.0405064 0 1 1 2 80 -81 
80 0.13551569 0.03876883 0 0.14644661 0.03967403 0 1 1 2 81 -82 
81 0.12494447 0.037792 0 0.13551569 0.03876883 0 1 1 2 82 -83 
82 0.11474338 0.03674492 0 0.12494447 0.037792 0 1 1 2 83 -84 
83 0.10492249 0.03562917 0 0.11474338 0.03674492 0 1 1 2 84 -85 
84 0.09549150000000001 0.03444646 0 0.10492249 0.03562917 0 1 1 2 85 -86 
85 0.08645971 0.03319868 0 0.09549150000000001 0.03444646 0 1 1 2 86 -87 
86 0.07783604 0.03188783 0 0.08645971 0.03319868 0 1 1 2 87 -88 
87 0.06962899 0.03051603 0 0.07783604 0.03188783 0 1 1 2 88 -89 
88 0.06184666 0.02908547 0 0.06962899 0.03051603 0 1 1 2 89 -90 
89 0.05449674 0.02759841 0 0.06184666 0.02908547 0 1 1 2 90 -91 
90 0.04758647 0.02605717 0 0.05449674 0.02759841 0 1 1 2 91 -92 
91 0.04112269 0.02446408 0 0.04758647 0.02605717 0 1 1 2 92 -93 
92 0.03511176 0.02282147 0 0.04112269 0.02446408 0 1 1 2 93 -94 
93 0.02955962 0.02113164 0 0.03511176 0.02282147 0 1 1 2 94 -95 
94 0.02447174 0.01939686 0 0.02955962 0.02113164 0 1 1 2 95 -96 
95 0.01985316 0.01761931 0 0.02447174 0.01939686 0 1 1 2 96 -97 
96 0.01570842 0.01580109 0 0.01985316 0.01761931 0 1 1 2 97 -98 
97 0.01204162 0.01394419 0 0.01570842 0.01580109 0 1 1 2 98 -99 
98 0.008856370000000001 0.01205049 0 0.01204162 0.01394419 0 1 1 2 99 -100 
99 0.00615583 0.01012171 0 0.008856370000000001 0.01205049 0 1 1 2 100 -101 
100 0.00394265 0.008159400000000001 0 0.00615583 0.01012171 0 1 1 2 101 -102 
101 0.00221902 0.00616496 0 0.00394265 0.008159400000000001 0 1 1 2 102 -103 
102 0.00098664 0.00413961 0 0.00221902 0.00616496 0 1 1 2 103 -104 
103 0.00024672 0.00208434 0 0.00098664 0.00413961 0 1 1 2 104 -105 
104 0 0 0 0.00024672 0.00208434 0 1 1 2 105 -106 
105 0 0 0 0 0 0 1 1 2 106 -107 
106 0 -0.00208434 0 0.00024672 0 0 1 1 2 107 -108 
107 0.00024672 -0.00413961 0 0.00098664 -0.00208434 0 1 1 2 108 -109 
108 0.00098664 -0.00616496 0 0.00221902 -0.00413961 0 1 1 2 109 -110 
109 0.00221902 -0.008159400000000001 0 0.00394265 -0.00616496 0 1 1 2 110 -111 
110 0.00394265 -0.01012171 0 0.00615583 -0.008159400000000001 0 1 1 2 111 -112 
111 0.00615583 -0.01205049 0 0.008856370000000001 -0.01012171 0 1 1 2 112 -113 
112 0.008856370000000001 -0.01394419 0 0.01204162 -0.01205049 0 1 1 2 113 -114 
113 0.01204162 -0.01580109 0 0.01570842 -0.01394419 0 1 1 2 114 -115 
114 0.01570842 -0.01761931 0 0.01985316 -0.01580109 0 1 1 2 115 -116 
115 0.01985316 -0.01939686 0 0.02447174 -0.01761931 0 1 1 2 116 -117 
116 0.02447174 -0.02113164 0 0.02955962 -0.01939686 0 1 1 2 117 -118 
117 0.02955962 -0.02282147 0 0.03511176 -0.02113164 0 1 1 2 118 -119 
118 0.03511176 -0.02446408 0 0.04112269 -0.02282147 0 1 1 2 119 -120 
119 0.04112269 -0.02605717 0 0.04758647 -0.02446408 0 1 1 2 120 -121 
120 0.04758647 -0.02759841 0 0.05449674 -0.02605717 0 1 1 2 121 -122 
121 0.05449674 -0.02908547 0 0.06184666 -0.02759841 0 1 1 2 122 -123 
122 0.06184666 -0.03051603 0 0.06962899 -0.02908547 0 1 1 2 123 -124 
123 0.06962899 -0.03188783 0 0.07783604 -0.03051603 0 1 1 2 124 -125 
124 0.07783604 -0.03319868 0 0.08645971 -0.03188783 0 1 1 2 125 -126 
125 0.08645971 -0.03444646 0 0.09549150000000001 -0.03319868 0 1 1 2 126 -127 
126 0.09549150000000001 -0.03562917 0 0.10492249 -0.03444646 0 1 1 2 127 -128 
127 0.10492249 -0.03674492 0 0.11474338 -0.03562917 0 1 1 2 128 -129 
128 0.11474338 -0.037792 0 0.12494447 -0.03674492 0 1 1 2 129 -130 
129 0.12494447 -0.03876883 0 0.13551569 -0.037792 0 1 1 2 130 -131 
130 0.13551569 -0.03967403 0 0.14644661 -0.03876883 0 1 1 2 131 -132 
131 0.14644661 -0.04050639 0 0.15772645 -0.03967403 0 1 1 2 132 -133 
132 0.15772645 -0.04126493 0 0.16934407 -0.04050639 0 1 1 2 133 -134 
133 0.16934407 -0.04194885 0 0.18128801 -0.04126493 0 1 1 2 134 -135 
134 0.18128801 -0.0425576 0 0.19354647 -0.04194885 0 1 1 2 135 -136 
135 0.19354647 -0.04309083 0 0.20610737 -0.0425576 0 1 1 2 136 -137 
136 0.20610737 -0.04354842 0 0.21895831 -0.04309083 0 1 1 2 137 -138 
137 0.21895831 -0.04393049 0 0.2320866 -0.04354842 0 1 1 2 138 -139 
138 0.2320866 -0.04423738 0 0.24547929 -0.04393049 0 1 1 2 139 -140 
139 0.24547929 -0.04446966 0 0.25912316 -0.04423738 0 1 1 2 140 -141 
140 0.25912316 -0.04462811 0 0.27300475 -0.04446966 0 1 1 2 141 -142 
141 0.27300475 -0.04471371 0 0.28711035 -0.04462811 0 1 1 2 142 -143 
142 0.28711035 -0.04472768 0 0.30142605 -0.04471371 0 1 1 2 143 -144 
143 0.30142605 -0.04472768 0 0.31593772 -0.04467139 0 1 1 2 144 -145 
144 0.31593772 -0.04467139 0 0.33063104 -0.04454643 0 1 1 2 145 -146 
145 0.33063104 -0.04454643 0 0.3454915 -0.04435455 0 1 1 2 146 -147 
146 0.3454915 -0.04435455 0 0.36050445 -0.04409764 0 1 1 2 147 -148 
147 0.36050445 -0.04409764 0 0.37565506 -0.04377774 0 1 1 2 148 -149 
148 0.37565506 -0.04377774 0 0.39092838 -0.04339705 0 1 1 2 149 -150 
149 0.39092838 -0.04339705 0 0.40630934 -0.04295784 0 1 1 2 150 -151 
150 0.40630934 -0.04295784 0 0.42178277 -0.0424625 0 1 1 2 151 -152 
151 0.42178277 -0.0424625 0 0.43733338 -0.04191351 0 1 1 2 152 -153 
152 0.43733338 -0.04191351 0 0.45294584 -0.04131341 0 1 1 2 153 -154 
153 0.45294584 -0.04131341 0 0.46860474 -0.04066481 0 1 1 2 154 -155 
154 0.46860474 -0.04066481 0 0.48429462 -0.03997034 0 1 1 2 155 -156 
155 0.48429462 -0.03997034 0 0.5 -0.03923269 0 1 1 2 156 -157 
156 0.5 -0.03923269 0 0.51570538 -0.03845454 0 1 1 2 157 -158 
157 0.51570538 -0.03845454 0 0.53139526 -0.03763859 0 1 1 2 158 -159 
158 0.53139526 -0.03763859 0 0.54705416 -0.03678753 0 1 1 2 159 -160 
159 0.54705416 -0.03678753 0 0.56266662 -0.03590406 0 1 1 2 160 -161 
160 0.56266662 -0.03590406 0 0.57821723 -0.03499083 0 1 1 2 161 -162 
161 0.57821723 -0.03499083 0 0.59369066 -0.03405048 0 1 1 2 162 -163 
162 0.59369066 -0.03405048 0 0.60907162 -0.03308563 0 1 1 2 163 -164 
163 0.60907162 -0.03308563 0 0.62434494 -0.03209884 0 1 1 2 164 -165 
164 0.62434494 -0.03209884 0 0.63949555 -0.03109265 0 1 1 2 165 -166 
165 0.63949555 -0.03109265 0 0.6545085 -0.03006954 0 1 1 2 166 -167 
166 0.6545085 -0.03006954 0 0.66936896 -0.02903198 0 1 1 2 167 -168 
167 0.66936896 -0.02903198 0 0.68406228 -0.02798238 0 1 1 2 168 -169 
168 0.68406228 -0.02798238 0 0.69857395 -0.02692309 0 1 1 2 169 -170 
169 0.69857395 -0.02692309 0 0.71288965 -0.02585646 0 1 1 2 170 -171 
170 0.71288965 -0.02585646 0 0.72699525 -0.02478478 0 1 1 2 171 -172 
171 0.72699525 -0.02478478 0 0.74087684 -0.02371031 0 1 1 2 172 -173 
172 0.74087684 -0.02371031 0 0.75452071 -0.02263527 0 1 1 2 173 -174 
173 0.75452071 -0.02263527 0 0.7679134 -0.02156187 0 1 1 2 174 -175 
174 0.7679134 -0.02156187 0 0.78104169 -0.02049228 0 1 1 2 175 -176 
175 0.78104169 -0.02049228 0 0.79389263 -0.01942865 0 1 1 2 176 -177 
176 0.79389263 -0.01942865 0 0.80645353 -0.0183731 0 1 1 2 177 -178 
177 0.80645353 -0.0183731 0 0.8187119899999999 -0.01732776 0 1 1 2 178 -179 
178 0.8187119899999999 -0.01732776 0 0.83065593 -0.01629472 0 1 1 2 179 -180 
179 0.83065593 -0.01629472 0 0.84227355 -0.01527606 0 1 1 2 180 -181 
180 0.84227355 -0.01527606 0 0.85355339 -0.01427385 0 1 1 2 181 -182 
181 0.85355339 -0.01427385 0 0.86448431 -0.01329014 0 1 1 2 182 -183 
182 0.86448431 -0.01329014 0 0.87505553 -0.01232699 0 1 1 2 183 -184 
183 0.87505553 -0.01232699 0 0.88525662 -0.01138641 0 1 1 2 184 -185 
184 0.88525662 -0.01138641 0 0.89507751 -0.01047041 0 1 1 2 185 -186 
185 0.89507751 -0.01047041 0 0.9045085 -0.009580979999999999 0 1 1 2 186 -187 
186 0.9045085 -0.009580979999999999 0 0.91354029 -0.00872008 0 1 1 2 187 -188 
187 0.91354029 -0.00872008 0 0.92216396 -0.00788964 0 1 1 2 188 -189 
188 0.92216396 -0.00788964 0 0.93037101 -0.00709156 0 1 1 2 189 -190 
189 0.93037101 -0.00709156 0 0.9381533399999999 -0.0063277 0 1 1 2 190 -191 
190 0.9381533399999999 -0.0063277 0 0.94550326 -0.00559985 0 1 1 2 191 -192 
191 0.94550326 -0.00559985 0 0.95241353 -0.00490979 0 1 1 2 192 -193 
192 0.95241353 -0.00490979 0 0.95887731 -0.00425919 0 1 1 2 193 -194 
193 0.95887731 -0.00425919 0 0.96488824 -0.00364967 0 1 1 2 194 -195 
194 0.96488824 -0.00364967 0 0.97044038 -0.00308279 0 1 1 2 195 -196 
195 0.97044038 -0.00308279 0 0.97552826 -0.00255998 0 1 1 2 196 -197 
196 0.97552826 -0.00255998 0 0.98014684 -0.00208263 0 1 1 2 197 -198 
197 0.98014684 -0.00208263 0 0.9842915800000001 -0.00165198 0 1 1 2 198 -199 
198 0.9842915800000001 -0.00165198 0 0.98795838 -0.00126918 0 1 1 2 199 -200 
199 0.98795838 -0.00126918 0 0.9911436300000001 -0.00093527 0 1 1 2 200 -201 
200 0.9911436300000001 -0.00093527 0 0.99384417 -0.00065115 0 1 1 2 201 -202 
201 0.99384417 -0.00065115 0 0.99605735 -0.00041761 0 1 1 2 202 -203 
202 0.99605735 -0.00041761 0 0.99778098 -0.00023529 0 1 1 2 203 -204 
203 0.99778098 -0.00023529 0 0.99901336 -0.0001047 0 1 1 2 204 -205 
204 0.99901336 -0.0001047 0 0.99975328 -2.619000000000001e-05 0 1 1 2 205 -206 
205 0.99975328 -2.619e-05 0 1 0 0 1 1 2 206 -6 
1 -14.5 -15 0 15.5 15 0 1 3 205 1 2 3 4 -205 -204 -203 -202 -201 -200 -199 -198 -197 -196 -195 -194 -193 -192 -191 -190 -189 -188 -187 -186 -185 -184 -183 -182 -181 -180 -179 -178 -177 -176 -175 -174 -173 -172 -171 -170 -169 -168 -167 -166 -165 -164 -163 -162 -161 -160 -159 -158 -157 -156 -155 -154 -153 -152 -151 -150 -149 -148 -147 -146 -145 -144 -143 -142 -141 -140 -139 -138 -137 -136 -135 -134 -133 -132 -131 -130 -129 -128 -127 -126 -125 -124 -123 -122 -121 -120 -119 -118 -117 -116 -115 -114 -113 -112 -111 -110 -109 -108 -107 -106 -105 -104 -103 -102 -101 -100 -99 -98 -97 -96 -95 -94 -93 -92 -91 -90 -89 -88 -87 -86 -85 -84 -83 -82 -81 -80 -79 -78 -77 -76 -75 -74 -73 -72 -71 -70 -69 -68 -67 -66 -65 -64 -63 -62 -61 -60 -59 -58 -57 -56 -55 -54 -53 -52 -51 -50 -49 -48 -47 -46 -45 -44 -43 -42 -41 -40 -39 -38 -37 -36 -35 -34 -33 -32 -31 -30 -29 -28 -27 -26 -25 -24 -23 -22 -21 -20 -19 -18 -17 -16 -15 -14 -13 -12 -11 -10 -9 -8 -7 -6 -5 
$EndEntities
$Nodes
411 5816 1 5816
0 2 0 1
1
0.5 15 0
0 3 0 1
2
0.5 -15 0
0 4 0 1
3
-14.5 0 0
0 5 0 1
4
15.5 0 0
0 6 0 1
5
1 0 0
0 7 0 1
6
0.99975328 2.619e-05 0
0 8 0 1
7
0.99901336 0.0001047 0
0 9 0 1
8
0.99778098 0.00023529 0
0 10 0 1
9
0.99605735 0.00041761 0
0 11 0 1
10
0.99384417 0.00065115 0
0 12 0 1
11
0.9911436300000001 0.00093527 0
0 13 0 1
12
0.98795838 0.00126918 0
0 14 0 1
13
0.9842915800000001 0.00165198 0
0 15 0 1
14
0.98014684 0.00208263 0
0 16 0 1
15
0.97552826 0.00255998 0
0 17 0 1
16
0.97044038 0.00308279 0
0 18 0 1
17
0.96488824 0.00364967 0
0 19 0 1
18
0.95887731 0.00425919 0
0 20 0 1
19
0.95241353 0.00490979 0
0 21 0 1
20
0.94550326 0.00559985 0
0 22 0 1
21
0.9381533399999999 0.0063277 0
0 23 0 1
22
0.93037101 0.00709156 0
0 24 0 1
23
0.92216396 0.00788964 0
0 25 0 1
24
0.91354029 0.00872008 0
0 26 0 1
25
0.9045085 0.009580979999999999 0
0 27 0 1
26
0.89507751 0.01047041 0
0 28 0 1
27
0.88525662 0.01138641 0
0 29 0 1
28
0.87505553 0.01232699 0
0 30 0 1
29
0.86448431 0.01329014 0
0 31 0 1
30
0.85355339 0.01427385 0
0 32 0 1
31
0.84227355 0.01527606 0
0 33 0 1
32
0.83065593 0.01629472 0
0 34 0 1
33
0.8187119899999999 0.01732776 0
0 35 0 1
34
0.80645353 0.0183731 0
0 36 0 1
35
0.79389263 0.01942865 0
0 37 0 1
36
0.78104169 0.02049228 0
0 38 0 1
37
0.7679134 0.02156187 0
0 39 0 1
38
0.75452071 0.02263527 0
0 40 0 1
39
0.74087684 0.02371031 0
0 41 0 1
40
0.72699525 0.02478478 0
0 42 0 1
41
0.71288965 0.02585646 0
0 43 0 1
42
0.69857395 0.02692309 0
0 44 0 1
43
0.68406228 0.02798238 0
0 45 0 1
44
0.66936896 0.02903198 0
0 46 0 1
45
0.6545085 0.03006954 0
0 47 0 1
46
0.63949555 0.03109265 0
0 48 0 1
47
0.62434494 0.03209884 0
0 49 0 1
48
0.60907162 0.03308563 0
0 50 0 1
49
0.59369066 0.03405048 0
0 51 0 1
50
0.57821723 0.03499083 0
0 52 0 1
51
0.56266662 0.03590406 0
0 53 0 1
52
0.54705416 0.03678753 0
0 54 0 1
53
0.53139526 0.03763859 0
0 55 0 1
54
0.51570538 0.03845454 0
0 56 0 1
55
0.5 0.03923269 0
0 57 0 1
56
0.48429462 0.03997034 0
0 58 0 1
57
0.46860474 0.04066481 0
0 59 0 1
58
0.45294584 0.04131341 0
0 60 0 1
59
0.43733338 0.04191351 0
0 61 0 1
60
0.42178277 0.0424625 0
0 62 0 1
61
0.40630934 0.04295784 0
0 63 0 1
62
0.39092838 0.04339705 0
0 64 0 1
63
0.37565506 0.04377774 0
0 65 0 1
64
0.36050445 0.04409764 0
0 66 0 1
65
0.3454915 0.04435455 0
0 67 0 1
66
0.33063104 0.04454643 0
0 68 0 1
67
0.31593772 0.04467139 0
0 69 0 1
68
0.30142605 0.04472768 0
0 70 0 1
69
0.28711035 0.04471371 0
0 71 0 1
70
0.27300475 0.04462811 0
0 72 0 1
71
0.25912316 0.04446966 0
0 73 0 1
72
0.24547929 0.04423738 0
0 74 0 1
73
0.2320866 0.04393049 0
0 75 0 1
74
0.21895831 0.04354842 0
0 76 0 1
75
0.20610737 0.04309083 0
0 77 0 1
76
0.19354647 0.0425576 0
0 78 0 1
77
0.18128801 0.04194885 0
0 79 0 1
78
0.16934407 0.04126493 0
0 80 0 1
79
0.15772645 0.0405064 0
0 81 0 1
80
0.14644661 0.03967403 0
0 82 0 1
81
0.13551569 0.03876883 0
0 83 0 1
82
0.12494447 0.037792 0
0 84 0 1
83
0.11474338 0.03674492 0
0 85 0 1
84
0.10492249 0.03562917 0
0 86 0 1
85
0.09549150000000001 0.03444646 0
0 87 0 1
86
0.08645971 0.03319868 0
0 88 0 1
87
0.07783604 0.03188783 0
0 89 0 1
88
0.06962899 0.03051603 0
0 90 0 1
89
0.06184666 0.02908547 0
0 91 0 1
90
0.05449674 0.02759841 0
0 92 0 1
91
0.04758647 0.02605717 0
0 93 0 1
92
0.04112269 0.02446408 0
0 94 0 1
93
0.03511176 0.02282147 0
0 95 0 1
94
0.02955962 0.02113164 0
0 96 0 1
95
0.02447174 0.01939686 0
0 97 0 1
96
0.01985316 0.01761931 0
0 98 0 1
97
0.01570842 0.01580109 0
0 99 0 1
98
0.01204162 0.01394419 0
0 100 0 1
99
0.008856370000000001 0.01205049 0
0 101 0 1
100
0.00615583 0.01012171 0
0 102 0 1
101
0.00394265 0.008159400000000001 0
0 103 0 1
102
0.00221902 0.00616496 0
0 104 0 1
103
0.00098664 0.00413961 0
0 105 0 1
104
0.00024672 0.00208434 0
0 106 0 1
105
0 0 0
0 107 0 1
106
0 0 0
0 108 0 1
107
0.00024672 -0.00208434 0
0 109 0 1
108
0.00098664 -0.00413961 0
0 110 0 1
109
0.00221902 -0.00616496 0
0 111 0 1
110
0.00394265 -0.008159400000000001 0
0 112 0 1
111
0.00615583 -0.01012171 0
0 113 0 1
112
0.008856370000000001 -0.01205049 0
0 114 0 1
113
0.01204162 -0.01394419 0
0 115 0 1
114
0.01570842 -0.01580109 0
0 116 0 1
115
0.01985316 -0.01761931 0
0 117 0 1
116
0.02447174 -0.01939686 0
0 118 0 1
117
0.02955962 -0.02113164 0
0 119 0 1
118
0.03511176 -0.02282147 0
0 120 0 1
119
0.04112269 -0.02446408 0
0 121 0 1
120
0.04758647 -0.02605717 0
0 122 0 1
121
0.05449674 -0.02759841 0
0 123 0 1
122
0.06184666 -0.02908547 0
0 124 0 1
123
0.06962899 -0.03051603 0
0 125 0 1
124
0.07783604 -0.03188783 0
0 126 0 1
125
0.08645971 -0.03319868 0
0 127 0 1
126
0.09549150000000001 -0.03444646 0
0 128 0 1
127
0.10492249 -0.03562917 0
0 129 0 1
128
0.11474338 -0.03674492 0
0 130 0 1
129
0.12494447 -0.037792 0
0 131 0 1
130
0.13551569 -0.03876883 0
0 132 0 1
131
0.14644661 -0.03967403 0
0 133 0 1
132
0.15772645 -0.04050639 0
0 134 0 1
133
0.16934407 -0.04126493 0
0 135 0 1
134
0.18128801 -0.04194885 0
0 136 0 1
135
0.19354647 -0.0425576 0
0 137 0 1
136
0.20610737 -0.04309083 0
0 138 0 1
137
0.21895831 -0.04354842 0
0 139 0 1
138
0.2320866 -0.04393049 0
0 140 0 1
139
0.24547929 -0.04423738 0
0 141 0 1
140
0.25912316 -0.04446966 0
0 142 0 1
141
0.27300475 -0.04462811 0
0 143 0 1
142
0.28711035 -0.04471371 0
0 144 0 1
143
0.30142605 -0.04472768 0
0 145 0 1
144
0.31593772 -0.04467139 0
0 146 0 1
145
0.33063104 -0.04454643 0
0 147 0 1
146
0.3454915 -0.04435455 0
0 148 0 1
147
0.36050445 -0.04409764 0
0 149 0 1
148
0.37565506 -0.04377774 0
0 150 0 1
149
0.39092838 -0.04339705 0
0 151 0 1
150
0.40630934 -0.04295784 0
0 152 0 1
151
0.42178277 -0.0424625 0
0 153 0 1
152
0.43733338 -0.04191351 0
0 154 0 1
153
0.45294584 -0.04131341 0
0 155 0 1
154
0.46860474 -0.04066481 0
0 156 0 1
155
0.48429462 -0.03997034 0
0 157 0 1
156
0.5 -0.03923269 0
0 158 0 1
157
0.51570538 -0.03845454 0
0 159 0 1
158
0.53139526 -0.03763859 0
0 160 0 1
159
0.54705416 -0.03678753 0
0 161 0 1
160
0.56266662 -0.03590406 0
0 162 0 1
161
0.57821723 -0.03499083 0
0 163 0 1
162
0.59369066 -0.03405048 0
0 164 0 1
163
0.60907162 -0.03308563 0
0 165 0 1
164
0.62434494 -0.03209884 0
0 166 0 1
165
0.63949555 -0.03109265 0
0 167 0 1
166
0.6545085 -0.03006954 0
0 168 0 1
167
0.66936896 -0.02903198 0
0 169 0 1
168
0.68406228 -0.02798238 0
0 170 0 1
169
0.69857395 -0.02692309 0
0 171 0 1
170
0.71288965 -0.02585646 0
0 172 0 1
171
0.72699525 -0.02478478 0
0 173 0 1
172
0.74087684 -0.02371031 0
0 174 0 1
173
0.75452071 -0.02263527 0
0 175 0 1
174
0.7679134 -0.02156187 0
0 176 0 1
175
0.78104169 -0.02049228 0
0 177 0 1
176
0.79389263 -0.01942865 0
0 178 0 1
177
0.80645353 -0.0183731 0
0 179 0 1
178
0.8187119899999999 -0.01732776 0
0 180 0 1
179
0.83065593 -0.01629472 0
0 181 0 1
180
0.84227355 -0.01527606 0
0 182 0 1
181
0.85355339 -0.01427385 0
0 183 0 1
182
0.86448431 -0.01329014 0
0 184 0 1
183
0.87505553 -0.01232699 0
0 185 0 1
184
0.88525662 -0.01138641 0
0 186 0 1
185
0.89507751 -0.01047041 0
0 187 0 1
186
0.9045085 -0.009580979999999999 0
0 188 0 1
187
0.91354029 -0.00872008 0
0 189 0 1
188
0.92216396 -0.00788964 0
0 190 0 1
189
0.93037101 -0.00709156 0
0 191 0 1
190
0.9381533399999999 -0.0063277 0
0 192 0 1
191
0.94550326 -0.00559985 0
0 193 0 1
192
0.95241353 -0.00490979 0
0 194 0 1
193
0.95887731 -0.00425919 0
0 195 0 1
194
0.96488824 -0.00364967 0
0 196 0 1
195
0.97044038 -0.00308279 0
0 197 0 1
196
0.97552826 -0.00255998 0
0 198 0 1
197
0.98014684 -0.00208263 0
0 199 0 1
198
0.9842915800000001 -0.00165198 0
0 200 0 1
199
0.98795838 -0.00126918 0
0 201 0 1
200
0.9911436300000001 -0.00093527 0
0 202 0 1
201
0.99384417 -0.00065115 0
0 203 0 1
202
0.99605735 -0.00041761 0
0 204 0 1
203
0.99778098 -0.00023529 0
0 205 0 1
204
0.99901336 -0.0001047 0
0 206 0 1
205
0.99975328 -2.619e-05 0
1 1 0 23
206
207
208
209
210
211
212
213
214
215
216
217
218
219
220
221
222
223
224
225
226
227
228
15.46788384842344 0.9810469408263021 0
15.37167291998809 1.957892888003057 0
15.2117792045043 2.926354838004903 0
14.98888739162538 3.882285686654075 0
14.70395193804372 4.821591992458925 0
14.35819298135707 5.740251500715408 0
13.95309111465392 6.634330370189574 0
13.49038104605599 7.500000018551289 0
12.97204417029916 8.333553516604228 0
12.40030008702732 9.131421457730308 0
11.7775970920804 9.890187249425543 0
11.10660169416119 10.60660174143523 0
10.39018720355411 11.27759713230857 0
9.631421414426008 11.90030012025588 0
8.833553475273671 12.47204419791536 0
7.99999997989371 12.99038106837495 0
7.134330333981427 13.4530911325098 0
6.240251468128926 13.85819299485484 0
5.32159196479126 14.20395194743563 0
4.382285665019538 14.48888739742234 0
3.426354821354841 14.71177920781621 0
2.45789287738886 14.87167292138547 0
1.481046935500818 14.96788384877249 0
1 2 0 23
229
230
231
232
233
234
235
236
237
238
239
240
241
242
243
244
245
246
247
248
249
250
251
-0.4810469408403349 14.96788384842252 0
-1.457892888037025 14.87167291998362 0
-2.426354838058314 14.71177920449368 0
-3.382285686726187 14.48888739160606 0
-4.321591992548743 14.20395193801323 0
-5.240251500821701 13.85819298131305 0
-6.134330370310876 13.4530911145941 0
-7.000000018685908 12.99038104597827 0
-7.833553516750268 12.47204417020158 0
-8.631421457885677 11.9003000869081 0
-9.390187249587969 11.27759709193796 0
-10.10660174160228 10.60660169399415 0
-10.77759713247765 9.890187203361318 0
-11.40030012042428 9.131421414206542 0
-11.97204419808027 8.333553475026868 0
-12.49038106846936 7.499999979730195 0
-12.95309113255806 6.634330333883582 0
-13.35819299490432 5.740251468009475 0
-13.70395194748368 4.8215919646497 0
-13.98888739745178 3.882285664909642 0
-14.21177920779591 2.926354821456898 0
-14.37167292137265 1.957892877486234 0
-14.46788384876834 0.9810469355642273 0
1 3 0 23
252
253
254
255
256
257
258
259
260
261
262
263
264
265
266
267
268
269
270
271
272
273
274
-14.46788384842217 -0.9810469408457506 0
-14.371672919983 -1.957892888041704 0
-14.2117792044929 -2.926354838062249 0
-13.9888873916052 -3.88228568672938 0
-13.7039519380124 -4.821591992551204 0
-13.35819298131232 -5.740251500823447 0
-12.95309111459358 -6.634330370311936 0
-12.49038104597803 -7.500000018686321 0
-11.97204417020171 -8.333553516750078 0
-11.40030008690867 -9.131421457884933 0
-10.77759709193905 -9.890187249586731 0
-10.10660169399581 -10.60660174160062 0
-9.390187203363617 -11.27759713247563 0
-8.631421414209532 -11.90030012042199 0
-7.833553475030588 -12.47204419807778 0
-6.999999979734683 -12.99038106846677 0
-6.134330333888863 -13.45309113255545 0
-5.240251468015571 -13.85819299490179 0
-4.321591964656617 -14.20395194748133 0
-3.382285664917382 -14.48888739744971 0
-2.426354821465454 -14.7117792077942 0
-1.457892877495582 -14.87167292137142 0
-0.4810469355743409 -14.96788384876768 0
1 4 0 23
275
276
277
278
279
280
281
282
283
284
285
286
287
288
289
290
291
292
293
294
295
296
297
1.481046940790619 -14.96788384842578 0
2.457892888045164 -14.87167291998255 0
3.426354838081147 -14.71177920448914 0
4.382285686478815 -14.48888739167234 0
5.321591992253973 -14.20395193811329 0
6.240251500534776 -13.85819298143189 0
7.134330370032987 -13.45309111473114 0
8.000000018504736 -12.99038104608287 0
8.833553516741246 -12.47204417020761 0
9.631421457877641 -11.90030008691427 0
10.3901872495809 -11.27759709194416 0
11.10660174159614 -10.60660169400029 0
11.7775971324724 -9.890187203367301 0
12.40030012041988 -9.131421414212282 0
12.97204419807665 -8.333553475032282 0
13.49038106846647 -7.499999979735204 0
13.95309113255581 -6.634330333888125 0
14.35819299490266 -5.740251468013484 0
14.70395194748252 -4.821591964653125 0
14.98888739745103 -3.882285664912437 0
15.21177920779548 -2.926354821459029 0
15.37167292137247 -1.957892877487667 0
15.46788384876829 -0.9810469355649453 0
1 5 0 0
1 6 0 0
1 7 0 0
1 8 0 0
1 9 0 0
1 10 0 0
1 11 0 0
1 12 0 0
1 13 0 0
1 14 0 0
1 15 0 0
1 16 0 0
1 17 0 0
1 18 0 0
1 19 0 0
1 20 0 0
1 21 0 0
1 22 0 0
1 23 0 0
1 24 0 0
1 25 0 0
1 26 0 0
1 27 0 1
298
0.8801560750000216 0.01185669999999801 0
1 28 0 1
299
0.8697699200000217 0.01280856499999803 0
1 29 0 1
300
0.8590188500000001 0.01378199499999999 0
1 30 0 1
301
0.8479134700000431 0.01477495499999617 0
1 31 0 1
302
0.8364647400000217 0.0157853899999981 0
1 32 0 1
303
0.82468396 0.01681124 0
1 33 0 1
304
0.8125827600001293 0.01785042999998897 0
1 34 0 1
305
0.8001730800000215 0.01890087499999819 0
1 35 0 1
306
0.7874671600000216 0.01996046499999821 0
1 36 0 1
307
0.7744775450000002 0.02102707499999998 0
1 37 0 1
308
0.7612170550000217 0.02209856999999826 0
1 38 0 1
309
0.7476987750000216 0.0231727899999983 0
1 39 0 1
310
0.7339360450000217 0.02424754499999832 0
1 40 0 1
311
0.71994245 0.02532062 0
1 41 0 1
312
0.7057318000000001 0.02638977499999999 0
1 42 0 1
313
0.6913181150000002 0.02745273499999999 0
1 43 0 1
314
0.6767156200000217 0.02850717999999845 0
1 44 0 1
315
0.6619387300000217 0.02955075999999849 0
1 45 0 1
316
0.6470020250000001 0.03058109499999999 0
1 46 0 1
317
0.6319202450000864 0.03159574499999426 0
1 47 0 1
318
0.6167082800000216 0.0325922349999986 0
1 48 0 1
319
0.6013811400000001 0.03356805499999999 0
1 49 0 1
320
0.5859539450000217 0.03452065499999869 0
1 50 0 1
321
0.5704419250000001 0.03544744499999999 0
1 51 0 1
322
0.55486039 0.036345795 0
1 52 0 1
323
0.5392247099999784 0.03721306000000117 0
1 53 0 1
324
0.52355032 0.038046565 0
1 54 0 1
325
0.5078526900000001 0.038843615 0
1 55 0 1
326
0.49214731 0.039601515 0
1 56 0 1
327
0.4764496800000217 0.04031757499999904 0
1 57 0 1
328
0.46077529 0.04098911 0
1 58 0 1
329
0.4451396100000433 0.04161345999999834 0
1 59 0 1
330
0.429558075 0.042188005 0
1 60 0 1
331
0.414046055 0.04271017 0
1 61 0 1
332
0.3986188600000109 0.04317744499999969 0
1 62 0 1
333
0.3832917200000217 0.04358739499999946 0
1 63 0 1
334
0.3680797550000217 0.04393768999999954 0
1 64 0 1
335
0.3529979750000325 0.04422609499999944 0
1 65 0 1
336
0.3380612699999891 0.04445049000000014 0
1 66 0 1
337
0.3232843800000217 0.04460890999999981 0
1 67 0 1
338
0.3086818850000325 0.04469953499999987 0
1 68 0 1
339
0.2942682000000217 0.04472069500000002 0
1 69 0 1
340
0.2800575500000109 0.04467091000000006 0
1 70 0 1
341
0.2660639550000217 0.04454888500000025 0
1 71 0 1
342
0.2523012250000271 0.04435352000000046 0
1 72 0 1
343
0.2387829450000162 0.04408393500000037 0
1 73 0 1
344
0.2255224550000217 0.04373945500000063 0
1 74 0 1
345
0.2125328400000271 0.04331962500000096 0
1 75 0 1
346
0.1998269200000219 0.04282421500000093 0
1 76 0 1
347
0.1874172400000162 0.04225322500000081 0
1 77 0 1
348
0.1753160400000108 0.04160689000000062 0
1 78 0 1
349
0.1635352600000108 0.0408856650000007 0
1 79 0 1
350
0.1520865300000108 0.0400902150000008 0
1 80 0 1
351
0.1409811500000056 0.03922143000000046 0
1 81 0 1
352
0.1302300800000162 0.0382804150000015 0
1 82 0 1
353
0.1198439250000082 0.03726846000000084 0
1 83 0 0
1 84 0 0
1 85 0 0
1 86 0 0
1 87 0 0
1 88 0 0
1 89 0 0
1 90 0 0
1 91 0 0
1 92 0 0
1 93 0 0
1 94 0 0
1 95 0 0
1 96 0 0
1 97 0 0
1 98 0 0
1 99 0 0
1 100 0 0
1 101 0 0
1 102 0 0
1 103 0 0
1 104 0 1
354
0.00012336 0.00104217 0
1 105 0 0
1 106 0 1
355
0.00012336 -0.00104217 0
1 107 0 0
1 108 0 0
1 109 0 0
1 110 0 0
1 111 0 0
1 112 0 0
1 113 0 0
1 114 0 0
1 115 0 0
1 116 0 0
1 117 0 0
1 118 0 0
1 119 0 0
1 120 0 0
1 121 0 0
1 122 0 0
1 123 0 0
1 124 0 0
1 125 0 0
1 126 0 0
1 127 0 0
1 128 0 1
356
0.1198439249999921 -0.03726845999999919 0
1 129 0 1
357
0.1302300799999838 -0.0382804149999985 0
1 130 0 1
358
0.1409811499999946 -0.03922142999999955 0
1 131 0 1
359
0.1520865299999892 -0.0400902099999992 0
1 132 0 1
360
0.1635352599999947 -0.04088565999999966 0
1 133 0 1
361
0.1753160399999892 -0.04160688999999938 0
1 134 0 1
362
0.1874172399999836 -0.04225322499999919 0
1 135 0 1
363
0.1998269199999781 -0.04282421499999907 0
1 136 0 1
364
0.2125328399999729 -0.04331962499999904 0
1 137 0 1
365
0.2255224549999783 -0.04373945499999937 0
1 138 0 1
366
0.2387829449999838 -0.04408393499999963 0
1 139 0 1
367
0.2523012249999892 -0.04435351999999981 0
1 140 0 1
368
0.2660639549999783 -0.04454888499999975 0
1 141 0 1
369
0.28005755 -0.04467091 0
1 142 0 1
370
0.2942681999999783 -0.04472069499999998 0
1 143 0 1
371
0.3086818849999675 -0.04469953500000012 0
1 144 0 1
372
0.3232843799999783 -0.04460891000000018 0
1 145 0 1
373
0.3380612699999566 -0.04445049000000056 0
1 146 0 1
374
0.3529979750000108 -0.04422609499999981 0
1 147 0 1
375
0.3680797549999891 -0.04393769000000023 0
1 148 0 1
376
0.3832917199999783 -0.04358739500000054 0
1 149 0 1
377
0.3986188599999892 -0.04317744500000031 0
1 150 0 1
378
0.4140460549999674 -0.04271017000000104 0
1 151 0 1
379
0.429558075 -0.042188005 0
1 152 0 1
380
0.4451396099999999 -0.04161346 0
1 153 0 1
381
0.46077529 -0.04098911 0
1 154 0 1
382
0.4764496799999892 -0.04031757500000048 0
1 155 0 1
383
0.4921473099999999 -0.039601515 0
1 156 0 1
384
0.50785269 -0.038843615 0
1 157 0 1
385
0.5235503199999999 -0.038046565 0
1 158 0 1
386
0.5392247099999566 -0.03721306000000235 0
1 159 0 1
387
0.55486039 -0.036345795 0
1 160 0 1
388
0.5704419249999999 -0.03544744500000001 0
1 161 0 1
389
0.5859539449999784 -0.03452065500000132 0
1 162 0 1
390
0.6013811399999783 -0.03356805500000136 0
1 163 0 1
391
0.6167082799999783 -0.0325922350000014 0
1 164 0 1
392
0.6319202449999135 -0.03159574500000574 0
1 165 0 1
393
0.6470020249999999 -0.03058109500000001 0
1 166 0 1
394
0.6619387299999784 -0.02955076000000151 0
1 167 0 1
395
0.6767156199999567 -0.02850718000000309 0
1 168 0 1
396
0.6913181149999569 -0.02745273500000315 0
1 169 0 1
397
0.7057317999999999 -0.02638977500000001 0
1 170 0 1
398
0.7199424499999997 -0.02532062000000002 0
1 171 0 1
399
0.7339360449999782 -0.02424754500000168 0
1 172 0 1
400
0.7476987749999568 -0.0231727900000034 0
1 173 0 1
401
0.7612170549999784 -0.02209857000000173 0
1 174 0 1
402
0.7744775450000001 -0.02102707499999999 0
1 175 0 1
403
0.7874671599999784 -0.01996046500000179 0
1 176 0 1
404
0.8001730799999783 -0.01890087500000182 0
1 177 0 1
405
0.8125827599998706 -0.01785043000001103 0
1 178 0 1
406
0.8246839599999998 -0.01681124000000002 0
1 179 0 1
407
0.8364647399999784 -0.01578539000000189 0
1 180 0 1
408
0.8479134699999999 -0.01477495500000001 0
1 181 0 1
409
0.8590188499999999 -0.01378199500000001 0
1 182 0 1
410
0.86976992 -0.01280856500000001 0
1 183 0 1
411
0.8801560749999785 -0.01185670000000199 0
1 184 0 0
1 185 0 0
1 186 0 0
1 187 0 0
1 188 0 0
1 189 0 0
1 190 0 0
1 191 0 0
1 192 0 0
1 193 0 0
1 194 0 0
1 195 0 0
1 196 0 0
1 197 0 0
1 198 0 0
1 199 0 0
1 200 0 0
1 201 0 0
1 202 0 0
1 203 0 0
1 204 0 0
1 205 0 0
2 1 0 5405
412
413
414
415
416
417
418
419
420
421
422
423
424
425
426
427
428
429
430
431
432
433
434
435
436
437
438
439
440
441
442
443
444
445
446
447
448
449
450
451
452
453
454
455
456
457
458
459
460
461
462
463
464
465
466
467
468
469
470
471
472
473
474
475
476
477
478
479
480
481
482
483
484
485
486
487
488
489
490
491
492
493
494
495
496
497
498
499
500
501
502
503
504
505
506
507
508
509
510
511
512
513
514
515
516
517
518
519
520
521
522
523
524
525
526
527
528
529
530
531
532
533
534
535
536
537
538
539
540
541
542
543
544
545
546
547
548
549
550
551
552
553
554
555
556
557
558
559
560
561
562
563
564
565
566
567
568
569
570
571
572
573
574
575
576
577
578
579
580
581
582
583
584
585
586
587
588
589
590
591
592
593
594
595
596
597
598
599
600
601
602
603
604
605
606
607
608
609
610
611
612
613
614
615
616
617
618
619
620
621
622
623
624
625
626
627
628
629
630
631
632
633
634
635
636
637
638
639
640
641
642
643
644
645
646
647
648
649
650
651
652
653
654
655
656
657
658
659
660
661
662
663
664
665
666
667
668
669
670
671
672
673
674
675
676
677
678
679
680
681
682
683
684
685
686
687
688
689
690
691
692
693
694
695
696
697
698
699
700
701
702
703
704
705
706
707
708
709
710
711
712
713
714
715
716
717
718
719
720
721
722
723
724
725
726
727
728
729
730
731
732
733
734
735
736
737
738
739
740
741
742
743
744
745
746
747
748
749
750
751
752
753
754
755
756
757
758
759
760
761
762
763
764
765
766
767
768
769
770
771
772
773
774
775
776
777
778
779
780
781
782
783
784
785
786
787
788
789
790
791
792
793
794
795
796
797
798
799
800
801
802
803
804
805
806
807
808
809
810
811
812
813
814
815
816
817
818
819
820
821
822
823
824
825
826
827
828
829
830
831
832
833
834
835
836
837
838
839
840
841
842
843
844
845
846
847
848
849
850
851
852
853
854
855
856
857
858
859
860
861
862
863
864
865
866
867
868
869
870
871
872
873
874
875
876
877
878
879
880
881
882
883
884
885
886
887
888
889
890
891
892
893
894
895
896
897
898
899
900
901
902
903
904
905
906
907
908
909
910
911
912
913
914
915
916
917
918
919
920
921
922
923
924
925
926
927
928
929
930
931
932
933
934
935
936
937
938
939
940
941
942
943
944
945
946
947
948
949
950
951
952
953
954
955
956
957
958
959
960
961
962
963
964
965
966
967
968
969
970
971
972
973
974
975
976
977
978
979
980
981
982
983
984
985
986
987
988
989
990
991
992
993
994
995
996
997
998
999
1000
1001
1002
1003
1004
1005
1006
1007
1008
1009
1010
1011
1012
1013
1014
1015
1016
1017
1018
1019
1020
1021
1022
1023
1024
1025
1026
1027
1028
1029
1030
1031
1032
1033
1034
1035
1036
1037
1038
1039
1040
1041
1042
1043
1044
1045
1046
1047
1048
1049
1050
1051
1052
1053
1054
1055
1056
1057
1058
1059
1060
1061
1062
1063
1064
1065
1066
1067
1068
1069
1070
1071
1072
1073
1074
1075
1076
1077
1078
1079
1080
1081
1082
1083
1084
1085
1086
1087
1088
1089
1090
1091
1092
1093
1094
1095
1096
1097
1098
1099
1100
1101
1102
1103
1104
1105
1106
1107
1108
1109
1110
1111
1112
1113
1114
1115
1116
1117
1118
1119
1120
1121
1122
1123
1124
1125
1126
1127
1128
1129
1130
1131
1132
1133
1134
1135
1136
1137
1138
1139
1140
1141
1142
1143
1144
1145
1146
1147
1148
1149
1150
1151
1152
1153
1154
1155
1156
1157
1158
1159
1160
1161
1162
1163
1164
1165
1166
1167
1168
1169
1170
1171
1172
1173
1174
1175
1176
1177
1178
1179
1180
1181
1182
1183
1184
1185
1186
1187
1188
1189
1190
1191
1192
1193
1194
1195
1196
1197
1198
1199
1200
1201
1202
1203
1204
1205
1206
1207
1208
1209
1210
1211
1212
1213
1214
1215
1216
1217
1218
1219
1220
1221
1222
1223
1224
1225
1226
1227
1228
1229
1230
1231
1232
1233
1234
1235
1236
1237
1238
1239
1240
1241
1242
1243
1244
1245
1246
1247
1248
1249
1250
1251
1252
1253
1254
1255
1256
1257
1258
1259
1260
1261
1262
1263
1264
1265
1266
1267
1268
1269
1270
1271
1272
1273
1274
1275
1276
1277
1278
1279
1280
1281
1282
1283
1284
1285
1286
1287
1288
1289
1290
1291
1292
1293
1294
1295
1296
1297
1298
1299
1300
1301
1302
1303
1304
1305
1306
1307
1308
1309
1310
1311
1312
1313
1314
1315
1316
1317
1318
1319
1320
1321
1322
1323
1324
1325
1326
1327
1328
1329
1330
1331
1332
1333
1334
1335
1336
1337
1338
1339
1340
1341
1342
1343
1344
1345
1346
1347
1348
1349
1350
1351
1352
1353
1354
1355
1356
1357
1358
1359
1360
1361
1362
1363
1364
1365
1366
1367
1368
1369
1370
1371
1372
1373
1374
1375
1376
1377
1378
1379
1380
1381
1382
1383
1384
1385
1386
1387
1388
1389
1390
1391
1392
1393
1394
1395
1396
1397
1398
1399
1400
1401
1402
1403
1404
1405
1406
1407
1408
1409
1410
1411
1412
1413
1414
1415
1416
1417
1418
1419
1420
1421
1422
1423
1424
1425
1426
1427
1428
1429
1430
1431
1432
1433
1434
1435
1436
1437
1438
1439
1440
1441
1442
1443
1444
1445
1446
1447
1448
1449
1450
1451
1452
1453
1454
1455
1456
1457
1458
1459
1460
1461
1462
1463
1464
1465
1466
1467
1468
1469
1470
1471
1472
1473
1474
1475
1476
1477
1478
1479
1480
1481
1482
1483
1484
1485
1486
1487
1488
1489
1490
1491
1492
1493
1494
1495
1496
1497
1498
1499
1500
1501
1502
1503
1504
1505
1506
1507
1508
1509
1510
1511
1512
1513
1514
1515
1516
1517
1518
1519
1520
1521
1522
1523
1524
1525
1526
1527
1528
1529
1530
1531
1532
1533
1534
1535
1536
1537
1538
1539
1540
1541
1542
1543
1544
1545
1546
1547
1548
1549
1550
1551
1552
1553
1554
1555
1556
1557
1558
1559
1560
1561
1562
1563
1564
1565
1566
1567
1568
1569
1570
1571
1572
1573
1574
1575
1576
1577
1578
1579
1580
1581
1582
1583
1584
1585
1586
1587
1588
1589
1590
1591
1592
1593
1594
1595
1596
1597
1598
1599
1600
1601
1602
1603
1604
1605
1606
1607
1608
1609
1610
1611
1612
1613
1614
1615
1616
1617
1618
1619
1620
1621
1622
1623
1624
1625
1626
1627
1628
1629
1630
1631
1632
1633
1634
1635
1636
1637
1638
1639
1640
1641
1642
1643
1644
1645
1646
1647
1648
1649
1650
1651
1652
1653
1654
1655
1656
1657
1658
1659
1660
1661
1662
1663
1664
1665
1666
1667
1668
1669
1670
1671
1672
1673
1674
1675
1676
1677
1678
1679
1680
1681
1682
1683
1684
1685
1686
1687
1688
1689
1690
1691
1692
1693
1694
1695
1696
1697
1698
1699
1700
1701
1702
1703
1704
1705
1706
1707
1708
1709
1710
1711
1712
1713
1714
1715
1716
1717
1718
1719
1720
1721
1722
1723
1724
1725
1726
1727
1728
1729
1730
1731
1732
1733
1734
1735
1736
1737
1738
1739
1740
1741
1742
1743
1744
1745
1746
1747
1748
1749
1750
1751
1752
1753
1754
1755
1756
1757
1758
1759
1760
1761
1762
1763
1764
1765
1766
1767
1768
1769
1770
1771
1772
1773
1774
1775
1776
1777
1778
1779
1780
1781
1782
1783
1784
1785
1786
1787
1788
1789
1790
1791
1792
1793
1794
1795
1796
1797
1798
1799
1800
1801
1802
1803
1804
1805
1806
1807
1808
1809
1810
1811
1812
1813
1814
1815
1816
1817
1818
1819
1820
1821
1822
1823
1824
1825
1826
1827
1828
1829
1830
1831
1832
1833
1834
1835
1836
1837
1838
1839
1840
1841
1842
1843
1844
1845
1846
1847
1848
1849
1850
1851
1852
1853
1854
1855
1856
1857
1858
1859
1860
1861
1862
1863
1864
1865
1866
1867
1868
1869
1870
1871
1872
1873
1874
1875
1876
1877
1878
1879
1880
1881
1882
1883
1884
1885
1886
1887
1888
1889
1890
1891
1892
1893
1894
1895
1896
1897
1898
1899
1900
1901
1902
1903
1904
1905
1906
1907
1908
1909
1910
1911
1912
1913
1914
1915
1916
1917
1918
1919
1920
1921
1922
1923
1924
1925
1926
1927
1928
1929
1930
1931
1932
1933
1934
1935
1936
1937
1938
1939
1940
1941
1942
1943
1944
1945
1946
1947
1948
1949
1950
1951
1952
1953
1954
1955
1956
1957
1958
1959
1960
1961
1962
1963
1964
1965
1966
1967
1968
1969
1970
1971
1972
1973
1974
1975
1976
1977
1978
1979
1980
1981
1982
1983
1984
1985
1986
1987
1988
1989
1990
1991
1992
1993
1994
1995
1996
1997
1998
1999
2000
2001
2002
2003
2004
2005
2006
2007
2008
2009
2010
2011
2012
2013
2014
2015
2016
2017
2018
2019
2020
2021
2022
2023
2024
2025
2026
2027
2028
2029
2030
2031
2032
2033
2034
2035
2036
2037
2038
2039
2040
2041
2042
2043
2044
2045
2046
2047
2048
2049
2050
2051
2052
2053
2054
2055
2056
2057
2058
2059
2060
2061
2062
2063
2064
2065
2066
2067
2068
2069
2070
2071
2072
2073
2074
2075
2076
2077
2078
2079
2080
2081
2082
2083
2084
2085
2086
2087
2088
2089
2090
2091
2092
2093
2094
2095
2096
2097
2098
2099
2100
2101
2102
2103
2104
2105
2106
2107
2108
2109
2110
2111
2112
2113
2114
2115
2116
2117
2118
2119
2120
2121
2122
2123
2124
2125
2126
2127
2128
2129
2130
2131
2132
2133
2134
2135
2136
2137
2138
2139
2140
2141
2142
2143
2144
2145
2146
2147
2148
2149
2150
2151
2152
2153
2154
2155
2156
2157
2158
2159
2160
2161
2162
2163
2164
2165
2166
2167
2168
2169
2170
2171
2172
2173
2174
2175
2176
2177
2178
2179
2180
2181
2182
2183
2184
2185
2186
2187
2188
2189
2190
2191
2192
2193
2194
2195
2196
2197
2198
2199
2200
2201
2202
2203
2204
2205
2206
2207
2208
2209
2210
2211
2212
2213
2214
2215
2216
2217
2218
2219
2220
2221
2222
2223
2224
2225
2226
2227
2228
2229
2230
2231
2232
2233
2234
2235
2236
2237
2238
2239
2240
2241
2242
2243
2244
2245
2246
2247
2248
2249
2250
2251
2252
2253
2254
2255
2256
2257
2258
2259
2260
2261
2262
2263
2264
2265
2266
2267
2268
2269
2270
2271
2272
2273
2274
2275
2276
2277
2278
2279
2280
2281
2282
2283
2284
2285
2286
2287
2288
2289
2290
2291
2292
2293
2294
2295
2296
2297
2298
2299
2300
2301
2302
2303
2304
2305
2306
2307
2308
2309
2310
2311
2312
2313
2314
2315
2316
2317
2318
2319
2320
2321
2322
2323
2324
2325
2326
2327
2328
2329
2330
2331
2332
2333
2334
2335
2336
2337
2338
2339
2340
2341
2342
2343
2344
2345
2346
2347
2348
2349
2350
2351
2352
2353
2354
2355
2356
2357
2358
2359
2360
2361
2362
2363
2364
2365
2366
2367
2368
2369
2370
2371
2372
2373
2374
2375
2376
2377
2378
2379
2380
2381
2382
2383
2384
2385
2386
2387
2388
2389
2390
2391
2392
2393
2394
2395
2396
2397
2398
2399
2400
2401
2402
2403
2404
2405
2406
2407
2408
2409
2410
2411
2412
2413
2414
2415
2416
2417
2418
2419
2420
2421
2422
2423
2424
2425
2426
2427
2428
2429
2430
2431
2432
2433
2434
2435
2436
2437
2438
2439
2440
2441
2442
2443
2444
2445
2446
2447
2448
2449
2450
2451
2452
2453
2454
2455
2456
2457
2458
2459
2460
2461
2462
2463
2464
2465
2466
2467
2468
2469
2470
2471
2472
2473
2474
2475
2476
2477
2478
2479
2480
2481
2482
2483
2484
2485
2486
2487
2488
2489
2490
2491
2492
2493
2494
2495
2496
2497
2498
2499
2500
2501
2502
2503
2504
2505
2506
2507
2508
2509
2510
2511
2512
2513
2514
2515
2516
2517
2518
2519
2520
2521
2522
2523
2524
2525
2526
2527
2528
2529
2530
2531
2532
2533
2534
2535
2536
2537
2538
2539
2540
2541
2542
2543
2544
2545
2546
2547
2548
2549
2550
2551
2552
2553
2554
2555
2556
2557
2558
2559
2560
2561
2562
2563
2564
2565
2566
2567
2568
2569
2570
2571
2572
2573
2574
2575
2576
2577
2578
2579
2580
2581
2582
2583
2584
2585
2586
2587
2588
2589
2590
2591
2592
2593
2594
2595
2596
2597
2598
2599
2600
2601
2602
2603
2604
2605
2606
2607
2608
2609
2610
2611
2612
2613
2614
2615
2616
2617
2618
2619
2620
2621
2622
2623
2624
2625
2626
2627
2628
2629
2630
2631
2632
2633
2634
2635
2636
2637
2638
2639
2640
2641
2642
2643
2644
2645
2646
2647
2648
2649
2650
2651
2652
2653
2654
2655
2656
2657
2658
2659
2660
2661
2662
2663
2664
2665
2666
2667
2668
2669
2670
2671
2672
2673
2674
2675
2676
2677
2678
2679
2680
2681
2682
2683
2684
2685
2686
2687
2688
2689
2690
2691
2692
2693
2694
2695
2696
2697
2698
2699
2700
2701
2702
2703
2704
2705
2706
2707
2708
2709
2710
2711
2712
2713
2714
2715
2716
2717
2718
2719
2720
2721
2722
2723
2724
2725
2726
2727
2728
2729
2730
2731
2732
2733
2734
2735
2736
2737
2738
2739
2740
2741
2742
2743
2744
2745
2746
2747
2748
2749
2750
2751
2752
2753
2754
2755
2756
2757
2758
2759
2760
2761
2762
2763
2764
2765
2766
2767
2768
2769
2770
2771
2772
2773
2774
2775
2776
2777
2778
2779
2780
2781
2782
2783
2784
2785
2786
2787
2788
2789
2790
2791
2792
2793
2794
2795
2796
2797
2798
2799
2800
2801
2802
2803
2804
2805
2806
2807
2808
2809
2810
2811
2812
2813
2814
2815
2816
2817
2818
2819
2820
2821
2822
2823
2824
2825
2826
2827
2828
2829
2830
2831
2832
2833
2834
2835
2836
2837
2838
2839
2840
2841
2842
2843
2844
2845
2846
2847
2848
2849
2850
2851
2852
2853
2854
2855
2856
2857
2858
2859
2860
2861
2862
2863
2864
2865
2866
2867
2868
2869
2870
2871
2872
2873
2874
2875
2876
2877
2878
2879
2880
2881
2882
2883
2884
2885
2886
2887
2888
2889
2890
2891
2892
2893
2894
2895
2896
2897
2898
2899
2900
2901
2902
2903
2904
2905
2906
2907
2908
2909
2910
2911
2912
2913
2914
2915
2916
2917
2918
2919
2920
2921
2922
2923
2924
2925
2926
2927
2928
2929
2930
2931
2932
2933
2934
2935
2936
2937
2938
2939
2940
2941
2942
2943
2944
2945
2946
2947
2948
2949
2950
2951
2952
2953
2954
2955
2956
2957
2958
2959
2960
2961
2962
2963
2964
2965
2966
2967
2968
2969
2970
2971
2972
2973
2974
2975
2976
2977
2978
2979
2980
2981
2982
2983
2984
2985
2986
2987
2988
2989
2990
2991
2992
2993
2994
2995
2996
2997
2998
2999
3000
3001
3002
3003
3004
3005
3006
3007
3008
3009
3010
3011
3012
3013
3014
3015
3016
3017
3018
3019
3020
3021
3022
3023
3024
3025
3026
3027
3028
3029
3030
3031
3032
3033
3034
3035
3036
3037
3038
3039
3040
3041
3042
3043
3044
3045
3046
3047
3048
3049
3050
3051
3052
3053
3054
3055
3056
3057
3058
3059
3060
3061
3062
3063
3064
3065
3066
3067
3068
3069
3070
3071
3072
3073
3074
3075
3076
3077
3078
3079
3080
3081
3082
3083
3084
3085
3086
3087
3088
3089
3090
3091
3092
3093
3094
3095
3096
3097
3098
3099
3100
3101
3102
3103
3104
3105
3106
3107
3108
3109
3110
3111
3112
3113
3114
3115
3116
3117
3118
3119
3120
3121
3122
3123
3124
3125
3126
3127
3128
3129
3130
3131
3132
3133
3134
3135
3136
3137
3138
3139
3140
3141
3142
3143
3144
3145
3146
3147
3148
3149
3150
3151
3152
3153
3154
3155
3156
3157
3158
3159
3160
3161
3162
3163
3164
3165
3166
3167
3168
3169
3170
3171
3172
3173
3174
3175
3176
3177
3178
3179
3180
3181
3182
3183
3184
3185
3186
3187
3188
3189
3190
3191
3192
3193
3194
3195
3196
3197
3198
3199
3200
3201
3202
3203
3204
3205
3206
3207
3208
3209
3210
3211
3212
3213
3214
3215
3216
3217
3218
3219
3220
3221
3222
3223
3224
3225
3226
3227
3228
3229
3230
3231
3232
3233
3234
3235
3236
3237
3238
3239
3240
3241
3242
3243
3244
3245
3246
3247
3248
3249
3250
3251
3252
3253
3254
3255
3256
3257
3258
3259
3260
3261
3262
3263
3264
3265
3266
3267
3268
3269
3270
3271
3272
3273
3274
3275
3276
3277
3278
3279
3280
3281
3282
3283
3284
3285
3286
3287
3288
3289
3290
3291
3292
3293
3294
3295
3296
3297
3298
3299
3300
3301
3302
3303
3304
3305
3306
3307
3308
3309
3310
3311
3312
3313
3314
3315
3316
3317
3318
3319
3320
3321
3322
3323
3324
3325
3326
3327
3328
3329
3330
3331
3332
3333
3334
3335
3336
3337
3338
3339
3340
3341
3342
3343
3344
3345
3346
3347
3348
3349
3350
3351
3352
3353
3354
3355
3356
3357
3358
3359
3360
3361
3362
3363
3364
3365
3366
3367
3368
3369
3370
3371
3372
3373
3374
3375
3376
3377
3378
3379
3380
3381
3382
3383
3384
3385
3386
3387
3388
3389
3390
3391
3392
3393
3394
3395
3396
3397
3398
3399
3400
3401
3402
3403
3404
3405
3406
3407
3408
3409
3410
3411
3412
3413
3414
3415
3416
3417
3418
3419
3420
3421
3422
3423
3424
3425
3426
3427
3428
3429
3430
3431
3432
3433
3434
3435
3436
3437
3438
3439
3440
3441
3442
3443
3444
3445
3446
3447
3448
3449
3450
3451
3452
3453
3454
3455
3456
3457
3458
3459
3460
3461
3462
3463
3464
3465
3466
3467
3468
3469
3470
3471
3472
3473
3474
3475
3476
3477
3478
3479
3480
3481
3482
3483
3484
3485
3486
3487
3488
3489
3490
3491
3492
3493
3494
3495
3496
3497
3498
3499
3500
3501
3502
3503
3504
3505
3506
3507
3508
3509
3510
3511
3512
3513
3514
3515
3516
3517
3518
3519
3520
3521
3522
3523
3524
3525
3526
3527
3528
3529
3530
3531
3532
3533
3534
3535
3536
3537
3538
3539
3540
3541
3542
3543
3544
3545
3546
3547
3548
3549
3550
3551
3552
3553
3554
3555
3556
3557
3558
3559
3560
3561
3562
3563
3564
3565
3566
3567
3568
3569
3570
3571
3572
3573
3574
3575
3576
3577
3578
3579
3580
3581
3582
3583
3584
3585
3586
3587
3588
3589
3590
3591
3592
3593
3594
3595
3596
3597
3598
3599
3600
3601
3602
3603
3604
3605
3606
3607
3608
3609
3610
3611
3612
3613
3614
3615
3616
3617
3618
3619
3620
3621
3622
3623
3624
3625
3626
3627
3628
3629
3630
3631
3632
3633
3634
3635
3636
3637
3638
3639
3640
3641
3642
3643
3644
3645
3646
3647
3648
3649
3650
3651
3652
3653
3654
3655
3656
3657
3658
3659
3660
3661
3662
3663
3664
3665
3666
3667
3668
3669
3670
3671
3672
3673
3674
3675
3676
3677
3678
3679
3680
3681
3682
3683
3684
3685
3686
3687
3688
3689
3690
3691
3692
3693
3694
3695
3696
3697
3698
3699
3700
3701
3702
3703
3704
3705
3706
3707
3708
3709
3710
3711
3712
3713
3714
3715
3716
3717
3718
3719
3720
3721
3722
3723
3724
3725
3726
3727
3728
3729
3730
3731
3732
3733
3734
3735
3736
3737
3738
3739
3740
3741
3742
3743
3744
3745
3746
3747
3748
3749
3750
3751
3752
3753
3754
3755
3756
3757
3758
3759
3760
3761
3762
3763
3764
3765
3766
3767
3768
3769
3770
3771
3772
3773
3774
3775
3776
3777
3778
3779
3780
3781
3782
3783
3784
3785
3786
3787
3788
3789
3790
3791
3792
3793
3794
3795
3796
3797
3798
3799
3800
3801
3802
3803
3804
3805
3806
3807
3808
3809
3810
3811
3812
3813
3814
3815
3816
3817
3818
3819
3820
3821
3822
3823
3824
3825
3826
3827
3828
3829
3830
3831
3832
3833
3834
3835
3836
3837
3838
3839
3840
3841
3842
3843
3844
3845
3846
3847
3848
3849
3850
3851
3852
3853
3854
3855
3856
3857
3858
3859
3860
3861
3862
3863
3864
3865
3866
3867
3868
3869
3870
3871
3872
3873
3874
3875
3876
3877
3878
3879
3880
3881
3882
3883
3884
3885
3886
3887
3888
3889
3890
3891
3892
3893
3894
3895
3896
3897
3898
3899
3900
3901
3902
3903
3904
3905
3906
3907
3908
3909
3910
3911
3912
3913
3914
3915
3916
3917
3918
3919
3920
3921
3922
3923
3924
3925
3926
3927
3928
3929
3930
3931
3932
3933
3934
3935
3936
3937
3938
3939
3940
3941
3942
3943
3944
3945
3946
3947
3948
3949
3950
3951
3952
3953
3954
3955
3956
3957
3958
3959
3960
3961
3962
3963
3964
3965
3966
3967
3968
3969
3970
3971
3972
3973
3974
3975
3976
3977
3978
3979
3980
3981
3982
3983
3984
3985
3986
3987
3988
3989
3990
3991
3992
3993
3994
3995
3996
3997
3998
3999
4000
4001
4002
4003
4004
4005
4006
4007
4008
4009
4010
4011
4012
4013
4014
4015
4016
4017
4018
4019
4020
4021
4022
4023
4024
4025
4026
4027
4028
4029
4030
4031
4032
4033
4034
4035
4036
4037
4038
4039
4040
4041
4042
4043
4044
4045
4046
4047
4048
4049
4050
4051
4052
4053
4054
4055
4056
4057
4058
4059
4060
4061
4062
4063
4064
4065
4066
4067
4068
4069
4070
4071
4072
4073
4074
4075
4076
4077
4078
4079
4080
4081
4082
4083
4084
4085
4086
4087
4088
4089
4090
4091
4092
4093
4094
4095
4096
4097
4098
4099
4100
4101
4102
4103
4104
4105
4106
4107
4108
4109
4110
4111
4112
4113
4114
4115
4116
4117
4118
4119
4120
4121
4122
4123
4124
4125
4126
4127
4128
4129
4130
4131
4132
4133
4134
4135
4136
4137
4138
4139
4140
4141
4142
4143
4144
4145
4146
4147
4148
4149
4150
4151
4152
4153
4154
4155
4156
4157
4158
4159
4160
4161
4162
4163
4164
4165
4166
4167
4168
4169
4170
4171
4172
4173
4174
4175
4176
4177
4178
4179
4180
4181
4182
4183
4184
4185
4186
4187
4188
4189
4190
4191
4192
4193
4194
4195
4196
4197
4198
4199
4200
4201
4202
4203
4204
4205
4206
4207
4208
4209
4210
4211
4212
4213
4214
4215
4216
4217
4218
4219
4220
4221
4222
4223
4224
4225
4226
4227
4228
4229
4230
4231
4232
4233
4234
4235
4236
4237
4238
4239
4240
4241
4242
4243
4244
4245
4246
4247
4248
4249
4250
4251
4252
4253
4254
4255
4256
4257
4258
4259
4260
4261
4262
4263
4264
4265
4266
4267
4268
4269
4270
4271
4272
4273
4274
4275
4276
4277
4278
4279
4280
4281
4282
4283
4284
4285
4286
4287
4288
4289
4290
4291
4292
4293
4294
4295
4296
4297
4298
4299
4300
4301
4302
4303
4304
4305
4306
4307
4308
4309
4310
4311
4312
4313
4314
4315
4316
4317
4318
4319
4320
4321
4322
4323
4324
4325
4326
4327
4328
4329
4330
4331
4332
4333
4334
4335
4336
4337
4338
4339
4340
4341
4342
4343
4344
4345
4346
4347
4348
4349
4350
4351
4352
4353
4354
4355
4356
4357
4358
4359
4360
4361
4362
4363
4364
4365
4366
4367
4368
4369
4370
4371
4372
4373
4374
4375
4376
4377
4378
4379
4380
4381
4382
4383
4384
4385
4386
4387
4388
4389
4390
4391
4392
4393
4394
4395
4396
4397
4398
4399
4400
4401
4402
4403
4404
4405
4406
4407
4408
4409
4410
4411
4412
4413
4414
4415
4416
4417
4418
4419
4420
4421
4422
4423
4424
4425
4426
4427
4428
4429
4430
4431
4432
4433
4434
4435
4436
4437
4438
4439
4440
4441
4442
4443
4444
4445
4446
4447
4448
4449
4450
4451
4452
4453
4454
4455
4456
4457
4458
4459
4460
4461
4462
4463
4464
4465
4466
4467
4468
4469
4470
4471
4472
4473
4474
4475
4476
4477
4478
4479
4480
4481
4482
4483
4484
4485
4486
4487
4488
4489
4490
4491
4492
4493
4494
4495
4496
4497
4498
4499
4500
4501
4502
4503
4504
4505
4506
4507
4508
4509
4510
4511
4512
4513
4514
4515
4516
4517
4518
4519
4520
4521
4522
4523
4524
4525
4526
4527
4528
4529
4530
4531
4532
4533
4534
4535
4536
4537
4538
4539
4540
4541
4542
4543
4544
4545
4546
4547
4548
4549
4550
4551
4552
4553
4554
4555
4556
4557
4558
4559
4560
4561
4562
4563
4564
4565
4566
4567
4568
4569
4570
4571
4572
4573
4574
4575
4576
4577
4578
4579
4580
4581
4582
4583
4584
4585
4586
4587
4588
4589
4590
4591
4592
4593
4594
4595
4596
4597
4598
4599
4600
4601
4602
4603
4604
4605
4606
4607
4608
4609
4610
4611
4612
4613
4614
4615
4616
4617
4618
4619
4620
4621
4622
4623
4624
4625
4626
4627
4628
4629
4630
4631
4632
4633
4634
4635
4636
4637
4638
4639
4640
4641
4642
4643
4644
4645
4646
4647
4648
4649
4650
4651
4652
4653
4654
4655
4656
4657
4658
4659
4660
4661
4662
4663
4664
4665
4666
4667
4668
4669
4670
4671
4672
4673
4674
4675
4676
4677
4678
4679
4680
4681
4682
4683
4684
4685
4686
4687
4688
4689
4690
4691
4692
4693
4694
4695
4696
4697
4698
4699
4700
4701
4702
4703
4704
4705
4706
4707
4708
4709
4710
4711
4712
4713
4714
4715
4716
4717
4718
4719
4720
4721
4722
4723
4724
4725
4726
4727
4728
4729
4730
4731
4732
4733
4734
4735
4736
4737
4738
4739
4740
4741
4742
4743
4744
4745
4746
4747
4748
4749
4750
4751
4752
4753
4754
4755
4756
4757
4758
4759
4760
4761
4762
4763
4764
4765
4766
4767
4768
4769
4770
4771
4772
4773
4774
4775
4776
4777
4778
4779
4780
4781
4782
4783
4784
4785
4786
4787
4788
4789
4790
4791
4792
4793
4794
4795
4796
4797
4798
4799
4800
4801
4802
4803
4804
4805
4806
4807
4808
4809
4810
4811
4812
4813
4814
4815
4816
4817
4818
4819
4820
4821
4822
4823
4824
4825
4826
4827
4828
4829
4830
4831
4832
4833
4834
4835
4836
4837
4838
4839
4840
4841
4842
4843
4844
4845
4846
4847
4848
4849
4850
4851
4852
4853
4854
4855
4856
4857
4858
4859
4860
4861
4862
4863
4864
4865
4866
4867
4868
4869
4870
4871
4872
4873
4874
4875
4876
4877
4878
4879
4880
4881
4882
4883
4884
4885
4886
4887
4888
4889
4890
4891
4892
4893
4894
4895
4896
4897
4898
4899
4900
4901
4902
4903
4904
4905
4906
4907
4908
4909
4910
4911
4912
4913
4914
4915
4916
4917
4918
4919
4920
4921
4922
4923
4924
4925
4926
4927
4928
4929
4930
4931
4932
4933
4934
4935
4936
4937
4938
4939
4940
4941
4942
4943
4944
4945
4946
4947
4948
4949
4950
4951
4952
4953
4954
4955
4956
4957
4958
4959
4960
4961
4962
4963
4964
4965
4966
4967
4968
4969
4970
4971
4972
4973
4974
4975
4976
4977
4978
4979
4980
4981
4982
4983
4984
4985
4986
4987
4988
4989
4990
4991
4992
4993
4994
4995
4996
4997
4998
4999
5000
5001
5002
5003
5004
5005
5006
5007
5008
5009
5010
5011
5012
5013
5014
5015
5016
5017
5018
5019
5020
5021
5022
5023
5024
5025
5026
5027
5028
5029
5030
5031
5032
5033
5034
5035
5036
5037
5038
5039
5040
5041
5042
5043
5044
5045
5046
5047
5048
5049
5050
5051
5052
5053
5054
5055
5056
5057
5058
5059
5060
5061
5062
5063
5064
5065
5066
5067
5068
5069
5070
5071
5072
5073
5074
5075
5076
5077
5078
5079
5080
5081
5082
5083
5084
5085
5086
5087
5088
5089
5090
5091
5092
5093
5094
5095
5096
5097
5098
5099
5100
5101
5102
5103
5104
5105
5106
5107
5108
5109
5110
5111
5112
5113
5114
5115
5116
5117
5118
5119
5120
5121
5122
5123
5124
5125
5126
5127
5128
5129
5130
5131
5132
5133
5134
5135
5136
5137
5138
5139
5140
5141
5142
5143
5144
5145
5146
5147
5148
5149
5150
5151
5152
5153
5154
5155
5156
5157
5158
5159
5160
5161
5162
5163
5164
5165
5166
5167
5168
5169
5170
5171
5172
5173
5174
5175
5176
5177
5178
5179
5180
5181
5182
5183
5184
5185
5186
5187
5188
5189
5190
5191
5192
5193
5194
5195
5196
5197
5198
5199
5200
5201
5202
5203
5204
5205
5206
5207
5208
5209
5210
5211
5212
5213
5214
5215
5216
5217
5218
5219
5220
5221
5222
5223
5224
5225
5226
5227
5228
5229
5230
5231
5232
5233
5234
5235
5236
5237
5238
5239
5240
5241
5242
5243
5244
5245
5246
5247
5248
5249
5250
5251
5252
5253
5254
5255
5256
5257
5258
5259
5260
5261
5262
5263
5264
5265
5266
5267
5268
5269
5270
5271
5272
5273
5274
5275
5276
5277
5278
5279
5280
5281
5282
5283
5284
5285
5286
5287
5288
5289
5290
5291
5292
5293
5294
5295
5296
5297
5298
5299
5300
5301
5302
5303
5304
5305
5306
5307
5308
5309
5310
5311
5312
5313
5314
5315
5316
5317
5318
5319
5320
5321
5322
5323
5324
5325
5326
5327
5328
5329
5330
5331
5332
5333
5334
5335
5336
5337
5338
5339
5340
5341
5342
5343
5344
5345
5346
5347
5348
5349
5350
5351
5352
5353
5354
5355
5356
5357
5358
5359
5360
5361
5362
5363
5364
5365
5366
5367
5368
5369
5370
5371
5372
5373
5374
5375
5376
5377
5378
5379
5380
5381
5382
5383
5384
5385
5386
5387
5388
5389
5390
5391
5392
5393
5394
5395
5396
5397
5398
5399
5400
5401
5402
5403
5404
5405
5406
5407
5408
5409
5410
5411
5412
5413
5414
5415
5416
5417
5418
5419
5420
5421
5422
5423
5424
5425
5426
5427
5428
5429
5430
5431
5432
5433
5434
5435
5436
5437
5438
5439
5440
5441
5442
5443
5444
5445
5446
5447
5448
5449
5450
5451
5452
5453
5454
5455
5456
5457
5458
5459
5460
5461
5462
5463
5464
5465
5466
5467
5468
5469
5470
5471
5472
5473
5474
5475
5476
5477
5478
5479
5480
5481
5482
5483
5484
5485
5486
5487
5488
5489
5490
5491
5492
5493
5494
5495
5496
5497
5498
5499
5500
5501
5502
5503
5504
5505
5506
5507
5508
5509
5510
5511
5512
5513
5514
5515
5516
5517
5518
5519
5520
5521
5522
5523
5524
5525
5526
5527
5528
5529
5530
5531
5532
5533
5534
5535
5536
5537
5538
5539
5540
5541
5542
5543
5544
5545
5546
5547
5548
5549
5550
5551
5552
5553
5554
5555
5556
5557
5558
5559
5560
5561
5562
5563
5564
5565
5566
5567
5568
5569
5570
5571
5572
5573
5574
5575
5576
5577
5578
5579
5580
5581
5582
5583
5584
5585
5586
5587
5588
5589
5590
5591
5592
5593
5594
5595
5596
5597
5598
5599
5600
5601
5602
5603
5604
5605
5606
5607
5608
5609
5610
5611
5612
5613
5614
5615
5616
5617
5618
5619
5620
5621
5622
5623
5624
5625
5626
5627
5628
5629
5630
5631
5632
5633
5634
5635
5636
5637
5638
5639
5640
5641
5642
5643
5644
5645
5646
5647
5648
5649
5650
5651
5652
5653
5654
5655
5656
5657
5658
5659
5660
5661
5662
5663
5664
5665
5666
5667
5668
5669
5670
5671
5672
5673
5674
5675
5676
5677
5678
5679
5680
5681
5682
5683
5684
5685
5686
5687
5688
5689
5690
5691
5692
5693
5694
5695
5696
5697
5698
5699
5700
5701
5702
5703
5704
5705
5706
5707
5708
5709
5710
5711
5712
5713
5714
5715
5716
5717
5718
5719
5720
5721
5722
5723
5724
5725
5726
5727
5728
5729
5730
5731
5732
5733
5734
5735
5736
5737
5738
5739
5740
5741
5742
5743
5744
5745
5746
5747
5748
5749
5750
5751
5752
5753
5754
5755
5756
5757
5758
5759
5760
5761
5762
5763
5764
5765
5766
5767
5768
5769
5770
5771
5772
5773
5774
5775
5776
5777
5778
5779
5780
5781
5782
5783
5784
5785
5786
5787
5788
5789
5790
5791
5792
5793
5794
5795
5796
5797
5798
5799
5800
5801
5802
5803
5804
5805
5806
5807
5808
5809
5810
5811
5812
5813
5814
5815
5816
0.8336771757084795 0.02162105003642301 0
0.6292436584853554 0.03864525190956103 0
0.8342080237267046 -0.02188331698502 0
0.6284291460600145 -0.03856379010824151 0
3.691332200632137 13.77942365048033 0
3.518588247386439 -13.80795478791799 0
-1.868525816005659 -13.91181245868266 0
-1.772475144032767 14.04797988621435 0
8.848622409448227 11.41408340881553 0
8.760499162431202 -11.62746315282119 0
-7.019313640950651 -12.05374726331392 0
-6.985575547273152 12.01342076569835 0
-11.01038735265957 8.296391757882464 0
-10.9951982229667 -8.237342586936897 0
12.55174234487566 -7.413123520006597 0
12.50465630544756 7.495544473279421 0
-13.27247290819579 3.211290273191101 0
-13.23884981115467 -3.126951952864989 0
14.4837670583144 -2.309149398314085 0
14.4968603133494 2.30777467008937 0
13.64813046557823 -5.1344199076301 0
-13.60861657752531 -0.503861829182543 0
-12.445090682935 5.792403863118439 0
-12.18673290293062 -5.85483528512775 0
10.72865755415327 -9.574533661686656 0
13.83172571513286 4.971922909743711 0
-9.167295437157616 10.32166624538229 0
10.85644657949087 9.691538510167344 0
-9.125582970718082 -10.47296902480081 0
-4.377630184153419 13.29926266164709 0
0.9612698243050837 14.08332233300884 0
6.366118386989045 12.90159318913641 0
6.33646242760053 -12.8813470341092 0
-4.522502517127299 -13.14238067287968 0
0.9627100673342657 -14.13433035344434 0
14.64437936523959 -0.4801444638171383 0
-13.53271798246355 1.352903199371084 0
14.58523482500644 -1.406900555310645 0
13.81225328088495 -0.9032285862781668 0
13.83811921508809 -0.01315099861616087 0
13.07227049153748 -0.437431097508662 0
13.0480493691062 0.3391991336407745 0
12.33891228834728 -0.0593971677517916 0
12.36087390949031 -0.8012462931679655 0
11.67039065983365 -0.4083693538671912 0
11.64056359442372 0.3078046344856255 0
11.01190873602914 -0.02080369878522062 0
11.05348833077178 -0.6915639193890861 0
10.42511814714329 -0.3283319525373475 0
10.37749352130176 0.2780100500927269 0
9.80411154667318 -0.04296830779849056 0
9.84570934295192 -0.7110787554260732 0
9.252163614215613 -0.3251602709619078 0
9.234186355180803 0.2497259460387544 0
8.720965761542114 -0.03076235523227662 0
8.690495887322884 -0.6011104833175587 0
8.212899962500284 -0.3002528531013882 0
8.223982308238426 0.2565930185345032 0
7.746518836110408 -0.008685658052758956 0
7.74289411798558 -0.5429645886291881 0
7.756048980681932 0.5347876926017344 0
7.299595629542749 -0.2700316851409711 0
7.288323880243645 -0.7707338829998014 0
6.874898648484604 -0.5266120813653952 0
6.863269208521023 -0.995632658627188 0
6.466125739544767 -0.7624306406861021 0
6.451304562226619 -1.198789657196852 0
6.077495394835805 -0.9748953796077429 0
6.087778286767394 -0.5559139444502246 0
6.058010452636998 -1.382206812111987 0
5.728447058296275 -0.7516251902421556 0
5.729476020459284 -0.3641158071233792 0
5.403538776480241 -0.5502431406305273 0
5.403372180437437 -0.1897516705975609 0
5.099289541076126 -0.3598362599741162 0
5.099650588184121 -0.02133047233801966 0
4.8132470177468 -0.1838128689990803 0
4.815182605805286 0.1439670607768657 0
4.806203978570373 -0.5085745590887532 0
4.539321444250477 -0.3422811586187131 0
4.528514619122152 -0.6478433832543449 0
4.280845786505645 -0.4964037811305935 0
4.272107351824685 -0.7798374344910854 0
4.033230585075835 -0.6368741206373461 0
4.026004023807813 -0.9096376385750033 0
3.800795309631811 -0.7657579803939647 0
3.788712736875131 -1.036356320811242 0
3.80609423501757 -0.5112613841073674 0
3.59041189229001 -0.6292611469428736 0
3.591627530358068 -0.3977500144562225 0
3.392824442778581 -0.5088502971099831 0
3.397542394829178 -0.2920924444610357 0
3.215012318268982 -0.3940453263757738 0
3.221136888966904 -0.1937785393211465 0
3.060133299415585 -0.2769587685176552 0
3.060069098297423 -0.1008076670755075 0
3.048652990526864 -0.4722918650279339 0
2.911661239714594 -0.1769244499424636 0
2.908995399702482 -0.01809205490562596 0
2.768646574189783 -0.0909239374888049 0
2.768765952365607 0.0614428746876972 0
2.63630223687031 -0.006599572048553612 0
2.637001369870503 0.1426958815465118 0
2.778730637928892 0.2087579766225287 0
2.638054832905714 0.2932098218748623 0
2.786795881435479 0.3712219305698183 0
2.634986394714205 0.4599887825859817 0
2.782479610972548 0.5516979180373849 0
2.63014150359247 0.6388474493067344 0
0.4336455757558803 0.04860943026122364 0
0.527840633252412 0.04484013278323608 0
0.962390507268614 0.008961555484610811 0
0.9001269284556908 0.01763839249248764 0
0.5748900437928582 0.04151225373032633 0
0.4810512927673266 0.04568802119697134 0
2.782673790763802 0.7338415030735652 0
2.62261493063641 0.8276116443651274 0
2.787423797857712 0.9258839171354826 0
2.619264782918765 1.023504018793029 0
0.3957399926877183 0.05032826512407107 0
0.3047141676241713 0.05149544469169235 0
0.349293892515038 0.05105054704856687 0
0.8675441711838381 0.0176268250344961 0
2.510343490446042 0.06892531383191275 0
2.507844218340315 -0.06911508702350183 0
2.393295659391653 0.001458602743558524 0
2.388960656197365 -0.1265393792411806 0
2.284794907287519 -0.06241618852486959 0
2.280149358717063 -0.1795024646994553 0
2.183639714875908 -0.1205661167024121 0
2.177893504709829 -0.2299051439745257 0
0.9687599661728072 -0.008341077561433282 0
0.9096833196136728 -0.01608094404144323 0
0.8729521372939886 -0.01836809913882018 0
0.94272237694317 -0.01166072364314243 0
6.77480393049799 -1.433927046924146 0
2.08844624002158 -0.1714162366250077 0
2.083089299916488 -0.2788728987848252 0
2.091455696284215 -0.06863317412572252 0
2.00404246562284 -0.1153043318497211 0
2.005096447202975 -0.02133181676153124 0
1.924924303815834 -0.06370286312833937 0
1.926049823415019 0.02395504281673833 0
1.848058566698356 -0.01747823766212468 0
1.853149802123901 0.06655667846387708 0
5.096818086027776 0.31226946680636 0
1.847748562961798 -0.1013542823462754 0
1.777878244897122 -0.05963832134071852 0
1.775057601916954 -0.1350852398966564 0
1.711484010716271 -0.09661531120084649 0
1.70911442644708 -0.1692239724116995 0
1.646958660448228 -0.1317325572621727 0
1.646500155610452 -0.2050201712812913 0
1.584613417385457 -0.1665809144792532 0
1.579417438492423 -0.2416893547627931 0
0.4336834471432118 -0.04878436915217217 0
0.5285894643571829 -0.0448083924519756 0
0.5756592894899621 -0.04316681663904048 0
0.4806728643310776 -0.04693787483116493 0
1.588004625793033 -0.09866972560538707 0
1.531065797124007 -0.1282993579112116 0
1.533564626039377 -0.06865565501309853 0
1.483852011467432 -0.09271734074434454 0
1.486253233410458 -0.04065237990847035 0
1.444359299355448 -0.06323875985647287 0
1.449569687223615 -0.01452263205659923 0
1.437435541414248 -0.1128741572482143 0
1.398673214274725 -0.07680450492619893 0
1.392629133240306 -0.1312564394463184 0
1.352854607545681 -0.1038874821421251 0
1.348671022190763 -0.152755001920078 0
1.309914345009557 -0.1251088853231689 0
1.301734120558306 -0.1750338029624232 0
0.7380456060790285 -0.02898973341196474 0
0.6881438345728222 -0.03397925912090417 0
0.7839864107340118 -0.027216921919296 0
0.6586687680346278 -0.03622716587616404 0
1.315221600099797 -0.08100435790610458 0
1.277149319668298 -0.09797934620823567 0
1.280869883492488 -0.05936787255072719 0
1.249301228683644 -0.07325847286080495 0
1.252198500789925 -0.04174273787960073 0
1.22390821781514 -0.0539028173308958 0
1.227608499357674 -0.02548574982971859 0
1.220059553715771 -0.08418042589542019 0
1.195606383757477 -0.06486697686547385 0
1.19079758397289 -0.09780630784824534 0
0.7654567047805522 -0.02834266883327347 0
0.8510911500834766 0.02057504389774761 0
0.5977864386519888 -0.04115363149983664 0
0.5513451937824378 -0.04433666783594863 0
2.176273801060921 -0.3414308680418421 0
2.071846807565243 -0.3952690314842105 0
2.173333744384519 -0.4608657569952899 0
2.059970594663906 -0.518957333891169 0
2.170729123442247 -0.5896359201779978 0
2.048810656446725 -0.6515394910781758 0
2.175117751597286 -0.7378742021744563 0
2.039996835200243 -0.7970615680789513 0
0.2556116123095991 -0.05031955901296611 0
0.3344287722896777 -0.05089689094062108 0
0.3794221846183924 -0.05068499475538547 0
0.2906832701486138 -0.0508706492311667 0
2.171333232185827 -0.8952508104089449 0
2.026218696626751 -0.9539352173097611 0
0.8565775768426557 -0.0189324369608804 0
0.709788182195097 -0.03247332506448659 0
0.8038672037824192 -0.02488724653694392 0
3.386787427194856 -0.0848265778705108 0
4.809135111557802 0.4757426586630771 0
5.093896723810613 0.6481353913767309 0
4.79685368836188 0.8187815860662859 0
5.091681610131959 0.9963251254403828 0
4.787065084880405 1.167859440013579 0
5.092528745406503 1.350294364799633 0
4.779395740364241 1.527789425668376 0
5.117359257301744 1.703511564528905 0
4.774025990127981 1.893682668534292 0
5.126929877514671 2.082334329952781 0
4.761195195060266 2.281822964288141 0
5.101471251566626 2.492299880302498 0
4.763167268438588 2.693773665342801 0
5.09355227415861 2.905746957724331 0
4.732302882366648 3.113308201262637 0
5.095759837530398 3.339701715640027 0
4.690634273003329 3.555052897580885 0
5.095206077605323 3.795760390296439 0
4.688412850355208 4.017672081657853 0
4.282288620814454 3.773029049491557 0
4.279562406519682 4.236172843194114 0
3.890036080323772 3.991957826367062 0
3.876588805598523 4.451807628278733 0
3.493392531187792 4.210973115317383 0
3.475192735455672 4.666261433005648 0
3.093633976560505 4.426245923474735 0
3.071339369268488 4.873797090793222 0
2.69356561829954 4.639321175017843 0
2.67075237819063 5.086471150517587 0
2.296222973122732 4.859126184065446 0
2.271453857874892 5.305163848827117 0
1.888265229831157 5.074291728841095 0
1.866527997016337 5.523638532355753 0
1.47560675267457 5.280730009708458 0
1.494088435817415 4.842537472525037 0
1.09763406058364 5.036147098328663 0
1.101992943143103 4.604160833312109 0
0.7302011487254321 4.797032564187015 0
0.7381874746692592 4.375482219604589 0
0.384982688863337 4.555335224847904 0
0.3965976053872429 4.159586985892994 0
0.04857802761759727 4.3318662257432 0
0.05400255864304172 3.947178612219461 0
-0.2877397021409621 4.128861419284327 0
-0.2816973789295781 3.74932154108779 0
-0.6092064500857322 3.924908332057204 0
-0.5930645753686954 3.5562153415964 0
-0.921039074494973 3.724913832822127 0
-0.9104581289872282 3.373370603047276 0
-1.228462247687814 3.525321604731239 0
-1.221809288315521 3.18234725311298 0
-1.546519619189899 3.346923482808398 0
-1.516884962030039 2.984883063326887 0
-1.839430349408791 3.149617170329724 0
-1.813405032202303 2.79311280218708 0
-2.126733379471927 2.953589423734623 0
-2.107791243586986 2.610581095689549 0
-2.424894154975674 2.764050081300458 0
-2.406959938225814 2.418232487230557 0
-2.729697951397143 2.572834461485165 0
-2.703167160577353 2.230117000712325 0
-3.039696555832903 2.378602674599934 0
-2.997494382725745 1.99360632517421 0
-2.428987747559326 3.105466218141866 0
-0.9452687737905933 4.10225796972502 0
-3.359480382696589 2.178195068463725 0
-3.36955042574916 1.785637000180412 0
0.3340815781438456 4.921051893111725 0
-3.699627774264413 1.972878712021485 0
-3.697902149853488 1.5630645440654 0
-3.712657780665769 2.376551774611583 0
-4.054507089744232 1.75567259111045 0
-4.033017076390943 1.337420837615295 0
-3.609359583591222 1.136392885393388 0
-3.997698211814768 0.9182483694560126 0
-3.619677676998629 0.7159885826420984 0
-3.968029546620792 0.5094729493846033 0
-3.612576424983596 0.3246752498953526 0
-3.942469827219346 0.1122513652698584 0
-3.592557958379901 -0.0593633795307692 0
-3.918000800693122 -0.2796867469856862 0
-3.570717722544386 -0.4660724703130024 0
-3.895214833352393 -0.6794156174580159 0
-3.538126506231088 -0.8730475744126684 0
-3.87184130793129 -1.088367413824928 0
-3.522957462132509 -1.26835170788053 0
-3.85144271282619 -1.505281624613066 0
-3.426043385059773 -1.690699410668492 0
-3.812835172509011 -1.927716355857334 0
-3.388087028841645 -2.157476164490617 0
-4.277597492086722 -0.1071142621096831 0
-4.420768986363459 1.530315330982551 0
-4.217319175218247 -1.740473190439971 0
-3.798446751519148 -2.354638376426286 0
-3.365317090502293 -2.596859435122794 0
-0.2944794424106923 3.420810938662886 0
-3.786094186863044 -2.824182045152938 0
-3.344836140495482 -3.057599723672047 0
-2.941846999729553 -2.795317532729156 0
-2.916574045412271 -3.252890319096532 0
-2.531908337349901 -2.945904316209709 0
-2.490456567932093 -3.420467508743556 0
-2.878614148391834 -3.716578130274592 0
-2.447339054125976 -3.908703575622055 0
-2.066063186045898 -3.632433773526955 0
-2.015897760608787 -4.102350300185787 0
-1.635414470809538 -3.820122827527041 0
-1.585917787768898 -4.291021667936018 0
-1.200519432206271 -4.01142925457828 0
-1.156272997085098 -4.47799762005307 0
-0.7935233956451402 -4.203657615694632 0
-0.7243505972537846 -4.669781352427665 0
-0.3701595106261782 -4.415794938165328 0
-0.2871190214322298 -4.866943608044171 0
0.09092381067633079 -4.607752438730174 0
0.159368772151696 -5.072466741167082 0
0.5518161838352322 -4.796566223829291 0
0.617627749373667 -5.278007178935374 0
1.095499899122764 -4.934225047847904 0
-2.395647030877933 2.050717422100369 0
-1.966364636421204 -4.577850752352385 0
-0.2401056241485108 -5.362216702154484 0
-1.224848400474704 2.839927495981017 0
1.100642777533109 -5.479222341913612 0
1.546069327568378 -5.188397649863359 0
-3.308741925841226 0.1767646604456274 0
3.465081997848499 5.096055292333855 0
-0.8673125274026875 -3.733722350639221 0
-3.15893457289564 -1.029841803119573 0
1.574606417673775 -5.700635255857923 0
2.008771462533928 -5.404028013829647 0
5.097049915066789 4.267359301059253 0
5.52095668985941 4.028443293523657 0
2.075399299899599 -5.932769673264663 0
2.526503061948645 -5.616979021381091 0
1.616135826178932 -6.251835558245478 0
5.525573404666115 4.533576294256545 0
5.986906022695194 4.250933879193633 0
2.593681498953484 -6.167501342119498 0
3.069679783337675 -5.817212143824695 0
0.7244692889930711 3.979458974474449 0
1.450070784741357 5.753175313663001 0
1.863198246118343 6.009355239442518 0
1.426485503158271 6.250163963801077 0
1.865204809188871 6.518231495530882 0
1.395410582446288 6.769531991126254 0
1.859395321421401 7.056476959943881 0
1.362514090942832 7.319568946980205 0
5.983236918832246 4.809494742983469 0
6.457671111461433 4.538878343212038 0
3.130342800274016 -6.405158181815279 0
3.607861948436994 -6.047715388392079 0
1.997534437906593 -4.858118264415883 0
0.4844968276995787 -4.249824895696231 0
3.543966332951403 -5.459013980951832 0
4.054036010513961 -5.692089090525146 0
4.163835553327788 -6.280206651009713 0
4.654173970849474 -5.817872973353098 0
2.459874139359171 0.9265584727305041 0
2.454981285500386 1.122487170510045 0
2.297183593970795 1.027779042526872 0
2.284747349034409 1.220399106079115 0
2.104834056724099 1.111970303510534 0
2.100607487233494 1.306969798369294 0
1.933017065571299 1.209106100928308 0
1.938465392819859 1.424819240467005 0
1.767133095395339 1.305258096629621 0
0.7379965577390371 0.02997147113399413 0
0.6881488835249875 0.03400129493566825 0
0.7841560734302163 0.02629046538841266 0
2.282313945394926 1.428356668696373 0
1.758153513227123 1.495084090670202 0
1.594283814832141 1.395322675911875 0
0.1974186643665331 0.04847455017001187 0
0.2418087516506638 0.05047851931878668 0
2.823929226836168 1.146544108102299 0
1.585935247302768 1.59001910102313 0
1.42164550582587 1.485510618809247 0
1.430394855114363 1.300127484526047 0
1.271304508468262 1.381278586261082 0
1.282116215650221 1.188164174316765 0
1.123066375320536 1.290728936426073 0
1.128048516497221 1.128153412681467 0
0.9920390065165718 1.19941646163685 0
0.08011685238303307 0.0403807478410626 0
0.1375648852467777 0.04486271188884616 0
0.166207673125931 0.04534669494599861 0
0.1164526174252141 0.04284403367999522 0
1.003530159631648 1.055068839658215 0
0.8734772056037313 1.122548945739397 0
0.8590931344719757 1.261557033473114 0
0.7411497763118582 1.183356367722084 0
0.7515435211858873 1.052956230453224 0
0.6199040298923228 1.106287576381993 0
0.6067772267612406 1.237789878656495 0
0.4937350347726566 1.160841502695197 0
0.5073297844431713 1.028576154314906 0
0.3851278906393172 1.076876668036922 0
0.3683773358552158 1.210381441398167 0
0.2632776544503567 1.12512358142638 0
0.4066956964108542 0.9516684920355742 0
0.2401389285149892 1.263299790701119 0
0.1253633233920982 1.171114460118841 0
1.120633437821815 0.9931897666529368 0
1.251575973532474 1.568967928412029 0
0.1032674598877612 1.319193956587702 0
-0.009771133660236749 1.222276566952999 0
0.01160935409588986 1.078476815690212 0
-0.120623666416912 1.126661871645665 0
-0.09421112680755286 0.9910126003017843 0
-0.2229392786824033 1.035555743404279 0
-0.1981517428449167 0.9065500057317835 0
-0.3214979644394077 0.9489621111061206 0
-0.2982151513615752 0.8254429173896828 0
-0.4168711835620232 0.864498434508893 0
-0.391527128561259 0.7473084427894043 0
-0.513120581529817 0.783880939352212 0
-0.4909201410808682 0.6683791544779127 0
-0.6114252557745737 0.7024935430980829 0
-0.592377231536056 0.5815514112979908 0
-0.7124855714432032 0.6197911440165776 0
-0.6893863527699999 0.495788407409656 0
-0.8147736953753877 0.5338914057584543 0
-0.7860774396486634 0.4165232208959323 0
-0.9206968075989542 0.4462850564331869 0
-0.8730765830749631 0.3076233877134391 0
-0.6403494238135 0.8217284634619262 0
-0.1848377716147633 0.7857819029790296 0
-1.030707472332082 0.3553609775165417 0
-1.00026289218675 0.2115477989616125 0
-0.8652811573093855 0.1601399059362427 0
-0.9753785823096152 0.06815806092577061 0
-0.8403773686678819 0.02311350189386333 0
-0.9469484013651952 -0.0701444411828685 0
-0.821107764178161 -0.1069185487019147 0
0.08093943799561126 -0.040939431829481 0
0.1667570022180231 -0.04554142667910734 0
0.1260338457931412 -0.04358178815012125 0
-0.91781441481569 -0.2076001699252124 0
-0.7553027774948325 -0.2454059146540377 0
-0.8866139005411064 -0.346756676416359 0
-0.7543272127777954 -0.3927925819155588 0
-0.8643217258126606 -0.491984953371522 0
-0.7259333545981841 -0.5353595418491995 0
-0.8363240423100506 -0.6432714722755213 0
-0.6965492592853062 -0.6813362429498835 0
-0.806441343554696 -0.809684599316551 0
-0.6219994750416139 -0.8412583879441762 0
-1.08505893044214 -0.02601643967334982 0
-0.7742386618476221 -0.9927151208532596 0
-0.5885447536446532 -1.050422192559565 0
-0.4483290656539634 -0.9182476849630048 0
-0.4034959133243409 -1.107882016334282 0
-0.2693813463894397 -0.9772658152690733 0
-0.2179664700619517 -1.162411600025522 0
-0.09043724462437061 -1.041600870641938 0
-0.02923220029504119 -1.219693295687579 0
0.1064545763843081 -1.067925547334128 0
0.1611092712684378 -1.276923694760731 0
0.3006146385737134 -1.135910752947251 0
0.3574803171893813 -1.33625420102816 0
-1.06045889904869 0.5034538545363779 0
-1.183273184913619 0.4041913897296883 0
4.026786357950074 -1.184419156278737 0
3.762954094265205 -1.323753053917555 0
2.164951889838447 -1.050408313617527 0
2.007791099427497 -1.124863365737849 0
2.166016081822394 -1.226875235540717 0
1.987805947931684 -1.31503006585402 0
2.165450214589019 -1.429788424327182 0
1.970459992266054 -1.525221602399192 0
2.160405871971474 -1.652293044126 0
1.837486367318585 -1.020165659357648 0
4.029727504263915 -1.479403772697962 0
1.167016657203599 -0.07424007907675195 0
1.161591045586781 -0.1068666790581074 0
-0.2500340831339204 1.16852496261919 0
1.855547041059002 7.622421220635496 0
1.344449308381645 7.900583790658411 0
0.8413182133995745 7.58381877023535 0
-0.738069868801855 -1.195673902424523 0
0.9825706691224483 -0.005249881763428919 0
0.9926763276724371 -0.002865921928960258 0
1.25326419412021 -0.01318537177034727 0
1.230922365981916 0.00194417892286981 0
1.255977099970138 0.01487097011180154 0
1.230556369162188 0.03169758710666998 0
1.259017059780162 0.04518658755952026 0
1.232499205529789 0.06263079231407134 0
1.203921437443221 0.04850266878695206 0
-0.9843304568454428 -0.5850125393062875 0
-0.9444876250355192 -1.125418351811702 0
6.465838005867065 5.107173532463135 0
6.980675906718407 4.807802628103144 0
1.947399935956104 -1.758620759221593 0
2.153728822568537 -1.896752690332014 0
-0.5650545251633823 0.4559473768098951 0
1.750387146989378 1.700695592057822 0
0.2208622273721546 1.411110857482749 0
0.07426436111089821 1.476537095720133 0
0.2070070318572914 1.578977566358024 0
0.8170315330378997 8.179522484787025 0
0.301750367661348 7.854777462795335 0
-0.1765251145643417 -1.365434651609095 0
1.487642902678307 0.008833515844539938 0
4.74522646983006 -6.509674766310306 0
5.267911089821344 -6.114617089469093 0
-0.7255005250175288 -0.01055579570622208 0
-0.9028542150820265 -1.345637156618364 0
2.94823106860973 0.8204661033902606 0
-1.212355268454717 0.5664552868409484 0
1.137020740478358 -0.08328849273623733 0
1.131471979497323 -0.1175622415750415 0
-0.6364424031312208 -0.4452903984539542 0
1.852692896729787 8.218659413671611 0
2.380477595094333 7.921545306608603 0
-1.345425441271833 0.4570601054017089 0
0.2755328707602035 8.472219135196754 0
-0.2533178462008111 8.13441674343068 0
6.976220699495293 5.414609951481994 0
6.446723883451854 5.709961225493762 0
7.501825176675892 5.110768059619091 0
1.915705064588066 -2.017026577433919 0
2.156109973087255 -2.167271055496894 0
3.962446471944585 -5.117111027819119 0
1.925674146616645 0.1110283690658348 0
1.85372647981819 0.156249752490719 0
5.34583302620425 -6.774150101305172 0
4.826311847440826 -7.176745040206685 0
5.863984926558235 -6.367169633711228 0
1.106637030764028 -0.0969633186114634 0
1.098393734726206 -0.1312858011607423 0
1.110960580002081 -0.06775361400776718 0
5.511865570206652 2.281428799194352 0
0.04506810286667609 1.646639431136975 0
0.1893391072547057 1.762603893716937 0
2.382567049525932 8.54123630953206 0
2.946280777543707 8.222169096900434 0
2.7424540161614 4.193055259654573 0
-0.2855481998398265 8.774033152508885 0
-0.823142134146766 8.423261586716592 0
-1.378980519414858 0.6356751874338313 0
-1.130678890079913 -1.262644510743685 0
0.2633148137872999 -0.9548486261179823 0
0.4281791706411539 -1.003658339444593 0
6.976452748129313 6.038468481699827 0
0.386937700121235 -0.8428084497549753 0
0.5393144480689386 -0.8848983350059179 0
0.2476688536979927 -0.7971794060118831 0
5.757371731365046 -5.714072460272072 0
6.380083712713928 -5.961699764274677 0
4.39727171968059 2.476524630297938 0
0.2672295943106244 9.120601922532577 0
1.086076703240654 -0.07677167122801441 0
1.090751874009685 -0.05375813207594411 0
0.4887455466375387 -0.7298110563461161 0
0.6436925320457538 -0.7779836263093646 0
0.6874195419945643 -0.9220639528406764 0
0.793151892643166 -0.811738309071329 0
0.8372517798378993 -0.9578910201899666 0
0.94068439825523 -0.8448872850343797 0
7.502065228762747 4.48719219002101 0
8.048020820972667 4.791483776261679 0
-1.525825002233598 0.5152237651704927 0
1.070946761342484 -0.05928754389421369 0
1.074338994460144 -0.04157978553803402 0
-1.081849092206647 -1.508426827692015 0
-0.7129773308000253 7.792528389155184 0
-1.3324988379188 7.955813112893635 0
-1.397951161028645 8.702047492512502 0
-1.941383546233126 8.330583754261133 0
-1.922628487954878 7.659303758996497 0
-2.484586219327369 7.969293030831772 0
-2.450064672361854 7.319049337510625 0
-3.011862542615965 7.608080142874975 0
-2.959898630875557 6.980048016486428 0
-3.511607845096796 7.253242589459117 0
-3.474445241654371 6.627781304715339 0
-4.00542549741712 6.934979792390206 0
-3.99437462131504 6.274608621029339 0
-4.539794335049391 6.585526557869949 0
-4.513959808734088 5.908398994546314 0
-5.08088591938068 6.188351267156692 0
-5.017580904698844 5.531588156602123 0
-5.6033041561332 5.818142886829738 0
-5.515702593446237 5.155631651751509 0
-6.129412972757774 5.455889667160204 0
-6.083001090404238 4.818049374707323 0
-6.671695042110771 5.095725953239528 0
-6.601491866944284 4.434072331202472 0
-5.11341425899547 6.924490299619593 0
-7.215404644688988 4.723529177132477 0
-7.163636242044651 4.060988923438349 0
-3.545101366787392 7.917441929796074 0
0.612280129672789 -0.6352070157140304 0
0.4925599657290134 -0.6040338754048962 0
1.0578509547171 -0.04644386937387728 0
1.053946603536509 -0.06489959370966898 0
1.061898072629632 -0.03093766199313436 0
1.075897974991108 -0.02588811742938937 0
1.064712858830957 -0.01691226245746065 0
1.076820922776237 -0.01186467256667489 0
1.066714901224304 -0.004198701457753978 0
1.078026670070198 0.001052129403861405 0
1.068383695543747 0.007890250623029836 0
1.205231231641086 0.07933131000513249 0
1.056244349130693 -0.009894262011221537 0
1.08006094646481 0.01384416852395049 0
1.066516532931711 0.02137007387213314 0
0.9951977011212055 0.002058135791408635 0
0.9865053225512908 0.004785936141750631 0
6.488867343974633 -6.625589847060945 0
7.02194516529708 -6.189182583374016 0
1.047549824400877 -0.03508127663423415 0
1.89957219104084 -2.296242193558204 0
2.142992647083555 -2.461477945775429 0
1.929429080854888 0.2034258953702227 0
1.851105388008231 0.2524723122039677 0
6.905078612002545 -5.514354334786194 0
7.550108202575086 -5.749371718738709 0
0.5656855408411228 -0.5313816566263891 0
0.4755518926215166 -0.506355791003184 0
2.938270193003698 8.880481296586284 0
3.526564604922654 8.545597716811546 0
1.093303438313013 0.003579799889117602 0
-6.725558437768028 5.754916435551384 0
0.5417807345530928 -0.4361518257042215 0
0.6246287545881698 -0.4621679705917737 0
0.4540018056565215 -0.4147014860556553 0
0.8830992220653204 0.0162015919084383 0
2.415110790306827 -2.317479381326605 0
2.400982606463187 -2.629892528964535 0
0.01094500442572704 1.837308289694246 0
0.1686002888705468 1.965632713667218 0
-1.329828640382491 -1.417652634438599 0
-7.778385373629484 4.351474039999421 0
-7.711211292304723 3.666819066505079 0
7.438848612713159 -5.073222685752258 0
8.078461495974725 -5.310498539790689 0
7.957584339256096 -4.646368681483199 0
8.606198735065004 -4.871988458895867 0
0.9899104245176052 -0.992538322755083 0
1.08245338128359 0.02895644627657258 0
1.069464734939445 0.03919327679796571 0
1.447677010381321 0.03447167426669925 0
1.235078005654919 0.09677650022113116 0
1.204677695050333 0.114709286780341 0
1.236846813220449 0.1343661385523583 0
1.202524509036639 0.1551444832992546 0
1.239769102734426 0.1772522332320494 0
1.202191438732469 0.1988995843859654 0
1.242068780489848 0.2237286977828679 0
1.200589158277882 0.2486087661351356 0
1.245991577806772 0.27695129600073 0
1.198340598806716 0.3055265408884225 0
1.148771725740018 0.2671523032913299 0
1.249162026245429 0.3367907248471494 0
1.147853946398422 0.3315575083180587 0
1.09909185314975 0.3029079028275969 0
1.097371482265514 0.3604961651052534 0
1.04375180405692 0.3250450523291781 0
1.045313521420796 0.388660481345017 0
0.9921806641141915 0.3575782179787366 0
1.099935665587407 0.4196480971262674 0
1.301663742445858 0.3034245938666623 0
1.306415376725779 0.3711052512107063 0
0.9867191557263547 0.4280192645280916 0
0.9395655455452676 0.3848000418269076 0
0.9418567117465879 0.3287752620201064 0
0.8961746761432059 0.3546850776704378 0
0.8881843495026872 0.4090718488369147 0
0.8420918075800763 0.3703379791360353 0
0.9016841774391007 0.3018091200853917 0
0.8364468278144769 0.4365883273629693 0
0.7870499434308743 0.4023480334504297 0
0.7820210284715478 0.4633992957667343 0
0.7331872593432038 0.4278862788302643 0
0.7383290207869189 0.3709545835345889 0
0.6879514594621103 0.3928719290041219 0
0.6928271206729859 0.3407421503251542 0
0.646560075966892 0.3606604698931005 0
0.6524244074426419 0.3114140625761916 0
0.6067012839117023 0.3275518088619204 0
0.6923296276522111 0.2931008950938465 0
0.6006220660061242 0.3790787615761752 0
0.5618782809217533 0.3489816495203981 0
0.5544763842829252 0.398468295319385 0
0.5159719453948814 0.3669102200503019 0
0.7262387521360664 0.4899959541195453 0
0.5201450455512946 0.3244449932796374 0
0.4772337827601595 0.3387624719221328 0
0.4699362481499534 0.3836444781180037 0
0.4342628496021955 0.3525755636466704 0
0.4245002020383164 0.3991776734673486 0
0.3857581596084643 0.3611756887125243 0
0.3767934022324518 0.4159541475784284 0
0.3381436530145531 0.3828690691716494 0
0.4182628904059172 0.4505855044272888 0
0.3275568831620862 0.4351450088295231 0
0.2879921218784432 0.3996173751074364 0
0.02540128365002861 0.02449392625199491 0
0.04317509314610987 0.03105453862204246 0
0.300594757881508 0.3470567078308162 0
0.2529798755699282 0.3627514755807524 0
0.2605208301757896 0.3174739772058268 0
0.2193183989162009 0.3301028371259584 0
0.2280320936243223 0.2903690352391975 0
0.1882737008650036 0.3021812703420968 0
0.2653063806769868 0.2691932206449985 0
0.1807878309385869 0.3438444016347263 0
0.144111598313821 0.3057129426439592 0
0.4442616924286245 0.3042057878463455 0
0.6591255485395784 0.2679967676891239 0
0.6918680094074788 0.2515258900275439 0
0.2004025506020183 0.2648674729227137 0
0.1364602836324052 0.3570660703538789 0
0.09743266747625196 0.3220227952402737 0
0.2760272037050661 0.4537540951842917 0
0.6641755405280714 0.2305576186856242 0
0.6937802794689729 0.2156313557591518 0
0.08557660647123988 0.3705992963345513 0
0.05167346341378479 0.3349642620732223 0
0.06275711172882327 0.2896602433032768 0
0.0191574246690009 0.3007380079948884 0
0.03117088807943951 0.2587382647628598 0
-0.01028594360932263 0.2671329819374391 0
-0.02466188726395684 0.3110042398703267 0
-0.05631834783811998 0.2733376518876596 0
0.004278580099032534 0.2271509667050349 0
0.04571361893805161 0.2172737115291263 0
0.01679067004517629 0.1932759319459123 0
-0.07291233753925412 0.3230339441614026 0
-0.1068072399814163 0.2801871418148802 0
0.6689442759588975 0.1974255630642235 0
0.6946364517627807 0.1843226489216169 0
0.9414623121516046 0.277984307420862 0
0.9042014774979226 0.2543444334654628 0
0.04667369076366721 0.1839344341684255 0
0.9390631689002211 0.2336537281079177 0
0.90473975366896 0.2114352565118341 0
0.9374190322347308 0.1945856667160887 0
0.9094454831780279 0.1764044985213964 0
0.9372207468686906 0.1607868684793611 0
0.9340855676445452 0.01434478273991754 0
0.964855726183077 0.1770683264879825 0
0.9629832717214606 0.1465493108870395 0
0.9904631901139291 0.1597494637523012 0
0.6715810148561541 0.1681872454143341 0
0.6468873199198156 0.1794798633708177 0
0.6599864014824186 0.0357134978320512 0
0.6959102745465913 0.1570400384746303 0
0.7180911721823873 0.1710624331225251 0
0.7191973994809455 0.1455304769337808 0
1.489756263727283 0.05892562447610038 0
1.367427918200602 0.3315973885222315 0
1.370625633457507 0.4081052390675475 0
0.6087700648799979 -0.3856693484718289 0
0.677945109350184 -0.4033300154235871 0
8.037807743404043 4.159709262770659 0
8.612144776956267 4.464712510231411 0
8.630220212111723 5.105878159073233 0
0.02559938788591644 0.1639865242562276 0
-0.003782068352524964 0.1697012849007805 0
0.003320277405380547 0.01092072590278369 0
0.008785193396387623 0.01559563261371681 0
1.128100927462194 -0.155062799925975 0
1.089919628990023 -0.170862756349857 0
1.12531017349205 -0.1993045940289754 0
1.079179915931191 -0.2175810054355878 0
1.119756811145588 -0.2515013864788233 0
1.066845412706176 -0.2720520204091816 0
1.025488983194165 -0.227295363869569 0
1.11399923129157 -0.3118927190769007 0
-1.561068017831754 0.7104102719943726 0
-1.402211688925392 0.8387412843401522 0
1.052146187314483 -0.3357057871623385 0
0.9112676741582925 0.1466021544494116 0
0.8860197652664965 0.1587909513534943 0
0.008255207503812924 0.1413021919567818 0
-0.02119156005217299 0.148008259856468 0
-0.01148519348278603 0.1240412755996562 0
-0.03856835765428217 0.1276463276801087 0
2.322555734281432 -1.12891919091384 0
1.660544287322251 -2.134801635049373 0
-1.996882109521112 9.016680216913366 0
0.0536944797138409 0.1573289104430843 0
0.8869476259172744 0.129100428898533 0
0.8342446536141795 0.4999942426522881 0
0.654291519064599 -0.3345799861201237 0
0.5945460466716614 -0.3183325000639659 0
-8.35303848384515 3.961659010513032 0
-8.286046884301818 3.265204343671201 0
-7.653228970945209 2.972487794553047 0
-8.218187769920151 2.576398880613918 0
-7.599520085722521 2.297011552672629 0
-8.144591834796223 1.903940588978963 0
-7.546424992854133 1.630155920553738 0
-8.074506145453476 1.244392678223984 0
-7.489357445126581 0.9753434972336248 0
-8.016899694232915 0.5927904172496186 0
-7.42892367781098 0.3224371542804711 0
-7.949973878735894 -0.06456534799158836 0
-8.558191298163138 0.2136687395563922 0
-8.488137891958585 -0.4500446835788019 0
-7.853504957930294 -0.7214449777385036 0
-8.411085895407544 -1.118096820844561 0
-7.771961029952004 -1.382467798510575 0
-8.323626466115691 -1.786541124424007 0
-7.713658693511286 -2.055379243714225 0
-8.258603496291526 -2.461701640343436 0
-7.632629682356752 -2.737073242922505 0
-8.174354552560148 -3.14564337435785 0
-7.546541310794997 -3.423616213687975 0
-8.106488429776061 -3.839543651305484 0
-7.4603621153221 -4.120697932737151 0
1.053534567574921 0.03189485160674096 0
0.8907539716440668 -0.01722092702144999 0
-1.721198863866791 0.5791788431684413 0
-1.676345729605327 0.3719220407832998 0
-8.777965617248073 2.174387772286638 0
0.6500116418960705 0.152198841323674 0
0.6273000523125714 0.1624144591332688 0
0.9115574279414151 0.1201302529199356 0
-7.945166195913679 -4.556883004802349 0
-7.34941479808745 -4.82211763985876 0
1.636994306026104 -2.424240523761245 0
-8.956011962686969 -1.573067542061836 0
-0.1252465945936369 0.3359553064660312 0
-0.1646928445717941 0.2919790559734183 0
-0.07890352474956326 0.3794908918821288 0
2.694132776205952 -2.476580355553494 0
2.679575600362481 -2.810687214586999 0
2.989685075773641 -2.648453315868933 0
1.397986040013882 -2.269182677337569 0
0.6384507153493237 -0.2774154892055244 0
0.5864606301918315 -0.2568391765777495 0
0.6920467312544645 -0.287813963038609 0
1.106473021672638 -0.3808201739875102 0
1.933236462000326 0.303429620857067 0
1.842203757390325 0.3539649510380499 0
3.515320914569472 9.233364938810993 0
4.116280511622813 8.890963489931838 0
2.910052255490569 9.570526325713587 0
0.8649753677940106 0.1426766584343284 0
0.8647946734474227 0.1189867031797182 0
-3.426368533081972 6.025355262888086 0
7.143599233498467 -6.885448055586453 0
0.698368273235742 0.1331776891523447 0
0.7191269347458269 0.1229441186751385 0
0.6289987589677575 0.1388735876843086 0
0.6087512400004219 0.1474637240038132 0
-1.276072306617994 -1.684952863288939 0
-1.014588029853423 -1.76926643096038 0
-1.536427086883181 -1.594758699252008 0
-1.58171279219216 -1.314556913202747 0
-0.02572633119609544 2.043601826869335 0
-0.1881705259603424 1.908336352274957 0
0.1442607695225302 2.181511470888835 0
0.8461500437395926 0.1286776961308168 0
0.8444176060095339 0.1509156582399895 0
9.208921495354531 4.784508872158277 0
0.01017237741320236 0.1175167961226185 0
-0.004070326551154212 0.1026587023289151 0
9.193295722394362 4.100532615265339 0
-8.724980111524475 -3.524449906379394 0
5.390109356705857 1.155981554666606 0
0.6770562013359501 -0.2390297725661488 0
0.7246696226502383 -0.2479112923953296 0
8.729236453026981 -5.559951817250751 0
0.8463089789567728 0.1048476380956985 0
0.8098610843267837 0.02386291525613751 0
0.8641588141009708 0.09810431261765752 0
-6.806754639235772 -4.393076547632552 0
-6.727119889618191 -5.126545655606179 0
-7.253643584547069 -5.520301116517626 0
-6.609578442497569 -5.782230772762061 0
-6.075200872354554 -5.40402456496113 0
-5.959077635064952 -6.0575869119246 0
-6.534230743819923 -6.451241778641601 0
-5.846165801082428 -6.751813097013436 0
-5.299376136848339 -6.348848263335708 0
-5.162974167279278 -7.017570899655006 0
-5.724366392815627 -7.474930793970643 0
-5.036835605190106 -7.72070779109291 0
-4.482431929084704 -7.257932381349756 0
-4.353997849137993 -7.958903446855533 0
-3.815210942483721 -7.493969473292445 0
-3.677886669589276 -8.185993184827741 0
-3.152932785655819 -7.72467093799874 0
-3.007046532779909 -8.413493528286745 0
-2.483974106182341 -7.959149679177398 0
-2.342338817707153 -8.644796660699535 0
-1.803052823101553 -8.204004844434781 0
-1.673062367028629 -8.877755589122438 0
-1.131618133909468 -8.437751960873175 0
-0.9988896221016949 -9.103942015997642 0
0.3487200716717856 2.092034176003802 0
0.331129572112822 2.31441738238301 0
0.5416411898999171 2.23012230848479 0
8.484668274050236 -4.202683835470138 0
9.140368811221133 -4.426329200607298 0
-2.269275040135472 -9.316180007754063 0
-4.18425230575421 -8.675976589008025 0
-0.4646487129765012 -8.661517510595296 0
-0.3293864376681174 -9.356460911370373 0
0.2170162499045629 -8.896356243188514 0
0.3350226468167068 -9.654851031642341 0
0.897280190379846 -9.158707273190428 0
1.023859269019944 -9.916370522906028 0
1.600921123110858 -9.387876773528856 0
-8.400464772438202 4.668962464589884 0
-1.759561121781293 0.7919828358554412 0
1.784856427540784 1.119834806619152 0
7.406867233753001 -4.54098722665411 0
1.055118310502493 0.04916206680362065 0
1.072319112559244 0.05841857922878278 0
1.039755573657929 0.04080263816470842 0
0.6118890378967062 0.1259631377745742 0
0.5922089110100242 0.1338237368520048 0
0.5885195455956175 0.1551492441400653 0
0.5711473275314983 0.1414155558854024 0
0.5674165653454054 0.1632967412456167 0
0.5495233793159735 0.1490931306750891 0
0.629968647070569 0.1178583870664737 0
1.647855868790593 -0.2829563091647743 0
1.573436478694181 -0.3225745068726456 0
1.083694945527395 -0.8802070747158949 0
0.9969165177561031 -0.001624122130379609 0
4.487441612895641 1.343569993758346 0
0.708948160478729 -0.2004404089390932 0
0.752786875087095 -0.2120176354136541 0
0.6660259302185922 -0.1999346897523931 0
0.770337531414778 -0.2552398223980599 0
0.8289190896773433 0.1158778040567397 0
-5.954275843433931 4.16855948594164 0
-0.1846365639187718 0.3512798370596636 0
-0.2265792353174462 0.3034566104320909 0
-0.2033205338106855 0.2413543249832661 0
-0.2680511538985418 0.253808906170119 0
-0.2491864330150585 0.1959583445113352 0
-0.3105325113176239 0.2045950887706843 0
-0.2883817586839844 0.1444254775648989 0
-1.215823788516279 -1.96048928256961 0
-0.9377008251806414 -2.051875765614671 0
1.369111416336628 -2.56071642706043 0
1.121254719224031 -2.39854558670708 0
9.212904272943328 5.48426037413976 0
1.147939970183975 -1.030251381742547 0
1.033079997911146 -1.159676011049297 0
0.5459777170260366 0.1717808171355308 0
0.5282134135657683 0.1566713806593866 0
2.984566317545328 -3.005965351513706 0
3.314620597949021 -2.832565143064651 0
0.531964646318883 0.1349606979137186 0
0.5108572439839849 0.1418926986119245 0
0.5065304897159574 0.1640454921619259 0
0.4892776240647305 0.1485748214906737 0
-1.934440505150933 0.6484978974443596 0
0.01627850226694052 0.02013475371666849 0
0.5248149355773045 2.459089418698015 0
0.7363964564793546 2.367994012395248 0
0.7016662203967272 0.1122257672542068 0
0.7182462209075886 0.1026946011670268 0
0.7166196955181099 0.03198546545261118 0
0.8286204140477068 0.09651295796506654 0
0.8131231914803509 0.104878339610175 0
4.119597034027674 8.197744181476576 0
4.714655606977376 8.539617243178641 0
0.01404196336131462 0.09909748975569554 0
0.001425554784241985 0.08494523748243768 0
3.514268592873257 9.947628287155215 0
2.876926284258885 10.29703109026175 0
0.741535503704521 -0.1734102470015135 0
0.7771311325569719 -0.180865990593334 0
1.744755395424822 -10.12463226294442 0
2.313986418620806 -9.647708056450501 0
1.919863415976616 -0.7102505033842567 0
4.468605673183436 0.6197453758059014 0
1.445471129716705 0.08597371957203309 0
1.492775610479605 0.1146977404738196 0
-0.2096695290390949 -10.09198733592101 0
0.6149833412280659 0.1068071732552704 0
0.5979536923054211 0.04046941854729613 0
0.07305384211320679 0.1743181116783242 0
0.0794435135841744 0.14716044313813 0
-7.181976307301579 -1.650692027206517 0
0.09806437266266695 0.1662177373139225 0
0.1043474119822632 0.1428798314672893 0
0.1210914825099542 0.1589015399590469 0
0.1257602909759027 0.1367075016714293 0
0.1425247376427562 0.1515228501567924 0
0.1467290265171975 0.1306575635435397 0
0.1627656780433296 0.1445926289088675 0
0.1666235203036415 0.1249112560428806 0
0.1814686878666255 0.1376590127024475 0
0.184552316991001 0.1167995955036444 0
0.1993341473696796 0.1309540053150925 0
0.2017161269994942 0.1131788440624838 0
0.2693390132512138 0.05095482508814553 0
0.2169957699578715 0.1227195221105719 0
0.2159981557299619 0.04992430628055657 0
0.1103600369075104 0.1219413309401778 0
-9.011537062429669 4.263579970036298 0
0.4844881756665205 0.1705483475216926 0
0.4679954244386793 0.1547644146092046 0
0.472768316597197 0.1337988749974147 0
0.4518684132872178 0.1394996407190344 0
0.4465476006508565 0.1607256106591102 0
0.4306477943345388 0.1448941035236201 0
0.4248517157934063 0.1660026184804771 0
0.4104442850881864 0.1504909189539924 0
0.4029053284478077 0.1716648404962609 0
0.3881927877424461 0.1522201925157768 0
0.3803074383562142 0.1777222396291821 0
0.3644892619931064 0.1601397371892641 0
0.3694920778089379 0.1382178247160615 0
0.3496523751047661 0.1439477978285528 0
0.7243440049649178 0.2357955241815705 0
-0.01544176783034279 0.08832521465465881 0
-0.00842084208718046 0.07261935418540642 0
-0.02361626590342882 0.07490638901040808 0
0.5158168718244797 0.1216029586305449 0
0.5031883799384332 0.04684017174015249 0
0.5340792136716537 0.1149897969491311 0
0.5514595266005122 0.04392288588142773 0
-3.950431552240236 -6.820765920986299 0
0.2120445286733971 0.1436301912543433 0
0.2317604898277256 0.1373415913579271 0
0.2357072168701215 0.1187721273586233 0
0.2495387250021007 0.1308401839143265 0
0.05708511428623954 0.0346982039236228 0
9.812317408872204 4.431072629918178 0
9.799867069332052 3.722923773230665 0
0.3948534408009954 -0.4720072385668146 0
0.3782794749932715 -0.3953980396199415 0
0.3239470327689329 -0.4421360683416978 0
0.3125516983705682 -0.361959990127765 0
0.2091245457893477 -0.04888578414955884 0
0.2286533269224103 -0.04969468600217945 0
0.1900978604526957 -0.04701515854694153 0
0.2574797492979998 -0.4132086423468762 0
0.2441249897653849 -0.3441310628524912 0
0.1923998604933674 -0.3880557336813122 0
0.1810469293044782 -0.3164621342557027 0
0.03647673815602655 -0.02964138241435785 0
0.1294145113160136 -0.3619769453266579 0
0.3674926909819055 -0.3308301348237012 0
0.1160173846455159 -0.3000939112275873 0
0.06665839095018206 -0.3385372594311699 0
0.05776850104068452 -0.2655197546088008 0
0.01249958966009939 -0.01822572137910646 0
0.006292328246621732 -0.3128939196934591 0
-0.000128256354238395 -0.006522442842543959 0
0.01385401070968467 -0.3819522888635195 0
-0.004968863079579942 -0.2488418763524354 0
-0.05364969184805868 -0.2893352122955577 0
-0.06406446208643586 -0.220054784145852 0
-0.1142274778832649 -0.2658021646516228 0
-0.1274193117849104 -0.2018099147895656 0
0.2324466351463984 -0.2895511282685306 0
-0.1783573641629925 -0.2419919521692774 0
-0.1683834512272652 -0.3133965381334363 0
0.1098354938047318 -0.2367666772108248 0
1.935305314156308 0.4100832594515426 0
1.836745756692647 0.467993787181305 0
0.04974671086968274 -0.03263354903941468 0
2.031025305684096 0.3524647590738686 0
0.4156750286022994 0.1284685053655663 0
3.39048226822644 -0.7274542551749557 0
0.6317457860991265 0.09954414970220034 0
0.7653656937426648 -0.1447202519207069 0
0.7985602472259994 -0.1532987999491543 0
0.732638053171063 -0.1417960402012511 0
-0.1868925666467573 -0.1731576502198256 0
2.397271473522915 -2.982112371680274 0
2.295427928063424 -0.6586924605597202 0
0.8148043661470921 0.08691531292414408 0
0.8278458575373135 0.08005614642622122 0
1.038806362514774 0.02598751884461985 0
1.024861210750143 0.03185030772763023 0
1.025603768338259 0.04827191386111568 0
1.01253229238324 0.04023078597209798 0
1.012015468286881 0.05554740881452437 0
0.9994914801629202 0.04726600326573836 0
0.3419619854273593 0.1642812058017989 0
-1.809666580982786 -1.496392422087661 0
-1.848851554164237 -1.20620819701772 0
0.2474787636235142 0.1503155679551511 0
0.2517349700502457 0.1127827019904264 0
-6.942371412702346 0.6979185690559884 0
-0.2266513229814578 2.128283030910803 0
-0.4049273346584446 1.982118113811777 0
0.06472070779511781 -0.03675730811996842 0
0.1507124678941729 0.1127041891178763 0
0.7994361263510983 0.09433762822006822 0
-1.975020510631396 0.8840627037841206 0
0.5131154683295179 0.9065935706244536 0
1.173250449169037 -0.04633142560729757 0
3.511476945968149 3.7702981110469 0
-7.04431775278533 1.995597582913522 0
0.09969632042734231 0.04175194305170539 0
0.9264065748674821 -0.01419394645474351 0
0.979301213970126 0.007207473692192769 0
0.7970082878302451 0.1103742687606763 0
0.3547356880318254 0.1245926441335903 0
0.3720059282633457 0.05041812157139627 0
1.090603261172846 -2.699185736523337 0
0.8384997634381769 -2.520697994463579 0
0.4571304326652532 0.1183729690436455 0
0.4571637106525661 0.04958288369728026 0
-2.417443759770987 6.707519505854139 0
0.7161796396160645 2.623423091424279 0
0.9353854951709814 2.525232823210239 0
0.7898445655634596 -0.1243284159604387 0
0.8167145757849592 -0.1303245976959267 0
0.8285548106605397 -0.1574208774792902 0
0.8463878350537782 -0.1298859723448215 0
-1.81549848821666 2.476399486672421 0
5.38580606940287 -0.9202445988784883 0
0.3362326550220874 0.1290488244985323 0
-4.462587340280017 5.287029717054223 0
9.015635873176659 -3.773535708811704 0
9.691362108119565 -3.973900492114885 0
-0.2555079894434946 -0.214119528876414 0
-0.3551755930613339 0.1531895295096479 0
-9.052678903331811 5.020028285372005 0
1.54101559083867 0.08283045349129181 0
1.545262968905166 0.1452772776319616 0
1.43834858542575 0.3641970607964592 0
1.441567605662061 0.4474162124936714 0
1.368652857946205 0.4927892018029194 0
1.446518298996481 0.537411412688203 0
3.787137475512274 -0.2868942296838199 0
0.09997237110796853 -0.04232844201743814 0
-7.043736772517152 -3.017313272923726 0
0.8591868265581831 -0.1615001726176988 0
0.8772783224269493 -0.1367597586576489 0
1.170143249997125 -0.3532812955005374 0
2.465789720126825 -10.37761664276707 0
3.047932859423086 -9.885954203814901 0
-1.89229222995242 -7.44613305777316 0
6.069915687582684 -0.159088278624085 0
0.8682493741854922 -0.1093740665413665 0
0.8932184841533647 -0.1135016614296849 0
0.00581077187905775 0.06964306317806694 0
-0.00239953734626019 0.05927945451919353 0
1.166718190278301 -0.4322530181064671 0
1.035571417489253 -0.4069658723566582 0
0.7035657537921101 0.09390348028839049 0
0.7178091203675576 0.08632506171890569 0
0.9202335775084527 0.01521364967446637 0
-1.161273642894259 -2.254748208036942 0
-0.8722170716938927 -2.348129278135641 0
0.35512682305462 7.267174013780068 0
0.9495367199647833 0.01104617387413334 0
-2.166923435197132 0.725183477091315 0
2.498172859400378 -0.200209364236018 0
0.4273280329555432 0.8398984781894585 0
9.134967852364463 3.330369053715846 0
0.3425111632700242 1.691336739583162 0
-3.748128955836417 -3.328987708543967 0
-4.212567093959303 -3.071780532404999 0
-4.17499061408872 -3.615587846404209 0
7.49511916752412 3.8610847138276 0
3.303258899151909 -3.219227582955996 0
3.658267917609361 -3.029855152098397 0
-0.3292203832006142 0.08739676968127552 0
-0.2543937717177671 0.08119085730612809 0
0.9561891386842885 -0.009986392793013605 0
-0.0114776069930967 -0.1924358664434859 0
1.346592935827124 -0.2072153012597907 0
1.234022375900712 -0.3986732197725521 0
0.5655504069570639 0.1858683177436267 0
0.8063451260483052 -0.1051859229585116 0
0.7842549223711461 -0.09985381732595972 0
1.574039012826921 1.799604917694503 0
1.758280392357769 1.916045299267476 0
0.1913469527724292 0.1012611021735994 0
0.9980269064489596 0.0629737555186044 0
0.9846457699267878 0.0537582012456206 0
1.011795333196892 0.07225688609496107 0
-0.130326973683909 -0.1377197881126994 0
-5.599441909016776 -8.205858875557745 0
0.8022044645847272 0.07640308342936379 0
0.7869479571219499 0.08444028029794576 0
0.7585951440337706 0.02816583426581023 0
10.4359496916549 4.061302512980949 0
1.166072728032463 0.1737094341447171 0
0.2045591478116321 0.09729427965210566 0
1.027402534119979 0.01931190737118239 0
0.3419431220064126 0.1115686740390142 0
0.3271705115126937 0.05089578450570193 0
0.3594668380100188 0.1066052155535408 0
10.4235431697199 3.329597885541139 0
0.7728115677644687 0.02639535524821201 0
1.314415859891782 -0.0421615437798863 0
1.235374717404316 -0.4857904984879472 0
0.6734979552556897 0.03589139203227588 0
-2.850010788855117 -4.18752164857929 0
2.842224282797378 7.601191742275956 0
0.1840774036858525 0.04736532983305144 0
0.2280405509714839 0.04944324672194341 0
-9.117365728466314 -0.1883460512148828 0
0.324896968666384 0.1153510987563115 0
0.6436801756649163 -0.03719158760623192 0
4.732416473225399 9.242145727517414 0
5.353671318324737 8.885391101586681 0
-6.307312044053436 -7.943769286883382 0
0.7972879040070495 0.02351876544071954 0
1.354649003234486 -2.876473277661642 0
0.9275267151027886 2.788022519903442 0
1.152853804377905 2.69020115166184 0
0.2842090969376375 0.05194138348455988 0
0.7014560303896988 0.03293100511431838 0
-0.6169762211756267 -8.012051005562377 0
1.363910650841644 0.5862726080600936 0
1.451471885038211 0.6362759078444777 0
0.8151931261078579 -0.02248919194416003 0
0.6436918071254327 0.03733767054287283 0
0.2554256740689833 0.05100782150882448 0
0.8456325951604695 -0.01999657986151502 0
1.009915893274518 0.9199130795638393 0
5.368841346549853 9.618767869132535 0
6.000735406374103 9.242469106068803 0
-0.3132599502268857 9.438339976449893 0
0.2637346625863846 9.803611443578657 0
-0.3613194918353146 10.13904227506555 0
0.251174519096998 10.52676195022913 0
8.311541250130126 -3.539360521929582 0
0.2425794638885015 -0.05051840485577095 0
5.432594581162499 -7.448666259305394 0
1.211771178648374 -1.201983668160271 0
1.079800377547436 -1.343126832063996 0
0.2695448452894733 -0.05033459510102106 0
-4.65044109921359 -3.365003030261635 0
3.199895536628936 -10.63786793267357 0
3.795723000249825 -10.1174695049915 0
0.6733170491873726 -0.03552206538433418 0
7.692006446958622 -0.9849016424536992 0
-0.2493240606642247 0.3666432568490842 0
2.688379689292812 -2.151917276255751 0
-2.209668095836857 0.9901772557631445 0
-2.000820032326093 1.140039245396945 0
8.223947638883496 0.8095226210144766 0
7.752610019569628 1.084041904489757 0
4.702994878989651 7.851230047105067 0
0.3050781771213774 -0.05095489434465379 0
1.151135298599827 2.962048299553398 0
1.424843797954785 2.802902018146775 0
1.388190943629088 3.142321106737824 0
1.679155605626745 3.014277455094055 0
1.638225260958635 3.33981242238148 0
1.932679929751993 3.212500897083517 0
1.967341971076297 2.885250955813011 0
2.228329917303635 3.07797737701468 0
2.257713509002184 2.752212119847439 0
0.7515709880091854 -0.02875792731147777 0
-0.4183638762612683 10.87871409303374 0
0.1588835416853588 2.417300815261423 0
0.3201599418252435 -0.05197121515330429 0
10.40942760564146 4.769310552141469 0
2.645518730224482 -6.760642260587403 0
1.127994332412159 -10.74410332532191 0
2.633301057338453 -11.16404279744423 0
0.5121158385172001 -0.04544677360354268 0
-2.110308445495851 0.4989168323750278 0
0.5414942757258512 0.1975219638524383 0
0.5204160140917187 0.1034093590087443 0
0.53552967758257 0.09731527732344226 0
0.8018215518766082 -2.836146007533219 0
0.5547452117316961 -2.651843343171303 0
0.3491062208025286 -0.05147741395919547 0
1.93903429064916 0.5270587598285714 0
1.832541414774051 0.5885078728833935 0
-4.436209521145161 1.971706774922694 0
-4.823384351234538 1.735732494785978 0
-4.834900926856852 2.203886053320749 0
0.5196349905792763 0.7983634375030353 0
0.4106576175235971 0.0502625727485141 0
1.647150030180837 -0.3650242833292962 0
1.568583977837251 -0.4086683539777159 0
0.3644215230411219 -0.05055939667573142 0
0.8838161104643059 -0.08995489984580708 0
0.9063550986657486 -0.09233540247678124 0
0.9179940248738443 -0.1136290367126465 0
0.9300293986738902 -0.08907483346702032 0
0.9425625249664994 -0.1136255022071992 0
0.8926041085018424 -0.1670407168421776 0
0.9543226936605685 -0.09177505818505816 0
0.6554495505927249 -5.799884006672735 0
-6.182137936149122 -8.707592693175659 0
5.472279500903212 5.139321300384091 0
1.270848387654143 0.1131436474592152 0
-4.808682498947779 1.273542001762996 0
0.7238890839161617 -0.03062626590274582 0
9.817213282839056 -4.690940489398041 0
10.40003277090979 -4.204909237123971 0
-1.759369045323569 -1.794333625336582 0
0.4392810210343445 0.1797767039525249 0
0.3955137327652486 -0.05022135777998622 0
0.4649767614532266 -0.04759442136181503 0
-0.04899213322200355 0.1539795351455301 0
-0.0690200357713216 0.1311454408767666 0
2.942611377943341 -3.349829286851826 0
0.7104716028336536 -0.4920323976161238 0
0.4963209656709877 -0.04524635744133759 0
1.177804990412169 0.06391769542980547 0
0.4097442795773103 -0.05108179298249498 0
5.46597098264025 3.118591261673502 0
0.1263871970860261 0.4078987832074169 0
0.1546939132327092 0.04457174007114569 0
0.06997216375295363 0.422545153968748 0
0.1105153024285732 0.4612919894551892 0
0.04984249957314314 0.4807642298330801 0
0.0979244268233414 0.5250692343844348 0
-1.111003856955657 -4.958310642206869 0
0.3195178059067878 0.1316834936646943 0
2.365581058074646 -1.53549894132656 0
-3.068185916589789 2.779500215065017 0
0.1166382914232161 0.1841630978821543 0
3.510603531633191 10.68982629690889 0
2.842955245704031 11.05950016864287 0
0.4494697594649296 -0.04899545148966537 0
2.521609408024262 2.943815980329783 0
2.557113362277761 2.62270888016646 0
2.811360688020497 2.799388575061466 0
2.851415681778361 2.486369121860235 0
-0.2669677832742213 4.51276132410483 0
-1.553070988201232 3.744249540213751 0
-0.3347945912025755 0.2662098527471976 0
0.9685957229990044 -0.1143017402676802 0
-4.291418293125274 -0.899156530167825 0
0.6186938406290536 0.08980358573003511 0
0.6041762848919974 0.09487969351019751 0
2.687052714667161 5.523871862811423 0
1.261350193122869 -0.8975956088918392 0
3.032470358670484 0.08196852648991096 0
-0.6453386661333282 -2.139043617615936 0
-0.5759635853534412 -2.439277859941452 0
0.7885819636436414 0.06803990819336185 0
0.7753119659203469 0.07542072621017781 0
0.7720603318683261 0.08868034528655173 0
0.6325764808274809 0.08348234380700563 0
-2.058202202048311 -1.681810487785049 0
0.1598745572512899 0.1665480618950694 0
3.751000424564089 -1.622531702454544 0
4.017739280623578 -1.799899001024164 0
4.317527123603548 -1.63847401463738 0
4.308827143516306 -1.993373838988396 0
3.49265429936535 -1.459003642511238 0
4.629637460335585 -1.811542913620008 0
4.62323123142198 -2.197675713504728 0
-0.2019737454651072 0.4188907119286148 0
9.546350227190732 -3.2268385234689 0
0.8014024687573702 0.06195541389024728 0
-9.69687096516479 4.58307972196101 0
10.52167101738037 -4.969801648151048 0
11.08050306208546 3.679207011942859 0
0.7983203756631116 -0.08114482502674095 0
0.7780717693594497 -0.07937704761952033 0
-2.420855538059631 0.8094763765775547 0
0.01001866149133986 0.05514184999531951 0
0.0184750004390033 0.06582648080068815 0
0.001268929643507824 0.0474200626559609 0
-0.009209499777161057 0.04943681488532117 0
-0.0008016633992637041 0.004128183069441169 0
-0.004750517565019697 0.03931183596858607 0
-0.01530377637990445 0.03997387247292929 0
0.7042069399910762 0.07694525521067558 0
0.6910055772061015 0.08453100489290646 0
0.02806465288586255 0.9451399304720365 0
0.2053209022903894 -1.488044527324967 0
0.4126113970710257 -1.54539270137855 0
0.2543590979360149 -1.710613746611114 0
3.124619534735821 2.676431608447454 0
3.139004883595086 2.353827908814873 0
1.279258375498333 0.197863086056951 0
0.9834877332583911 0.07040100240551747 0
0.9694965179411692 0.06237699558379652 0
-0.8425331467381096 0.6926881387250887 0
-6.932581072646828 -8.419491590038925 0
-9.757541877123881 5.36044280623504 0
-9.088527340154201 5.803587982718562 0
0.487672368253753 -2.987132952269103 0
0.741173645846104 0.1578745859567559 0
1.149556682469511 -0.523795200296111 0
0.6894175537306169 2.871104381543955 0
0.9933409132257423 0.1912392383427713 0
1.021260699357772 0.173159033079235 0
-0.4406337151004166 2.216160912798913 0
-0.6244527829571692 2.060133031336758 0
-0.5658709411117524 1.80250668044802 0
-0.7994355792082686 1.902053721759984 0
-0.759410150648068 1.677774736011315 0
-0.9749332440966346 1.753249240524697 0
-0.927831753606232 1.534095207814488 0
-1.131365920815287 1.604864415186522 0
0.02996047574817581 0.546266207796114 0
0.08242997460458676 0.5982342484708163 0
5.98901414353707 8.498586120401875 0
6.633008906701439 8.886913576634603 0
0.3974197735262038 0.1960459170131997 0
0.3718641236906136 0.2028084168391072 0
-1.031785266160304 -0.3026345292990827 0
0.3298831737238518 0.09982829113344646 0
0.3144002622559014 0.1029753795521552 0
-1.107107828594805 -2.563082974565321 0
-1.401860224651366 -2.471395681950935 0
0.3197542714758423 0.4931060178286138 0
8.2315370379961 1.3709037384825 0
7.743338944299344 1.639583279372713 0
7.280020151482772 1.359384473259447 0
7.28040423681774 1.876189544168564 0
0.7179074513316964 0.07115396124962642 0
0.1780058789529165 -0.04694974773063824 0
0.1273243539824856 0.04205288585139156 0
3.949172883722706 -10.90417765158689 0
4.55608730014971 -10.39607654829866 0
3.645568210053663 -3.444513058553496 0
4.014642772325261 -3.24078571886872 0
2.006107950463078 0.1576569584916632 0
1.110630422980563 -0.04460284352919026 0
0.9437955284091895 -0.07189849720770201 0
0.9642891037629734 -0.07235101938458605 0
0.1542840740765801 -0.04510503739069029 0
-0.4026274677215087 0.09778150761679667 0
-0.37493872395567 0.02538749327693276 0
6.018357276999565 10.0130684824763 0
-0.3075187224394563 -0.8163401328196205 0
0.8625689271157245 0.2773437694743252 0
0.897763014605751 -0.07175338133212622 0
0.8778364145861051 -0.0699505374560689 0
2.391161618358312 0.1323022194119154 0
-5.229041301292585 1.487269755101168 0
-5.210933245734303 0.9966902330491005 0
0.1433886395223627 -0.04441469461228701 0
2.884549931559837 2.172396824635145 0
3.164890461883318 2.035337842723191 0
1.276463453880084 -1.388820224657495 0
0.1199379552164198 -0.4453081971558545 0
-0.08022598785042498 0.1601635483425299 0
-0.1003701880188341 0.1331371238136425 0
0.239908516537322 11.29108056175371 0
0.19479485838261 0.08768232723515987 0
1.725794284220315 -0.3285078999602445 0
2.88144245904364 -9.096833592265439 0
0.6888339299421971 -8.471778545554889 0
-0.4313372133902418 0.9735900330940809 0
11.06244943142111 2.910653987626022 0
11.74559815177782 3.282074318739589 0
0.8705806655848054 -0.1958498205359956 0
0.9764128958132853 -0.351875013710039 0
1.600562498099129 0.1082528432086313 0
1.603911679988845 0.1772071918095855 0
0.9608804026840845 -0.4331061284807325 0
-4.616166522480091 -3.925325077499854 0
2.934291637054281 0.4568803346357305 0
-0.4319962928744037 0.1648967169507775 0
0.5620743800431153 0.2145256521940374 0
1.443549658881987 0.1418876892128071 0
1.512771054886566 0.400423584968487 0
0.2075054240917017 0.08384868079390906 0
0.6213434235969125 0.07501103542623085 0
0.5240803672644071 0.08503726910864061 0
0.5090283941842562 0.09193361148717397 0
1.136050332355447 -1.543316450290217 0
-1.629373300739157 -1.030833575936039 0
-1.88424425052495 -0.9233934305125584 0
-1.66734421619671 -0.7565725745895132 0
-1.918195245573194 -0.6507893525456054 0
-1.707529274390704 -0.4887822337922102 0
-1.955846045550063 -0.3826291846242263 0
-2.170950258985655 -0.5335550768545013 0
-1.027044562732749 1.968816626863781 0
-6.880898570769846 0.06541134734412297 0
0.5387372419735927 0.08178980112783707 0
0.5494934228011803 0.0909454616514377 0
4.902689797930813 -7.869932597948784 0
5.539328150390272 -8.147794138774184 0
0.9685231304245995 0.07817578585710115 0
0.9546061638099809 0.06876845077433127 0
0.9834895956166929 0.08855721233565812 0
0.1187044507349411 -0.04208619745759516 0
0.1209574099559609 -0.05031548611548948 0
0.955851634664671 0.05276111755412297 0
0.94150345521363 0.06023526412354961 0
0.2701990953628826 -0.4780351703002435 0
-2.467588306605212 1.09844804147909 0
10.4117884094212 2.612130983532167 0
0.7839936495620063 -3.18571718488208 0
1.221294043790487 -0.1220306679369268 0
0.775812648105955 0.06213054742354525 0
0.764481010288579 0.06759459897670646 0
-6.794644268042593 -9.230554443169058 0
-6.025236064659138 -9.499999382206438 0
2.48886450182497 0.5213872628919074 0
7.714823863629687 2.173870128077576 0
6.418586589060004 6.347339906301317 0
6.975782787287541 6.690809174389273 0
-0.08340670697055659 0.1036184339279736 0
1.646036825726099 -0.4620223900915275 0
1.560758473749005 -0.508733889256569 0
0.7417233417558098 2.141567854347951 0
0.9549377173432054 -0.0555330468844971 0
0.9723943990531374 -0.05520634985511292 0
0.9837158286884568 -0.07185395619889072 0
0.9893057322620976 -0.05511221109601431 0
0.9376489381667469 -0.05462278642374719 0
0.9818674654134791 -0.04261833445695618 0
0.9943010134970354 -0.03947751469429161 0
11.11803268073532 -4.471131084455378 0
10.99268366414643 -3.704763410967215 0
1.360758835476653 0.6895467807991249 0
1.259303394209971 0.6251777754980469 0
1.457520007142735 0.7451286747399444 0
-0.2771499692974795 0.4358648260841814 0
0.319071546398203 0.08880940370285687 0
0.3042855257334933 0.08969309130252362 0
0.2993830961859111 0.1054863125237962 0
0.3331508643961156 0.08553189948244266 0
0.6912681079878974 0.07014081091006188 0
0.6801407631612297 0.07572828956121963 0
0.6756328589348606 0.09053031194351838 0
0.4419573373072168 0.7401108405474984 0
0.3570986241555836 0.7710270261440131 0
0.5289678785876627 0.6994924112370484 0
0.6056228661507891 0.7544182551065379 0
1.943136578078288 0.6531935706041416 0
0.02214269090437482 0.05406916306421505 0
0.02999359266076808 0.06264472916907807 0
3.385208620297246 -4.874396227477179 0
4.966680118860978 -2.003975032936758 0
4.962656644128074 -2.411329650484162 0
1.400526343873514 0.0573596949362002 0
-2.211534569273173 -0.2656688086691306 0
6.822613621713298 1.617384775885328 0
6.802289768997704 2.146929060722141 0
1.001646186866333 0.03306680272336566 0
-2.118789410538432 -1.091198796929046 0
1.431919346317691 -0.1627513049974854 0
6.829514691603578 1.109304352218516 0
0.2904456199830271 0.09386649992756874 0
-0.1974653728959341 -0.1000074262461172 0
-0.1331907482356051 -0.07314691286228636 0
-0.08964174343403347 -0.101122995283168 0
-0.1033882083053976 -0.03726028154907116 0
-0.05993896093333342 -0.05837560232944924 0
0.8187471156820023 -0.08766917528197338 0
0.8123746214563606 -0.06889615993038806 0
-0.2198094086794783 0.4945808808844844 0
-0.4501088859980651 11.65905124045297 0
-1.122495848864188 11.22846492678482 0
1.176725627493144 0.03520348295609275 0
-2.439556978959228 -0.4254439007249898 0
-5.113124123951382 -3.678263143013744 0
-5.138898073053275 -3.103504677309115 0
4.006508185132525 -3.678767651758196 0
4.410255939311868 -3.468634255207812 0
3.475504814074406 -1.759831702190915 0
3.226671219424407 -1.590306181437046 0
1.019198627591184 5.976690547961814 0
0.6329497538849298 0.06949016442505829 0
0.5511046566870108 0.07665543539701528 0
0.9857795715024187 -0.03091663311138636 0
1.000850952579187 -0.02950103266419412 0
1.006243610618127 -0.03846717685687452 0
1.009627713180786 -0.02864093396944161 0
1.004413741408109 -0.02161933526042185 0
1.011708632571475 -0.02050166482890377 0
1.006717076157284 -0.01401529588681401 0
1.014213100453876 -0.01339530905837145 0
1.000513212543618 -0.01572592112965418 0
1.009551648782384 -0.008490995028956762 0
1.016651590535462 -0.004720166489254379 0
1.01239622725623 -9.00815606416118e-07 0
1.0224682464972 -0.01212866353005528 0
0.9541924049849986 -0.1396021230841353 0
1.025804408925124 -0.005555114464458251 0
1.833686395930472 -0.1877657290505919 0
-9.633321170347262 3.819110447682124 0
-10.33835353812166 4.136938184362148 0
-10.27050084862641 3.347323291936209 0
0.4749625989737477 -1.774119874712558 0
0.886974878537693 -0.05681356152732242 0
0.8725946448104798 -0.05421809075077817 0
1.152766619027596 0.04904174629447984 0
1.152399405638942 0.07695888125066787 0
1.152036662198781 0.02267376729863624 0
3.206437774362469 -7.016963153026618 0
-0.1215732100099243 0.1042134224912142 0
-0.142263246678345 -0.0239034652435333 0
1.000694520769479 -0.06940681556474568 0
1.90165164495917 3.547285662545284 0
4.263097793657643 4.6919218594864 0
11.2612456054427 -5.255227041022111 0
10.64974317081961 -5.74115507492984 0
0.3914231651852039 0.22282876291274 0
0.3620523879559326 0.2306331554010007 0
1.553451834841662 2.026587236111504 0
-4.136744466132486 -4.141441584253463 0
-4.576627057349299 -4.486287656241956 0
-4.07521658202459 -4.713730275562321 0
0.976168609862252 -0.03187447907346382 0
5.331989650948385 -2.207775935248331 0
5.328006670818355 -2.644531454547361 0
5.731123420653798 -2.420029758166999 0
5.718161938751092 -2.897407555704373 0
6.149871667381294 -2.653971683195501 0
6.137538289720743 -3.157338326654279 0
6.583902369826315 -2.909919194816484 0
5.699500113588472 -3.38921397140497 0
1.496842193580978 -0.3619483882454555 0
3.42115399506443 2.214427971604648 0
3.444715420762299 1.89489650730183 0
-2.003541824220566 -2.012085745921037 0
0.9855605531998881 -0.1410377196224362 0
11.73182813713364 -3.962362145334584 0
11.58924801018832 -3.182129319504972 0
0.004135072978669737 0.03806862408486024 0
-0.001888943109391247 0.0306274604110391 0
11.72505795124502 2.489515068210721 0
-0.3560287397830476 -2.224453097899023 0
-0.7283867390372397 1.460836612153948 0
-0.881687315642127 1.326427878748937 0
1.285305363234541 0.02645030164364449 0
0.8295280232882377 -0.07209734258266864 0
0.8222560199129281 -0.05714804199993123 0
0.8090462173355358 -0.05409825307183379 0
1.850177927670809 8.812692277387042 0
-2.472192899110608 -0.1529501523213487 0
-2.329806027278429 -1.884894859505469 0
1.016415447276544 -0.03647512618478552 0
0.9395839694675684 0.07526140537362953 0
0.9274375190187203 0.06546172946413588 0
0.9293311723590436 0.05048871024787295 0
0.9157726200444614 0.05652615323921729 0
0.9135032145175349 0.07024231203986125 0
0.9028625612687 0.06083062924073036 0
-9.184263119942322 0.5154444941233974 0
-9.775152109153254 0.09305176533685117 0
-9.835215790550709 0.8400087275750285 0
-10.4586785882284 0.4100597860591071 0
-10.37713366219319 -0.3529410998304551 0
-10.52318929813096 1.294837267587696 0
-11.0985740516134 -0.03560755650046486 0
-11.01214368943721 -0.8405163913810237 0
2.915976691777634 1.869437111215384 0
2.655048591924598 1.995579326110847 0
-0.08873783199975518 1.537132239269083 0
0.2937858284746883 0.08089174424386299 0
0.2824592087603828 0.08308744929914827 0
0.2611665886241988 0.5144355693237318 0
5.372601894059637 10.38313564794936 0
0.5348105145997786 0.2263579543647095 0
5.391433860701742 0.5141148153786033 0
0.9009375437219027 -0.3842399476152965 0
7.555495503206228 6.363349365854259 0
7.559615138707337 7.051286250222746 0
1.758898061645343 2.153475795984096 0
0.5622165552638033 0.08476859907189933 0
2.055413068738814 0.5860569006922477 0
0.05924454921571837 0.135048570511893 0
0.7645195391146444 -0.09336725123456985 0
0.7604210307474513 -0.07479270023738321 0
0.7468605253359782 -0.08682418631454439 0
0.7440298417813128 -0.06774144540055473 0
0.7306023754780295 -0.08066252702816874 0
0.7743606104487779 -0.06240673101385277 0
4.395955160902584 -3.922049514328563 0
0.727361258176846 -0.06482970070445881 0
0.715092111162102 -0.07561751295119751 0
0.1820540883625013 0.09067625235886961 0
0.1863237103184087 0.07757076005265498 0
0.1731512322080587 0.08146493823241975 0
3.509760068857178 11.47611675645877 0
2.807051452974098 11.8591699199597 0
12.35205273985637 -3.439415147535064 0
-0.2916682822400141 -2.529509414333089 0
0.593405268252403 0.4317334853968001 0
-0.4720519577118581 -2.770418783938987 0
-2.69443613456618 0.9003785368581851 0
0.9049860786207732 0.04740406010532615 0
0.8930863830379223 0.05220458276646549 0
1.434012965361028 1.128899874588152 0
0.5636115877726292 0.07147344216933804 0
0.5440957138518949 -0.2986297883127361 0
0.5348376760834682 -0.2478376226877511 0
0.5660482736466663 -0.2149482608435692 0
0.5273991472796237 -0.2047324795090394 0
0.5569016815329165 -0.1780155560100709 0
0.5225138298408275 -0.1651746038864125 0
0.4961161731125351 -0.1881799893091497 0
0.4903013595354969 -0.1562867065871937 0
0.4671716400846315 -0.1750332169431672 0
0.4636930420876169 -0.1457238058930034 0
0.4405545374944152 -0.1628489425146717 0
0.5499013757896968 -0.1445938740771467 0
0.4388611228102358 -0.1323349159182082 0
0.4159033115901125 -0.1508787871497083 0
0.4142149403355793 -0.1252919969753322 0
0.3910999843191837 -0.1373001845046232 0
0.3939186872526185 -0.1668107901008185 0
0.3694926591785979 -0.1548301160097966 0
0.3663138526546719 -0.1305859646928672 0
0.3454380962301397 -0.1432520262188918 0
0.3466783342215488 -0.170721481940386 0
0.322824512043852 -0.1563841740889052 0
0.324455405468179 -0.1278314455208784 0
0.3012774271748949 -0.1418625869124112 0
0.4850861516406131 -0.1268576584272501 0
0.3027892972869336 -0.1180913365556126 0
0.2803252475019933 -0.1267453063301732 0
0.4428137931810641 -0.1925891705062503 0
0.2788496383007348 -0.1530682321763048 0
0.2586493212456821 -0.1387946818011628 0
0.2608628022085722 -0.1150770733489434 0
0.2398286183947625 -0.1261562430567092 0
0.2361767411982501 -0.1496381887985983 0
0.2162530900771189 -0.1321531753973781 0
0.2105559710026335 -0.1600119925336866 0
0.1906851981143861 -0.1421083662110025 0
0.194712813794826 -0.1170847542587361 0
0.1724039230372641 -0.1248734385472719 0
0.3199784669889466 -0.1062291837567666 0
0.4305672095189045 -0.1100561493904752 0
0.2417818144258795 -0.1044849807465952 0
0.411777457620369 -0.1030288273147904 0
0.5779885353027402 -0.1549034427608852 0
0.572202778500619 -0.1269598263983918 0
0.5950296633756128 -0.133019322308517 0
0.5889014924686237 -0.108992295465467 0
0.6100460574053785 -0.1142566529723626 0
0.568512950221806 -0.104894249249039 0
0.6064189299952063 -0.094559956880407 0
0.624721789343422 -0.09920783964422922 0
0.3215444407909077 -0.1860121103122733 0
0.3498679135364118 -0.2022069356451427 0
0.1782031620858046 -0.101188592832343 0
0.1566071053068564 -0.1095770411933842 0
0.1504150153333185 -0.1324805092223043 0
0.1350059627862841 -0.1166335397468552 0
0.1977399964272238 -0.09478092281270906 0
0.3039675005607749 -0.09766336777705925 0
0.2594078108672544 -0.09495593079604767 0
0.6217234332354908 -0.08081976267698503 0
0.638739630944684 -0.08648588044209179 0
0.6436463619044976 -0.1034596280130223 0
0.6550850279913676 -0.08893235053910771 0
0.6621330602680127 -0.1067245719405373 0
0.6490206007313379 -0.1234026720677 0
0.1269039002955333 -0.1394972888893288 0
0.1090802170184777 -0.1184183215527943 0
0.14848838233476 -0.1622458190677149 0
0.6040553838787058 -0.07689553240683722 0
0.1011876400762459 -0.147860785735903 0
0.08186434782467897 -0.1277590546202618 0
0.08746680948259539 -0.1023052016136702 0
0.06341976874403497 -0.1086910787516565 0
0.1614435849209877 -0.08895938155098063 0
0.3193273059964954 -0.08880845118409875 0
0.3342001680371127 -0.09552363141044637 0
0.4273411563430363 -0.09129314522680178 0
0.444419880061648 -0.09651309023214394 0
-9.814037050375852 6.162421984358155 0
-9.135205312957789 6.599851496087358 0
0.3110054249246331 0.5568676677239806 0
0.3162750652281725 -1.965929349445158 0
0.7291931913802404 -1.049315072029513 0
0.2330375168036019 -0.1778795039745219 0
0.2037243213554925 -0.1904138342391528 0
11.75724245032701 4.073712366868238 0
0.246413980705272 -0.08548556520082418 0
0.00952288835715908 0.6188838955703432 0
0.06640708725242718 0.6757527217430553 0
1.834058162327234 0.7124344833975702 0
0.06950322350703254 -0.08501571268778423 0
0.04725803194122774 -0.09216474900633005 0
1.055165576306451 0.06974397897572134 0
1.074679069071244 0.07986528423976838 0
1.054815553361616 0.09335307200932433 0
1.077714412621774 0.1049178533516791 0
0.7654732382472239 0.05555602144885311 0
0.7546071564873673 0.06047987073107101 0
0.7527803295813509 0.07422227550461317 0
2.695949576285109 -7.385454927294577 0
-1.304045654299035 0.3012364160352213 0
0.7752400397974075 0.05044595526296678 0
-0.4550428878269848 0.0345982075527872 0
-0.4267437230212471 -0.04291087682836601 0
-0.104806981577831 -0.0004361002540931094 0
0.6489128382086448 -0.07235737545805246 0
0.6650156052537448 -0.07524365720384021 0
1.964517052523246 1.786596841234303 0
-0.69380520126543 -1.405000509918938 0
0.03940663468011808 -0.1140010774803224 0
0.02394748928407055 -0.09527754825228404 0
0.03420577206099003 -0.07420184522280338 0
0.01101946009220805 -0.07684168757489721 0
-0.0002292399434889389 -0.09778164141764116 0
-0.6712107460113059 2.300860403826352 0
-0.4716095123888725 2.465165858894329 0
0.2676475872012987 0.1405778163052471 0
0.2637619792621714 0.1634240390227435 0
0.2431136949967362 0.1724016146146669 0
0.2614905320580012 0.1870010926488134 0
1.024586121605457 0.2081429999965324 0
0.5438089028604796 0.4530976498362561 0
0.5885851627487864 0.4898751463542794 0
0.5314660230005797 0.5135644569899044 0
0.5108926714978979 0.07687424133576701 0
0.4978381914481473 0.08163410766648997 0
1.650170738165487 -0.5663434924735473 0
1.552593514850733 -0.6237422735168453 0
1.170204902935691 -0.2282473920068117 0
-11.00627821695455 3.68241737045315 0
-2.6386127421959 0.6075538150776799 0
1.054095131891331 0.1884340609856007 0
0.9084341099828573 -0.200602437415396 0
4.719284857879267 -11.18622361719068 0
5.340154818082899 -10.64363708417541 0
0.8899176358113298 0.06453003526764128 0
0.8809516737872969 0.05543380007471092 0
0.8838259023565167 0.043536501373029 0
0.8724801650270682 0.04703966893775888 0
0.8692780258183972 0.05804680268412048 0
0.8617154457937366 0.04943668847593248 0
0.4112491880598192 -0.08255759167433357 0
2.821805352511246 3.122836102494656 0
-1.355196340366919 -2.7981873634357 0
0.3960420166697456 -0.09455903904076375 0
1.585121625940025 3.679195055577929 0
0.2392291040252804 0.1018829122059615 0
0.6809856452702719 0.06292227527822787 0
0.6706130679088591 0.06826249545793858 0
1.397031459519731 -1.237251151618676 0
0.7345551537786916 0.1120697413239772 0
0.1494361177394532 0.6457742570210568 0
3.258759585063812 -7.676200589166795 0
8.173129151860243 6.701540767957358 0
8.173074260355211 7.427166316359301 0
8.81782987317847 7.060533428758424 0
8.823071197950028 7.82815115831742 0
9.509896914967076 7.429690094945834 0
0.1763306330296043 0.07018380080667752 0
0.1649249803709943 0.07309850636199826 0
0.8927094337833985 10.17018586129291 0
4.521595597037443 -0.9288157757318558 0
0.6728741828619746 -0.1281641229136398 0
6.131218142957739 -3.675781305434127 0
5.676195858161408 -3.891766525345447 0
1.861037943163802 3.894843684679404 0
0.8808810304417787 -0.04238584577619047 0
0.894284997542434 -0.04364341191294205 0
0.8678067987930316 -0.0414057596035036 0
0.8596410271829378 -0.05098771655449527 0
1.742466130268063 -0.5118344955148304 0
0.558273264235273 0.2459312394020657 0
0.6213294417994188 0.1881804841004273 0
0.3205413239998975 -0.2209148706331603 0
0.615245143317102 -0.06636374684313293 0
-5.648759918856942 1.225199907802922 0
-5.671373629575701 1.733094972021416 0
-5.620791700495174 0.7201918134414804 0
0.4944512010132439 0.09590164172892857 0
0.4844868792977847 0.08542599073269101 0
-7.561296293351987 -8.944963193058348 0
-7.695602177945021 -8.118182960800651 0
-8.344788289199471 -8.65136096995808 0
-8.480293230437407 -7.809102729386401 0
1.649756948002762 -0.6891814240104732 0
0.07317114560280662 -0.156985813831504 0
0.6912331066387712 0.05750138408125736 0
1.246180140673381 0.4042701318176767 0
0.613247470981594 -0.0394452379459177 0
1.346440973772634 -1.583933481180996 0
2.282047167188561 -0.4096518255716903 0
0.4953233903235693 -0.2795655944414254 0
1.535310712770852 0.5773692921426532 0
1.031676351909194 -0.01128235306804545 0
1.035625609015426 -0.002712897875275704 0
0.02002517922709123 -0.05687178502140997 0
0.001703421302246614 -0.05821932715672493 0
0.460496251456251 -3.346772789298568 0
0.2383344786762637 0.1966829932895625 0
1.226769737057372 -0.5899241805429239 0
1.586122287945476 -0.03964224452232334 0
0.9454002661221141 -0.04195856598117882 0
0.931266109633207 -0.03923301227092384 0
0.8837163702583594 -0.2345176179893345 0
6.116872071198003 -4.202962954790294 0
0.1325021019618727 0.7320938260485322 0
0.2274259528404601 12.08829001981645 0
0.7176087241340773 -0.0920000016263498 0
0.7128440959075732 -0.05895179895141284 0
0.8647007026928337 0.03943576472222329 0
0.8545488896772319 0.04134511632041583 0
0.8509591051169035 0.05115896841198787 0
0.8438968895845573 0.04179736986667551 0
1.293150524564488 -0.2321932813425985 0
0.03292509667231925 0.05016457196418057 0
0.04067823251015262 0.05949791596246898 0
0.03811305398306789 0.07158934376157719 0
0.05069284598177373 0.06631348453797277 0
0.04726594185035719 0.08109325427751297 0
0.06040501664883825 0.07711199470038674 0
0.0645220974925573 0.06393958363730681 0
0.07410202193116681 0.07320775770575752 0
0.07061362201738211 0.08710121295470126 0
0.08407541382233959 0.08232214772172822 0
1.711872059700628 -0.02693836788838791 0
-1.744647376853029 -0.230369325910954 0
0.086962653732458 0.06905638484868817 0
0.09694835236405222 0.07747272746772493 0
-7.423432741702019 -9.768937646484758 0
0.0907687487772816 -0.0805638833001428 0
6.036955252555527 10.80752784238414 0
6.71397953906768 10.42810809074023 0
5.345546556465432 11.19843462885029 0
1.359041139131035 0.802602885105979 0
0.2854983403664444 0.1739381878180958 0
0.2817356494700891 0.202475636793532 0
-0.1385948571418711 0.1387035161935766 0
0.2604176483884378 -0.07911633183256109 0
1.344183332217319 -0.2675667385354456 0
12.43371949963886 2.873765491565383 0
0.6228226878070082 0.06215004858566432 0
0.6117030884149681 0.06674285078644351 0
0.6134789362235924 0.0393592638004898 0
3.997072243445851 -2.146388460374027 0
0.5616856222663301 0.0988815292790382 0
3.24726317949668 -1.296717619441975 0
2.999865442512975 -1.424835548335564 0
3.021006306093825 -1.158264833021544 0
-2.7191125245137 -0.3236784365584291 0
4.232565445581161 -0.1966915190366981 0
1.092218128933102 0.06570865103870455 0
0.3054646726974685 -0.08090815130130735 0
-5.621887922065021 -3.418933266114498 0
-5.617086403499858 -2.841478807880517 0
0.6204578462359938 0.665070208692403 0
0.6871569089560434 0.7107603363497447 0
6.840170622529421 -0.08489771404346574 0
0.9226283583207227 -0.05197618005006761 0
-2.749184766860077 1.201919373236642 0
1.546727424023143 0.2097219354157225 0
1.606930427520178 0.2493400513704106 0
3.703291524630984 2.067080039231063 0
3.711951436110431 1.756232857868268 0
3.465601627147952 1.585056024574918 0
3.719435027489767 1.450193753248719 0
3.486533679733996 1.290928025260941 0
3.738304917763778 1.160106712508629 0
3.506993761690153 1.010932368719701 0
3.748483571257044 0.8845432568775988 0
3.526216358012589 0.7414864084748474 0
3.758435070516974 0.61974529116316 0
3.721438961844036 2.374888627373008 0
3.542286933383059 0.4847963024352494 0
3.76902095359249 0.3624547267026175 0
4.961876361419579 -8.569729610923527 0
5.634636264227944 -8.83484482064534 0
6.208333188423065 -8.417910007916049 0
6.370509441197328 -9.142299725683767 0
6.918120525490484 -8.698945205740081 0
7.105882282927851 -9.473696290468165 0
7.689949233448159 -8.982482838775528 0
-0.1442943753763434 0.02116488898375926 0
0.3841700926727745 0.2532879882603435 0
0.3526505552517174 0.2613075473127987 0
0.8405236419673168 0.05256964338430509 0
0.8339653757730748 0.04471175224548828 0
-5.155357405682164 -2.536527469071043 0
-5.624576954396712 -2.274368126270725 0
2.766211861562775 -0.2625270727562613 0
0.6462428835955296 0.1104789778888885 0
4.087599831469778 -11.72269747754547 0
-1.160565848681246 12.03419197639764 0
-1.840588092051507 11.58877985464821 0
-1.757133928241455 10.79414158194328 0
-2.516802507936259 11.14101472740494 0
-2.573022097416976 11.95236006900319 0
-3.257159111588199 11.48843347916503 0
-3.20636858014721 10.67683520774126 0
-3.933914429212321 11.01875283206496 0
-3.877529584607327 10.20956712858403 0
-4.59699548522938 10.54933736437866 0
-4.530494286764473 9.728724009999379 0
-5.253668981451016 10.0879089315955 0
-5.186122017851004 9.269773195856384 0
-5.908081672690213 9.631296469850373 0
-5.839638654025749 8.842115159438295 0
-6.563030874732076 9.18131815785369 0
-6.49425333077782 8.390972336132352 0
-7.22047937262951 8.727544525461036 0
-7.14573399612644 7.934546777704978 0
-7.871349362353095 8.268478665655838 0
-7.26969696174433 9.499556727262728 0
-5.146491093118844 8.458008580083446 0
-4.675570447385131 11.36572777166297 0
0.5413086974447292 0.06872701979551689 0
0.1865906293870616 0.06650474613502305 0
0.8564490303395186 -0.03920924430236575 0
-8.418044796370516 6.239761258733819 0
0.0242769403389897 0.04494499561401858 0
1.122955673503008 0.8589100551555102 0
1.010557076046245 0.7994282528100263 0
0.912748277525707 0.8533526014481732 0
0.9185613548666733 0.7388831344023449 0
1.008183360175647 0.69133002902602 0
-0.1860957968228309 -0.003214956917142263 0
0.4413094358290558 -0.08020635577890102 0
0.4566849448742454 -0.08487680119391112 0
1.540638374124533 -0.7490539041412954 0
0.5744644127538017 0.07905803269841336 0
0.5756720036835112 0.06651274189205844 0
-10.92949934421693 2.873934251336921 0
-5.179538542518836 0.4958902010082183 0
-5.585637314604321 0.2383944575710215 0
0.3242337061214449 0.07441425527474757 0
0.3365094604717969 0.07260736407921645 0
0.3443559321921429 0.08072058643120128 0
-0.2992801924571831 0.513733262366515 0
0.830447976118594 0.05464224718130217 0
0.8237937226719654 0.04625651266560589 0
0.8223444620100024 0.02256947022126837 0
0.08143726041097851 0.09693965051564492 0
-1.43937425928449 -0.8551831349925633 0
0.70124082442685 -0.07011453198308541 0
0.9176402806563582 -0.03963018642517904 0
-0.4343273249301275 -1.934098705153387 0
0.003665541033043226 -0.04461282672488176 0
0.01994298896221066 -0.02348361731900089 0
-0.008582795745078017 -0.04463624103931926 0
-0.00583964479948108 -0.03073836314040663 0
0.002721567498887698 -0.01122790085147115 0
-0.01894117267594296 -0.03396744681062951 0
-0.01391747913310884 -0.02162711082843718 0
-0.0276339372453327 -0.02355106433032314 0
-0.02004195323967665 -0.01198690069059565 0
-0.0009386463014081888 -0.001599633212034425 0
-0.03499389456937885 -0.01110092017256729 0
-0.0342440681917841 0.003337139317156727 0
0.332293961257617 -0.07845933067963025 0
0.3472611430694587 -0.08638256350859554 0
2.17272586759602 11.47091943145179 0
2.111585787770466 12.25302379619865 0
1.20526829210324 -0.01183436957149026 0
0.9801764768366217 -0.02299064182717106 0
2.283205270828042 2.391999425893026 0
0.893586710938286 -0.6997617744839829 0
1.115322395798991 3.251523587901746 0
0.8466261606602346 0.06189055282976753 0
0.7556887836761665 0.04927162720530703 0
0.7456224312624482 0.05374194229508485 0
0.884296842020495 -0.4588233147616947 0
-1.51682687641309 -0.3260696562882649 0
1.663576454555534 0.1386676000852845 0
0.934893286301038 -1.491945973097666 0
0.9869068335147896 -1.707825881215501 0
4.11111141015904 7.512734442631016 0
4.686143682389254 7.184483106014508 0
4.127535470181096 6.859876758046479 0
4.664567255076461 6.552027875645209 0
4.13908180843323 6.254352623336449 0
3.620187530095716 6.531017120980825 0
0.5866617912671762 0.2319439221580712 0
-0.05296522640410537 0.1898995300707157 0
-0.091581616564975 0.1943283818740957 0
0.4878366000866453 0.07236872248318384 0
0.4751879706260901 0.0756589284469536 0
0.4714324881948117 0.08832363379553934 0
0.4621736288249118 0.07853833205113969 0
-4.540282063610472 -5.053786975251572 0
-4.012972728638999 -5.319226437407183 0
2.06117213644703 0.7240321413460575 0
0.6827544524712159 0.8012941108456058 0
-0.04662007961720039 0.5696362589560305 0
5.635081774016869 -4.452185793835909 0
9.505925999231133 8.242950080388487 0
8.797089088078351 8.636565606783076 0
10.21888642318113 7.838206138901898 0
10.20880681207763 7.009040031911486 0
-1.67615190287515 -2.659661317875567 0
-5.60075780360369 -4.001439806432001 0
6.392524120152579 1.364796752899639 0
6.398782144926692 0.8875858235939371 0
0.394698978141017 -0.07791924832256117 0
1.749451457740888 0.4079406963442334 0
12.19745206838078 -2.639746136629355 0
11.45238527187662 -2.436725909277496 0
1.317203720816909 -0.4339724079688945 0
0.6107273375302115 -0.157442777322197 0
0.4493421790916193 0.6593602165692931 0
0.5866366227334558 0.07422713576870626 0
0.5868896217167126 0.0621451679764167 0
0.4143227758148166 0.2443570257464339 0
1.005920075638302 -0.001697063320829375 0
7.838861826596871 -9.784985441999689 0
7.181020142768445 -10.29661390989749 0
8.491949432042317 -9.272939250404169 0
8.298217183971671 -8.344789704357163 0
9.141282393205472 -8.729687379842442 0
9.033702792017767 -7.864148814448201 0
9.810078679035703 -8.206772718090821 0
9.64744400662347 -7.384662439107385 0
10.41051188567192 -7.70343347110632 0
0.6330192054332856 0.05568396511393561 0
0.2536582222523118 0.09679508639052753 0
0.2430987193606123 0.08738260641134207 0
0.255043111526832 0.08285571640010558 0
0.2455257303481568 0.07474096414127859 0
0.2568723648310569 0.07050864029804685 0
0.234679244766488 0.07877797005068966 0
0.817869407463738 -0.04487105389677335 0
0.829349054126698 -0.0463150574124504 0
0.1549616419856092 -3.128801938813995 0
0.1219706496824178 -3.509330064448629 0
4.02448418966767 1.959225008807585 0
0.6435030590266479 0.06351049017760892 0
6.407182233829262 6.961370573033699 0
0.2846400735104704 0.1078464520232289 0
0.6705098217076852 0.05591637264784105 0
0.9669412969923302 0.09719973555147726 0
-3.813863975306311 9.353894682094008 0
0.2736747961664726 -0.08498166349606973 0
1.02704729582002 -0.02121287045379009 0
0.6977623725417664 -0.05626269441468627 0
1.463003446781363 0.8624076201539406 0
1.116946608995069 -0.6453852938717595 0
4.641510278143917 5.953793544905635 0
6.748517046497835 11.21639608284375 0
0.9679379592792052 -0.1702634614335828 0
3.191127237257801 1.40701663471587 0
-10.49197796182302 5.710622304130383 0
0.007065434432516424 0.03037122321926949 0
1.130319104767256 0.03495945242802801 0
2.686610995741468 1.71754073750556 0
-5.168622116494506 -1.982649695266507 0
-5.648513051709791 -1.724236282044977 0
-5.196408121310633 -1.43723202280032 0
-5.661869956229336 -1.186737963099413 0
-5.206210103237268 -0.9264110541143157 0
0.659485855579673 -0.06133986326245568 0
-0.3599701645985925 0.4503678484835725 0
12.41160681076135 2.062858050107151 0
-0.2460708096135702 0.559280734615735 0
1.001876584244368 -0.01056039239370608 0
0.9970779903013569 -0.01155455723861212 0
0.9949674286038128 -0.01639703119498455 0
0.992292274560181 -0.01193212288186973 0
1.978904356991334 -0.3300786975609674 0
-11.73026739898549 -0.5000515540354049 0
-11.6345653405625 -1.320939835703985 0
-10.90823281324795 -1.657210794732216 0
-11.5748330461479 -2.148559046038439 0
-10.81166591957498 -2.475523282198792 0
-11.52578668288627 -2.980997849122995 0
-10.719189764544 -3.308258010647398 0
-11.44127120552688 -3.814925377696801 0
-10.61837892524974 -4.144408178506328 0
-11.83820860024393 0.3211100948081735 0
-12.36649203041866 -1.760080282461736 0
0.7708940186713559 -3.559970686129298 0
-6.436758980375843 7.609652114816804 0
-7.078674378666364 7.158014304020934 0
-5.969909988914909 10.42112810532286 0
0.3808447816613885 -0.08604172587810935 0
-0.04914709898351496 0.0003954718993903765 0
-0.04035268709011031 0.01668867807882399 0
0.737234661753978 -0.05424660378190527 0
1.130357326622864 0.01050002536669968 0
3.332865380655853 -2.418805991435561 0
-9.143317060080932 -8.350276722169957 0
-9.263905615867104 -7.50615738161377 0
-8.611397640762569 -6.974812143623276 0
-9.383849211612732 -6.671052142439755 0
-8.73886729074815 -6.15684087882422 0
-9.498984827994255 -5.852710731028012 0
-10.11529043319121 -6.376687833689386 0
-1.552006865491157 -0.08841935842456011 0
2.789255499090048 -1.269640721904784 0
2.814256141100163 -1.027513382379266 0
3.606811610535167 -3.889927569818511 0
8.01033123568509 3.532123678442384 0
0.9289234773688824 -0.243586965669647 0
0.0996680441581223 0.0649937417187384 0
0.1094317174402737 0.0727636863284131 0
0.1074211598104744 0.08513686923067317 0
0.1196164320219188 0.08015803727970919 0
0.1212589451578008 0.06799884334691618 0
0.1308936779005938 0.07522959836266251 0
0.1314090746859657 0.08932713153024992 0
1.088114922106263 -0.01946235261049462 0
6.468200864889768 3.925833266370421 0
-2.50668864313786 1.399950648324251 0
0.6466022169833952 -0.05829471112390586 0
0.2737832816309894 -0.07196471476978807 0
0.8054682619376763 -0.04213055770642248 0
0.9833615222970862 0.1087394987334422 0
-0.01914913865307591 -0.06181704344117382 0
0.1609285629173004 0.08425919060232891 0
-5.151218900185669 0.01561272540069203 0
-0.3371656473804313 -0.04925945534033255 0
-0.39258402724677 -0.1248862800311156 0
-0.4806991291088694 -0.1164020550862378 0
-0.4461103993982978 -0.2036263633990242 0
-0.5436554427384418 -0.1932582897380858 0
-0.6945697653340877 1.260537643754099 0
-0.8418654064081076 1.133670680718062 0
-1.028164040975969 1.192422411444144 0
-0.5483944810015432 1.386916273180644 0
-0.9822902915114415 1.005369806072139 0
0.131946783015294 0.06357022740225403 0
4.966267832363304 -1.612334274695314 0
0.7973487971053445 -0.05016466805935203 0
1.544743021148676 2.269482384849749 0
1.337408750194875 2.133707257024468 0
8.945899071273136 -7.0403605048991 0
-3.522722334248792 -4.969032159981932 0
-3.474439851926721 -5.567610725064168 0
-3.011824677425034 -5.268510483670968 0
-2.946555765973211 -5.820670699562742 0
-2.476089749959269 -5.487594674999357 0
-2.429234874381567 -6.045764781197088 0
-1.954597646361131 -5.719192235805943 0
-1.908299843389734 -6.369962972154329 0
-1.40981761143908 -5.965574737887548 0
-1.355814580497683 -6.547843257882572 0
-0.8828892206259662 -6.212276230971463 0
0.2860466795075939 0.0720644188074509 0
1.561806667511386 0.7986361956921848 0
0.5660533302002514 0.05792048182228778 0
0.002418103879980623 0.02489453607563996 0
-0.003385159536506115 0.02380892185345335 0
-10.06642595241596 -2.796321281429472 0
-10.2308189896258 2.598965194497258 0
0.03780942494873422 -0.05634989897498675 0
0.6002312354430052 -0.06203502781028657 0
0.590074183621992 -0.07161001341479975 0
0.2960041617960495 0.06962498859970673 0
11.42246902709178 -6.102132688691989 0
0.9985464583857053 -0.007308678393382826 0
-0.05630751383677474 -0.01977278661132215 0
0.6830883633995319 0.1201119167272601 0
5.874942621454889 6.003454795144213 0
0.1415304239977083 0.07026866095777644 0
1.055508414885329 0.1191728893717402 0
1.07935518973296 0.1341773374162668 0
1.104292394401353 0.1152676367720043 0
7.471494383133868 3.254691045332296 0
0.9715968958184812 -0.02301370278816142 0
0.04347576359955584 0.04875996813593415 0
-10.55681815484425 6.546729208731175 0
0.2483046888246516 -0.07127266235089039 0
0.2360361955653804 -0.07543333074683287 0
1.150638524895069 -0.002167665969408187 0
2.183271471058647 0.6484509298139078 0
0.9285922714437791 0.6394870803394939 0
1.008602615764904 0.595529345410072 0
-2.974161242802532 0.6634057272460604 0
2.305625816197412 6.783568062769495 0
0.2366661618628941 0.0676601984271237 0
0.2259056488533213 0.0714938273630871 0
12.04280244884318 -5.538754091451217 0
-0.02093496257957889 0.05089875280451792 0
0.4581824147656018 0.09135324461876262 0
0.4487039989730831 0.08136517254135248 0
0.4447213308715527 0.09444635543065656 0
0.4348961370585446 0.08426461412692979 0
0.4300214299452494 0.09786193810659916 0
0.4211623553511987 0.08687519292600732 0
0.4253964756102941 0.07429965735897362 0
0.4122141291185956 0.07682826262578524 0
0.4077812360326339 0.08931603086388469 0
0.3990488806465929 0.07913400934827849 0
0.3945761706811666 0.0914222849794131 0
0.3864721637188385 0.08103612698039771 0
4.591495546087283 -2.601506833789037 0
0.8955937402113356 -2.18422744418465 0
-2.268722437277923 -2.246770962609698 0
-0.7187751288342499 2.559799877709239 0
-0.5024102551484513 2.723821189943268 0
-2.613817285012841 -2.119553637914258 0
-2.670587414505793 -1.742124697478043 0
0.02138245191525826 -0.04103191422280657 0
1.810709115936038 -1.397964029559687 0
0.7409630573103511 0.1846544631787997 0
0.7642091645907334 0.1705842546730179 0
0.7641999533896457 0.1987386219179103 0
0.7892705557773728 0.1839981545319091 0
0.7886273213093367 0.2136022366025763 0
0.8153918139783625 0.1984029485633475 0
0.7634807465559346 0.1447589610390774 0
0.1312692994550858 -0.05097589274393773 0
0.1239092160553737 -0.05981093319053696 0
0.1356319369272092 -0.06247071442330553 0
0.127467063620613 -0.07180531710468019 0
0.1141056688427417 -0.05585988992205231 0
-0.01566681480277819 0.004738218570507484 0
-2.953631050050158 -6.492452121617591 0
0.4525967378681836 0.06738339000105148 0
3.982714676249968 1.013143767390324 0
2.12685955781471 -7.120644886340752 0
2.1722744398159 -7.757798588452322 0
1.520762720114481 -7.526682165649739 0
-0.03271311468126292 0.09040400433526893 0
-0.04243396485276704 0.07203816441735438 0
1.06043567209452 -0.1412156395326537 0
3.212503107743787 -1.8845074068542 0
2.248887414953366 9.902611055298213 0
0.3052983642967899 0.1920179612691957 0
0.3024469557308295 0.2199336758745546 0
-6.108999838218634 1.445308612048202 0
-0.01062217413744172 0.7016589979338388 0
2.441343715977542 1.828018890059829 0
-0.8211878417776614 -6.799322410733648 0
-0.3423457466095892 -6.4583788428417 0
-0.1629743155216438 0.1011171006938953 0
0.9660463671286115 -0.03150896697905561 0
0.07856540900643863 -0.06738152134417548 0
6.578275450003424 -2.392083462084042 0
7.043199676695157 -2.638952151561313 0
7.046286134731043 -3.180456609834497 0
0.3767006115536825 0.2872412611725399 0
0.8244186086422537 -0.03541894628916226 0
0.8349496151014655 -0.03667763236284687 0
-0.1755608651210754 -3.277935223967383 0
-4.434828857829815 2.449797095197773 0
-4.850101803499163 2.687151233886838 0
-4.431028583472973 2.934979803466248 0
-4.865227672757431 3.183246660825243 0
-5.30100405038258 2.92097228035762 0
-4.412772722116083 3.445030489512794 0
-4.876554592463436 3.697586585223513 0
-4.439923170296672 3.940705957093483 0
-3.977997956939984 3.697803138122005 0
-4.02366386459414 4.263931896347223 0
-3.539602822411288 3.95556980173809 0
-3.539583720024371 4.45840918081221 0
-3.115721644065302 4.208509286139716 0
-3.10501515703008 4.692891673654272 0
-2.689259903445467 4.453642122109486 0
-2.672316252699157 4.925300030833006 0
-2.264175509658361 4.68728300661091 0
-2.252885046798662 5.176840288191736 0
-1.833946767139744 4.940578037986178 0
-1.831510404607108 5.430584866445781 0
-1.412989448912435 5.176533955560552 0
-1.403608026575733 5.676099248298667 0
-0.9728805909349199 5.428843105916845 0
-0.9715135024061305 5.931753274628599 0
-0.532190131138484 5.677889936390491 0
-0.5293037046574974 6.187338852827562 0
-0.9811908458064778 6.453855157427731 0
-0.09220136354950537 5.924609453296387 0
-3.089478566818686 3.727254075789142 0
-2.287755669538228 4.202846617122246 0
-4.906290607396305 4.209489485335334 0
-3.488517653020009 4.930032626585998 0
-2.295347852789319 5.657414764185335 0
4.876728000571431 -12.01251899232544 0
0.8494654624856428 0.03346263617120839 0
0.3533093083100152 -0.238430761737933 0
0.3133920080342554 -0.2643765389713668 0
9.260450204953621 -9.556566852734244 0
0.106018269165851 -0.0928233991221642 0
1.353520052954219 0.2568637652898322 0
-1.433988327921932 9.391242479676073 0
1.087953633304722 0.6425805056161624 0
-0.1432062854009904 0.4733179654409712 0
2.165628061778867 0.5100380606965597 0
-11.07383940833497 4.49864869138041 0
-11.76481647004866 4.033051797402567 0
1.028879439953023 0.1041157906919951 0
0.6734676202966298 -0.06360999100867873 0
3.020988050307248 -0.9227432827209353 0
2.823702213659126 -0.8073063558711701 0
2.63810948277247 -0.9002563927329482 0
2.65754476782273 -0.6976272620391433 0
0.587158273021499 -0.05934636743430673 0
0.5777382853701682 -0.06669860533384134 0
1.654150466679122 -0.8230833364276317 0
1.531728815734058 -0.8920368412741624 0
3.325289570353375 0.5968510261543486 0
3.341486232279076 0.3630872180811927 0
-6.090146732290487 -2.068779551054077 0
0.2897686967422778 -0.2014040930475216 0
-0.5339876704770878 6.700452696435591 0
-0.9123278549115315 2.392952020941642 0
0.8272201133129116 0.03594782750609559 0
0.8178855645284357 0.03850016946616996 0
0.8138708325207121 0.04734144477013416 0
0.8081615460424552 0.03811426033086908 0
0.1421261595789568 0.05910032959087254 0
0.9401078547931123 -0.03010762052904634 0
3.987505330070529 0.4884311145559111 0
4.002844932506822 0.2325873705392305 0
0.9495667657223971 -0.5161826219436799 0
5.282454736188342 7.502217130921285 0
-2.660326220952901 -0.6546822562977092 0
8.722438850737102 1.099122842152116 0
8.7318533722309 1.679410406739446 0
9.25680748533361 1.386173324626093 0
9.259266165031198 2.00203338110549 0
8.736942487103795 2.246871874865064 0
-5.068211749114921 -4.802299154184512 0
1.75861942575656 2.402025973916526 0
2.17425890351297 3.748588093180537 0
-4.346618077580659 0.6891319772169214 0
-11.28152056400975 -4.645351235821454 0
-12.0939911031274 -4.390391150990213 0
-0.07746714322320079 -0.1390801463041275 0
0.3905016633128719 0.06970321447273053 0
0.3787896124587227 0.07135591301125442 0
0.3741059500250636 0.08268544882662383 0
0.3674235333091501 0.07245648187484696 0
0.3456855362221508 0.06710032287080749 0
0.3470030011869188 -0.0702811920034556 0
1.110159201091987 -3.390626277782154 0
1.095028064069199 -3.780095504525314 0
1.460176657737238 -3.600440429382811 0
1.440265162560652 -4.010925303236462 0
1.809241250300979 -3.812496300561254 0
0.9996044962641003 -0.1126000727586002 0
4.334985413043162 -8.312128100749382 0
0.05026945398433261 -0.06433051722630696 0
1.037979690360509 -0.01846870004210811 0
1.058394501864543 0.2288160503576701 0
1.023459680156267 0.2461048629156128 0
1.431530540599483 -0.6748929576135416 0
0.01281814176776481 0.03759351124104502 0
0.7943953405349718 -0.03931349908805493 0
0.218761598076653 0.1796756744117621 0
0.2135825766273332 0.2060088346643842 0
0.2353369014448779 0.2235822548981039 0
0.3817388117354356 -0.07139742758847761 0
-0.02691258599648277 0.04046362912362288 0
-0.02163317170183798 0.0305483365136261 0
1.807816740805681 -3.409458232013695 0
2.161771176445501 -3.615100642910926 0
2.167361760945691 -4.034452966981924 0
7.518759113603136 -2.913817721778776 0
7.513950950774298 -2.347877895187498 0
8.00701377121684 -2.610091295370868 0
7.998543595049874 -2.050962780972351 0
8.518762727344853 -2.340102966505043 0
8.517916587851868 -1.757750308619218 0
9.05309665102466 -2.054440114774331 0
0.02956784069739375 0.1120411986107795 0
0.2186557881196677 0.09205510855965857 0
12.97440578881546 -2.951849266299491 0
-1.766433204928388 0.01102109565794738 0
0.4529864506286228 -0.06856181180119957 0
0.4678628830436057 -0.07432952586751133 0
0.4717912337017209 -0.08932702264477395 0
0.4829335469449502 -0.07834248473461775 0
0.4870996478469559 -0.09369006892196031 0
0.4995567794371459 -0.08010937756154408 0
0.5032204123896551 -0.09786480158578612 0
0.5150737230912917 -0.08607794812263704 0
0.519706407225474 -0.1033170626942681 0
0.531636221682778 -0.09033935751831518 0
0.5257926279135358 -0.07305647565407968 0
0.5420753208460962 -0.07789008373612127 0
0.5382145241433173 -0.06434040869723914 0
0.5538152112502227 -0.06766328545117672 0
0.0002795214349068113 0.01923821891703062 0
-0.006625691911246472 0.01861781376897669 0
-0.006034326691938958 0.01273686027071314 0
7.524176459425915 7.781810934243179 0
1.09180002512986 0.20456930312239 0
0.6961317575761256 0.6275418192684312 0
0.7513899248945544 0.668941082134239 0
-1.017317763396058 -2.921557356605948 0
-1.308535769233886 -3.14402840295683 0
0.05872198996289008 -1.87990876139469 0
0.1102996526259523 -2.138933519176788 0
0.1679748243075199 0.06133995575848 0
0.1673073771022235 0.4432087595232083 0
-5.64764493483047 -0.6854662497653355 0
-6.134209176265181 -0.9312638630983853 0
0.8256326355466195 -0.4033071177678708 0
-1.014744079099156 4.939564193096697 0
0.8739398970138164 -0.03236682588052256 0
0.5363880406532346 -0.1087662203397176 0
0.5228705787583475 -0.1229043028086911 0
0.99844619202644 -0.001189449067578079 0
0.9994615163217465 -0.0005981329636545736 0
0.09122465947718103 0.05768738359499238 0
10.94369266657167 7.41883930845005 0
10.92447716223803 6.579696291606217 0
1.5671508503837 0.9309439724372136 0
2.761538705984263 -1.529444956020523 0
9.813338629364297 1.673357135253858 0
9.513243837219006 -6.592725111311283 0
13.71983549233016 0.9251483553051091 0
-0.2732119079464309 -7.043615290774751 0
0.215310952764161 -6.709531114057755 0
0.2865785344538153 -7.289921823082021 0
-6.350294789577654 6.834649703097861 0
0.492164293068875 -0.06691233917799079 0
11.69525657008647 1.731031764046055 0
0.50070101775794 0.1882576764334504 0
0.4777764260765887 0.1950680540686321 0
0.4026092738491179 0.1025737912551166 0
0.3892283744063461 0.1046607046223851 0
1.014408920200143 -0.04590342853907215 0
1.026094485504751 -0.0439987898965947 0
1.020645365623102 -0.05785158647847412 0
-6.131791849239634 1.995891569864529 0
1.508057122609139 4.039364788087447 0
1.834746792492657 4.264762632350548 0
0.7457911107435771 0.04230369593279566 0
0.7370757517277251 0.04745038796878399 0
0.7357125281946091 0.05781553977974266 0
0.7274116721521705 0.05134626290121095 0
0.7281452579443367 0.04027137929554322 0
0.7193915382841709 0.04533663794383603 0
12.82687025663039 -2.073400594682544 0
3.500987448798768 12.27911255056996 0
6.160578681633337 -4.725479315548283 0
9.475362330242998 9.075290433740244 0
8.75642734493101 9.481173773520631 0
9.46267707393223 9.933688908075613 0
8.047140658518948 9.005803027164342 0
-1.08981948263834 0.6584657282267913 0
0.7314302302875777 0.07974161944030633 0
0.01167617022025005 0.4354497191706422 0
7.98999861862139 10.0101309863673 0
0.6837978201506241 -0.1088233513765628 0
-0.01105705223648716 -0.007687742023907242 0
-0.03386929280869194 -0.03701369810192039 0
0.008949146692267918 -0.02908817750264372 0
-2.23770585041557 0.01177580632918165 0
-2.721207224129078 0.03212147558531556 0
0.06745750430760268 0.1021662270651862 0
0.5599107422871556 -1.384787358798845 0
-0.1096408422976987 0.0389621418079059 0
0.3757560645279913 0.5363147934792329 0
0.2941836560003476 0.1206413314055949 0
-0.06118575383589805 0.01501763083602201 0
-0.05232822150679842 0.03517850010951529 0
-0.006755552535760444 -0.01643255566734491 0
0.3852577478405527 -0.2158381079206882 0
0.3877435681886763 -0.2544737930283419 0
2.087088015578007 0.02909988753398438 0
0.7862616123164667 -0.0462832989089997 0
0.4050819866558749 -0.06857748468399778 0
-8.457304152380317 7.02766200179949 0
-9.17373072804962 7.409041797395307 0
0.5274169387583548 0.2573483915052895 0
0.8524362079523988 -0.3315672098219906 0
1.088444484309919 0.5553248554608863 0
4.188788395065648 5.672792811981099 0
0.5837058091787558 0.2699441721841622 0
0.8839889135258743 -0.01777484204165371 0
0.8873910393846511 -0.02379354544046476 0
0.8962252121525411 -0.0234432379912036 0
0.8157053725289288 0.2303569015222275 0
0.7857828750976519 0.2514201617988462 0
0.8414156493755645 0.2132909849157087 0
-3.314777854726975 12.31388514481357 0
4.822439234896597 -3.734772253580126 0
4.74459721698979 -4.240914724100453 0
-1.166951942975238 1.059430313534824 0
-1.221604823400845 1.252610732952804 0
0.5022356277797239 0.2356137024326097 0
0.4945725417098808 0.2676169511746839 0
1.110046927989014 0.1472573548114714 0
1.134247677024284 0.1248686798293877 0
-0.2609212499896897 2.636974303795011 0
-0.2040735247580083 -3.614068614346695 0
0.3568549823807939 -0.07787423191219162 0
0.2300757779695879 -0.2098967942162039 0
0.1973694303082789 -0.2252186599933703 0
-0.7680235810746747 2.831260979522125 0
0.3382018724394694 0.06119670135418058 0
0.05083370547136776 -0.05106881858612733 0
0.8480306349634692 -0.04803655385376299 0
0.8504173353243845 -0.05914689217080858 0
0.7739125328084712 -0.3497279834090969 0
10.93415880662706 8.277027516497441 0
0.6436886682291745 0.05126306938949556 0
12.49912200294649 -4.251367676130339 0
0.2753128059400777 0.07404997894400203 0
0.1228632466900112 0.05639888414779089 0
4.344404125279189 -9.002541140538607 0
0.6528044209176276 0.0578598683470329 0
0.6528139628715142 0.06895699125287669 0
0.6687653789148821 -0.05091197256573402 0
4.645957132098427 5.428632178486226 0
1.037129204208402 0.01366046347425783 0
1.35270438459483 0.9158119504249745 0
0.3629627554402161 -0.09214101658900933 0
0.8389300138158148 -0.08883583853118707 0
1.72990041319993 0.6477705232664697 0
0.03275619752502597 -0.2110488711183947 0
-7.906565778494846 -6.405775447319819 0
0.6795721799466931 -0.0773690984140573 0
-0.504790539567314 -0.2848946203131026 0
-0.4007739860429763 -0.2977680533402348 0
-0.2863831579676115 2.89878681488251 0
-0.03135517608962043 2.803551517889109 0
0.3081894255599741 0.1677213859319918 0
-2.961233017122542 -0.48392087800025 0
0.1934783024850884 0.1901033439203193 0
0.1875358631546326 0.2152665321631068 0
0.7374327749915242 -6.940745145114089 0
0.9617838259105396 -0.02189449239320163 0
0.3824575056308983 0.05990473617405202 0
-0.4561675355962838 -0.3823677634920967 0
-0.3500252119097557 -0.3939440337403962 0
-0.4133699231112369 -0.4872434140099913 0
-0.2971797393543805 -0.4985203264404651 0
-1.335696477703124 -0.1570830220155615 0
-1.305541881837822 -0.3810455149414252 0
0.6559888532952414 -0.1460525606908707 0
0.6827452495686557 -0.1524353316279382 0
-6.037439568691501 0.4005294138652278 0
0.07974669576950974 0.113219741446294 0
-2.119262508252647 9.657655174321627 0
-2.615341621301746 9.314415069110469 0
-10.44221202277268 -4.920955416237442 0
-9.836924902583668 -4.436382119100417 0
-3.289171717698724 -3.992893778326158 0
0.1579562956913167 0.06485488457400995 0
0.2122313826922441 0.7163872306139913 0
0.193915303281014 0.8019231711799165 0
0.6135132023141404 0.0540358701385007 0
0.01446805380145902 0.02978502194135315 0
0.478842069765403 0.06419438391725003 0
0.4907308747884731 0.06116990032930104 0
4.183236576039101 11.88521700170462 0
10.20556042285587 6.191554611548943 0
0.3420734846534227 0.2987175805909584 0
-4.411649972148695 -5.678506913710129 0
0.4691041006737909 0.2493976252427294 0
-6.059249374117798 -0.4205513302894442 0
-6.655370400530754 -0.5522596860532036 0
0.5793657486000457 -0.08060298984088012 0
0.5559367935832228 -0.07989239200914194 0
0.8615750400342956 -0.541979051851795 0
4.854310787683035 -3.289600686538379 0
3.922217382311326 -4.598350148502184 0
1.290545402577633 0.05977175498308333 0
1.320057114221143 0.03991985125867798 0
1.323142203202554 0.07777553715595349 0
-6.098690448537468 -3.704588125772767 0
0.4769679035619294 0.1146248924130778 0
-2.795206062873288 1.507345996020518 0
-3.054581119247953 1.308043385849294 0
0.4167401609718057 0.06545935956311935 0
0.749751050381001 -0.1054199288326971 0
0.1400302825905854 -0.07584246508872952 0
0.1468315952403101 -0.06507509146641774 0
0.1306639078612254 -0.08561701113137241 0
-2.630287931531115 12.81672845123512 0
7.575084982911521 -3.450755805295044 0
0.2128170032776904 -0.1088942423890573 0
0.2154556367320965 -0.08798572232961627 0
0.2027776784822974 -0.07812987251441275 0
0.2150093324957681 -0.07250208492225486 0
0.2057297500548801 -0.06385083658277914 0
0.1927463064836929 -0.06849891139095693 0
0.2170357572955565 -0.06118983782331162 0
0.5262205167759774 -0.05949059672511796 0
1.050181756711123 0.0182606078255067 0
0.6273748003331742 -0.068525463929374 0
0.6244223551307841 -0.05604693379000205 0
-8.901730509891106 -5.410060966505059 0
-1.381935950193018 1.069139409702134 0
-1.429914795070657 1.316168903460266 0
-1.600093719458995 1.164139497484566 0
-1.650737484462551 1.399134141235838 0
0.2462741445005658 0.5798644648680676 0
0.3053364075059475 0.6293385717985551 0
0.3629551336516473 0.08360720851272049 0
3.771617228171467 0.1249515207515543 0
0.7061774118455975 -0.04621563210007164 0
1.129727944860981 -0.0126784391473537 0
0.4392054210840891 -0.06522259779980824 0
9.086773889797232 -1.463012669763606 0
9.618356698307547 -1.728886165089241 0
6.822390295992435 0.6280178631620033 0
6.393617499418685 0.4553287992532059 0
6.011250446318819 0.6548986972751576 0
6.580085114511399 -7.3287635971464 0
7.262469584765574 -7.58752034382873 0
0.5017998656324731 -0.3325114394630014 0
1.405871479815868 -1.971496725859451 0
-11.1479815398284 -5.500043867547733 0
-0.01219224909757949 0.01310433693223195 0
3.996091837389522 -2.84964467308024 0
-0.1822245269729111 0.1432977167143675 0
-0.1556690478251854 0.1749082558934494 0
1.002093101677388 -0.006354979480685929 0
0.9997288451568229 -0.004402155766216174 0
0.9974088762429159 -0.00456861760191613 0
0.9947317148274631 -0.008043705340245951 0
0.9898615466023691 -0.007376298640907092 0
0.9869907192079342 -0.01153908400055547 0
0.2785413890882142 0.06452004513857773 0
1.221105969138496 -0.6861676451908039 0
3.741171235200208 -7.314737267842305 0
0.4562366828219754 -0.3114348914984897 0
0.8908590954744668 11.64235344975796 0
0.8900811578079195 12.41153500689996 0
0.2140654338634552 12.90669779638706 0
4.160004881673998 10.31777632177162 0
0.9383045798835812 0.5554575366254098 0
0.838070229679635 -0.2208677164859819 0
0.380339584059512 -2.222974836070415 0
0.1552991111792583 -2.417968520184938 0
13.14082285797543 2.380633278404848 0
13.12602592364642 3.233270145484875 0
-0.05023910973016015 -0.1090916235110484 0
0.7585385085217822 -0.05887950269291717 0
0.7675310829465892 -0.04965983261107976 0
0.7553144010851944 -0.0453916651077774 0
0.725496471548247 -0.05142103530598533 0
0.9867030639994607 0.3049994413567486 0
0.8135897929410306 -0.03519996898294431 0
0.9764098493454711 -0.01480969844481862 0
1.690370600577256 0.8566942816919617 0
2.534790640029491 -3.850812273472478 0
2.541771562181458 -4.277261507434362 0
2.930958454881504 -4.115677843509195 0
0.8028749319250703 0.05013507046270513 0
0.79812362810569 0.03914329649635016 0
0.7925757654726415 0.04855048530220046 0
0.7891313609267054 0.04080661781738795 0
-0.3718626285564274 -0.6035873769453848 0
-0.2430105670882133 -0.6028760964519206 0
-0.1763521471861421 -0.4893585949703215 0
-0.120160888782792 -0.6117770092953859 0
-0.05279721691716639 -0.503974632198263 0
-0.004750100731665416 -0.6159145683816054 0
-0.06913690389822714 -0.7257499583735227 0
-0.6722299194216739 1.096356411361126 0
-4.692062319995931 -2.243703723907502 0
-1.48169612897474 1.552399223021029 0
-1.728295129337603 1.636206739249452 0
-1.528479101636995 1.812847835328175 0
-1.776982349089084 1.905896640860394 0
-2.004039254464091 1.73148415064067 0
-1.562634278188454 2.082823432400457 0
1.011948215615508 0.02729446512760107 0
1.002685298917655 0.0194695778906822 0
0.9933624333989179 0.0254763710101893 0
0.9940306067509217 0.01612770366840109 0
1.002873786702083 0.0114760153363909 0
0.9866651197939662 0.01918775301582192 0
0.9844413031113994 0.02758464661783518 0
0.9778263746111704 0.01991956321889465 0
0.9753674009403004 0.02988379001366957 0
0.9688458926860422 0.02325807470917325 0
0.9659627303015337 0.03290910588583134 0
0.9596722864337754 0.02580421719278904 0
1.012709806601802 0.01747408792244595 0
-0.9964757621386781 6.986302247750221 0
-1.458211195913052 6.712848980686795 0
0.6230666862837637 0.05263755718813282 0
0.288066641861723 0.0610789831846317 0
0.2381200312690702 -0.06378201155096823 0
1.253879081411399 -0.1932051287697084 0
1.004662516111027 -0.1728603991489428 0
-0.3773601953567863 0.5361143835722874 0
1.696168245588733 -8.097429057963719 0
0.009429372195674414 0.02456055279471419 0
0.7175734660741866 0.0546897337572945 0
0.7102755457810757 0.04844683646406975 0
0.7084392211322913 0.05820584746762658 0
0.2876901170838058 -0.1073362946282878 0
5.705865342492539 -1.983595393091317 0
6.589702990824241 -3.937738894724035 0
4.294218145893002 -12.5960892364087 0
3.559117489392273 -12.27325384732716 0
5.038302102322548 -12.81531202223225 0
1.65669513317084 0.07102100888352041 0
1.72412567957181 0.09751681690451504 0
1.727771788961247 0.1660779995093876 0
0.583661575819699 0.5527889049872912 0
0.6035822661969762 0.05764460411862925 0
1.026126669194485 0.009608077723454801 0
0.6112561911954785 -0.05457709563537869 0
0.575530590112062 0.1223416755845034 0
0.3344583195039703 -0.06573592659579058 0
10.91878674160037 5.76839957938632 0
11.64431043199713 6.148835672052788 0
11.65271700662212 5.361589019525713 0
12.36159427651827 5.707945452918315 0
0.3174787687927222 -0.07401777556007832 0
0.3056813250894548 -0.06645015693183477 0
0.2945786194846284 -0.07287623513727427 0
0.5843881049116622 0.08734890265033519 0
1.402692420146169 -0.2330211233477454 0
0.3425641335311014 -0.7143489234167151 0
0.2220037839243109 -0.6650674093074523 0
0.04972476973186447 -0.7382927446206835 0
0.6798116286513834 -0.05243877967972649 0
4.179169051267915 12.89010310256995 0
4.848378681839981 12.33450209900316 0
0.380267768191093 -0.1028719605243957 0
0.3593676779654521 -0.06645567901291305 0
0.3444248170789019 0.2068346205305499 0
0.6544167069950988 -0.04900628569836839 0
0.9559401975078459 0.03541091350413265 0
0.9489117665483396 0.02692155476982852 0
0.9454537629013423 0.03794119460342801 0
0.937609198698417 0.03098445434352948 0
7.491579879539817 -1.777160042605394 0
1.260576126035144 3.78351669972706 0
0.4280246600869678 0.06389699669604453 0
0.7712822472106782 0.5960353758441768 0
8.06773184541527 2.983428627785468 0
0.1191862660513086 -0.8702647998720672 0
-9.229970293394601 1.188746724369069 0
2.815319855422802 -0.6092754077677929 0
2.671623215427709 -0.5154981735465891 0
2.524788577767997 -0.5957403856914629 0
2.532703411439846 -0.4200091421171214 0
-0.6128174095366431 -0.2688637101725992 0
0.9948701401702078 -0.002812317029330198 0
1.656478155456992 -0.9719918513498599 0
0.01980421466002708 0.03397334476586778 0
1.131521142600841 -0.05713629638466128 0
0.3720807181298221 0.1201395677818398 0
0.3857925162330911 0.1302120685359301 0
0.09287882321273719 -0.06417502085999711 0
9.60460129152446 -2.347441102426614 0
10.18520702547958 -2.016509499415242 0
10.20401574621008 -2.726002016583151 0
-0.2732363396162891 0.7203184781139629 0
-0.03494437105130453 0.05393956913854726 0
0.5778136207277977 0.0554032642602123 0
0.586973220309352 0.05013467602475325 0
8.121562132188311 6.038106917612311 0
0.1694153408641643 -0.1980038519555395 0
0.7879026212725613 -0.06825887613189061 0
0.6969065026490887 -0.04585503779794308 0
-0.6330466833119706 -0.1630808706381542 0
-0.1900298413891589 0.05622334475705682 0
0.1765137638198981 -0.0839376511973686 0
0.834492818624774 0.7908532268035847 0
-0.4949525287758433 -0.5858595255784323 0
0.0007530376291647804 0.008714441965794602 0
0.03600966332936151 0.1412552787663727 0
0.1652261948993763 -0.07198828102376163 0
1.035168012884762 -0.02857917943392691 0
7.807150430670299 -7.138083449157826 0
0.8619177115823428 -0.08503250481073696 0
0.5119066441450433 -0.07372685007479129 0
0.5057525492000554 -0.05788134556291082 0
0.9714502318180231 0.01445983456344114 0
0.2605868593221427 -0.06528281667042053 0
2.185541563761782 0.7934502014042961 0
2.295682586571996 0.7164833892495551 0
2.059003015271693 0.8549381406737457 0
0.9151023685008046 -0.0760350696293675 0
0.03371339920918935 0.08334675885118345 0
0.6532115750110771 0.04769528889652564 0
-5.682673086109216 2.228418598463747 0
-6.145946796292152 2.573210160075039 0
0.8512855546225035 0.08608488502883113 0
0.8675817898736831 0.08004047121506735 0
0.8805069451857294 0.09320377315626191 0
5.165777821273865 -9.879077410153066 0
2.924593525005775 1.599482392421012 0
2.707504368273605 1.453356096210465 0
0.8170836590691644 0.07183754702440155 0
0.1294619238756086 0.115717129919168 0
1.110665995839417 0.02194963169105687 0
9.802275481259757 1.044151139306236 0
10.39656119341935 1.347227871849538 0
0.0382628536817216 0.04288706312557652 0
0.0296119861516428 0.03500982519880237 0
1.499892612911549 0.3185585929887186 0
1.586897129821996 0.329198178626223 0
1.592172084142337 0.4230976709768819 0
0.461868592609221 -0.1204547528334428 0
1.286269282854848 -0.2946642579589426 0
0.8270363868436175 0.886802225978945 0
-1.136291219352531 -1.028412749538143 0
0.311644411458168 0.0772810569319349 0
0.3156166855944779 0.06650500089368071 0
1.048165927084379 -4.188460224178194 0
1.30958382384009 -4.456971841842085 0
0.8924986484309934 0.01898338587160048 0
0.896754342945717 0.02571989161573665 0
0.9043776502032645 0.02575450283759702 0
0.8892438219395828 0.02607634054712625 0
0.8934571021621848 0.03225866803968584 0
7.445771399656617 10.74582956908818 0
7.418987097645471 11.5711354801798 0
0.9504531736606615 -0.03136063240170564 0
2.402301481106821 2.089366543012843 0
0.2770108371622897 0.2318503742539013 0
0.2993702347801251 0.2548403471535526 0
5.954226675613706 -10.2754885882532 0
5.974167750169098 -10.97933534136736 0
12.35794866411216 1.28815615920042 0
4.242796536354522 0.3834279787564787 0
-0.9062692500673653 -5.577138503622901 0
10.81386387379455 -6.535250670597297 0
0.1786884389742033 0.06037641015329754 0
0.1874582656933454 0.05859977941305415 0
0.1956648073843537 0.06356526946072596 0
-1.393353145630462 0.04373700013264795 0
0.04375806140692402 0.09559627893461388 0
0.2649156862479057 0.0901458010955215 0
0.8636195049650727 -0.03095301825174149 0
0.8534673689676726 -0.02898904507725723 0
0.6328532578391112 -0.2296528917163227 0
-0.0001102053375804815 0.005985982180364755 0
-0.001928666639379428 0.005253793200716096 0
-0.00241353586187432 0.003423788868868768 0
-0.00987085233775049 0.006871238154499683 0
-0.0006234798523839128 0.001533222581336861 0
-0.002212032631146914 0.007338464009846686 0
2.278227263044974 -8.446947146896907 0
0.3723456759512813 0.06319972029483198 0
0.3618641920154466 0.06294751924622145 0
1.045785211281973 0.005560930596733968 0
0.7558499504204221 0.0396070318506397 0
0.7486924212412837 0.03416784634903509 0
0.7664779472478633 0.04338130533954083 0
0.7760681022110416 0.03976552937622834 0
0.9896571203803362 -0.01653645368450493 0
0.5526613669236369 0.06213276575246481 0
0.5409324569830538 0.05727925363625819 0
0.5317282647437023 0.06049401375234057 0
1.346126334983514 -0.3443318658325314 0
0.7338117072581395 -0.04325893768494456 0
-2.833385042351357 0.3475392802067894 0
-0.1169723469057374 5.453962425064477 0
0.3357619692648263 5.663870148253691 0
0.3359433722116552 6.107203188741941 0
0.3241421693811747 0.06293499543821181 0
0.6503461435186909 0.5130595119958937 0
1.150256046994556 -0.02623237040998669 0
1.169502685019383 -0.01688285495725069 0
0.9081663519563878 0.01771960019471278 0
0.9122320783663793 0.02552007437734391 0
0.9079262597809503 0.0324578340643977 0
0.9171592871176416 0.03469873848798385 0
0.8368120472510017 0.03514343160708945 0
0.8413948480095458 0.02737353560155457 0
5.098419764561293 5.613627174275917 0
0.1981630549881246 0.5346888446522491 0
0.4271629682940696 -0.07478139475108297 0
2.935262568061181 -4.515918343753211 0
0.09592816546596852 -0.1815134369319494 0
-0.1082509533254106 -0.4153219890192028 0
0.1598524460325487 0.05554796059163853 0
4.437544093367774 -4.774814876498702 0
0.9731804758435163 0.03939709488844814 0
-0.07137171454259864 0.8577555941416146 0
0.1046408283993479 -0.07423654670699953 0
0.9926719486353021 -0.02071252996032665 0
1.05385785513711 -0.02209635283856841 0
0.9088949987720725 -0.05025963262806158 0
0.9235707050068456 -0.0310341937116642 0
0.9132029882283939 -0.02948757109486271 0
0.3928287322770086 -0.06558778864717527 0
0.2286094768192367 0.06138640381200705 0
0.2195345945212387 0.0634493508085557 0
-0.001644604207222651 -0.004409550548980451 0
-0.002575036475382254 -0.006898817472709347 0
-0.005076097841452592 -0.004469028448493569 0
-0.00065932056064085 -0.009701516309633852 0
0.6826796865236208 0.05008567960373787 0
0.6937895293371261 0.04651634139084915 0
0.1114996131500443 0.06105495702422879 0
0.8987550385168093 -0.2833528206740528 0
10.60498702408427 -8.532445780431168 0
11.24023816934165 -7.972431832747089 0
0.2473393992463379 0.06343964957078585 0
7.949294540379837 -10.60911857200222 0
7.280920707313562 -11.15666795336413 0
6.672234227954282 8.050441336534137 0
-0.05865316142733976 3.076656855045953 0
0.2043344885772858 2.980903490686295 0
0.1778448256701574 3.262578546943433 0
3.458309964701886 -2.070533383733955 0
0.1650202887947377 0.1945847279864524 0
0.1590526997771358 0.2254020126330332 0
0.1672185281278832 0.1076935650942345 0
-0.1711859309853567 0.6736275680383602 0
1.604768074788093 1.190836260565814 0
0.4267537968660968 -0.05924825596933417 0
12.22275199064375 -6.414148210191454 0
12.86743798011373 -5.817007976782183 0
0.1524767490411416 1.013083951212338 0
0.07827760917535809 0.05907863311177727 0
0.0679155445682665 0.05219980636506912 0
0.05732761309073243 0.05475186979037558 0
0.07294206762358714 0.2483659382885391 0
0.1045598282181718 0.2776467503055625 0
0.1087830705015762 0.2394469836298725 0
0.1430917694147474 0.2565398521471859 0
0.4999231379328002 0.06859243368255834 0
0.511057626530266 0.06399863225370714 0
-4.694474614819987 0.2801554163924683 0
0.5984331461369435 0.06856367774182845 0
-2.5526571475126 0.3229053511532687 0
0.9384202141849117 0.1291420610388309 0
0.9287242783347118 0.1059894411148425 0
0.9109919837811864 0.09839264284176398 0
0.8937701696565761 0.1061682254889559 0
1.986949159112972 2.280384559012273 0
0.783949227726244 -0.03656536589126101 0
0.1593630341387396 -0.2330166534148826 0
1.01320705816103 0.1441414609498793 0
0.05829513469207094 -0.5288362777272496 0
0.317486338477286 0.05782150828926207 0
0.9885338015006115 0.01238806107417527 0
0.9946333356293263 0.008864344099743517 0
0.9823761778079958 0.01310802355913646 0
1.221423876254138 1.060002730707099 0
-2.55012419190174 -4.908620364983813 0
0.2487908883756942 -0.0585997199062442 0
-1.45412917889737 -0.5781347330822969 0
-1.253787589427076 -0.6964715844978413 0
0.8570407209935603 -7.519844085432309 0
-12.60318110307625 -0.202172175863781 0
-12.61822155200138 0.6990600005406454 0
-11.91722248406167 1.131266614135238 0
0.4775054032407403 -0.06380123054890469 0
0.3475124029875083 -0.1206868125129611 0
0.6343557748362112 0.2425743987265243 0
0.5217022226396176 0.06962185629292711 0
0.05237204668359699 -3.877737757644855 0
0.08312130332401386 0.2171643556932928 0
0.5528865964743727 0.1271573609493047 0
0.7553047081525044 -0.6732854133064389 0
-0.1435437608456356 -2.877635208437442 0
-11.23353348601726 6.120729063307234 0
-11.20508348501608 6.883059281893498 0
0.4034591166165346 0.06648642687121098 0
0.295484644248637 0.988679807577886 0
-3.465264046527004 13.11907017171429 0
0.792283007475858 0.03298461525702377 0
-4.736273374204787 -1.149463975611568 0
-4.72858754594353 -0.6838564511173978 0
0.114712778584296 0.105962004908636 0
0.4638758721261561 -0.06227140270723712 0
0.2269232820001328 -0.06592812088278009 0
0.6338361632855903 0.9727534985923318 0
-1.69324335067257 -2.107663300732604 0
0.7706026084381438 -1.646945193356942 0
-9.021833249577707 -9.157751643467394 0
-9.769879954919226 -8.871980924099454 0
0.4943581886762695 0.1254537294109709 0
0.00580001977540038 0.01328358419696764 0
0.005020236332647988 0.01714073573591612 0
-0.3101508999411778 -0.1354353147901703 0
1.002181335930206 0.09835617110292723 0
0.01625802893258203 0.04616743188929118 0
0.7374654937290549 0.3131644905374574 0
0.7864641483396126 0.3451962014905 0
0.7836712095223853 0.2943973819760066 0
0.8264837520704873 0.3132084725639225 0
0.9182900106691658 -0.01497955765634384 0
-0.7440859088419193 0.1085237948920024 0
-0.6305524964253761 0.06763128462357726 0
-0.6477239602525028 0.1786322097608538 0
-0.6101944012428748 -0.04563276596140466 0
-0.5369717916915083 0.1475276722841793 0
-0.5602184190501538 0.2468682816408869 0
-0.6517856205161886 0.2858028730384138 0
3.995956711298148 -0.009321427506221844 0
0.0005277438718686175 0.01183999073512704 0
0.8922528629654582 -0.0302601462607987 0
0.9018518900408914 -0.03045737767379442 0
2.482365691519898 -4.694996573876233 0
3.698221404361706 -8.732933789970222 0
-10.84564606636261 2.066886255674103 0
-11.52906389657 2.364387943673264 0
0.4386201449461967 0.07121936984060293 0
0.4441998422998048 0.05979897144518877 0
-0.05613278183742122 0.09347333742125391 0
-0.06909451850278429 0.07488206951887112 0
0.2672954992126511 0.0660085478043098 0
0.5195157862866946 0.5738636646536449 0
0.4805065937472708 0.5307613745372778 0
0.635322155655642 0.04651113812317979 0
1.354147424616027 -0.05892195461312531 0
1.347717169560784 -0.01922953528494251 0
1.38547622560216 -0.02843680805086776 0
0.1022250083532408 0.05511187808369578 0
1.323729693312652 2.38259366891925 0
1.131399842028329 2.210364486697903 0
1.140831229303946 1.991081264912633 0
0.4657887664397533 0.06487824797732571 0
0.471509047738451 0.05564002172280802 0
0.450676999838574 -0.2619449836571071 0
0.436442148602954 0.1255313970048015 0
0.5753713245607379 -0.05363868854497243 0
0.566179420908216 -0.06197277815203937 0
0.5645624345286322 -0.05130085389520536 0
0.5957927291236541 0.1120843787425595 0
0.2577433842049627 0.06032034163326012 0
0.04521505378656156 0.03912941930720445 0
0.1964296415741126 -0.05728403773197134 0
0.1848867680477355 -0.06084701193747531 0
-5.367255635613086 3.940301602051189 0
1.072450367537747 -0.1037554159895328 0
1.038361765248333 -0.1132876380608966 0
0.832742400140266 -1.890298737913771 0
1.083016870300425 -1.941986974731272 0
0.1334999188150964 0.05248377663129218 0
-3.311711679069283 0.5184799405310966 0
-3.292826260910713 0.8631129702385558 0
-0.5246689112370421 1.209855068764258 0
-0.3913669505875559 1.332321136088127 0
-0.4011236611983363 1.491451394650031 0
1.163741102861589 0.5936084411891598 0
1.163866911778984 0.5124298594073666 0
1.172893527636304 0.6862044256348567 0
-11.93904853851239 4.964749497229962 0
-12.64457352601741 4.414911840617054 0
0.6732559993909074 0.04570458937328867 0
0.6727772082068025 0.1426777626314207 0
0.7515984461793732 0.2657557962393228 0
0.6628291859999358 0.1212031960988014 0
0.5015624135353113 0.05732768926639766 0
0.4939120686066455 0.05176332729374915 0
0.9901131524601148 -0.003644218665150615 0
0.9868781691324733 -0.0044426326598784 0
1.130522180266298 0.06128129873070372 0
-0.9288780508610259 -3.273043655487339 0
-1.503278427025234 2.601056210041418 0
0.03749575087434479 0.8401961765346047 0
0.8311383467868916 0.0291648053761446 0
6.974662061727273 3.579600416950773 0
6.969748001369179 3.007755420173695 0
6.483419489140663 3.309783445725564 0
6.482053809189956 2.707498042036434 0
5.986928191421789 3.614649240092453 0
1.048593828976279 0.1503484872849552 0
0.5479220485982413 -0.05514453752299224 0
0.812432354445481 0.1682661963083542 0
-2.039961240573321 1.999182073553758 0
0.2321426307140271 -0.08888990709288049 0
3.274145275740705 1.115854492287257 0
3.310006140540898 0.8440849176597518 0
0.1738635651878664 0.05346211003522012 0
12.28430922783611 4.709728938916743 0
0.03025336056884147 -0.1650646684527762 0
-0.007114561033946307 -0.1476378400478706 0
0.06014203943258998 0.0433799684547746 0
-0.5912698482356196 3.254149611761874 0
3.505403593309437 -1.130721334476273 0
3.232818940070319 -1.03986711081592 0
1.373670919582153 0.01447598325687907 0
0.8026896012942446 0.03213651170141386 0
0.04047258703403408 -0.04350501694442317 0
-2.578727666296157 -2.519182171125163 0
-2.229236857764132 -2.654563310757831 0
-2.091156059856765 -3.098875728660976 0
-1.655131005597562 -3.37369594691646 0
0.5565715009034051 0.05262605426161821 0
0.5642005654447826 0.04856273789055083 0
0.008633499836964782 -0.01619259210106828 0
0.008638762381567766 -0.02166099042535365 0
0.004020557115063758 -0.01800744872485259 0
0.01373784840506731 -0.02381583615147284 0
0.01602311539662959 -0.03051828065109407 0
0.02408915800507206 -0.03064052478724603 0
0.03103335095343206 -0.03692992614243217 0
0.3942800427042915 3.784435787410452 0
0.7360934318158612 3.653242688890967 0
1.523553898725288 -0.1961569389335715 0
1.015114696575227 0.5062677010092368 0
-0.2392877645005921 -0.3913162487599523 0
0.07046568424168195 0.04287658199008261 0
1.997421480956624 2.568688501606591 0
1.412733456939701 -0.4019971617078207 0
1.400836435130613 -0.4969684966860364 0
1.934259810436503 1.050722127302634 0
6.822840900189138 -4.829304046047823 0
10.08845435815445 -1.362992064142555 0
10.66966659563531 -1.605251577363424 0
0.8576283662502617 0.03130425814116593 0
0.8670800325895005 0.02912734184156186 0
0.8606125228556912 0.02404927471983362 0
0.8744276067724798 0.03653992625783082 0
0.876501471480077 0.02725925191540581 0
0.8835416972347212 0.03276087253029922 0
0.2784503454643276 0.1236677211193972 0
0.2889500616602318 0.1372645303782652 0
0.1991925180743051 0.0763380856952013 0
0.2094135965351416 0.07352581043985439 0
0.09699365570128651 0.1076079513575604 0
-1.287862149117301 -7.140699450471146 0
0.2904122857449331 -0.08770531937231306 0
2.620902726003476 -1.125913479943502 0
1.033275444116934 0.07859721612729743 0
0.6475764967780132 0.09147490014981285 0
0.6615387471416649 0.1009933807915656 0
-0.06861728680189734 0.2250577430550369 0
2.817514063588685 -0.4284847709054778 0
3.122187273423795 3.986131016265988 0
2.780815817098017 3.785203133331602 0
3.114481360865036 3.545635766370149 0
3.510424327356507 3.350822266079842 0
0.9214977748091109 0.02423853107967693 0
1.109030161735219 0.04566998880120072 0
-5.429809067589332 4.513028990889263 0
-5.8872448017748 3.570652566892767 0
-6.497968553719009 3.771077856799782 0
-7.062287035706197 3.384832899477723 0
-7.025479904870915 2.709737971477866 0
-3.25275571122988 -0.2137960949886764 0
2.505199710246279 -0.7820927691564019 0
0.8827776659140781 0.1897727179822063 0
0.7887243293496367 0.152445097586634 0
0.8105326621955335 0.1426983395993797 0
-2.690510888848971 3.977386014080605 0
-2.312993799952898 3.773120304233345 0
-2.697816113570346 3.553192715589422 0
-3.040188428341738 3.245261624436333 0
-3.469254211335266 3.448355150597177 0
-3.919266044787219 3.133291809262849 0
-3.419913321421525 2.975154827024147 0
0.8451552466180581 -0.03626589860060333 0
2.931368205072339 1.347145206241365 0
0.6229317058729665 0.2800135469109259 0
9.249215674156879 2.637248466776655 0
0.8196427590275565 0.2688291800424344 0
2.964357768732135 -5.303686699771585 0
0.7776253958944306 0.1317379460371257 0
0.7624823689009814 0.1219866445353926 0
0.7429885394447133 0.132496400628552 0
3.187024987095262 1.724100853556772 0
0.5853804275281321 -0.04816209773464954 0
0.4199861185244953 0.05564941649723787 0
0.4877538576490126 -0.231453689057935 0
3.554528613469478 0.2514815191462828 0
-0.7232695252640637 -1.816228903702151 0
-0.4863835474122596 -1.668740581396938 0
-0.2225560836823929 -1.74034092462777 0
2.47127760090136 1.57362098470662 0
1.018165233971061 -0.02640613710668169 0
-6.617451778465899 -1.240628464655069 0
-7.187700255428799 -0.9733198569113537 0
0.2991469762629848 0.05884457193996209 0
0.9457310734054517 -0.02216908207485856 0
0.9367014809652778 -0.02134227477372376 0
-1.997721334925837 -5.136002530711929 0
1.774347023257731 0.02986873409524928 0
0.01202242280776106 0.01771113056540667 0
-7.025091927717746 1.343710635507931 0
2.282888878365026 0.06104894823025364 0
2.27396682110872 0.189777489487608 0
2.384114813683289 0.2671751077831542 0
2.263588243792036 0.3178425454116977 0
2.171190798146787 0.2457556994342243 0
2.369148412390454 0.4098420529976037 0
0.9942918806607401 -0.004845838438305142 0
-2.928157662052754 6.383736580019994 0
-2.876865131136417 5.755961618384946 0
0.5354141582630113 -0.05199959348722244 0
1.509563897106035 -1.070109004891532 0
1.672972463394121 -1.139158787149582 0
3.002138048941018 -0.6825157915043315 0
-5.741200736686801 7.259247513878959 0
-4.686820797551089 -2.801995284984907 0
0.6049048887545623 0.04841330358726267 0
0.7638796449580019 -0.03755466347836142 0
0.2959628959593392 -0.06096496928154753 0
0.2850641718086246 -0.06557184840030562 0
-3.95672042736698 5.680574042014709 0
0.08310091106035709 -0.05277196625924747 0
0.06956049365562909 -0.05449661295533111 0
0.7628449545467526 0.03454081068560391 0
-1.251139589196445 -3.55343849650274 0
3.660736975725473 5.885653484160881 0
3.153972491172945 6.222195414706408 0
3.15608221493744 6.76947197875606 0
0.005926519072794099 -0.01329771639852997 0
6.382960712143374 1.846983053022632 0
6.001559240672568 1.599329694486512 0
5.946906734111586 2.062457946640444 0
5.567984179309864 1.816694258358811 0
5.895936752228362 2.547023652668891 0
6.018974626998424 1.129255141176079 0
-5.798615811699134 8.036826925936872 0
-5.133352075209747 7.660965851271381 0
-4.536852433598447 8.013558956074586 0
-4.416638174494029 8.813038921620649 0
-3.706452734844156 8.650865882362799 0
1.261739531636823 -0.1393889357202636 0
-0.02396898629640744 0.01120126909107396 0
4.981254147147752 13.18897678520316 0
1.199858453537997 -0.03789510781369199 0
-4.73744579506129 -1.662644282523175 0
4.535850052130112 -0.01950162814236456 0
1.03061691293302 -0.7473588058800035 0
-2.520444704835135 1.734411548836196 0
-8.209782513197466 -5.700962320285659 0
-0.1468916626903141 0.2432993880652287 0
0.9582999915555763 -0.04022703086674013 0
-1.090840464350499 0.8456934729977132 0
-0.3046955874553277 -0.2991812947455284 0
1.098581226261861 0.2504476073993813 0
1.126282562994442 0.2236920282243723 0
-2.969972849494155 -1.980703452104119 0
-3.027812882971734 -1.592111072632839 0
-2.709307188058919 -1.389373855335891 0
0.8377247016216443 -0.05757774870873267 0
-0.2375913603972274 0.01773614550061101 0
-0.2301689612524011 -0.03734911035472738 0
0.6813809512175784 0.04048442327763262 0
2.193862896981253 1.92878313806242 0
2.213746272025352 1.658799066496794 0
1.994775661923778 -0.219625936698868 0
9.012734624988409 -2.684432499711533 0
0.2256485151581927 0.1053556552656366 0
-0.01667813663116502 0.1969036385872579 0
4.487105797765801 0.9910495281291618 0
4.222398458801996 0.8568142804594105 0
1.057420806559716 0.000852466411682522 0
7.213129776989033 0.2682042011276667 0
7.283379086504784 0.8198372473224068 0
0.2381032382323748 2.680236578299042 0
0.8058863077165158 -0.0329513228454633 0
0.7970975181010038 -0.03045225902680567 0
0.01795587423719563 0.08150436620204857 0
0.2703538888087401 -0.06247583839399266 0
0.2808949713469642 -0.05712943028722004 0
2.328914769968995 4.399476248362272 0
3.208415529027631 -0.602068254950317 0
-0.5726965399774269 5.190418078088848 0
1.357164749489896 1.898420670435277 0
3.615738234621821 7.123052078523109 0
-1.902797579730678 3.97717930874167 0
-1.867001129453672 4.428279088464425 0
-1.450899510652906 4.645089295471573 0
-1.429631541201148 4.185652810937214 0
0.3456226548177339 0.09496071926388654 0
-0.3024162436783261 0.02314559997133903 0
0.837136668541471 0.177815666022185 0
0.4881316996449869 -1.179518729210166 0
-1.485456278052018 -5.351871311995933 0
-7.662191698200209 6.596298092917679 0
-7.787618822574045 5.777510153991768 0
3.880853886410372 3.551572916095286 0
3.857197003442385 3.130314224511801 0
3.418514242165299 2.934260091693911 0
4.304190217651486 3.271914340107174 0
4.152687373050588 2.832327937922514 0
7.300293589588539 9.425348679928018 0
0.8543913894009274 0.5730782061430819 0
-0.453739181144714 -0.7388084079388136 0
5.088517063864836 -0.7023093552728412 0
5.049510165563516 -1.023765539453372 0
5.285486750560367 -1.334617832796604 0
0.8306055537300151 -0.02840535050985365 0
0.8242439439745484 -0.02721237784280388 0
0.03677435045067429 0.02847318977973219 0
0.3691486620625154 0.09417624610933868 0
0.9295791368181083 -0.164883061467773 0
-4.610137641150458 -6.596348737604965 0
0.3321892180793984 0.8712283801846868 0
1.280683101117056 -0.02752353098571257 0
1.308387507976591 -0.001875515834040705 0
0.9282760990166641 0.03291117541898297 0
-6.134765163221216 -4.282399840966017 0
0.3837935499587966 3.148467265990831 0
-4.881414133183494 4.798912921139373 0
-4.291755607297812 4.757547418117082 0
1.671015698441855 -1.84073413272541 0
1.12585145281299 0.0906355587894136 0
-0.8090155442910656 0.9703690686515778 0
-0.9187203683257957 0.8384231029817485 0
1.648499983915654 -0.0651640148468072 0
1.170869719268314 1.74714302029793 0
0.9578354660322741 1.859600719015794 0
0.9709778924694672 1.653091355638098 0
0.7921165373095155 1.734441162157749 0
0.8151708032416745 1.550293563566393 0
0.6451103243972618 1.613441516335753 0
0.6190442117028107 1.787841496602695 0
0.9731289875191288 1.492097543852061 0
0.6850325564167152 1.458770487300749 0
0.510901896141509 1.457950191021486 0
0.6019961962991495 -0.04934603160919777 0
0.8698736892013047 -0.02515820409343366 0
0.8785186036468788 -0.02349715509124654 0
-7.117886237324848 -2.308838291435612 0
-6.488364940570454 -2.598939023169334 0
0.02060604593804321 0.0223295344070148 0
0.3733919681803462 0.6860926649713037 0
0.9985625051032643 -0.003027446245542267 0
1.000066565749192 -0.00212757879476292 0
1.001919701086518 -0.003415549433325115 0
1.001795147697509 -0.001245547078250403 0
1.000528575658672 -0.001073297415868199 0
-3.317406802960826 -7.048994598842788 0
-2.620644354080602 -7.158495327502643 0
0.9270728401085683 0.01791264430182626 0
4.52852929034518 0.285067278328035 0
-8.428713063044434 5.422582668688186 0
0.6428776302351218 -0.0487295891010638 0
-0.0008947450828551619 0.0005356294230007797 0
-0.001861358529000698 0.001581944755047979 0
-0.003896189736791728 0.002060347400831165 0
0.002491404371227653 -8.239827441921351 0
0.9397012579608619 0.485746656223079 0
5.954763249866948 7.773575943695486 0
-1.575723267797116 0.1427840433444737 0
0.4007796916557399 -0.5618209696026861 0
-7.841466352418322 -7.252773214247067 0
-7.071611474268595 -7.617528263999465 0
-9.98297657107199 -3.62190108395785 0
0.5109313188397044 0.05330654316917445 0
-1.181720881063324 2.497788881260241 0
0.8214302031332503 0.03073827466332846 0
0.8129393587588665 0.03141086320523821 0
0.3010202698503852 0.2982443308336007 0
5.691655738655439 -5.08436283235822 0
5.096662915394711 -4.745130354197174 0
4.770585287467314 -5.239707271479696 0
0.73240346144136 0.09454391079583598 0
0.7467015090221729 0.1000763706170513 0
0.4854402368593124 -0.05572082939193002 0
0.6291695929413721 -0.1887218551009954 0
0.0209288413637258 0.02760014795700386 0
11.6833203399971 -1.182873960980948 0
-0.4526217132577735 0.4665910014206256 0
-0.4138378235817874 0.3687372908089508 0
-0.01140948813878737 0.03114181046597913 0
10.90766175088758 0.7445999575142755 0
1.041001141334096 -0.05059935584650543 0
0.6332708090801684 -0.1402000538297534 0
1.110943240125426 -9.250706796181361e-05 0
0.1125543639537327 0.05038581901691842 0
-6.926248676863692 -3.705189985499636 0
0.2380976382525446 0.05777167494373554 0
-2.380201741434942 -1.535421513602917 0
-6.472849954507422 3.097122305011552 0
-1.985156146831119 -0.12334244618787 0
-2.019285353166744 0.1221728124461695 0
3.17213773288925 3.160150487465166 0
0.4028765286790664 0.3208453957189041 0
0.3165512896458306 -0.06120734253918851 0
-0.002253443148057278 -0.0004544312871412411 0
0.1673016692701975 -6.129163802806897 0
1.091017662497598 4.158514134165878 0
0.03063582218157467 0.02645137189454152 0
-0.3284122278939266 1.771795876664163 0
0.5199724133317358 0.0577985206239686 0
-10.18862736893486 -1.987484588203579 0
-9.42264024515457 -2.299162338153484 0
-10.30467362688713 -1.170513980942884 0
-0.1388750791298313 0.06652941120116254 0
1.73069954996369 2.700257975157273 0
0.1375461051251167 0.2040208623802266 0
1.758140923047111 0.2966881710238715 0
-7.341148068874109 -0.3522894261370572 0
1.263659086029532 0.7394228693314495 0
2.561254154255135 -1.371662099232716 0
0.9896522604941203 0.03872720895280629 0
0.9409191960752528 0.02141213857131708 0
3.471588517974662 7.773493322022349 0
0.6785821751324491 0.4497874818798752 0
0.2670501094614995 0.1064782317526759 0
0.6616716157282313 0.0861623362710715 0
-1.290555705325264 1.978691753309603 0
4.016584304561269 -0.3888360109925186 0
11.46329422190799 -8.890991052145697 0
9.522461569028849 6.668066483344823 0
0.03030726105457324 -0.0276100935013078 0
1.777770510705054 -0.7460740210935024 0
0.2821462126142505 -0.3053652088483958 0
4.476120639873023 1.683459895554334 0
4.220442468238933 1.481701234798087 0
4.422467011726147 2.049963649111392 0
0.1091664413444928 0.04205355710077023 0
-0.1553605581705249 7.529807208973409 0
11.04170332504835 2.153665530770503 0
0.4579303517926759 0.0587323208929249 0
7.045811566626403 -2.112434904351654 0
2.453427625596971 -1.001055902134123 0
0.7845388933812253 0.03409884116911234 0
3.579445867687275 -0.8655091064208627 0
0.9803372290692468 0.2538189415857354 0
0.226765060520859 -2.730087200991557 0
3.780083841560012 2.724722936629094 0
1.937497798020422 -0.5723468751715639 0
0.04958885537302753 0.03256499935242084 0
0.8190340111165645 0.05829924747140107 0
0.1280427598471548 0.8842525692897116 0
-9.568668696761115 3.079604423512525 0
0.09018826297634075 0.04130368215058315 0
0.2345886026799862 0.4134940075991004 0
0.8896447807783034 7.021952994549927 0
0.04842582718890309 3.562582582729564 0
-0.1422355754462766 4.966922315759959 0
0.8765463018055608 0.06728508681503531 0
6.452717290420925 -0.340760248737893 0
4.25642382803599 0.1125946754897433 0
2.510700491666303 0.2091577068703713 0
0.7846742779187876 0.05533026074292409 0
0.3293421275410491 0.2359405219862525 0
2.609743698378271 2.299808594437425 0
-0.522191040107594 -3.427012566782178 0
5.698639704422625 -1.144690850868308 0
1.961852848321512 -0.444684129431492 0
1.874798410988172 -0.3769774790115289 0
1.885680179086236 -0.2671394711974707 0
2.470738762446063 1.335607407771174 0
0.6662635026262687 0.04066322100414283 0
1.249131324016116 0.841028709951261 0
0.9530726200770191 -0.2899066708032942 0
0.4808603044961012 0.09899438546457984 0
1.744221919082166 0.5251437787414869 0
0.8995270976857974 0.07403223020604903 0
1.201245652946082 0.01556455554562334 0
0.1389874103759924 0.1016477871693692 0
0.5795794803465513 0.1035269432600865 0
0.8517938792315213 0.02708037115229221 0
5.234658017934349 6.885978164122399 0
0.9252504012370145 0.07994118988858423 0
5.715625339813766 0.005509437693088814 0
1.425733650541023 0.2871565717189679 0
1.420368349110267 0.2079811115397082 0
1.356869178589321 0.1916453416529817 0
1.177303891151458 0.0948386802822981 0
0.06534701634065761 0.03610957269186252 0
3.153467705460856 5.712557750416068 0
1.292442152091063 0.5291857960016664 0
5.683548930227447 -1.573442322083348 0
-2.247538856893566 1.571802876911472 0
-4.034421109428108 2.624978479177799 0
5.332925655647355 8.175102931148171 0
-0.129833397951422 -0.8669646910706351 0
-1.008976018319531 10.46596731477083 0
0.9784073503215138 -0.005955295348281989 0
0.9814963742148517 -0.01014725880022265 0
0.9737144775216102 -0.006933863443350969 0
-3.187849629890894 9.851502739496921 0
-7.780652234897214 7.467982502360854 0
3.140979191801693 0.4640443877445995 0
0.9641243175906551 0.1195572741943682 0
0.5644760120801812 0.3056266868012534 0
2.975741556006284 -2.309760517197964 0
0.2925906126040363 0.05339111014671145 0
0.3440964464833808 -0.06032391923192251 0
0.1997656975903437 0.1645998349567992 0
3.433184072781933 -4.295098915531276 0
-0.0007926949064641257 -0.0005121210152349773 0
0.710654367997284 -0.1615293624563999 0
2.173024663956144 0.1188920191428275 0
0.2227386739868547 0.05505493566963182 0
0.2133879149213093 0.05716084205654843 0
0.2080454299907857 0.05089143127302645 0
0.2044621079109545 0.05887219989788844 0
4.63711373753232 -1.426669555266596 0
0.1098887732621812 -0.04223740230781201 0
2.631313893236984 -0.1539558392474142 0
-5.444122964868821 -5.720061505173954 0
-9.376512318253663 -3.181159299249215 0
6.571327440744171 -1.882784695954304 0
0.07647524129761499 0.04863279073881242 0
0.2175630962331994 0.0791281568110442 0
3.155951549637933 0.2530798479702965 0
3.369978661339902 0.1341413647942632 0
-9.709549589557952 -0.6630739605133918 0
-7.150134642086583 -6.847404420277048 0
-6.982397758286914 6.434163029677334 0
2.972227225943223 -1.705373206677475 0
2.67899215155805 -1.819605906935041 0
0.04296483525600522 -0.03087584027038635 0
-0.7531141470772382 0.2275515762905485 0
3.127722591644276 0.7149124509912999 0
-2.112079508197791 -6.89918188722441 0
1.59018339549479 0.04997480489116218 0
1.531641990340572 -0.01749772620568283 0
0.5984755406271139 -2.024609558771138 0
12.39207430654176 6.561944978737842 0
13.07917003008138 6.11092167462607 0
5.852054807043809 6.640218801849112 0
2.38772497747304 -0.2458369510633693 0
6.06329982871941 3.059249231264269 0
5.301607595295627 -3.102323879916204 0
-0.5743002175148585 1.596086581358494 0
0.9006989007843041 -0.01688998755883822 0
-10.57864185787654 7.4552957954724 0
0.4783611258872461 1.2970208839591 0
8.587538144251317 3.813567794990307 0
0.4014322239682303 -0.05734060223967485 0
-0.003835306227923105 0.005025208995623997 0
0.7434890625167077 0.08460504076178776 0
-3.217392653206167 -4.487492681467281 0
-0.362828424318606 -5.880050797119567 0
10.28125933716929 -3.47127832848913 0
-12.69049012426131 1.571594440646966 0
-13.38951707825185 2.280119940453701 0
-12.43433774134652 2.578872510239167 0
-13.52600361522461 0.4403468908371725 0
-12.8998517317659 -1.063321391893448 0
0.4804333496826533 0.4712838386592756 0
6.130649712151396 -2.187940716026963 0
0.8672927403912591 -0.01860136598439898 0
0.7246355115113744 0.06102407114449499 0
7.504358026363777 2.672374048747665 0
2.600442978163803 -0.2928475659426793 0
0.9853636873883698 -0.2050652793548033 0
0.9780623116342518 -0.09230452671008602 0
-4.552143356537071 7.274857908654525 0
0.9899840886187761 0.003989209778123101 0
3.659589181283327 -2.650898095022096 0
-0.356239550008858 0.6403931834069432 0
13.03761615883498 -1.238709192347575 0
13.74224095133548 -1.752043481764781 0
0.8294089084845186 -0.1102741838084655 0
-0.05201878713784203 0.05386321712040798 0
0.687558700236561 -0.06408911841944741 0
1.398838734508077 0.112406065583797 0
8.834457128629644 -6.286817035353729 0
8.795128274400385 10.42920961654022 0
9.562587723884802 10.89097179020286 0
0.4478892745512849 6.639609253552906 0
1.905128127885658 -0.8596010839041828 0
5.279553102902188 6.182476743200242 0
0.684127225937874 -6.34578602288434 0
1.080086903347584 5.493857181848261 0
14.60796634175486 0.4394925818804482 0
14.58852588510545 1.337288121390489 0
1.573846991173232 -6.862676305146817 0
3.578823456598343 -0.1867495705579479 0
0.713419790258195 0.03960820919507586 0
0.7036193371381363 0.04124626799154987 0
0.6951566791505257 0.03791438035200237 0
0.7011715741081832 0.05259331888470847 0
0.05691982873302096 -0.03452941976718805 0
0.2176390826341467 0.4724871849682583 0
13.1116733124858 1.625102025829964 0
-2.478323678027941 10.36190418556504 0
2.420326813311332 -2.022353960684847 0
4.443805407589493 -2.993346592082521 0
0.778498945860239 0.02981502518112237 0
-1.953689026590461 3.527883882189593 0
8.179610895617667 -0.8563719374230749 0
0.7935606469730463 -0.2179321627639791 0
1.011999249615784 -0.2884905180894865 0
0.9631165312677179 0.01551985249966782 0
0.9550902965642422 0.01777842092618638 0
1.109552733665739 -0.02229453367312248 0
1.038988828118302 0.05839222805227327 0
-3.89372020352409 -5.815551335498979 0
9.941664025925011 -5.419961098467482 0
-2.536803118893753 8.623887157156139 0
0.8380919283725674 9.457434332726329 0
1.49550167519471 9.789290487713494 0
1.533375612275132 10.49592344869356 0
0.7743882545836078 -0.04016600464910597 0
0.7769013760393567 -0.03150998833155084 0
-6.438970183021098 -7.181114606797594 0
0.05151861823992605 -0.04044730565382802 0
-5.450961842443464 -8.966084893197468 0
-5.270129046718882 -9.752367973931246 0
-5.866021121473729 -10.30197981589553 0
-5.078363035424009 -10.55454770911545 0
-4.469600676012755 -9.990396455706041 0
-4.270021214058939 -10.79808802013683 0
-4.895111783861506 -11.37860528514622 0
-4.076068101978599 -11.62058345450394 0
-3.456831449935834 -11.03579247545982 0
-3.256459996025499 -11.85874164303189 0
-2.643503390848827 -11.26492974518279 0
-2.439357613351401 -12.09301477027882 0
-1.824634980817294 -11.50499206552918 0
-1.62098234601177 -12.32675787187602 0
-1.004981990096278 -11.73912743253255 0
-0.8011943946991689 -12.5672101272952 0
-0.1800391357090602 -11.9727617050818 0
-3.053928185059072 -12.693160323559 0
0.02576106454349722 -12.80881734708321 0
0.6535427308839453 -12.20806022687062 0
-2.03946102260842 -10.72108824538911 0
-0.5197233184183699 -13.44341892742712 0
-0.3610950058355546 -11.01768825156243 0
0.8450429965055025 -13.0892242886304 0
1.486536800045706 -12.45249397011241 0
1.686821245389949 -13.34531177487492 0
2.284862643069047 -12.67083027859834 0
2.563693508021053 -13.55019018332836 0
1.283444759579633 -11.57812146993976 0
-4.711254195231597 -12.23095949565183 0
-5.532088164011556 -11.95056754861367 0
-1.238368083120187 -10.92395411903386 0
-1.454363047123793 -10.23325172541923 0
0.4636142174667044 -11.36637278463221 0
-2.855084667821208 -10.4932117185567 0
-3.654427896989289 -10.23882200319577 0
-3.055225236767708 -9.667306181948833 0
-3.93876391192936 -9.437786471447252 0
-5.396654681090338 -12.85990331694489 0
2.0639316995362 -11.76594088201297 0
-0.3256956788388954 0.3757137808915081 0
-1.888061427318778 12.41064253180624 0
-1.175229530869949 12.85477814351451 0
-3.470711044423505 5.440363563252574 0
2.185425539705024 -0.01181520206899575 0
-0.2037063692105605 0.1059806217884655 0
-1.787128464905483 1.021890352278253 0
0.3915624222530178 -10.547735299413 0
0.9495647375351723 -0.01082227750776192 0
0.9535835763833832 -0.01715602913932826 0
-9.764434450499525 1.5701879379777 0
0.9170343385966704 0.04528643058242673 0
5.076743074120659 4.77934850575118 0
8.874131795984926 6.234873989291026 0
-5.692877012931969 -11.12154583776093 0
-6.489246512825696 -10.83554063402609 0
0.8456524519209939 -0.02781190750169413 0
6.979732390180624 4.200065259747498 0
-0.2266504414712222 1.413250304650013 0
0.0725736406438348 -0.03813511252279171 0
1.04713391792157 -0.5564043891906485 0
-2.720948276104674 13.83511015048339 0
11.62308545015853 7.933194207674121 0
7.664067243755231 -6.434684945345479 0
8.522035158050432 3.265436958740216 0
11.99677240714538 -1.919499421337443 0
1.838057936614015 -1.211791179568654 0
0.8761451763842298 0.9783246975299752 0
0.3092034856760214 0.05878785098048987 0
0.9681825399707494 0.008441881548456391 0
0.4248605916657437 0.1121936880475903 0
2.024521618085282 1.598784839254649 0
-1.357810631103255 -1.11602731774283 0
0.6368787059051957 -0.05450380623364375 0
0.8110005252977506 -0.02771694681303892 0
2.289517962441238 6.25876261594431 0
0.6361075473817577 -0.0377010782652048 0
1.169548381612754 0.1305603227797873 0
13.08918126360452 -6.645177512942422 0
11.64549476583517 -7.128620429868318 0
0.6331969410035965 -0.04594037001210177 0
0.6245010899938153 -0.04558815374843037 0
0.8834714635213867 -0.03050952250070267 0
11.50377762320472 8.935965200887368 0
1.040380839926275 -0.01039819291302436 0
2.527424592395575 -3.406660024453041 0
0.6364050325301065 0.03792241833659517 0
1.051773525731775 -0.08905365113463948 0
1.023381370711184 -0.09102261658033131 0
1.022969585146219 -0.1441672233422603 0
7.30123562166952 12.48824278135475 0
1.408264824152758 1.678489093280794 0
5.323306437575502 -1.785956798475278 0
-0.2661728469326494 1.591778421749353 0
3.212549699562757 -0.009216197437680478 0
2.954099305084699 0.2548505403037793 0
0.5044750528804999 0.1087760441142131 0
0.08984750543665682 -0.04241512019622748 0
-4.711701785653573 -0.2414365361184278 0
0.9426430234856655 0.01283027921108809 0
2.321274326828785 0.5640303868310154 0
0.7012926503253533 -0.1304546552541089 0
0.7269417321871826 -0.1140199118374328 0
0.008735839440476359 0.01955677848192278 0
0.9786652695625568 6.483331182912615 0
-10.03273252894941 -7.178278662589914 0
-10.84494934521971 -6.884239917559145 0
2.199552458126716 3.405897180849851 0
0.9687956008993583 -0.01560023712212694 0
0.7372184424853405 0.03868307955029607 0
-6.6485351798647 -10.03767770771054 0
-0.07247852457658516 6.417488163247883 0
1.464213343467181 4.420309406628225 0
-1.354175730357561 2.27171590521152 0
0.5191308934635651 0.04797467038737464 0
0.5899617537353508 -0.04095525488535438 0
-10.06847120876867 -8.09702208966827 0
-0.1757217734918297 0.5751499574130764 0
0.8404612134537112 -0.02137246481846411 0
1.22835147560363 -0.2489919822712969 0
-1.482854620968993 7.282478654404562 0
0.6511818144818374 -0.03656936254476152 0
1.450778537053856 -3.218205993179017 0
1.775446744747737 -2.981081657122373 0
-0.0742193701702779 0.04596501575070237 0
0.8832915297963386 10.88757137857253 0
0.8568663487961783 0.01898819434118817 0
0.8306247013860668 0.6794236195084681 0
0.7660428254252198 0.02774595040149715 0
1.511486495667129 -0.274248399445358 0
0.7914357179772704 0.02577261314236237 0
-8.845259486125043 2.857754701717383 0
-8.199495145294286 -9.444026239289304 0
-8.103178945096605 -10.34456019013593 0
-3.877344127959938 -12.47269513777142 0
2.389978996150664 -0.5217228011205574 0
0.7506970072136629 -0.4109715952352291 0
7.685041031434212 -4.029489095825068 0
-4.894127791327747 -8.456252130497376 0
0.5900555154526006 -0.1851104616071019 0
-2.215062932478903 -12.94351380229098 0
-2.765001532044006 -13.67324973779646 0
-4.788922917673256 0.7879664690200061 0
-4.003160209774452 11.82974208284302 0
-4.759300184718893 12.36625229960196 0
-5.503632664522669 11.72882829886358 0
-5.564340269546009 12.5925739808352 0
0.6956989946328805 -0.5854959165134136 0
0.5824950541591284 0.04149350363914875 0
-9.526630485985942 2.297633172891875 0
0.1530830741104887 0.09656462263402407 0
2.70503084589544 -7.959606356873373 0
11.67204938715911 7.023009155300073 0
-1.03918953896321 4.506242908468243 0
0.6062879889699849 0.0400905580655067 0
4.304998958352925 -1.323560599246215 0
-2.419165495195884 -1.205219256976424 0
-2.761472107076827 -1.032366437685719 0
-4.222480036997727 -2.569610838636069 0
5.482326189209504 -11.47246425311002 0
6.464587552975108 -11.80369622756096 0
7.29552901167999 -12.07816163561943 0
0.5961027201916081 0.04922502747551233 0
0.7239204768049339 0.03177875194941968 0
-0.5477210344873843 -1.246276241810377 0
1.919246203262191 -0.1543423994295033 0
1.787008418986546 -0.2619256226704121 0
0.3511491430437292 0.339691624393037 0
9.937769690397113 -9.04695386280922 0
0.9734587585614654 0.007199051385021443 0
0.1881698355050015 0.3945212137821877 0
2.782326586073013 12.67612880481438 0
2.065351134396971 13.09857802040876 0
2.80890795863288 13.47772019414404 0
2.02297376001276 14.04188053638956 0
-12.30453028881842 -2.645270032174556 0
-13.05151538804046 -2.337903076559482 0
-12.34938741539481 -3.519656273106881 0
-12.98084098152659 -4.176676100730223 0
8.222196138477607 1.926033741862926 0
0.3795341258125998 0.05048313577643676 0
0.6521113340528361 0.0385044587599075 0
0.7089560505506901 0.03300286379225921 0
0.3344443989934375 0.051671567470136 0
-1.226181761797316 -7.788377385856989 0
0.8883274086044264 -1.292935380173927 0
1.472860802417511 -1.42797220750346 0
1.564939498852283 -1.628459761691748 0
-1.358470112536673 -13.20495129025609 0
0.5905282153275886 0.04164896011445152 0
0.3307870489760601 0.1468931522190023 0
0.8455243683887231 0.01928880655765342 0
0.8402570604722299 0.02157084813621646 0
0.6416397808459146 0.2093146249877339 0
0.6135724541381753 0.2183186890360577 0
0.5923912372408584 0.1954193060903108 0
0.449508079642537 0.0473628169907 0
4.134947349909591 11.08512873021296 0
0.8385053507584913 -0.02873609512974701 0
8.600246220210181 -10.0800384347297 0
9.359646502696293 -10.28513386357329 0
0.2579173322142986 -13.59354561448366 0
0.2765708196769884 0.05106211636501552 0
0.1522602783782453 0.0751509999877379 0
0.5435255367363704 0.04374594141789213 0
0.8030393260715533 0.02508687277873253 0
14.35459164643747 -3.181356434168332 0
13.95348912393817 -4.063679562051639 0
0.6661006175099095 -0.03569027224444526 0
0.6622583721107551 -0.0425628692504546 0
0.8163116430381719 0.02395995222432691 0
-10.44819115110876 9.036655720627447 0
-10.11651699818995 8.25833191456948 0
-9.525746570382569 8.904981100734481 0
-11.49643107011375 -7.540165910475908 0
-11.88737141809873 -6.781185567463019 0
-5.320598373786962 10.88308151825761 0
11.88886378885428 -4.752870440712326 0
0.3644233787624829 0.05040982232123752 0
-7.785903070276933 -11.43011805702125 0
-7.793160018811713 11.50862924046425 0
-7.111265325615111 11.08012252894758 0
-7.844061691835753 10.64324842532025 0
0.235302672503132 0.04977206084033442 0
-0.8851150892221488 14.18862130177051 0
-0.00160044052414926 14.21946316136317 0
0.2022815366454432 -0.04919587958809152 0
0.2051304041403215 -0.05471482919793197 0
1.851845454737072 -0.4908453888870735 0
1.782451976574247 -0.4098403230921646 0
-8.933146526563348 3.559470177159387 0
0.6089514051520767 0.07994419597290019 0
-3.067826390034597 8.272588198389613 0
-0.3525787182231006 -0.2125489648166816 0
-10.4202124527271 4.92905526327702 0
0.5592969733320234 0.04301158229764386 0
1.886536160736349 -10.95907623007173 0
-9.860034579529541 6.969813165787458 0
1.329710589536811 -1.069992532489311 0
-6.613055218063697 9.953107170681239 0
0.2621314774887747 0.05151995197356476 0
-11.68199288106965 3.178113466374362 0
14.35552982426242 3.233173152372315 0
14.09115595898761 4.122832098546961 0
13.21738617863271 4.213636526834443 0
-9.056202600888025 -0.9171659847312439 0
-8.608984191897582 0.8641992723016708 0
-0.454855337927326 12.50686915470409 0
0.141714177393286 0.08120473511651777 0
0.4657176709674993 0.04809577159955559 0
7.312117231527848 -1.313747610682035 0
6.04681622654976 0.2248622935037373 0
0.5669497138514269 -0.04240938393338166 0
0.535677172762804 0.04420472467684709 0
0.7313686716622783 0.03162283448820857 0
-2.234895767704304 1.269601000522899 0
-1.951961066185674 1.427019723407082 0
0.4548864162652795 -0.05694252255265943 0
8.103815653398097 8.188613173737323 0
3.373056332182013 -11.42987494090378 0
0.3439255836199497 1.885694283068854 0
0.2487121541580826 0.05050466194744972 0
0.68880258158524 0.1010691125041948 0
2.326751483101741 7.341380778625879 0
-2.410323755488805 -0.9079692357130235 0
8.721534401079465 0.5363073988424214 0
-0.9558541960359214 -0.9203993796742586 0
0.997071278991108 0.002034178986323691 0
0.9985450299164174 0.001565351488145995 0
0.9983478816554601 0.003413950709541628 0
0.9999365956222392 0.002577199471030914 0
1.000087225152567 0.005103725635013691 0
1.002120118715549 0.003424115390356237 0
0.999457033623939 0.0006407302508033072 0
1.00106085045924 0.001306299321969938 0
1.003570504475126 0.001059070228749512 0
1.005831126556756 0.003811796675841763 0
1.002854182410744 0.006707125204913473 0
1.007073778342781 0.007973386655829211 0
1.001150244605856 -7.732915107848279e-05 0
1.010879155907627 0.004174712664162885 0
1.016069541778636 0.002731351275713537 0
1.014987818143287 0.009432646513955208 0
0.9994279120677391 0.008366456933470408 0
-7.820053291466719 5.035797181760038 0
1.326747487036976 8.491179389034388 0
5.972289984434978 5.399607073821311 0
5.958688824497789 -7.042273133638514 0
4.784221333494458 -0.809768141204663 0
-2.445155482133933 -4.385057116124766 0
0.3874629054671694 0.05119604776910042 0
0.3418065638307307 0.05176961759671481 0
-7.949427362680638 9.068400741413136 0
-8.642726780458974 8.618757486583688 0
-8.807024470990269 9.548306248027101 0
0.3767033559135583 0.6095022376827079 0
0.1242941633397547 -0.6258703807441043 0
0.1475653889208237 -0.523878780677859 0
-5.678156368820066 6.519735199991286 0
0.02395361476429497 -1.64204396397235 0
0.7916408611274204 -0.02562843333535922 0
0.9224489109390267 -0.02255523040829898 0
0.9349748286486249 -0.01407673450338238 0
-8.601488150751301 -4.263631281153357 0
3.67369404277852 -6.64204052576016 0
-0.2496167334142425 2.379267164700998 0
0.442635303237148 0.05006428918855424 0
6.051418506954522 11.57560304502728 0
0.9561839641325802 0.009934983073017715 0
0.2353854780156608 -0.05002727950382396 0
0.2321230578507048 -0.0567211023645208 0
0.6953961781546462 -0.03335225478690875 0
0.9831018947309718 0.004874323621186358 0
7.956864179944018 -1.483712245707373 0
-1.550456148534785 -4.798842420876033 0
9.755975656868046 5.165283448616041 0
0.6805812088256201 -0.03539677347980559 0
0.6846737718354405 -0.04197600782544066 0
2.105240317374073 -6.516011670950768 0
-11.14991889353183 0.7314614821322668 0
0.2489524959147568 -0.04960571675499621 0
4.131069076180326 9.594765506676925 0
0.8511590420270883 -0.01931465161703316 0
-3.488377009745562 -6.111828840618942 0
10.17158150296697 8.654224600914944 0
0.5593440555115414 -0.04351912166769187 0
-6.074875826975398 -3.071319835861887 0
0.6495978777964648 5.275960955343933 0
-6.244854080557272 6.136249487051302 0
0.2625243263045619 -0.05058359788675514 0
0.3562031604277456 0.1825905113939195 0
0.4411020598014869 0.1088805301872601 0
-5.094189718285865 -4.243894311670484 0
0.8014025943936984 -0.4776718188414272 0
0.2220681916014494 -0.04928831003136262 0
-0.8576609137283291 9.075159387590158 0
-1.420431087443753 6.179710479713721 0
-1.91011723099854 6.448496610447956 0
0.6056431580495127 -0.03997082499323013 0
0.1778733587349746 0.04735830171661699 0
0.5427731292532839 -0.04494795300438398 0
-0.5691009827834891 0.3459705313869899 0
9.265240714640912 -5.141835329677466 0
0.9080920232805136 -0.1414195534035754 0
3.85912427807787 4.905177610225624 0
0.5500014436019636 -0.09438776246174359 0
0.2155474327177273 -0.04899864275125429 0
13.10663877375938 -3.736899590009529 0
8.18777419532344 -6.001357270883112 0
0.9696566164989274 -0.04194651393733768 0
0.6724287611087312 -0.09147301627026617 0
0.1661356154868615 -5.586964871476022 0
-6.133190287108761 -1.490879843771548 0
-3.317509206341967 -3.526130151431661 0
1.047704561972598 -0.180427009275113 0
-7.237292606930101 5.391647380431627 0
-0.7372969325757298 -7.397087730782903 0
0.3930347335345477 0.05935907628977988 0
0.4021510077923606 0.05654730231182398 0
0.9527674473831149 0.08581831721804983 0
0.2310989638721353 0.09102320632789646 0
-0.4858925102296622 0.3075216158884819 0
10.87810735027567 -2.977295175937299 0
1.535503830077332 2.519219213627477 0
2.382968413754324 -1.762964023175462 0
1.173924444743906 0.009138982535263473 0
-0.1683507471161315 -2.024479413518057 0
-0.01030767211954969 0.001256241178348176 0
12.42738023864315 3.731031298068212 0
7.496233966910959 5.721286205991364 0
1.144703199540815 -5.999771045330221 0
0.418014024917701 0.2151849105390441 0
-4.71215487400046 -9.212240400385905 0
0.5055152966864794 0.4165693288376031 0
11.07353398590073 4.413641994883491 0
-1.931570425203255 -2.391500596383368 0
0.4133925001328662 -0.05961899570994237 0
0.4201834948480697 -0.0526056987551198 0
-0.6537696699715094 -5.086878161691217 0
4.671293716360083 4.479580709187747 0
0.7956167029501131 8.784023523863691 0
6.962586267639845 7.348706495342287 0
0.5356059245184146 -0.04388387604915376 0
3.567168808762402 0.02480362008525747 0
3.434135909827448 2.546426524093831 0
4.038217328578532 2.468786825373047 0
9.799587610851335 3.014896965335227 0
7.38011158259787 8.556488454706932 0
2.000482050950503 -14.18458941367892 0
5.66977246376588 0.8693961153295113 0
-6.23018555237416 -12.4864317362666 0
-0.5119235935552198 -0.03879268094495739 0
0.6216256917622256 0.03900224880210214 0
-4.385505569094599 1.109530202243345 0
-4.245837911665501 0.2967794892308336 0
1.424837750627095 -0.2999150703250841 0
2.117280054228388 -2.805734552714227 0
-1.241195950232259 0.7461931808043599 0
-0.1467830270337936 1.267947950631652 0
-2.936110047760649 -2.381464756160583 0
0.6055960405811216 0.1696299932568167 0
1.639163604746339 0.004471681206755992 0
0.7435638993760977 -0.04512703994948504 0
0.7574171645122453 0.08961286332518544 0
0.3985770174615764 0.1188967773675258 0
0.8728320499460339 0.01716611520117099 0
0.8708671202814124 0.02242061353198571 0
2.371664548374736 9.171270302406688 0
0.5464900133294727 1.979278914647299 0
2.226127036466309 10.64798996907467 0
0.0636944320755411 -0.06801257779502544 0
-0.005163959014551568 -0.01013686552502864 0
-0.0003651724955797697 -0.01471978004527509 0
-0.003110916513774376 -0.02108451927979623 0
-0.6373945959738405 4.310872762391853 0
-5.235916899342659 1.957017803151388 0
0.862339862874806 0.1690982844582047 0
0.9836585614423097 -0.01630816781546737 0
1.825617889895246 -0.6093850434616518 0
-2.741403811191466 2.930035271538277 0
6.591289764120185 -3.427036459891909 0
0.4649021752648392 3.408950591422494 0
-4.284290109727846 -1.340897836196755 0
-2.084913926480385 -1.388557303378494 0
0.4752777893701935 -0.1055063800185794 0
2.490323333476952 3.263809629877533 0
0.8465423359451993 -0.07220796722662293 0
0.1909344735923218 0.04809987274268477 0
0.7848368651940429 0.09994829008764042 0
-6.084349600711171 0.8771598940468783 0
0.5201145274689385 -0.04529184416993762 0
0.5161268352403368 -0.05341314223851776 0
0.7026046873072654 -0.03275487363878872 0
-0.9708256322856494 2.651061184125265 0
0.7587011003444857 -0.02913593227876501 0
0.7555614993191969 -0.03542649404947572 0
0.7470577725746556 -0.03598691977076283 0
0.0915877560763287 0.1275082531050903 0
1.08482543783354 0.1682349258723621 0
0.8622368070085769 0.01824386461626421 0
0.7442295620714433 0.06443777006806864 0
1.880680256348978 -2.584596978580262 0
-4.062042022179583 2.191930904506964 0
-4.303753458475768 -0.4817776906595058 0
0.3123341773449912 0.05096934430115197 0
-2.362979348810176 0.5488770515445553 0
0.8280078661410896 0.02221125236766919 0
0.8103389977703583 -0.1831115151983352 0
0.8947781041921103 0.04159377676964018 0
0.2980560789477625 -0.05133879632103824 0
-1.581999827182656 0.9327172752758197 0
2.956454640373063 -2.003771994604943 0
1.351950210241062 0.04912503439341748 0
1.412854170427646 -0.8221790153659905 0
0.7586381357269749 -3.91485373863728 0
2.280222416116853 5.772143648377186 0
1.196913330217986 0.3648031560547483 0
1.173474195608241 0.4349641762256923 0
0.4391086037565951 -3.735204612447122 0
5.654548958934202 -12.35106452978641 0
-1.477091757284126 0.3319716676932947 0
-1.233421224896776 3.875211118286145 0
-5.372503153267553 3.392417515616989 0
1.974252211437008 2.037288449707335 0
10.24607825468992 10.31733838410985 0
0.4728276092132458 0.04727799050100088 0
-0.6822211406765485 -3.017909764640829 0
0.5035721746555686 -0.04589945480877309 0
-0.8463992783687286 2.132492128645359 0
4.575676233640801 -13.51548080111445 0
0.7235303663744326 -0.03964429076684833 0
0.2893302660182224 0.7046262600791657 0
-0.1081904731810399 0.6264856117488897 0
0.3125167441913679 -0.05198922593607428 0
0.3273256901017955 -0.05833174499151209 0
3.209285373727246 -0.8130253826487208 0
1.487119537058157 -0.4533349931181777 0
1.777808888851889 -4.347448455416476 0
1.489554271947716 0.245552635227718 0
-0.04851034846029494 -0.1695766139983358 0
5.495464244878421 3.531549911061441 0
0.9623852477458058 -0.008909687418836439 0
0.1790892420796331 0.1565979699266776 0
0.01093472516968965 -0.1179976940024101 0
0.8543984948183049 0.07222022758980673 0
-0.005299203729638408 0.008303204375735397 0
0.9859326117236074 0.1331187585182178 0
0.3568624592530381 0.05066275084741442 0
0.3534053426208417 0.05881683740369815 0
0.09479009947503282 0.09055848308325359 0
0.1693637115542547 0.09374843598439056 0
-1.877193772563618 0.4376671472584377 0
0.7168801155999247 -0.03169663544478964 0
0.713914981237353 -0.03922143157550347 0
-8.538748239964869 7.832956847080462 0
1.929259339253976 4.660481483944079 0
5.440235193681483 2.698524553803916 0
3.732675104582001 -1.948480529467043 0
0.7447533331517125 -0.02934976873967506 0
0.8781342518933442 -0.01676475725434448 0
0.6072752145185811 0.8560299967786977 0
1.059762200760774 0.2761777749875197 0
0.3270118192672179 -0.05094006419296707 0
0.6207173899162521 -0.03910187089362313 0
0.1957926104704795 0.0554541265050433 0
-0.01742106296300495 0.496532225604492 0
-0.04701746361217255 0.4373579688020082 0
2.330308709834716 -0.8198984653438582 0
1.346533776033505 3.454704269443551 0
-12.48210960485572 3.557527238678036 0
0.4885403768195519 -0.04658655652804296 0
-2.145611989078493 -0.7928062531793427 0
0.6889688730419449 -0.09174506814749181 0
0.7428654513388985 -0.2927975775981892 0
0.7148126032311113 -0.3442297334600573 0
5.403328947285459 0.1614925859376022 0
-0.003908726925652441 -0.8341865185369334 0
-0.7878132245711007 -2.676729336304696 0
2.146823765728058 0.3666324072226707 0
0.6431808012032124 0.07642389280065327 0
1.091547820368917 -0.03459762747602914 0
0.3413264351833057 -0.05164383825812739 0
-2.098516377898162 2.288078252853024 0
-7.2747118696492 -10.60345873119248 0
0.3645210905295498 -0.1111934172720212 0
4.294458870185327 -2.357356767395312 0
0.7096020282271829 0.5567556428484898 0
-0.09317428453509201 0.7284419194667237 0
0.3962122686310173 -0.1147410122049882 0
0.7182517944156455 0.1992931675064452 0
-3.366843725467854 2.549918187921188 0
0.2728152311035938 0.05774506479169471 0
0.3568457252285208 -0.0507993501516821 0
0.548567858543082 0.1070506358349921 0
0.4728313072516695 -0.04748245714764095 0
-1.482529464499607 -1.881320783777073 0
0.3818466376524859 -0.06071247721545907 0
0.370690425534723 -0.06454793894818024 0
0.1057544572622345 -0.04981224176958955 0
0.006208731581097941 0.3447809881358039 0
2.176454981994351 -4.453087528662161 0
0.7314198496034633 -0.03266647275758894 0
1.003541722604667 -0.001939003684434116 0
0.871151427875094 0.2267219442836914 0
0.3720059282633302 -0.05041812157141539 0
0.8995465854580146 3.054007676149126 0
2.10630659720396 -3.195245834162492 0
0.2835026309671296 -0.07661995623515015 0
3.271867046129933 -3.596579311694285 0
4.91364710860031 -2.840439849559611 0
2.447854805938938 0.7224044818914082 0
2.504311574530822 0.3601267891673134 0
0.002283223755021945 0.0145525488053851 0
1.609905724787084 -2.701343928849068 0
0.1518407072681814 0.05822386287025461 0
0.4573976838055194 -0.04837755353348798 0
0.3872748936054726 -0.05010576406006476 0
0.1404492437911785 0.1766235233766236 0
-0.03682945598657336 1.372806656646485 0
-0.09946828784684553 0.07236174911630494 0
2.283909041733259 -0.2963205076675868 0
0.7035077508094092 -0.1038485691646719 0
-1.111804945410035 0.1134471214389536 0
0.8285697086069305 0.0668840968721183 0
-0.8551964425280097 -1.567229715194921 0
1.09259438229572 0.7409390228027357 0
0.5729533572525585 0.09167353889110327 0
1.098667533998631 -3.034392412926908 0
-9.817376452134527 9.733109675093267 0
-8.573628164877157 10.96404100317391 0
0.4024181433326231 -0.04917637501382128 0
6.246807521526551 -5.370479689811747 0
-12.66397907063996 -5.015419845594565 0
-9.741271668231617 -9.679081477900494 0
9.389503359845486 -5.854891980263997 0
12.04551897007616 -8.145023620668709 0
1.221631090487002 -1.751402140414985 0
0.87802696483432 0.01673651698166095 0
0.8810604968502469 0.02166563564826333 0
0.5561236238066981 -0.05081949493491671 0
0.441503889369269 -0.048613269939071 0
1.161820244235299 -0.1758212433494254 0
1.672973231041075 0.3596499193167792 0
7.832250939113343 -7.743773268800894 0
3.613477741634462 -9.431458509534544 0
-1.073360492685899 1.387992446758072 0
0.5956011276008117 0.08369538086416912 0
-5.167561348282367 -0.4582627010251179 0
0.5237272490130594 0.1803819051674664 0
0.2372874313452726 0.2559002795539304 0
1.799498955869348 0.9637733252413722 0
0.4613085000317791 0.1775901382372846 0
0.5527250895149792 -0.3597225122169398 0
0.2994502434480097 -0.1672007459458681 0
2.952729648474388 0.6236404496454734 0
0.172036478623193 0.04656291115519602 0
0.90592176465775 -0.03907667632906213 0
0.2287502802912932 0.1578894045319846 0
0.3817197960367049 0.09307688328128438 0
8.17264207494692 -12.10223782046891 0
9.806867001834974 2.319950675055113 0
6.302029555334197 2.262178351018108 0
2.95981790880813 1.023832376837229 0
0.5669038986188173 -0.07403064743768875 0
-2.406829530473763 6.189040416537408 0
-13.69055408534345 -1.3976475897107 0
-1.145165327873118 0.2606600940093192 0
1.549781915774684 1.068380177120783 0
0.7965284969293367 -0.2989513096464749 0
0.992939445174047 0.00295291228106582 0
0.1428633327332785 -0.09333766649470085 0
0.6657321047926101 0.04777885317378223 0
0.3487614749636635 -0.1024075330951317 0
0.03715127455593688 0.3832569648564015 0
1.394037048901932 0.1587772057051961 0
1.354105809399653 0.1375481374885076 0
0.7032208762565186 -0.08572950085728072 0
3.971881011398878 1.314931041208998 0
0.3265857388752879 0.1815730999449929 0
4.228664004225202 1.166868307624054 0
0.3557343805328672 0.07277502578299098 0
1.944682091660692 0.7812526070773492 0
-0.7303406245014493 0.7436836271752834 0
0.004966210631166557 -1.424968855653492 0
-1.838741566493992 5.917808980643644 0
-0.3566526685027123 1.065738045026871 0
1.547826085182126 0.6760396122950865 0
0.2805595923913746 0.153322281488377 0
0.5918073595891086 -0.08758424173981871 0
0.1423254628271038 -0.05227691856144182 0
-9.286532568993486 -3.938767394479946 0
0.7640333382568847 0.1044465686304956 0
0.4105696684650034 0.2794953734486515 0
0.4410863096410563 0.2670347819473425 0
10.24722940514649 -10.37124673544045 0
-1.940219994661384 7.021616141316761 0
-6.64695102769187 -1.793632938677365 0
-2.251964971480563 0.27222615054696 0
-0.9422306116519193 0.5801591044473461 0
0.3300853229374763 0.05809354193916153 0
0.06005935892016812 -0.04550636124940067 0
0.8583085615704535 0.06016192981504583 0
0.05595367275213834 -0.132639460673711 0
-6.409209428023627 11.49754532326672 0
0.1522772049355684 -0.07706307050059882 0
0.1615220024641734 -0.05890528598125942 0
-0.1359133875823784 1.715498435131463 0
0.6397932042352278 0.4128956678949895 0
0.9669407750581265 0.2117642428488326 0
-0.08639082713636892 6.956460407672688 0
1.773170210121199 -1.605060634808296 0
0.5119098487773796 0.04515674891488942 0
-3.727730230217079 -3.80783124867667 0
0.8402435241553083 0.072337746931171 0
1.515531243232522 0.4862302376866765 0
-1.816920513346024 2.178783379923315 0
0.6881831463942264 0.8962404804714206 0
0.4537230570383335 0.1027674875557239 0
12.69381059287839 -4.990476983401555 0
-0.4799858953362134 0.5597502345276439 0
0.4677313970792039 -0.2026183183415137 0
-0.02872182493239438 0.1716984497121504 0
-0.967722760034437 -0.7385511962551394 0
2.266471070026061 -0.5271444664595727 0
0.4173576737660574 -0.1790211612331876 0
0.1958127825679884 -0.04851962573180731 0
0.6225338904403266 -2.338353089369041 0
4.24864316865983 -6.917173127204959 0
-1.059496236442364 -0.161679312051543 0
-1.181861561344229 -0.2501860680073744 0
1.086495791834202 0.04615992337731745 0
1.316973826176154 -0.6464776723549062 0
-11.15706641546059 5.294998905126443 0
2.04553830112255 0.4587223578275768 0
0.192986832678165 -0.267303960990897 0
2.006190806170277 0.06924817472439418 0
0.7679684082483567 -0.1154289248046128 0
0.4886117230512648 2.677583998292653 0
0.759324487811334 0.2295080379913388 0
-0.02384453247905438 0.1069829721803819 0
-0.6122046854556885 4.737796930318405 0
0.5066435096807753 -0.1375269318566951 0
5.264179860794339 -3.571949508345436 0
0.9060362654415521 -0.02298787786960775 0
-0.03980232993224753 2.287089809110705 0
0.9072477541980778 13.19177856611153 0
-5.871791055469196 3.042686411098425 0
-3.653775665294052 -13.4457208694896 0
0.6807611379996555 0.03337333404911504 0
-8.674083301056605 1.531970986182685 0
6.063637325719375 -7.720657741855405 0
0.7672904700168139 1.926614968119095 0
-7.937523438851988 9.877034231536696 0
1.314862539863569 -0.5411552030259417 0
0.2579521026515816 0.2132866787565789 0
0.7343528815032537 -0.09578531112783856 0
2.34491347716552 -1.331636000479006 0
0.2646527050449324 0.07733024884395148 0
-1.00907619224301 -0.4395742966547203 0
-1.158500404291745 -0.5269402187424738 0
0.4160855515263576 0.1002959464739524 0
-0.2946734036717605 0.3140132307948968 0
2.011200585663995 0.250837914124313 0
0.3612167596092397 1.35494967087214 0
0.7796300165100969 0.5298764528957193 0
0.4425025785912612 0.2330615455230834 0
0.9349188567511684 0.04098163607081348 0
-0.01520619113800395 0.06158329216339654 0
1.66586244733807 0.2079791719727065 0
1.480311694755082 -0.1447600775542169 0
0.02624563044288844 0.03045239256392248 0
0.587779533165203 -1.045401545489534 0
-3.474942424480293 -8.887934288227317 0
4.280364089077242 -1.052188110480997 0
1.772565471692228 -0.8867387270953685 0
3.981296168047707 0.7411919554971301 0
0.05177582598987106 0.0458386606481027 0
0.1603191473184893 0.04683591855617952 0
-0.914265209160815 9.752590113256058 0
8.078785718848817 5.412896017082531 0
4.749697739302047 9.976459715998342 0
0.9955299442832075 0.00442141881700792 0
1.493583776794092 0.1768892523873997 0
-9.655064537250798 -1.51036685017399 0
0.2315486096235145 0.8916501564887129 0
1.046662968723892 0.4469842830890662 0
0.09588150589286723 -0.05180325535529494 0
0.459729597392664 0.424252164701904 0
0.3178842893837034 -0.609941456522396 0
1.034534246991393 -0.0712267736379843 0
3.983496571789892 -4.119075022565582 0
0.4209721711786721 0.1893939877941681 0
0.05699945498033238 0.09192019003734694 0
2.132865497737886 4.052824065951247 0
1.485774460890529 -8.66040066051983 0
0.2891503290986789 -0.2349521275392981 0
0.8614915782385748 -0.0652572848282518 0
4.341619863381588 -7.579634512100589 0
-0.9638039243228149 -14.15013480282077 0
1.233159980847722 0.4791867641050621 0
1.302912690290276 0.4474403973342631 0
0.1489115951600073 0.0446925546385982 0
0.8816477624524758 -1.103995273405325 0
0.32328471844721 -0.5212558325784553 0
0.2652944391958814 0.05768582949803785 0
0.1795635193929925 -0.07067864981968106 0
0.1732961451555726 -0.06024908092478083 0
1.025685001012159 -0.0327797696190798 0
0.8853156148986703 0.4644843437306876 0
0.2771632336296763 0.09434462268530328 0
-6.574074581916954 1.682868559683238 0
0.3093252545221937 0.1180710712688731 0
-0.1969290613390606 -0.7187749007733524 0
11.01418790756603 1.478343569853009 0
10.7729865227403 -2.296750702429055 0
0.02765018410584485 0.07298233575691508 0
-8.585695594248861 -11.06477199182317 0
-0.1421284222431637 0.390512915025778 0
0.2092758216209552 0.2342865072733567 0
1.714132160792002 -0.2457055370463678 0
0.9371061798172554 0.0913632100016579 0
0.1811568951961763 -0.1688985018458113 0
0.133994140778309 -0.1959800838420939 0
1.275723061479681 0.1507119803257236 0
0.2456057430542599 0.05568713161423591 0
0.03882819810092314 -0.0355686687595148 0
-0.07940496878521858 0.4957949200474946 0
0.8096620905436303 0.05620931885116649 0
0.3609001672191981 -0.2812745782293677 0
-3.154689578378576 9.011192288101658 0
0.002454605183733439 -0.02604578760000894 0
0.3086914515557883 -0.05843097857929899 0
-0.8811908805964122 -9.786153363821176 0
-5.611496825959279 -4.548120949520706 0
-0.09603593961075163 -2.321313178923569 0
0.7515496415838775 0.02824947267457049 0
2.475039433095053 3.600138051501736 0
-0.0334310601975963 0.229913752040524 0
0.1112375008202437 0.210136482798238 0
-5.262662257097854 2.450768306873107 0
1.285711527544343 0.2472493409002271 0
11.62405889908206 1.02618828249566 0
0.3731940609897274 0.4727683511032819 0
-9.67802528883348 -5.143876525662763 0
0.9602898829958857 -0.01521821213805843 0
0.1204667956929447 0.04866401441913338 0
13.70770412834171 -2.580872563655672 0
0.9996126740133499 -0.08683221169150267 0
0.3714233596849104 -0.1834437560449689 0
1.097192092371842 0.08863291832439865 0
9.179881569818622 -0.8848765198265564 0
6.635647840266513 9.63901826380509 0
-11.94586728684831 6.603461697391726 0
-0.5306130761063628 0.9121831172324889 0
0.2027522020330471 0.04802077309305483 0
0.4674790470877729 0.1007843384982949 0
-3.005875447096148 1.013393058902734 0
5.253431807996116 -5.498829380484143 0
-0.3652337616773415 -1.302902370751331 0
-0.3354723295960971 -1.507901355768007 0
-2.14821528970711 3.230909727190688 0
-0.6585711458204665 0.3896594388885251 0
0.4254705667507617 0.04863807828969569 0
0.2222038586809952 0.04853077396747825 0
0.2562733938760198 -0.1645900199074352 0
0.2578160391142419 -0.1945490363128461 0
0.2587971140391415 -0.05676110518108331 0
0.5335762226012226 0.05127806620454312 0
1.171296911398697 -0.2848987667287581 0
-0.08538948122346639 0.01992248580234608 0
0.8529217148372334 -0.2707538717912075 0
0.9995297923602606 0.08033012013652857 0
-0.03551724205148277 0.3490056999486895 0
-0.4675118116793761 13.40086352531931 0
0.8124845641172579 0.1224900179503047 0
0.4160954482856412 -0.2082824632048602 0
-0.1098671964841801 -0.3367322931563663 0
8.447811780517393 -2.929405841581159 0
0.3569511185581032 1.52364586993361 0
4.242594719761323 5.160324136068969 0
0.1408489435595192 0.05049884243605536 0
-0.5380383155202306 0.04903761864674467 0
0.07092880449690767 -0.3964718978808403 0
0.6762010100497819 -0.04495970435646211 0
1.00816448261403 0.1192999048220512 0
-3.947359188073971 5.130007842212421 0
0.9919090444385225 -0.005163698221910326 0
0.1843950198336942 -0.04789144759514327 0
0.9491770385137078 0.1043977628236329 0
1.025014295787746 0.06377555438117617 0
0.2032711350004165 -0.4686801027165066 0
0.9328625262430459 0.0239846717507623 0
0.6988367551121624 -1.211103673850182 0
0.6447475200192971 0.1285129222804462 0
-0.3886835303300452 -3.930827765484241 0
0.03660952187975028 0.03548944160998847 0
0.8591798324861277 -0.02460595738182233 0
-0.9397699137825072 3.065930336853806 0
-3.38300082570708 1.391327715937427 0
-2.267491502161069 -10.03149699994663 0
4.371183256890617 -9.702305902916235 0
0.490344307821065 0.1089058156189474 0
0.5068774943259535 -0.115431873356805 0
0.6185052687859398 0.04601482638890607 0
1.263577518382961 0.07820361004588261 0
5.37571907370423 1.477574996695253 0
1.092635290988663 -0.4574919606961948 0
5.71307362854792 0.3481439386831422 0
-2.829765610374107 -8.985942133383299 0
1.223788911297024 -0.157635626069485 0
4.761892996127396 -1.100929782743333 0
0.9465004800785668 -0.20258330951707 0
1.185933736972108 -0.142535557008234 0
6.42127367715568 0.06346865521358373 0
-9.300266607475658 8.134770007544965 0
7.081309231216444 -3.69179333960432 0
3.709262422423311 -8.104986635176845 0
-0.04741965155887082 -0.3575613670619767 0
0.9766660398386589 0.01130169208174577 0
0.5537220064910894 -0.1169134206762361 0
13.85613153265611 1.80699594251868 0
4.655677884155686 4.949383150558229 0
-8.740765932001464 -2.196352507810926 0
-11.2940588569075 1.538354700611065 0
0.561948073205032 0.1136689691359711 0
-0.2289093904513217 0.1480740894708798 0
0.1530642931272414 -0.05412647579202612 0
1.640457003517597 0.5793148493890428 0
2.623608025571696 1.215424420424428 0
0.1806586549129247 0.05320371927623382 0
8.174681125605815 2.445563023640257 0
9.24478602008465 0.8038543777996831 0
1.401497480225948 -0.9490652088463339 0
0.5668262638313654 -0.08841197223574761 0
1.38450097154441 -0.1773998341942836 0
1.461704959082155 -0.2178515798798117 0
0.4151614064810372 -0.3501741947164317 0
-11.3546006391717 -6.25681860616719 0
0.4595484865154855 -0.1015273840352095 0
-6.321355426048104 -11.61679464792466 0
2.177578773746276 2.153750953332912 0
1.310379618758984 -0.7704295714287704 0
-1.900870344580126 13.23309405742952 0
0.7973342586021643 -0.02385949277982213 0
0.7902138716447304 -0.03183529585215537 0
1.130626181870215 -0.03501708661182262 0
0.9855096300630812 -0.007752953098289264 0
13.01829161877359 5.239695204368505 0
1.362871676946526 9.120731950662313 0
2.39936544125014 -0.3715957926546379 0
-3.661496330587973 -4.352070288044637 0
0.09559557630104518 0.04860272679828055 0
0.1437475120881176 0.04513589770850508 0
-1.798148153467759 1.230444591960537 0
-8.753367267855991 -2.845703059674006 0
0.799501880409732 -0.06178036287749549 0
3.842332933934862 5.339438306302307 0
3.067584059424278 -12.96290426076511 0
-1.149384357757178 1.79898705592044 0
0.7500201562465614 -0.126367939436226 0
-0.007502101749315627 -0.07516074563340937 0
-0.02917979919656542 -0.08364500956143296 0
0.02567415360437119 -0.02445254712151095 0
0.9623577319901814 0.04252928185143148 0
1.019158451481194 0.02179028963586085 0
-6.571238387012762 2.259878012668699 0
0.4915122991146742 -0.1078701564620762 0
0.6387280664397395 0.5881018173820558 0
3.392544649080942 13.02049766051573 0
1.316298276779399 0.1668827013143322 0
0.6291353148887151 -0.1189196018377687 0
0.5169202487664456 0.2069956745441928 0
-0.01573718091605827 0.02162520262202241 0
2.465369079551007 3.956449671183474 0
0.4459786073061197 -0.05731374758233537 0
1.180246798696136 0.7733010165751626 0
1.096433628585639 0.4862282956315988 0
1.125061523281795 0.1846230116134887 0
1.528732828529778 0.03133871896493289 0
-0.2000347782498185 0.1856322512002827 0
-1.272595588941309 1.460467399868403 0
3.076431757106878 5.29710038776746 0
1.036471943819388 -0.03942143953460733 0
3.103896068348057 -8.431947277030073 0
6.74092068486878 -7.996363944202599 0
0.7202993517619493 0.0377960887672972 0
0.0750285248316041 -0.04687338849078886 0
-0.08413402551449753 -0.02120844454702161 0
0.413911513860199 -0.2890175994825583 0
5.32737880302321 0.8367906004383667 0
10.41407441110903 1.930779294385698 0
0.8214184425324031 -0.02236754062879781 0
0.8276359756606118 -0.02216242432774589 0
0.5478195161981918 0.05053109865727373 0
-0.3868836572197838 0.2154837252622027 0
-0.4110060037643867 0.2834937084274721 0
1.15206880011861 -0.04715803652662131 0
-6.563007736527624 1.056824945096541 0
1.166377424750707 -6.5695080424555 0
0.225113415501481 -0.07814783319487291 0
-2.633474417007497 5.329276489263684 0
0.7793242421363407 0.1151785172311273 0
1.143109724015514 0.382293820566004 0
0.7720355410924281 -0.02684105193667824 0
0.2024226437531242 0.06753265212916826 0
-3.237893834560228 -0.7156345357144378 0
-4.001884279642518 12.58952684368767 0
-0.1582217047833278 -7.630217299575321 0
0.884864410660681 0.07785761645074826 0
0.8958587492386727 0.08847967987432269 0
0.479122064341661 0.3008393967795378 0
0.4026953636007374 0.04865468503688176 0
1.46105870465549 0.9853202469723811 0
1.672913449498313 1.018030708565069 0
1.245908735499005 -0.1033675697243302 0
0.2515067408324742 0.05621603441516129 0
10.07498567001329 -6.17155592539595 0
0.1318652510976727 0.04426507197487676 0
-5.586084682102196 -0.2197112117178406 0
0.07394359562097735 -0.2129955298955917 0
-1.521415062656094 -9.505030098550032 0
0.4714903814888247 0.2222973434095299 0
0.770457390509264 0.0336073293720341 0
0.410732265801737 0.05825713523669601 0
0.9319507641258733 -0.6014563748498549 0
-1.226629685250734 0.01963477064029082 0
2.721003507562183 6.518191540430019 0
2.703583718583146 6.012069790881999 0
0.1682871073130186 -0.1466577873045006 0
0.9474202005276565 0.01799771347051068 0
0.7492166749256153 -1.427397962509588 0
-0.2448186370429872 -0.1420220032826765 0
-10.19198610998336 -5.638069244066203 0
-0.1155387761893074 0.1671748011318078 0
1.007965822336657 0.0131892412921405 0
7.972042179675803 -3.088686237191085 0
0.4826853407441298 0.0537183518276343 0
0.7184410134509905 1.316893524081909 0
0.1715967419602659 -0.04574525188858744 0
1.087236573586795 -0.007875052018552464 0
4.745937449756953 10.73343397104571 0
0.3199609709004618 0.05078108942356427 0
5.710613829797182 1.361393241122312 0
1.052238905652219 3.550628969761563 0
0.9465332499710014 2.056959661943087 0
-1.809031159991229 0.2199301867514845 0
-1.673815365028168 -2.980832845439578 0
0.1421287297975862 0.5712887201018959 0
0.9772258206657272 -0.2455363545280375 0
0.6751533504860953 0.1072643380367007 0
0.7326590850542553 0.06803406334488415 0
0.4473350147598816 0.2017675262177524 0
3.989665133762873 -2.496333466172179 0
3.696423900082201 -2.291698927024651 0
0.03014459881570997 -0.04693770826121172 0
0.6625550210742708 0.06127557260977818 0
1.505952420016347 11.19024508656861 0
-3.070162459960529 1.631320488187604 0
0.8436444178301622 0.2462483929192783 0
2.739917006804659 3.440880600587426 0
0.824794321307854 3.33932550844918 0
-12.80724331014343 5.15351256254639 0
-10.5637480540527 -8.958999963372744 0
0.7701900154182744 -0.03300199610793564 0
0.5276287214502653 -0.14233749307291 0
0.86185155391888 -0.01892683711746953 0
0.04476628163831973 0.1225729877230878 0
0.2767246353218113 -0.05042077953999528 0
1.823568326532908 0.8291158127824418 0
8.176616232557977 10.97816290400991 0
1.276723453283707 -0.0002526293669309042 0
0.4771257946765908 -0.05364154437298291 0
1.763799800814611 -0.1999412202151455 0
-0.03454493521078658 0.02989450668930853 0
0.263061876082462 0.1231802644429203 0
1.018197849710423 0.08943569336150327 0
0.1219407985601064 0.04194743154314844 0
-1.10203733545986 2.207076219372024 0
8.293885994125917 -6.70544717246874 0
0.3702400166772336 -0.07552450228104933 0
0.646524826160109 0.04467381620721624 0
-1.115260150329318 -0.8180659714288967 0
0.1607785429309162 -0.04834764869661072 0
5.81832031158887 7.211880614920807 0
-0.1784349778482714 -0.04735902885678941 0
2.112070344942162 -9.047953245932305 0
8.55901498444196 -1.224281080402256 0
-0.8289373091430083 -10.41060695915154 0
-2.955971950521628 -0.7832891821635377 0
1.002050829206176 -0.05113922836909515 0
1.794312868921294 0.1107305302921766 0
-6.324087651955608 12.46896338964956 0
1.569333007091651 -1.285065855034435 0
0.425881578841604 -0.04830643597746377 0
-3.021651785035332 0.09820632377841827 0
-0.03845100189596449 -0.05895327151118457 0
0.05249658365089007 0.1084521722916807 0
0.1213004457901633 -0.165419482893398 0
-0.07189895274496484 -0.04049000337382953 0
5.206526143375618 -4.106119859900756 0
-2.959033612775733 -0.1917823670048095 0
0.08531303360176218 0.04928099403925139 0
0.2771527269178523 -0.1776225220901374 0
2.830308880157044 -12.04447450117526 0
-7.183929491472009 -6.156259643117277 0
0.8413463060507043 -0.1837500204634603 0
0.7751869737491659 -0.566248797578101 0
-11.87484103610723 -5.081208277016343 0
0.3248913344153399 0.2698100655754326 0
-1.431395475767979 -2.16776355951698 0
0.01596668286479436 0.02443806513866806 0
0.5939597481910828 -0.04693068893918873 0
0.6996727046216986 0.06364323591289815 0
3.05870738603828 1.176804225202644 0
1.229119028793514 -0.3225693687815894 0
0.502641982640852 -0.3804237357212539 0
1.044317979593322 -0.02523053807569534 0
0.9852645171334417 0.008643598271988384 0
0.5673059266361862 0.04206411423375537 0
0.1805864374486771 -0.05432413129618045 0
0.1485992682588795 -0.04594789439274073 0
0.1528921133020618 0.4961583012078299 0
1.643139715204303 0.7196096465136552 0
0.2840351806012095 -0.05102003581270194 0
0.02718312896530576 -0.4485217916589361 0
0.2297860820541574 -0.556104161835288 0
0.9172305419317802 -4.577044702724877 0
-1.61865827832072 10.07058347492215 0
0.3454329214669989 0.05791804679908281 0
1.180744569913108 -2.153087881764004 0
-2.801162145506662 1.763431422549016 0
1.020135661923514 -0.4834533852826563 0
1.475201626123982 -0.5586412264539866 0
0.86522263477728 0.06755090362381515 0
0.8102837239668059 -0.2527489766171406 0
4.991600776954061 -9.218860629924215 0
0.9274628176030152 -0.0652846548456593 0
0.1376550245011582 -0.04479331015869373 0
-0.4986252984223368 0.3931445469830223 0
0.4448015213687761 -0.2258355258910665 0
0.0914086892090727 0.1915824097515672 0
0.7782123427934873 -0.0515838823146606 0
0.5513498286223568 0.2742661932680087 0
2.314237776697752 0.8586217857162439 0
0.6386464079612052 -0.1602707192775837 0
0.1471989285188143 0.05166891988263991 0
1.092795330744454 0.01927152149974663 0
0.2981416242019617 0.05028020146094224 0
0.2384669912379631 -0.05570539525497626 0
2.706289872353928 -3.11105084981717 0
-3.049380759427393 5.165226641584599 0
2.69480527656605 -0.3784716763486 0
0.7556629032610818 0.7486872308923551 0
13.19800244281491 -4.4417718771631 0
6.679271170225717 11.98877417852333 0
0.9104455018008319 0.08383782644110074 0
0.6898176569383084 -0.04993931174795008 0
0.1901353015695729 -0.07998672563192481 0
-5.573419831101256 -5.108964285940812 0
1.358899871579955 0.09386363150184959 0
1.312178336476908 0.1181259451805092 0
0.3528608319872331 -0.05942060546255594 0
0.01637348733762856 -0.01991822963163831 0
1.00852034289471 0.0006422609096492875 0
8.122139817630059 12.00195033373457 0
0.3760727087511562 0.1059946653789191 0
1.005301938467254 -0.008784835006616087 0
1.12480508233025 1.436473677701974 0
0.3135880067910675 0.1489465901503713 0
0.7413943259270795 0.2117358872078073 0
-0.266826182321863 -0.08127525343510075 0
-2.242263194113272 1.824920440124798 0
1.4134978950408 0.006278534704368123 0
1.33669734976713 0.01279366167365666 0
-0.01879628030411355 0.7751985186063256 0
10.21083352454502 -6.921268359716276 0
0.2242236671633072 -0.0562302654244167 0
0.9378533041171788 2.290396105454763 0
-11.53802859641496 7.597998854003853 0
0.5830345291506848 -0.04035913085180914 0
0.9000523114309322 -0.05844150041557315 0
0.7447503218005839 0.02898175364901909 0
8.609615448649118 5.670817346439126 0
2.550066896725284 -1.603835185338061 0
1.152119025780209 0.1048745634145513 0
0.5802367483623371 -0.09666379241599232 0
0.4884852091847195 0.04541197689170183 0
5.556397750266678 12.67114493448621 0
0.4659683486465718 -0.3578491494909664 0
7.311870410117383 10.08687699325001 0
1.706036409869814 0.03672792497032736 0
0.7644101604341696 0.07910616186064691 0
2.71723884204092 7.063081379521846 0
0.5247911221871262 -0.05136498837224726 0
0.7066163967020166 -0.03856689235693138 0
0.9977329438229678 0.2222140571378969 0
10.13381248679221 9.472894868360925 0
7.412878370302786 -8.224386768728939 0
0.1794456176402186 0.1744867877370636 0
5.690915652000158 -13.31092717522471 0
0.1180938928354089 -0.08214086182610786 0
0.1234977644559136 -0.09960612273095162 0
6.090512914513395 -1.762946176617776 0
0.8476651202883883 -0.1043732168155801 0
0.9432930643203107 0.0477354143481573 0
-0.01979840432966413 -0.1156046042167809 0
0.497932989022644 -0.0546138044943528 0
0.9139322989783623 -0.0212182362141113 0
-13.22441927263503 3.980548296732607 0
-4.20931523762061 -2.128923143830291 0
0.259428537081288 -0.2256577111040607 0
0.8420294894825178 1.404393723065231 0
9.59618356846193 5.981756969286998 0
0.1138821520116119 -0.04806224351450769 0
0.9989546622037047 -0.001951760785039342 0
0.8896314773605586 -0.03664610804853704 0
9.590531173969808 -1.200815123525609 0
0.1714778451494374 0.2738790414987715 0
0.1321407879498738 -0.04328004721055024 0
-0.005181159567446875 -0.0009455180484247262 0
-6.512743966105143 0.4504274493114971 0
9.775388790845255 0.5222500365711973 0
-4.989849287740645 -5.342329210308437 0
12.28137320327472 0.6342675349924563 0
-0.1056383517318372 0.2293409496954437 0
2.888612330750433 0.1177855726396581 0
-0.5232493587321865 -0.4695710454611294 0
-1.268061779729188 0.1538413040964053 0
2.45191624559463 -5.139658798151432 0
1.023531634778437 0.002573337611255715 0
1.020242855059766 0.01514398473156504 0
0.2118510462179037 -0.05536657765786358 0
-0.5916303508354761 7.233182175996285 0
0.837033890353359 0.0616881708514152 0
1.004970207243531 -0.004661893505402671 0
3.976331437784987 1.622541635850717 0
-10.65033257399203 -7.590743387453292 0
0.6871225492472828 -0.1767808469905555 0
11.33367936020414 -1.768379816780041 0
10.29609958993482 5.540791294051565 0
0.8073342113916643 0.02873226959453349 0
1.022764546373149 0.2879347413252858 0
-9.103596448162396 -4.710786240465298 0
0.82835108022934 0.1344185113989347 0
-1.610501487426787 2.322155682849826 0
7.015175626091883 2.557444282295022 0
0.001568091101055539 -0.008419401754406223 0
0.9978083002100929 -0.02198100509529104 0
0.2261109779955782 -0.1020565544848271 0
0.6165285176317883 -0.04667690724726268 0
0.02878971569030925 -0.1359755150997459 0
0.2734927130297159 -0.1001715591033834 0
0.1490842390993048 0.06568116453942432 0
2.920517691936141 -0.3459560021666787 0
0.9968454279012828 -0.002882436617706332 0
0.2217553595390299 0.642502641443784 0
1.047683544223833 -0.01447062188104463 0
-2.840591262751941 -4.568276919498227 0
6.541512603158012 -4.383010151699542 0
13.08387456055612 6.86054830307684 0
0.8258908051523535 0.02774915532555208 0
0.8390418504862671 -0.04497457818767926 0
0.2286916487599022 -0.2454139273945526 0
4.296762085072273 -4.331040857199097 0
0.1502925386888672 0.08586746117301267 0
0.2111433697592386 0.06528121230517422 0
0.3057081055103423 0.06773121529731282 0
0.5944537027609014 0.2957840536895655 0
0.9924339151015437 0.005608216371471243 0
0.2693855673083295 0.7928070374484144 0
0.7825082308236009 0.04488288524767024 0
-0.01773367567598896 0.3882237054659457 0
13.82011447798718 2.706628377814443 0
-0.6071064226343958 -0.5661997862885239 0
-4.024553529901965 7.601754720208076 0
-1.256627199335281 0.9118395322758366 0
0.00358015962679699 -14.32568223661503 0
-0.4729353511269272 0.09876834461025708 0
-7.01143698948292 -11.30191920033474 0
6.609695478262372 -9.945169237341245 0
0.8886734411269156 0.0375945341284831 0
0.3273839763514462 -0.3103309661226877 0
0.8884035977106092 0.01547062400602032 0
-0.01229463005135307 -0.01428968778171214 0
-0.03661874348233087 2.558542288553441 0
0.7087671758139777 5.742664421971867 0
-11.99815140468166 1.847188230540233 0
3.943145742481735 2.223751330157732 0
4.989815471167855 5.182062461891128 0
0.5840686542662459 0.1744361970582894 0
0.5721690472607457 0.6133948164998267 0
0.4939265604918367 0.2120931737056285 0
0.6370035808539191 -0.0641238143908815 0
-0.1478381539689512 -1.546685730035575 0
0.9186216774307343 -0.3296095128035265 0
0.521484507902646 0.2881576633456561 0
1.434818977895328 -1.762167837015 0
0.02843324628595154 0.09538870297092197 0
4.464951527546628 13.73902724103377 0
1.066240575944958 -0.07809779139555055 0
-5.979010171546581 -2.570977068847308 0
0.1943404607159358 0.146688202831072 0
-2.983852181543671 -1.294206754164321 0
13.62116398940067 -5.94512203692978 0
-5.937319686170292 -0.00498156052094953 0
-6.367460898284627 -0.01404646228853077 0
0.7163926653826405 -0.04709083773996432 0
3.776722663336293 -0.0896835197117441 0
-0.5341163644735496 2.974015104149104 0
0.2800406357336314 0.05726951859289591 0
5.787741076254878 -9.549290068666807 0
0.4378252136825688 0.05535760347159455 0
0.7084368318989436 0.06771393651035108 0
0.8359233713072415 0.02630391719660858 0
1.033639665695745 0.005737982306085323 0
0.6949307316130424 0.0318445010803978 0
0.6301423907775114 0.4594702587043676 0
1.096646509951582 0.0329244159289243 0
-8.417832382109872 -4.978802827200135 0
-1.177748578236518 -0.1150660142215076 0
1.664248590975522 0.4689420349445217 0
12.21607178517404 8.395618343691387 0
0.8862377237178261 0.02071992901257957 0
0.7478784632135134 -0.0544164243660636 0
1.203996392075859 -0.1910728215791602 0
8.004795265390019 -11.38058210840203 0
1.547044020755389 11.89139246637746 0
0.2658824783748295 -0.05655408581399488 0
0.0573828306208311 -0.1842067396863944 0
2.256359415674636 0.433400417612508 0
0.3607459202565975 -0.05718607841616691 0
0.9822364841607065 1.342853231462816 0
0.2314543022412672 0.05488512204813373 0
0.9301436940230733 -0.1340712762903253 0
5.554131846636825 5.656422968534883 0
3.113105061897003 0.949325761061407 0
6.738116374417052 0.2660243609425987 0
-0.02576663233052714 -2.592535108429517 0
0.1538027895884583 0.05025682610174274 0
0.8759584151442972 0.02120206913209512 0
0.1153252728384558 -0.06719504829660779 0
-0.05931965712164123 -0.07964026862465257 0
0.9009853862611268 0.03541317645213074 0
0.6699104798791063 -0.04153755347661204 0
2.078832095566676 0.1149691455661208 0
0.3687611508392119 -0.05584355682158348 0
4.223969149458152 1.759378284824423 0
3.193948981838474 -2.141473514463583 0
-1.292989763613503 -0.5456480128160093 0
0.7780150235710501 -0.0253342098347994 0
-0.02379868035575066 -0.04727754018084551 0
0.169848241152619 -0.05198772605001048 0
0.8465413698915997 0.02534717756127757 0
1.018720501862726 -0.01872892899556046 0
-0.03573306178684248 -0.4210577925158532 0
0.5789541162095069 0.04775991136174644 0
8.380539125856382 -7.424086077931811 0
-0.4810317382436316 0.2247627881786183 0
0.4181970208191097 0.04796866081027693 0
10.86418844383766 -7.25220095280706 0
0.2273583008342059 -0.1147490392149134 0
0.8673260126913741 0.3254118039415066 0
-3.862559141476019 4.708554853083793 0
-0.6665903389228343 0.952390853170727 0
0.6019353934356581 -1.582871407721049 0
0.594712936653783 0.05748447595070234 0
0.01101556741315628 -0.03779905500016389 0
1.106277495283713 -8.012489170074836 0
0.5318906348679407 0.07359026000312975 0
1.139758951609895 0.1536508360494572 0
0.7483333347262825 0.1173577238890579 0
10.99720057087785 5.089061703172812 0
1.869172441100497 9.378673851209804 0
0.01248656391512934 0.02128025613947604 0
4.762947731964243 11.49359141849728 0
0.817605885682632 -0.02864353281032445 0
9.459786449349579 -11.11787489832227 0
0.9125318452769978 -0.06213040492398291 0
-0.2925194676199771 3.141361522754872 0
0.0716877871808564 4.657587396713523 0
0.3237094138572613 0.3209275609121031 0
-2.422202716576197 -6.558668686289232 0
-1.137353061175422 -0.3800761255290153 0
8.689044690076184 -10.85003517164178 0
0.9957761748508205 -0.004037758898431293 0
0.9960465643361023 -0.005985295497903614 0
0.1174728947527981 0.09316547648062969 0
0.06325225018672048 0.1184101300741174 0
0.008753123584992977 0.04460195710742906 0
0.6275868229997257 0.04592138702177222 0
-2.461306135844278 0.08560729045108419 0
-0.001807355284109192 0.01467773047651606 0
-6.212982728782374 -4.842331550115875 0
1.669104438930766 0.2803971844297394 0
0.7397424652166656 -0.03679688913304933 0
0.05276137777365794 0.03912225033722508 0
0.6534037637431713 0.07955039863083763 0
0.4374250323537573 -0.05583644808854419 0
0.3037507963912258 0.1346689751308887 0
0.6659928571542176 0.03414687383312838 0
0.6594919051464928 0.04378688410559635 0
-4.811236995814376 -6.093079136950843 0
-1.403655120947986 0.1947140862604086 0
1.016457475011688 -0.07393383807828643 0
0.9253439507682377 0.040873338161616 0
1.165713657545407 0.2128253168485837 0
0.3581139268537833 0.09376129144759968 0
0.4507954212792022 0.05579423215117438 0
1.392016802596049 -0.5937979621149417 0
-0.07349514249533046 -0.001013623812446399 0
0.3678817780146884 0.05656052033936491 0
0.1344348001608701 0.2299326062425143 0
6.389191860123835 -1.532130877761013 0
-0.3873200355556802 1.190403671693298 0
0.447053058303099 -0.1121772584818959 0
2.850727656121968 -14.23814740201762 0
0.272512166030987 0.08343763873872838 0
0.07498264827271664 0.1284784715840928 0
0.9987054514913447 0.0007232041781864483 0
2.168678550278107 0.9412088657888864 0
0.02426982873061721 0.1277987921331366 0
-0.5663702195714007 -0.3678095590096946 0
0.4167280880017454 -0.06895674455773818 0
-0.5099160233052209 1.057216742906121 0
0.1055019655139824 0.09686080865001293 0
0.2883726972477714 -0.05800149414372479 0
0.6640754469590325 -0.1689363494441019 0
0.3751524159863098 0.05614401985802124 0
0.1784727582864878 0.2450402364396946 0
0.4013098851710996 0.1360874774778195 0
4.940054296429381 -1.299663396991044 0
0.5910212017787355 0.09720867954104724 0
0.9712217708796893 0.04928763650746757 0
2.491030586451605 -0.3095635651773667 0
0.05486304404738888 0.7561835878780722 0
0.8387060002708643 -0.6195411123927126 0
10.51044446267609 -0.9466767872187349 0
1.159714141087278 -0.7713419588215398 0
1.723347873089786 0.2304211578316524 0
4.183168486787083 2.239400534822231 0
-0.04259245769137446 0.1060249625356235 0
-6.564577355650924 -3.326866780962105 0
-5.658118685449187 2.661483357283506 0
1.23708042778916 0.9511800297011495 0
0.4656293417590027 0.2778189085981278 0
0.9540791848473704 -0.02452377706276317 0
1.220503019612268 0.5479795534181593 0
0.3801824861502853 -0.1192110120124641 0
1.097830181559447 -0.009228929096202754 0
1.105754329991562 1.578345134558868 0
0.6619164246389283 0.07391851589697465 0
-0.2292464313579344 -0.2920011125369217 0
-1.323022355815955 1.689313243717598 0
-7.226587434697042 10.27392720907069 0
3.76577691049469 -13.06645072612624 0
0.9957067211655188 -0.001677527155483228 0
0.7872646440577282 -0.05674630321770852 0
0.8539872704647149 -0.02320666886391608 0
0.6886250160077773 0.04073679212875354 0
0.4486330575875653 0.5793130261966987 0
0.4294643361568542 0.5068378147338426 0
-0.01589676045430538 -4.243800515116781 0
0.8098194290375798 -0.02226338305883078 0
1.935380582502277 0.9133826223298614 0
0.6548736137923602 -0.04138843563300677 0
-0.5171475678861082 -1.454419649224234 0
1.191267755176222 -7.165014534972454 0
1.14814506617911 -0.06641268585538189 0
0.8656681307838039 0.0222935839488283 0
0.4166581476777322 -0.2402452667528979 0
0.5576416446167549 -0.05807050535168876 0
-9.194616829636949 1.752585318741593 0
1.009625962072256 -0.003525531746376353 0
0.8882256500336838 0.5182560182487536 0
0.9765863172614522 -0.009907145125259802 0
0.8775103415118661 0.108128153072806 0
-0.05012350407122297 -0.03999084490041405 0
0.4902410839944492 1.643808361017191 0
-0.006693389714184388 0.003745982112262239 0
0.9892563775531402 0.007655287773590118 0
8.866814751200662 -3.230714619100576 0
1.343269359578601 1.038184347527686 0
0.7181052060507418 0.2716105190687088 0
0.6478852138297553 -0.04259707347222901 0
1.79018346775128 0.2015466253191923 0
0.4638333967101974 -7.860679727606787 0
0.06633682491108882 0.1974946731434714 0
1.154487688771903 -0.1380914811217041 0
1.186297337086276 -0.006803538964586971 0
-12.23262170749372 -0.9646814279835851 0
0.2181452189991888 -0.05421472673764176 0
-0.9768288147409327 0.7230859094757375 0
2.889131815252321 -3.717688880773509 0
-10.73176735372748 -6.101175294769528 0
0.7571490830365694 0.846918039143324 0
0.9875626993812527 -0.02256576779350354 0
1.547434500405291 0.2711982983229108 0
0.07285251744225354 0.03616703213721056 0
-0.3146120321135744 -0.6960773829858184 0
1.011958713953686 -0.6450637069138094 0
13.63518533479459 -3.279868352531155 0
1.033101313996121 0.1273726253074165 0
5.693122743464731 13.36477197022325 0
0.4696078623996773 -0.0548702436558948 0
0.2629472033400111 -0.2612891751644226 0
0.1266842055474728 0.04837320615980896 0
1.811146653971103 -0.3288781591863641 0
10.25187614754274 0.7872478110667946 0
0.005176614656737239 0.02107816440104473 0
1.744207443568326 0.7531249495304198 0
1.112733460933129 0.07311586088401109 0
0.4959186401786115 0.04447102961744702 0
0.5994976717616974 -0.2166308776048937 0
1.553400374481106 -4.775634581513726 0
-3.690620396354095 2.731979015599514 0
0.998797603713639 -0.0006822886700920085 0
0.9979330855494343 -0.001946995968430467 0
0.9992859702200084 -0.001283871319227389 0
0.9998803206067307 -0.001019537522103384 0
1.000128989532167 -0.0004657478421174399 0
2.462308507073413 -1.218329789931017 0
4.484790286623001 2.885221258364504 0
-0.0007444462737537724 0.002815181545782463 0
0.9728532422401399 -0.01111840433939792 0
8.73389571285697 2.797361970004982 0
1.588593047899568 0.5102806678481697 0
1.135681439297598 2.44025779413415 0
9.934055030369723 -9.750837477234898 0
2.116034256820392 1.473304486551363 0
0.5381021446285267 -0.1271030621949403 0
0.5153672883084899 -0.06325654071702003 0
1.650432543349141 -1.436347943058461 0
0.396810583365956 -0.1906792557009047 0
1.546082174913313 12.67575537361001 0
6.438854599996981 7.51694784845458 0
3.069687510064423 2.938613373032531 0
0.7940218815435023 0.05680222771828777 0
0.5037255897628575 0.6250848270313023 0
0.3023339578053293 -0.05738901060599763 0
0.9465460671363776 -0.01593905507253807 0
11.61190811050544 4.693369199712904 0
0.1664541918394024 0.05175135116341357 0
2.874162980689999 14.20295670529597 0
0.4085067253874194 -0.6439912562585619 0
-1.657331447335553 -2.375012679319511 0
0.5403061810563285 0.04940781691856286 0
0.9808879870602292 0.03609917367882899 0
0.3212337555672231 0.2074114512208287 0
0.1265732831032076 0.1011621457616429 0
0.6097343068315046 -0.0460032194861974 0
-2.019512519118724 0.3153279095294328 0
-13.70641339593757 -2.313437481220706 0
2.08763904772881 0.1961247192692556 0
0.8589642549162027 0.1953399195323992 0
-4.506114030117559 4.380365462078855 0
0.2967560371933863 0.1526436584829983 0
3.268333301597218 -3.952347253093075 0
0.9662440707806126 3.811492528039482 0
-0.1670166930843421 -0.3855989474978384 0
-0.04058562850628024 -0.0262858628233094 0
-0.7445249872275039 0.3254320993653718 0
0.3366579737827597 -0.05810640707325392 0
0.3255757817704364 -0.06761124012241833 0
0.6921007817022299 -0.07914628372921596 0
-1.249856428406632 13.55086938617463 0
-0.08838762432458287 -0.1789214980887197 0
-9.800920781528623 7.636474442442532 0
0.1887014183208172 -0.05264690213991986 0
0.1565131854075545 -0.7363803374228816 0
1.047190060022986 -0.005177096278691624 0
4.515641648620591 -1.176436990262431 0
-4.009135538354347 8.211991953583466 0
-0.009319007660044662 -0.002940504719500215 0
2.418630181868173 -0.6716487508533919 0
1.41982930526648 -0.03637705916053437 0
0.2017522862453478 0.05278895383864805 0
2.288515438347479 -0.9791065364836584 0
0.8493955105614867 -0.02383758294866094 0
12.41484966776479 -1.435546450497907 0
0.4474871645679231 2.912649208563661 0
0.109363792002355 0.8029298661861672 0
0.7780800441373029 0.02469263668829266 0
0.6425024309514212 -0.539612159775903 0
0.05404094998528135 -0.07806163939224547 0
0.1518499349143261 -0.2707286674199789 0
-0.1741000463115978 0.2151268752508106 0
12.91749386578235 0.9792494917226254 0
0.1047644260747307 -0.06051366715175686 0
0.06838854516927079 -0.04435375666765615 0
-2.707643187059693 3.233208999021245 0
0.01957660265646646 0.04032521172282826 0
0.4621489192099718 -0.05401122876221887 0
-11.74768109590024 5.682200085733083 0
0.2147379063915273 0.3686767842240503 0
-0.03963181931328476 0.04193715758787733 0
0.2771193141848395 -0.06266694348003411 0
0.9980997412987903 0.01267067817222209 0
-7.775322344027456 -5.241268008145171 0
0.641126497940093 0.04354162251987192 0
-3.688951054198452 13.83433356681058 0
-0.01497305653528699 -0.002856476255023716 0
-0.0007144593717822057 -0.002918864933885965 0
-0.002634735072894965 -0.00246617107982673 0
-2.392235945505042 3.417991941557631 0
0.4669277898969865 1.788634352626441 0
0.4299678468382268 0.055293892060326 0
-1.023287380532395 7.450060916039977 0
0.2203788701245853 5.276026589160413 0
0.3879365715863304 -2.472245397957451 0
0.4111377582476427 0.1126198262569691 0
2.770610996583166 1.297347214571036 0
4.180520433291638 0.6179221410149665 0
-0.5559038499914752 -0.111433332473768 0
-2.62250311713861 1.950472754526547 0
0.04835283757005635 0.05588543272088314 0
4.294354770191014 -2.682013874136751 0
5.43743196799255 11.92625591433705 0
-0.002517343273133052 0.01057943023936095 0
1.059378171137661 0.01172068382404674 0
1.318659921607433 0.2147568830655786 0
0.3239142873425275 0.05633726304393523 0
5.74703205755644 3.241685417202273 0
0.04470618990011424 -0.0366060761335134 0
1.725537565103408 -0.6248560817249623 0
-0.02375350305595248 -0.001179065060536785 0
6.666368723225943 -10.76175126520536 0
10.79718620540315 8.98824121349209 0
0.02469829408544556 0.0376714618234073 0
0.929340446349735 -0.0200337736544678 0
0.9313376724618798 -0.02687911875461714 0
-0.6648626472633063 -0.3515559009597037 0
0.7412381033384283 0.07415765798482742 0
3.388453550657481 -0.9119406272840662 0
4.354257155843485 -5.354793137235061 0
0.8967885985134185 -0.03601674404502687 0
-0.1315699168855362 0.2040297753184727 0
0.360787718234052 0.05606221352955283 0
-0.3758427375036634 -3.070425990894328 0
3.046330420894652 0.3572137776636014 0
1.51960306963275 13.48602299556415 0
-1.257415315692043 -0.9029077053480378 0
3.458430566049245 5.475234917782669 0
0.01336697198715433 -0.04633183743498902 0
-4.096350455264269 -6.246743167863219 0
-0.02724739224304011 0.021991598598971 0
0.3246590633794838 0.1632832427355964 0
-0.09813213295822169 0.4352949322396762 0
-0.5748693733763747 -0.6826924701399659 0
-0.2748336790060498 -0.02540041473164213 0
0.143205639506376 0.09127532181029754 0
0.8007118570725418 -0.0362119096666866 0
0.9095859294992357 0.03945386113894179 0
0.7881034230661425 0.02978663373922778 0
0.1877842816709848 0.05254456555401349 0
0.4360885528651436 0.06175246469155375 0
-0.05917374436475067 3.305254573825617 0
0.2169770039613523 0.07073874210368226 0
0.3226941520326183 13.56042507643798 0
0.3846769125742718 0.1169635247096411 0
0.353356405609635 0.08516496628767981 0
-5.172892106818325 13.16663974536606 0
0.6587769966473744 0.05314978000295197 0
0.3720096650615569 0.3180502693611416 0
0.5264496854785277 0.05247708075029261 0
0.6113380570096441 0.04558276439613319 0
0.5999027637315403 1.353684993003948 0
0.1856480559756249 -0.08997347311858636 0
0.2753238579019175 -0.1127967487994127 0
-0.2670348001762926 1.286198742765349 0
-0.7936858210497247 0.8374989021408412 0
0.3752293592846451 -0.05647317164233226 0
0.6999823570623709 -0.0392931538385167 0
0.6407495016230295 -0.04243193969136626 0
0.7425463206411983 0.03476358715545329 0
-13.0315472664906 -1.708982235959683 0
-6.521233855684506 -3.972008296873463 0
0.5037800905303755 -0.0660833762647683 0
0.5942000733917014 -0.05408112985395662 0
-7.661155889501568 -5.840825025965225 0
-0.02665603913441427 0.06235898757553211 0
0.1793183835800704 0.1019359976163447 0
-0.4300473249808152 1.64265824021562 0
-0.3056891825969433 0.5812513504027119 0
0.8098773388142914 0.06494092213331602 0
7.062889504861499 -1.707349388601858 0
0.5723394322474528 0.04794660648401122 0
0.03243774064384255 0.03100739963076306 0
0.05909456760590197 -0.05706914268122398 0
-3.270063158189433 1.14349835998767 0
0.2538042170979686 0.2381277206555608 0
-0.7186274596336034 -0.1122409865274574 0
0.1568819467737656 -0.06672158683074413 0
1.575168821411391 0.005729046866968978 0
7.024112796152542 -12.74031980839979 0
-3.096052611393423 0.3583714406462927 0
0.9974945367491628 -0.001073701578795026 0
-0.6606201928731635 -1.586144718690972 0
0.7551134604778527 0.03296980962698737 0
0.9267109509002197 0.01196611070176494 0
-3.508899812226471 -6.611121289672383 0
7.281031823858754 2.287744760853739 0
-0.04981682462272299 0.6490213367351653 0
0.8555927440467812 0.02409185308130907 0
-4.477953442691042 -1.942067597329333 0
-2.369655276201733 -0.6533051474585857 0
2.843822178841018 -4.905731328605929 0
2.922183005246906 -0.5159855697368845 0
-1.930767547886417 -2.772361489243027 0
0.8643634641925289 -0.0236490765657732 0
0.3348231408546381 -0.110265552944551 0
0.6356307743857935 -0.07462021264542951 0
-0.04235422386323967 -0.137141754300721 0
0.3483086021318249 2.509725638586828 0
6.018127556485703 12.21267425230205 0
-7.24198992428828 5.976947032750991 0
0.002069726226756651 -0.03569522652700081 0
0.9976052597576601 0.006033979238955432 0
-0.0827087310313369 0.25375896735809 0
0.9148471076644253 0.0186310555479806 0
0.5706356906076897 -0.04762893575314998 0
0.9638221811127116 -0.04822823538592196 0
0.9931624143008815 -0.02752574721983221 0
0.7550869926035533 0.9508409582257237 0
-8.502416250669846 10.30271479519187 0
0.1044327480387334 0.04724988034095094 0
0.6361346656601575 3.12104089522444 0
0.6575913890305265 0.1361481805835855 0
0.3917792440536891 -0.05679359798847203 0
-1.676571478348335 -6.875242155793593 0
-3.242441269064945 -1.400657718193282 0
0.1933808350832631 0.0705147754848323 0
0.4634256282007329 0.05441981367624442 0
0.6063393271737151 0.2510157284585483 0
3.150302841303464 7.239563028538861 0
-8.801636550599582 -9.814793021477191 0
0.9412761385611892 -0.01728031372326336 0
13.66291920258777 5.702125255344775 0
-0.0617035018048516 0.1116181710611039 0
0.2126110593887172 0.1065202674213727 0
-6.552977428470848 10.67798220378785 0
0.6923000178851332 -0.03964042471044956 0
0.2734200222211096 -0.056596945436043 0
0.8833991705640043 0.0262872204907352 0
0.7088338685822122 6.202435691397987 0
-0.087325686854096 -0.06581275297957984 0
0.8427467081662807 0.03295967102137125 0
1.101927001255577 0.01117711150298982 0
-0.008269804699655575 0.02546126930432555 0
0.929554994349129 0.4322412437142955 0
3.959632299675129 -0.2048910313592868 0
0.9799176528408685 0.04345386305463431 0
1.29205836965884 0.08940409896492876 0
0.5084897060751649 -0.05165504928987298 0
-0.008349157964226837 0.01025390993329504 0
0.8265740742842719 0.1548228743137686 0
1.2825481486699 -0.358842224062902 0
0.663153440226273 -1.798060274996191 0
1.32415394202019 2.569897615258491 0
0.7153984963896985 0.06255751002587871 0
0.302118200493852 0.07687977331039746 0
-5.923382668275295 11.04934750439934 0
0.6148897226983693 -0.1328769467212666 0
-0.3597211093042886 0.3199748322990875 0
0.9236458468280639 0.09319096491571502 0
0.6699949460744219 0.07892038982614456 0
13.76301993372793 3.553815490565921 0
5.723497040122333 2.884387441919698 0
0.1915514813129519 0.5948237856174107 0
0.3318484366167592 0.06518059436571312 0
2.040431203042536 0.9744444119211324 0
0.8383741977428046 0.08778403226487265 0
0.796973073290735 0.1266928442759228 0
-2.614708557659339 9.812712496822943 0
0.9583358704080558 -0.02994174261612995 0
1.186835443383186 -0.02394945938286349 0
1.705106625125698 -0.4130802571088722 0
-3.083261884521924 -4.856209998368873 0
0.0002922945868343305 -0.9361884854911404 0
-6.553921173811011 2.670892051964723 0
-1.101521466300209 -0.6651396067680988 0
1.875904475315387 1.597940471940585 0
7.021212331762507 -4.235387125759148 0
0.7974758714811094 0.03008367245832515 0
-0.2497539998465548 0.6319616335456721 0
0.9525792782768703 0.04327558437225448 0
-10.23331475443349 1.975826700545369 0
0.2262587588857005 0.08269909521072588 0
2.970156964873432 3.322269903591441 0
-0.1040910373618273 0.557760107130813 0
0.03106411546831153 0.0410278932226623 0
11.12327654130851 -1.257413977922796 0
2.087568859930348 0.2854358242484673 0
0.002958225893033923 -0.01418999713865994 0
1.709908333635773 -1.284024551957743 0
$EndNodes
$Elements
206 11632 1 11632
1 1 1 24
1 4 206 
2 206 207 
3 207 208 
4 208 209 
5 209 210 
6 210 211 
7 211 212 
8 212 213 
9 213 214 
10 214 215 
11 215 216 
12 216 217 
13 217 218 
14 218 219 
15 219 220 
16 220 221 
17 221 222 
18 222 223 
19 223 224 
20 224 225 
21 225 226 
22 226 227 
23 227 228 
24 228 1 
1 2 1 24
25 1 229 
26 229 230 
27 230 231 
28 231 232 
29 232 233 
30 233 234 
31 234 235 
32 235 236 
33 236 237 
34 237 238 
35 238 239 
36 239 240 
37 240 241 
38 241 242 
39 242 243 
40 243 244 
41 244 245 
42 245 246 
43 246 247 
44 247 248 
45 248 249 
46 249 250 
47 250 251 
48 251 3 
1 3 1 24
49 3 252 
50 252 253 
51 253 254 
52 254 255 
53 255 256 
54 256 257 
55 257 258 
56 258 259 
57 259 260 
58 260 261 
59 261 262 
60 262 263 
61 263 264 
62 264 265 
63 265 266 
64 266 267 
65 267 268 
66 268 269 
67 269 270 
68 270 271 
69 271 272 
70 272 273 
71 273 274 
72 274 2 
1 4 1 24
73 2 275 
74 275 276 
75 276 277 
76 277 278 
77 278 279 
78 279 280 
79 280 281 
80 281 282 
81 282 283 
82 283 284 
83 284 285 
84 285 286 
85 286 287 
86 287 288 
87 288 289 
88 289 290 
89 290 291 
90 291 292 
91 292 293 
92 293 294 
93 294 295 
94 295 296 
95 296 297 
96 297 4 
1 5 1 1
97 5 6 
1 6 1 1
98 6 7 
1 7 1 1
99 7 8 
1 8 1 1
100 8 9 
1 9 1 1
101 9 10 
1 10 1 1
102 10 11 
1 11 1 1
103 11 12 
1 12 1 1
104 12 13 
1 13 1 1
105 13 14 
1 14 1 1
106 14 15 
1 15 1 1
107 15 16 
1 16 1 1
108 16 17 
1 17 1 1
109 17 18 
1 18 1 1
110 18 19 
1 19 1 1
111 19 20 
1 20 1 1
112 20 21 
1 21 1 1
113 21 22 
1 22 1 1
114 22 23 
1 23 1 1
115 23 24 
1 24 1 1
116 24 25 
1 25 1 1
117 25 26 
1 26 1 1
118 26 27 
1 27 1 2
119 27 298 
120 298 28 
1 28 1 2
121 28 299 
122 299 29 
1 29 1 2
123 29 300 
124 300 30 
1 30 1 2
125 30 301 
126 301 31 
1 31 1 2
127 31 302 
128 302 32 
1 32 1 2
129 32 303 
130 303 33 
1 33 1 2
131 33 304 
132 304 34 
1 34 1 2
133 34 305 
134 305 35 
1 35 1 2
135 35 306 
136 306 36 
1 36 1 2
137 36 307 
138 307 37 
1 37 1 2
139 37 308 
140 308 38 
1 38 1 2
141 38 309 
142 309 39 
1 39 1 2
143 39 310 
144 310 40 
1 40 1 2
145 40 311 
146 311 41 
1 41 1 2
147 41 312 
148 312 42 
1 42 1 2
149 42 313 
150 313 43 
1 43 1 2
151 43 314 
152 314 44 
1 44 1 2
153 44 315 
154 315 45 
1 45 1 2
155 45 316 
156 316 46 
1 46 1 2
157 46 317 
158 317 47 
1 47 1 2
159 47 318 
160 318 48 
1 48 1 2
161 48 319 
162 319 49 
1 49 1 2
163 49 320 
164 320 50 
1 50 1 2
165 50 321 
166 321 51 
1 51 1 2
167 51 322 
168 322 52 
1 52 1 2
169 52 323 
170 323 53 
1 53 1 2
171 53 324 
172 324 54 
1 54 1 2
173 54 325 
174 325 55 
1 55 1 2
175 55 326 
176 326 56 
1 56 1 2
177 56 327 
178 327 57 
1 57 1 2
179 57 328 
180 328 58 
1 58 1 2
181 58 329 
182 329 59 
1 59 1 2
183 59 330 
184 330 60 
1 60 1 2
185 60 331 
186 331 61 
1 61 1 2
187 61 332 
188 332 62 
1 62 1 2
189 62 333 
190 333 63 
1 63 1 2
191 63 334 
192 334 64 
1 64 1 2
193 64 335 
194 335 65 
1 65 1 2
195 65 336 
196 336 66 
1 66 1 2
197 66 337 
198 337 67 
1 67 1 2
199 67 338 
200 338 68 
1 68 1 2
201 68 339 
202 339 69 
1 69 1 2
203 69 340 
204 340 70 
1 70 1 2
205 70 341 
206 341 71 
1 71 1 2
207 71 342 
208 342 72 
1 72 1 2
209 72 343 
210 343 73 
1 73 1 2
211 73 344 
212 344 74 
1 74 1 2
213 74 345 
214 345 75 
1 75 1 2
215 75 346 
216 346 76 
1 76 1 2
217 76 347 
218 347 77 
1 77 1 2
219 77 348 
220 348 78 
1 78 1 2
221 78 349 
222 349 79 
1 79 1 2
223 79 350 
224 350 80 
1 80 1 2
225 80 351 
226 351 81 
1 81 1 2
227 81 352 
228 352 82 
1 82 1 2
229 82 353 
230 353 83 
1 83 1 1
231 83 84 
1 84 1 1
232 84 85 
1 85 1 1
233 85 86 
1 86 1 1
234 86 87 
1 87 1 1
235 87 88 
1 88 1 1
236 88 89 
1 89 1 1
237 89 90 
1 90 1 1
238 90 91 
1 91 1 1
239 91 92 
1 92 1 1
240 92 93 
1 93 1 1
241 93 94 
1 94 1 1
242 94 95 
1 95 1 1
243 95 96 
1 96 1 1
244 96 97 
1 97 1 1
245 97 98 
1 98 1 1
246 98 99 
1 99 1 1
247 99 100 
1 100 1 1
248 100 101 
1 101 1 1
249 101 102 
1 102 1 1
250 102 103 
1 103 1 1
251 103 104 
1 104 1 2
252 104 354 
253 354 105 
1 105 1 1
254 105 106 
1 106 1 2
255 106 355 
256 355 107 
1 107 1 1
257 107 108 
1 108 1 1
258 108 109 
1 109 1 1
259 109 110 
1 110 1 1
260 110 111 
1 111 1 1
261 111 112 
1 112 1 1
262 112 113 
1 113 1 1
263 113 114 
1 114 1 1
264 114 115 
1 115 1 1
265 115 116 
1 116 1 1
266 116 117 
1 117 1 1
267 117 118 
1 118 1 1
268 118 119 
1 119 1 1
269 119 120 
1 120 1 1
270 120 121 
1 121 1 1
271 121 122 
1 122 1 1
272 122 123 
1 123 1 1
273 123 124 
1 124 1 1
274 124 125 
1 125 1 1
275 125 126 
1 126 1 1
276 126 127 
1 127 1 1
277 127 128 
1 128 1 2
278 128 356 
279 356 129 
1 129 1 2
280 129 357 
281 357 130 
1 130 1 2
282 130 358 
283 358 131 
1 131 1 2
284 131 359 
285 359 132 
1 132 1 2
286 132 360 
287 360 133 
1 133 1 2
288 133 361 
289 361 134 
1 134 1 2
290 134 362 
291 362 135 
1 135 1 2
292 135 363 
293 363 136 
1 136 1 2
294 136 364 
295 364 137 
1 137 1 2
296 137 365 
297 365 138 
1 138 1 2
298 138 366 
299 366 139 
1 139 1 2
300 139 367 
301 367 140 
1 140 1 2
302 140 368 
303 368 141 
1 141 1 2
304 141 369 
305 369 142 
1 142 1 2
306 142 370 
307 370 143 
1 143 1 2
308 143 371 
309 371 144 
1 144 1 2
310 144 372 
311 372 145 
1 145 1 2
312 145 373 
313 373 146 
1 146 1 2
314 146 374 
315 374 147 
1 147 1 2
316 147 375 
317 375 148 
1 148 1 2
318 148 376 
319 376 149 
1 149 1 2
320 149 377 
321 377 150 
1 150 1 2
322 150 378 
323 378 151 
1 151 1 2
324 151 379 
325 379 152 
1 152 1 2
326 152 380 
327 380 153 
1 153 1 2
328 153 381 
329 381 154 
1 154 1 2
330 154 382 
331 382 155 
1 155 1 2
332 155 383 
333 383 156 
1 156 1 2
334 156 384 
335 384 157 
1 157 1 2
336 157 385 
337 385 158 
1 158 1 2
338 158 386 
339 386 159 
1 159 1 2
340 159 387 
341 387 160 
1 160 1 2
342 160 388 
343 388 161 
1 161 1 2
344 161 389 
345 389 162 
1 162 1 2
346 162 390 
347 390 163 
1 163 1 2
348 163 391 
349 391 164 
1 164 1 2
350 164 392 
351 392 165 
1 165 1 2
352 165 393 
353 393 166 
1 166 1 2
354 166 394 
355 394 167 
1 167 1 2
356 167 395 
357 395 168 
1 168 1 2
358 168 396 
359 396 169 
1 169 1 2
360 169 397 
361 397 170 
1 170 1 2
362 170 398 
363 398 171 
1 171 1 2
364 171 399 
365 399 172 
1 172 1 2
366 172 400 
367 400 173 
1 173 1 2
368 173 401 
369 401 174 
1 174 1 2
370 174 402 
371 402 175 
1 175 1 2
372 175 403 
373 403 176 
1 176 1 2
374 176 404 
375 404 177 
1 177 1 2
376 177 405 
377 405 178 
1 178 1 2
378 178 406 
379 406 179 
1 179 1 2
380 179 407 
381 407 180 
1 180 1 2
382 180 408 
383 408 181 
1 181 1 2
384 181 409 
385 409 182 
1 182 1 2
386 182 410 
387 410 183 
1 183 1 2
388 183 411 
389 411 184 
1 184 1 1
390 184 185 
1 185 1 1
391 185 186 
1 186 1 1
392 186 187 
1 187 1 1
393 187 188 
1 188 1 1
394 188 189 
1 189 1 1
395 189 190 
1 190 1 1
396 190 191 
1 191 1 1
397 191 192 
1 192 1 1
398 192 193 
1 193 1 1
399 193 194 
1 194 1 1
400 194 195 
1 195 1 1
401 195 196 
1 196 1 1
402 196 197 
1 197 1 1
403 197 198 
1 198 1 1
404 198 199 
1 199 1 1
405 199 200 
1 200 1 1
406 200 201 
1 201 1 1
407 201 202 
1 202 1 1
408 202 203 
1 203 1 1
409 203 204 
1 204 1 1
410 204 205 
1 205 1 1
411 205 5 
2 1 2 11221
412 3438 1523 5140 
413 185 184 1237 
414 3725 1544 4316 
415 4472 2075 4930 
416 630 628 3705 
417 3059 1895 3881 
418 1825 1940 3761 
419 4356 5 4357 
420 3014 2587 5102 
421 893 3244 3685 
422 3167 1958 3168 
423 3343 2300 5592 
424 3267 1199 5443 
425 1765 3405 4640 
426 3323 742 4461 
427 1940 2441 3761 
428 2486 1879 4278 
429 4920 2996 5331 
430 3515 4548 5059 
431 1659 4333 4396 
432 3452 4917 5484 
433 1195 3091 4533 
434 1250 4895 5294 
435 1514 1412 3291 
436 3187 4035 4742 
437 3234 3774 4210 
438 2457 2454 4496 
439 4333 3231 4396 
440 2937 4246 4337 
441 1401 4105 4130 
442 75 345 3978 
443 2950 2268 4184 
444 2720 3820 3821 
445 4327 3568 4451 
446 3690 599 4517 
447 2929 2927 5112 
448 1588 3262 4128 
449 3530 3110 4659 
450 3420 3406 5451 
451 3749 3280 5320 
452 2473 3344 3346 
453 151 378 4460 
454 1011 1001 4032 
455 4674 2924 5074 
456 1739 3642 3645 
457 2844 3528 4171 
458 1860 4905 5147 
459 3226 3010 4292 
460 2109 2112 3658 
461 860 3242 3261 
462 4720 3864 5573 
463 54 324 4197 
464 3417 1150 3453 
465 4011 3807 4786 
466 2012 2929 5112 
467 2514 2515 3424 
468 3167 3168 3179 
469 1786 103 3334 
470 1129 3318 3841 
471 3036 2476 3442 
472 3646 4139 4281 
473 3087 3012 3343 
474 2568 2567 2662 
475 1208 3774 4787 
476 2553 3288 3647 
477 4207 3502 4642 
478 2746 3646 4281 
479 1877 3965 4677 
480 1109 3359 3887 
481 3397 3860 4847 
482 3431 587 4080 
483 3581 727 3697 
484 3568 2191 4451 
485 858 129 1903 
486 3015 3271 4509 
487 4268 4825 4915 
488 1748 3920 4763 
489 1084 4540 4999 
490 2720 3821 5404 
491 3111 435 4960 
492 3074 4693 4727 
493 1514 3291 3941 
494 1173 1269 3654 
495 3346 3696 5045 
496 3770 1795 4467 
497 3025 3634 5028 
498 3963 2544 4852 
499 3463 3717 4505 
500 3424 2515 5388 
501 1329 1327 4130 
502 3524 4309 4748 
503 708 3728 3729 
504 4139 1641 4201 
505 3183 1633 3969 
506 3413 3914 4807 
507 4364 1994 5252 
508 3309 3310 5365 
509 3112 2719 3337 
510 2469 3316 3927 
511 4220 4938 5804 
512 4216 4302 4606 
513 1500 3167 4987 
514 435 3111 5130 
515 1004 1006 3791 
516 722 725 3580 
517 3948 1880 4805 
518 4181 3464 4526 
519 3383 3494 4679 
520 1988 1990 1992 
521 1496 609 4590 
522 69 339 3969 
523 205 204 2908 
524 3453 1150 5509 
525 1131 3418 3420 
526 1649 3078 4220 
527 3778 2634 4175 
528 3988 1757 4177 
529 4162 3396 4658 
530 3397 2682 3860 
531 3839 3840 4293 
532 3323 1736 3765 
533 2662 3116 3117 
534 4111 1683 4116 
535 3426 1243 3427 
536 2652 2105 3349 
537 3089 4163 4164 
538 2779 4126 4908 
539 2563 3010 3226 
540 3920 3754 4763 
541 3405 3879 4640 
542 2301 2217 2657 
543 1963 3733 5193 
544 4310 3083 5254 
545 3346 3344 3696 
546 2664 1268 3543 
547 3171 3168 5619 
548 4061 3041 5150 
549 742 3323 4017 
550 3544 1438 4761 
551 1499 1500 1610 
552 2452 3587 3588 
553 5083 4504 5748 
554 3463 1752 3464 
555 3572 4920 5331 
556 2652 3349 3582 
557 3186 1192 4437 
558 2714 4712 5160 
559 4510 794 4587 
560 2721 3499 3500 
561 3452 774 4541 
562 3812 2806 4719 
563 1795 3770 5558 
564 4055 1634 4265 
565 1964 1602 1965 
566 426 4162 4658 
567 1499 3012 3087 
568 3250 1774 3252 
569 4510 4587 5676 
570 3634 702 5028 
571 2587 3014 3223 
572 799 2104 3409 
573 1706 1843 5159 
574 2665 4004 4047 
575 272 418 4224 
576 3078 1649 5058 
577 3094 3162 4339 
578 2274 2904 3331 
579 3910 3770 4467 
580 3360 1518 3361 
581 3377 848 4610 
582 832 848 3377 
583 2728 4172 4437 
584 2344 3352 4478 
585 1730 1136 4253 
586 3590 3577 4848 
587 3557 2614 3559 
588 3569 2291 4725 
589 3760 685 4236 
590 1992 1990 2567 
591 3151 3150 5293 
592 2517 4358 4625 
593 2399 4061 5150 
594 2579 2577 4260 
595 1268 1171 3543 
596 433 3445 4022 
597 1197 1243 3426 
598 3414 2326 3415 
599 3460 3413 4807 
600 1237 2978 4009 
601 954 630 3705 
602 3811 3812 4719 
603 4504 3790 5748 
604 1269 2256 3654 
605 2894 4549 4600 
606 3370 3101 3410 
607 1182 1199 3267 
608 1630 4206 4636 
609 3217 976 5566 
610 204 203 5538 
611 743 4516 4920 
612 3510 2909 4974 
613 3932 3737 4248 
614 708 710 3728 
615 3372 1483 4845 
616 3354 2955 3425 
617 1443 3546 3547 
618 1985 1987 1988 
619 3340 1866 5006 
620 4126 3693 4908 
621 1774 3250 3738 
622 1544 3476 4316 
623 1786 3334 3335 
624 4589 1250 5294 
625 4244 4243 5716 
626 3522 1640 4323 
627 2893 3234 4210 
628 1081 3141 5264 
629 3841 3318 5131 
630 3331 2904 3809 
631 3494 3383 4766 
632 1719 4674 5074 
633 4105 1401 5110 
634 4017 3869 4434 
635 1610 1500 4987 
636 2674 3275 3441 
637 2662 3117 3118 
638 3555 2614 3557 
639 3279 1706 5159 
640 1087 3594 3830 
641 1929 1930 1984 
642 3362 24 5741 
643 1756 4964 5460 
644 1136 1130 4253 
645 1008 1355 3629 
646 4243 444 5716 
647 3561 602 4423 
648 2618 2534 3142 
649 3352 3598 4478 
650 3464 1752 4526 
651 569 3518 3656 
652 2886 3519 5493 
653 3477 2794 4907 
654 2963 2457 4496 
655 3148 1775 5559 
656 4309 3524 4310 
657 3843 2498 5122 
658 3585 2953 3587 
659 2230 3421 3422 
660 3179 3168 5057 
661 2984 3375 3843 
662 4516 2996 4920 
663 1633 3183 5332 
664 103 1786 5545 
665 3709 1011 4032 
666 1775 3148 4850 
667 1779 1969 4978 
668 4553 3353 4624 
669 3590 1465 3894 
670 517 515 4178 
671 3285 3921 5031 
672 2954 3864 4720 
673 5 205 5542 
674 2752 4545 4769 
675 1650 3441 4403 
676 3591 3919 4504 
677 985 975 986 
678 2661 3324 4162 
679 3204 4365 5252 
680 3410 567 5116 
681 3347 3346 5045 
682 3118 3117 3815 
683 3580 725 3581 
684 820 3413 3460 
685 3036 3442 5371 
686 2445 3839 4293 
687 3966 3426 4911 
688 4035 838 4742 
689 2476 1891 3442 
690 967 976 3217 
691 742 4017 4434 
692 3616 2545 5274 
693 3216 2344 4478 
694 974 953 975 
695 1483 3432 4845 
696 1129 3317 3318 
697 4055 3392 4056 
698 4341 2945 4470 
699 270 271 4770 
700 2451 2302 5665 
701 2606 2909 3510 
702 2566 4200 5806 
703 2967 3431 4079 
704 739 3307 5149 
705 2107 2109 3658 
706 3717 713 4505 
707 856 3694 4180 
708 2895 3581 3697 
709 1911 3713 5037 
710 1017 986 1019 
711 2350 3942 4947 
712 4192 2937 4337 
713 1287 1352 3333 
714 3441 3275 4889 
715 2507 2968 3384 
716 2984 3843 5122 
717 3042 3963 4852 
718 3288 2553 3655 
719 1877 517 4178 
720 2173 3258 4844 
721 3412 432 4741 
722 2727 3254 5702 
723 3779 414 5015 
724 3747 619 3748 
725 3407 4233 4573 
726 3168 3169 3170 
727 3393 2606 3510 
728 1443 3547 5534 
729 2343 2617 3275 
730 3735 2213 3736 
731 1034 1019 3380 
732 1754 1402 3521 
733 1633 69 3969 
734 1015 977 3455 
735 3518 569 5742 
736 1850 3482 3650 
737 3542 1618 3734 
738 4220 3078 4938 
739 3704 954 3705 
740 3591 663 3919 
741 1076 3727 5428 
742 3545 2395 3620 
743 810 813 4150 
744 4302 4216 4839 
745 1582 717 4241 
746 523 4069 4391 
747 3426 3427 4911 
748 4358 3818 4625 
749 3242 860 5653 
750 4549 2100 4600 
751 3081 3082 3083 
752 3971 1447 4680 
753 2698 4063 4632 
754 2980 3481 3544 
755 2541 3610 3888 
756 3259 1779 4978 
757 1630 4205 4206 
758 2431 3101 3370 
759 1930 1985 5744 
760 4183 1916 4633 
761 1006 3629 3791 
762 2618 3142 3747 
763 601 3808 4421 
764 3150 3925 5293 
765 1834 4027 5073 
766 594 595 3716 
767 3168 3171 5057 
768 1879 1593 4278 
769 1835 5061 5374 
770 2945 3773 4470 
771 1256 1255 3333 
772 3798 825 4174 
773 3168 3170 5619 
774 3316 2469 4963 
775 635 637 3771 
776 1389 3749 5320 
777 1192 3186 4030 
778 3965 3997 4677 
779 3173 3169 3884 
780 3956 2748 4525 
781 3384 2968 4013 
782 2950 4184 4644 
783 185 1237 4009 
784 3757 1749 3760 
785 3970 2838 5184 
786 545 3809 3810 
787 3106 4472 4930 
788 821 818 3460 
789 1995 1994 4364 
790 3796 3724 5514 
791 2658 2280 3205 
792 3423 711 4477 
793 3838 3552 4196 
794 3506 2527 5412 
795 3051 3514 3515 
796 791 3663 3736 
797 2180 2463 3212 
798 2196 2335 2740 
799 4028 1917 4953 
800 3607 3605 3608 
801 5482 2959 5483 
802 4413 3225 4701 
803 1990 1993 5189 
804 2247 2182 3370 
805 1502 1958 3167 
806 1999 3932 4248 
807 2314 2090 3140 
808 3527 974 5322 
809 3333 1352 3848 
810 2527 3182 5412 
811 3307 739 5536 
812 4353 4351 4356 
813 3110 3530 5152 
814 3917 2899 4253 
815 2740 2335 3249 
816 3819 4362 5542 
817 3083 3082 3085 
818 3262 1588 3732 
819 3083 3085 5254 
820 694 696 3533 
821 1225 1227 3666 
822 2721 2687 3499 
823 1715 4553 4624 
824 4553 1715 4575 
825 1916 3679 4634 
826 1661 3994 4062 
827 3857 3292 5769 
828 4361 4365 5057 
829 4150 813 5745 
830 4200 3408 5806 
831 2377 3910 4467 
832 1001 999 4032 
833 3275 2617 3750 
834 1334 4220 5804 
835 3441 611 4403 
836 2747 2536 3456 
837 3271 3015 5226 
838 271 272 4224 
839 2274 2272 2904 
840 3277 4183 4633 
841 1736 3323 4461 
842 2005 2004 2272 
843 3588 2705 3589 
844 740 3563 4605 
845 2544 2407 3711 
846 1081 1083 3141 
847 4062 3994 4447 
848 2118 2115 3300 
849 3441 1650 5171 
850 3091 3093 4533 
851 3388 3389 4494 
852 436 3395 4251 
853 1398 3322 3823 
854 4964 3123 5460 
855 758 753 3559 
856 3545 3620 5072 
857 3519 2886 4686 
858 3000 3731 4509 
859 1541 1004 3791 
860 3774 3234 4787 
861 3736 2213 4154 
862 412 3554 4529 
863 4296 4377 4651 
864 345 1421 3978 
865 3361 1518 5797 
866 1616 589 3507 
867 3091 1195 5298 
868 25 24 3362 
869 1895 3059 5328 
870 4726 4228 5114 
871 3002 4145 4166 
872 1131 1137 3418 
873 2314 3140 5329 
874 418 4223 4224 
875 1752 3463 4505 
876 1367 4136 5205 
877 3724 2946 5514 
878 3086 2885 3683 
879 1852 1851 2004 
880 3081 3080 3082 
881 3827 3338 5545 
882 2086 2084 3137 
883 3569 4725 5273 
884 3503 2532 3522 
885 2308 2307 2815 
886 2932 3752 4578 
887 3467 3184 4393 
888 3989 3988 4177 
889 691 3956 4525 
890 4171 4170 4812 
891 3325 2898 3567 
892 3434 1860 5147 
893 4168 1495 4629 
894 4054 4055 4265 
895 2022 2639 4973 
896 2753 2750 3644 
897 2837 4571 4703 
898 773 4560 5536 
899 1006 1008 3629 
900 2487 3740 4860 
901 1928 1924 2307 
902 3317 1129 5712 
903 4708 5436 5446 
904 2192 2343 2674 
905 4172 3186 4437 
906 4031 2844 4870 
907 4196 3552 5267 
908 2179 3263 3268 
909 4070 3228 5052 
910 4156 3089 5315 
911 2607 2606 3393 
912 1957 3558 4684 
913 4071 2613 4603 
914 1588 4128 4948 
915 2048 2047 2534 
916 1355 3526 3629 
917 1866 3340 5108 
918 2738 3262 3877 
919 2568 2662 3119 
920 711 3423 4181 
921 4571 3342 4703 
922 1236 1337 1499 
923 3299 3298 4665 
924 4386 5265 5341 
925 3072 2693 3459 
926 1029 3087 5641 
927 3235 4953 5547 
928 1964 1965 5767 
929 1021 1027 3380 
930 2839 4205 4650 
931 1751 2844 4031 
932 3262 2738 4128 
933 3818 4358 4362 
934 1943 3620 3889 
935 1925 1927 1929 
936 4111 4122 4319 
937 3906 3347 4064 
938 4907 2794 5524 
939 271 4224 4770 
940 3728 710 4482 
941 2247 3370 5445 
942 1073 1076 5428 
943 3589 3590 3894 
944 2023 1984 2468 
945 1992 2567 2568 
946 598 896 4935 
947 2162 3080 3081 
948 1984 1930 5744 
949 4380 4379 5148 
950 893 3685 4149 
951 3683 3561 4423 
952 1843 1844 1924 
953 3206 1341 3454 
954 4205 1630 4650 
955 711 4181 4526 
956 3383 4384 5230 
957 3484 928 3485 
958 3351 3451 3873 
959 2196 2177 2335 
960 4106 446 4108 
961 3066 2045 3787 
962 2658 3205 3808 
963 3582 3349 5016 
964 2674 2343 3275 
965 2980 3544 4761 
966 2876 2921 3448 
967 2146 2164 2192 
968 3212 2463 5585 
969 4277 2486 4278 
970 774 4537 4541 
971 2118 3300 5437 
972 2192 2164 2343 
973 1595 1594 1779 
974 3371 1951 3972 
975 1496 4218 4746 
976 4116 1683 4130 
977 3086 3683 5216 
978 3595 1482 5474 
979 1499 1610 3012 
980 5240 3420 5451 
981 4211 1615 5045 
982 2555 2040 2653 
983 1010 1013 3631 
984 4358 2517 5186 
985 2308 2815 5652 
986 3670 3765 4397 
987 741 3440 3670 
988 3662 2896 4382 
989 3744 3104 5359 
990 1683 4111 4319 
991 3137 2088 3138 
992 4298 4189 4960 
993 3630 3862 4769 
994 3104 3744 3745 
995 3630 3631 3862 
996 3235 4028 4953 
997 2616 2563 3226 
998 4258 429 4260 
999 1497 1604 3290 
1000 4620 3224 5102 
1001 2407 2409 3711 
1002 4949 4728 5105 
1003 3739 2870 4443 
1004 4020 4019 4021 
1005 3594 1087 4808 
1006 2264 2898 3325 
1007 3601 2941 4654 
1008 2086 3137 5346 
1009 3312 3309 5365 
1010 4170 1018 4812 
1011 2174 2165 2280 
1012 3298 2366 5416 
1013 4566 3570 5273 
1014 2158 2142 2162 
1015 2838 3224 5184 
1016 847 5386 5692 
1017 2844 4171 4870 
1018 2515 3255 3256 
1019 184 411 2976 
1020 2890 3400 4464 
1021 637 640 3771 
1022 1256 3333 5535 
1023 3529 2699 3530 
1024 4820 3124 4939 
1025 2327 2326 3414 
1026 3277 4633 5166 
1027 3399 4243 4244 
1028 3408 4200 4555 
1029 4786 3807 4901 
1030 3162 3165 4339 
1031 2903 2768 3759 
1032 24 1571 5741 
1033 3089 4156 4163 
1034 4136 1367 5235 
1035 1500 1502 3167 
1036 3382 2308 5652 
1037 4021 4019 5309 
1038 4080 587 5372 
1039 2893 4210 5175 
1040 3755 3798 4174 
1041 3687 1011 3709 
1042 2218 2217 2301 
1043 3642 1739 4502 
1044 2005 2272 2274 
1045 2179 2158 3263 
1046 679 740 4605 
1047 3050 2555 3189 
1048 4297 4189 4298 
1049 1017 1019 1034 
1050 2357 3212 3213 
1051 3407 1514 4233 
1052 3169 1958 3884 
1053 3051 2490 3514 
1054 1237 184 2976 
1055 420 4043 4044 
1056 4066 1659 4396 
1057 1842 4071 4603 
1058 3687 2920 4381 
1059 2163 2180 2357 
1060 1860 3434 4380 
1061 2422 2274 3331 
1062 4540 3538 4999 
1063 3096 2186 4378 
1064 2230 2231 3421 
1065 2531 2682 3397 
1066 324 522 4197 
1067 3427 1243 3428 
1068 2662 2567 3116 
1069 4077 2730 4078 
1070 410 182 4026 
1071 2422 3331 3332 
1072 3690 4517 4518 
1073 1852 2004 2005 
1074 4399 1658 4906 
1075 3679 1916 4183 
1076 3637 3652 5794 
1077 4553 4575 4576 
1078 3573 498 3907 
1079 2675 3184 3467 
1080 1145 1150 3417 
1081 2993 3014 5102 
1082 954 3704 3706 
1083 1451 3571 5418 
1084 4066 4396 5109 
1085 1402 1338 3521 
1086 1496 4590 5596 
1087 2796 2353 3574 
1088 2439 3358 5791 
1089 3578 721 3579 
1090 429 4258 4259 
1091 3899 2538 5369 
1092 1522 188 3483 
1093 1878 3488 5300 
1094 2928 2929 3855 
1095 2111 2110 2117 
1096 609 615 4590 
1097 4377 438 4651 
1098 4210 3264 5175 
1099 3313 2949 5092 
1100 1529 1427 3517 
1101 3017 1470 5042 
1102 5133 3189 5396 
1103 1470 1468 1483 
1104 2634 3778 5453 
1105 3638 3637 5794 
1106 1029 1236 3087 
1107 5054 1963 5193 
1108 4601 2791 4756 
1109 3119 3680 4909 
1110 985 986 1017 
1111 378 1728 4460 
1112 595 2467 3716 
1113 3170 3436 3437 
1114 2534 2535 2745 
1115 3200 3671 5113 
1116 518 1916 4634 
1117 3391 2542 3542 
1118 3152 3265 3775 
1119 2357 2180 3212 
1120 1015 3455 4230 
1121 4043 420 5092 
1122 3150 3148 5559 
1123 4633 779 5166 
1124 3548 3120 4909 
1125 793 799 3409 
1126 3423 2829 4225 
1127 3706 3558 4006 
1128 1518 3360 5019 
1129 3840 1291 4293 
1130 1163 1197 3426 
1131 4509 3271 4819 
1132 3976 1622 5355 
1133 611 3441 4889 
1134 2109 2108 2110 
1135 951 932 953 
1136 4717 4283 5399 
1137 2639 4016 4973 
1138 448 3446 4019 
1139 2163 2144 2180 
1140 589 581 3507 
1141 426 3411 4162 
1142 2449 2308 3382 
1143 2131 2144 2163 
1144 3258 2173 4845 
1145 4110 417 4980 
1146 2452 3588 3589 
1147 3448 2921 3847 
1148 3349 3350 5016 
1149 1042 1041 1047 
1150 1210 1209 1255 
1151 4120 1323 4455 
1152 3383 3382 4384 
1153 2665 4047 5357 
1154 3445 433 4023 
1155 2997 4266 4374 
1156 1988 1989 1990 
1157 4228 4229 5114 
1158 1929 1927 1930 
1159 4496 2454 4853 
1160 4139 4201 4281 
1161 5105 4728 5374 
1162 1442 1375 3473 
1163 2977 2976 3810 
1164 1299 3991 4081 
1165 2758 2756 3643 
1166 4672 1135 4841 
1167 3445 3446 4022 
1168 710 715 4482 
1169 3446 448 4022 
1170 3480 3479 3481 
1171 4545 3630 4769 
1172 1327 1401 4130 
1173 3631 1013 3632 
1174 2039 1787 2040 
1175 1703 1704 1851 
1176 2202 2473 3346 
1177 502 504 3753 
1178 820 823 3413 
1179 2146 2136 2164 
1180 4063 3063 4632 
1181 3558 3706 4684 
1182 2252 3739 4443 
1183 1132 3866 4715 
1184 2555 2653 3189 
1185 2039 2040 2555 
1186 3430 2469 3597 
1187 4006 3559 5644 
1188 4243 3399 5648 
1189 3696 4211 5045 
1190 2315 3605 3607 
1191 3140 2590 3353 
1192 1782 1566 1784 
1193 694 3533 5711 
1194 3178 3228 4070 
1195 2048 2534 2618 
1196 3643 2756 3644 
1197 2147 2145 2182 
1198 2301 2657 5077 
1199 4365 3204 5253 
1200 1227 1406 3666 
1201 3244 893 4797 
1202 4166 4145 5344 
1203 4246 2937 5008 
1204 2003 2187 4001 
1205 3840 2813 5263 
1206 1016 1015 1041 
1207 3507 579 3509 
1208 3752 2932 4816 
1209 249 250 4020 
1210 974 975 985 
1211 1703 1851 1852 
1212 2896 3662 4449 
1213 3666 3059 3881 
1214 905 907 3940 
1215 2153 4428 4942 
1216 2158 2162 5689 
1217 917 3851 4742 
1218 674 672 4065 
1219 1864 2093 3612 
1220 4206 4479 4524 
1221 4311 2276 4501 
1222 3558 1957 5268 
1223 3991 3835 4081 
1224 3432 3258 4845 
1225 3101 2873 4997 
1226 3391 3734 5481 
1227 2671 2468 3143 
1228 2869 3329 5119 
1229 2449 3382 3383 
1230 853 928 3484 
1231 3878 1669 4446 
1232 3843 3844 4880 
1233 432 3412 5326 
1234 1563 1564 1703 
1235 2666 4286 4331 
1236 3352 2511 3598 
1237 3281 4264 5423 
1238 4560 773 4623 
1239 5164 2088 5479 
1240 2804 2375 3566 
1241 3395 436 3892 
1242 5142 1835 5374 
1243 2534 2745 3142 
1244 951 974 3527 
1245 3554 2810 5283 
1246 989 4203 5629 
1247 4004 3944 4047 
1248 1969 2046 2047 
1249 3085 3467 5199 
1250 3137 3138 3139 
1251 2614 758 3559 
1252 2253 2542 3391 
1253 1779 1968 1969 
1254 1236 1499 3087 
1255 2302 2301 5665 
1256 1442 3473 4179 
1257 2174 2280 2658 
1258 2186 2959 4378 
1259 3870 2931 4195 
1260 3311 3312 3609 
1261 3021 3725 4316 
1262 1412 1410 3291 
1263 3954 3778 4175 
1264 2177 2172 2786 
1265 3073 4185 4982 
1266 1858 2067 3655 
1267 989 992 4203 
1268 857 5105 5374 
1269 1924 1844 1925 
1270 3152 3775 5521 
1271 2147 2182 2247 
1272 4069 523 4152 
1273 1595 1779 1780 
1274 1969 2047 2048 
1275 4347 1959 4594 
1276 3414 3986 5124 
1277 2920 3992 4411 
1278 2814 2633 3531 
1279 2316 2782 3604 
1280 2873 4340 4997 
1281 1464 1462 1480 
1282 719 721 3578 
1283 203 202 5718 
1284 721 722 3580 
1285 655 4195 4578 
1286 4939 2258 5006 
1287 821 3460 3785 
1288 1928 2307 2308 
1289 205 2908 5542 
1290 2547 3099 3260 
1291 2813 3576 5263 
1292 285 4717 5399 
1293 2109 2110 2111 
1294 2084 1780 2088 
1295 2326 2323 3416 
1296 1389 1283 1390 
1297 2258 4234 5006 
1298 3422 3421 3546 
1299 969 967 3217 
1300 2527 2346 3182 
1301 1210 1255 1256 
1302 1016 1041 1042 
1303 4185 3073 4778 
1304 3456 2536 3909 
1305 2075 4472 5012 
1306 1523 3438 4941 
1307 2722 3742 4702 
1308 1362 1588 4948 
1309 2794 3477 5098 
1310 26 524 3308 
1311 3221 416 4991 
1312 1042 1047 1049 
1313 1475 1470 3017 
1314 3780 3779 5015 
1315 2708 2713 3637 
1316 1805 1173 3654 
1317 3411 2661 4162 
1318 1416 1414 3407 
1319 1951 3371 5728 
1320 2090 2590 3140 
1321 1590 3017 3569 
1322 4069 4070 4391 
1323 1784 1787 2039 
1324 2084 2088 3137 
1325 3488 1878 5380 
1326 2219 4983 4984 
1327 1565 1566 1782 
1328 1565 1440 1566 
1329 2517 5257 5495 
1330 2990 2669 3794 
1331 2967 4079 5164 
1332 1534 1535 1594 
1333 1076 1079 3726 
1334 3392 4055 4057 
1335 2280 3088 3089 
1336 1021 1023 1027 
1337 2131 2128 2144 
1338 3577 3590 5077 
1339 4199 425 5085 
1340 2547 2314 3099 
1341 2657 2846 2998 
1342 2120 2145 2147 
1343 1534 1594 1595 
1344 4328 3990 4806 
1345 4980 3197 5126 
1346 3636 4626 5576 
1347 4599 3958 5800 
1348 3887 3359 5339 
1349 2511 3352 5778 
1350 813 814 3468 
1351 2115 2130 3300 
1352 2463 2838 3207 
1353 3867 1680 4556 
1354 2154 2165 2174 
1355 3119 2662 5408 
1356 2652 3583 5708 
1357 416 3221 5321 
1358 3432 1483 5607 
1359 1491 1492 1534 
1360 1374 1444 3454 
1361 4624 3353 5417 
1362 3216 4478 4958 
1363 2211 2563 2616 
1364 2675 2674 3184 
1365 3404 2592 5076 
1366 2521 2523 5379 
1367 1098 3479 3480 
1368 3579 721 3580 
1369 1287 1350 1352 
1370 1282 1201 1283 
1371 1100 1104 3479 
1372 3290 3913 4646 
1373 1884 2230 3451 
1374 2107 2108 2109 
1375 2955 3354 5117 
1376 2664 3543 3545 
1377 4875 3458 5201 
1378 2090 2086 2590 
1379 1590 1475 3017 
1380 2142 2139 3079 
1381 1076 3726 3727 
1382 3216 1960 4957 
1383 972 3772 4468 
1384 1985 1988 5270 
1385 3842 3843 4880 
1386 1393 1491 1493 
1387 1502 1504 1958 
1388 3575 4535 5196 
1389 4040 2547 5179 
1390 1477 1475 1590 
1391 2563 2795 3010 
1392 2222 3610 3611 
1393 2538 3899 5462 
1394 4109 4980 5126 
1395 1102 1103 3648 
1396 2211 2212 2563 
1397 3440 741 4372 
1398 4147 3235 5547 
1399 2853 3971 4680 
1400 2441 2837 4703 
1401 3807 4011 5688 
1402 1039 3601 4654 
1403 3206 3454 4947 
1404 4389 4279 5430 
1405 1843 1924 1928 
1406 108 107 5624 
1407 3684 2255 5115 
1408 5364 1967 5767 
1409 2107 1256 2108 
1410 3875 1247 4806 
1411 3509 579 5597 
1412 1393 1394 1491 
1413 4512 5020 5243 
1414 2507 2247 2968 
1415 1092 3480 3482 
1416 2469 3430 4963 
1417 3476 1544 5054 
1418 4195 2932 4578 
1419 1998 2300 5252 
1420 3299 4665 5343 
1421 1255 1287 3333 
1422 2428 3264 4210 
1423 3061 4428 4956 
1424 818 820 3460 
1425 1433 1436 3248 
1426 3454 1444 4616 
1427 2149 2151 2153 
1428 1683 1329 4130 
1429 1676 1674 3597 
1430 1780 1779 3259 
1431 3184 2674 3441 
1432 2300 3343 5337 
1433 4712 1856 5160 
1434 1177 1209 1210 
1435 1166 3426 3966 
1436 198 902 3549 
1437 247 3541 5084 
1438 1611 1825 3761 
1439 1847 2623 3762 
1440 3541 247 5231 
1441 3339 3266 5640 
1442 3919 3403 4504 
1443 590 589 591 
1444 2115 2113 2130 
1445 1457 1455 1467 
1446 1965 2832 3136 
1447 801 3439 5504 
1448 1122 3523 4918 
1449 2120 2118 2145 
1450 4206 4524 4636 
1451 2657 2998 3577 
1452 2268 3038 4184 
1453 976 1015 1016 
1454 4264 1170 5423 
1455 3000 4509 4819 
1456 3409 2104 4690 
1457 3688 1582 4241 
1458 4104 4821 5299 
1459 3589 2705 3590 
1460 3526 1355 3630 
1461 3290 1604 5706 
1462 2958 4207 4642 
1463 1966 1964 5767 
1464 1570 2947 3845 
1465 1529 3517 4414 
1466 4239 1959 4347 
1467 244 4875 5201 
1468 3547 5059 5209 
1469 4087 4120 4455 
1470 2909 3414 5124 
1471 5265 3090 5341 
1472 1868 4708 5446 
1473 2182 2431 3370 
1474 1350 1351 1393 
1475 1277 3872 4729 
1476 3050 3189 5133 
1477 2454 2453 5738 
1478 201 903 3243 
1479 3120 3548 3549 
1480 2154 2155 2165 
1481 717 714 4241 
1482 1390 1440 1565 
1483 3642 3643 3645 
1484 4125 4330 4896 
1485 3731 2046 4509 
1486 2719 3112 3714 
1487 4666 2521 5379 
1488 3479 1104 5505 
1489 2961 2962 4207 
1490 3084 3525 4828 
1491 2899 3917 4059 
1492 2280 3089 3205 
1493 1171 1168 3543 
1494 9 8 4350 
1495 1965 3136 5364 
1496 1426 3069 3473 
1497 3072 3459 5046 
1498 3174 3274 4941 
1499 3648 1103 5290 
1500 1884 3451 5391 
1501 1786 3336 5545 
1502 4218 1496 5596 
1503 4560 3307 5536 
1504 2467 905 3940 
1505 788 4192 4337 
1506 3582 1445 4318 
1507 592 591 593 
1508 2431 2873 3101 
1509 2151 2152 2154 
1510 3096 4554 5278 
1511 3773 1821 4470 
1512 2883 2885 3086 
1513 3467 4393 5199 
1514 567 3410 5420 
1515 524 25 3362 
1516 3475 2887 4635 
1517 3069 1529 4878 
1518 3644 2750 3956 
1519 685 3760 4544 
1520 2856 2507 3384 
1521 3147 3371 3972 
1522 3605 3604 3606 
1523 2320 1949 2424 
1524 2804 3566 3997 
1525 1282 1283 1389 
1526 951 953 974 
1527 3823 3322 3923 
1528 1483 3372 5042 
1529 2544 3711 3712 
1530 3171 4360 4361 
1531 1034 3380 5139 
1532 2178 2177 2196 
1533 3975 2966 4127 
1534 228 442 4257 
1535 4728 3268 4829 
1536 3557 3559 4006 
1537 2117 2148 2149 
1538 2149 2150 2151 
1539 2455 3390 4495 
1540 3347 3906 5293 
1541 3848 2512 4222 
1542 1255 1257 1287 
1543 2515 2435 3255 
1544 5117 3634 5123 
1545 3322 1398 5634 
1546 2672 2320 3295 
1547 3571 1451 3951 
1548 830 832 3377 
1549 3433 1167 4569 
1550 3663 2735 3736 
1551 2883 2884 2885 
1552 2105 1983 3349 
1553 1163 1162 1197 
1554 1609 1598 1864 
1555 2660 2650 3183 
1556 3088 2165 5733 
1557 1745 2469 3927 
1558 1433 3248 5452 
1559 614 3691 4532 
1560 1161 1160 1162 
1561 3380 1027 5279 
1562 2469 1676 3597 
1563 1706 1709 1843 
1564 746 3634 5117 
1565 1287 1288 1350 
1566 2577 4258 4260 
1567 4926 4475 5412 
1568 3168 1958 3169 
1569 3433 4569 4907 
1570 1804 1691 3909 
1571 545 3810 4582 
1572 3390 2455 5269 
1573 4275 4274 5375 
1574 3392 3391 5481 
1575 4219 3001 4597 
1576 3685 3684 5115 
1577 3006 3858 4868 
1578 2441 4703 5682 
1579 256 257 4655 
1580 3193 3616 5274 
1581 860 3261 5713 
1582 4530 3131 5128 
1583 4428 2153 4956 
1584 3255 2652 5708 
1585 964 967 969 
1586 969 3217 3218 
1587 3637 2713 3652 
1588 594 593 595 
1589 1832 1961 3745 
1590 675 1538 3552 
1591 3683 568 5216 
1592 5017 5018 5380 
1593 2987 5044 5314 
1594 3615 1561 4267 
1595 4361 4363 4365 
1596 1470 1483 5042 
1597 587 3431 4967 
1598 3314 5092 5187 
1599 4693 2179 4727 
1600 2815 2307 3315 
1601 1878 5017 5380 
1602 2745 3780 5398 
1603 3592 4504 5083 
1604 4478 4212 4958 
1605 429 255 4261 
1606 4078 2730 4492 
1607 1292 1290 3284 
1608 2418 3709 3710 
1609 3612 2093 5753 
1610 2810 3839 5283 
1611 1158 1151 1182 
1612 508 3686 3753 
1613 2829 3423 4477 
1614 4610 4555 5724 
1615 1047 1048 1177 
1616 1225 3666 3881 
1617 4567 3284 4736 
1618 1498 1497 3290 
1619 1148 3621 4860 
1620 2128 2125 3449 
1621 2766 3758 3759 
1622 2947 1834 5073 
1623 3006 3393 3858 
1624 2692 3233 3499 
1625 2355 3491 5772 
1626 2660 3183 3667 
1627 2421 2264 3325 
1628 3359 1109 4609 
1629 1499 1337 1500 
1630 2162 3079 3080 
1631 3537 1934 3539 
1632 3587 2452 5185 
1633 1490 1763 3619 
1634 4388 4767 5307 
1635 774 3306 4537 
1636 2159 2158 2179 
1637 1199 1201 1282 
1638 3220 4040 5179 
1639 4917 733 5484 
1640 3051 3515 5059 
1641 1273 3660 4647 
1642 2143 2142 2158 
1643 2532 2531 3397 
1644 2777 3639 3640 
1645 4351 8 5441 
1646 2530 2529 2531 
1647 1959 4239 4506 
1648 3506 413 4169 
1649 3671 3200 5213 
1650 3438 3174 4941 
1651 414 3779 4281 
1652 1177 1178 1209 
1653 1563 1703 3271 
1654 2860 4168 4629 
1655 1880 3948 4697 
1656 2880 2883 3272 
1657 4561 3948 4805 
1658 3623 959 3624 
1659 2831 2579 4260 
1660 3742 3741 4702 
1661 741 3670 4397 
1662 2784 4818 5527 
1663 3274 4069 4152 
1664 2182 2183 2431 
1665 2040 1787 3853 
1666 3340 3188 4817 
1667 2878 2880 3272 
1668 2421 3325 3326 
1669 3411 426 4161 
1670 3909 1691 5631 
1671 1150 1151 1158 
1672 1963 1602 1964 
1673 2679 3130 3594 
1674 1159 1157 1160 
1675 2528 2252 2529 
1676 3682 2780 4687 
1677 2315 2316 3604 
1678 2353 2351 3574 
1679 3074 3076 4693 
1680 3522 4323 4827 
1681 1019 1021 3380 
1682 2740 3249 3694 
1683 2431 2432 2873 
1684 3381 2273 5203 
1685 1462 1457 3896 
1686 1150 1149 1151 
1687 3367 3366 5336 
1688 3570 3569 5273 
1689 5252 2300 5337 
1690 3286 3285 5031 
1691 3499 3233 5677 
1692 2532 3503 4780 
1693 2847 5139 5279 
1694 4851 1467 5011 
1695 1166 1163 3426 
1696 1537 1557 1563 
1697 2614 3555 4140 
1698 4922 4115 5043 
1699 1924 1925 5743 
1700 583 581 589 
1701 3039 4512 5243 
1702 1756 4536 4964 
1703 3759 3760 4236 
1704 3294 3854 4836 
1705 953 932 3246 
1706 3012 1610 3204 
1707 428 249 4020 
1708 2965 4851 5011 
1709 2667 2668 3560 
1710 2628 3159 3534 
1711 3232 2931 3870 
1712 3306 774 5149 
1713 2756 2753 3644 
1714 1929 1984 2023 
1715 2727 3501 3502 
1716 3291 1422 3465 
1717 2591 3292 3857 
1718 2541 3888 4832 
1719 3358 3305 3435 
1720 4196 3890 5100 
1721 1982 1883 2346 
1722 3491 2355 3923 
1723 2571 3737 3932 
1724 3756 2480 3886 
1725 4946 3498 5309 
1726 2456 2454 2457 
1727 2868 2866 3738 
1728 3911 4311 4501 
1729 3762 2623 5671 
1730 3636 1160 4626 
1731 3888 3610 5097 
1732 964 965 967 
1733 1011 3687 4381 
1734 3084 4828 5180 
1735 4244 282 4682 
1736 3546 1443 3837 
1737 3854 3294 5530 
1738 2440 2439 5791 
1739 1292 3284 3285 
1740 2207 2202 3346 
1741 3154 3156 3373 
1742 2883 3086 5553 
1743 3505 5482 5483 
1744 2216 2197 2217 
1745 1158 1182 1206 
1746 3992 1046 4411 
1747 3478 1782 5411 
1748 1156 1093 1157 
1749 1911 598 4935 
1750 3142 2745 5398 
1751 3030 4263 4373 
1752 1949 1782 3478 
1753 4521 2989 5000 
1754 1161 1162 1163 
1755 3979 3327 4587 
1756 2137 2136 2146 
1757 1763 1753 1883 
1758 1505 4413 4701 
1759 4067 3131 4530 
1760 967 968 976 
1761 3523 1122 3912 
1762 1146 1148 4860 
1763 1178 4219 4597 
1764 3989 620 4466 
1765 4709 4950 5145 
1766 976 977 1015 
1767 2647 3323 3765 
1768 1266 3693 4126 
1769 1843 1709 1844 
1770 1940 1937 2439 
1771 2343 2545 2617 
1772 1961 3104 3745 
1773 5245 3983 5424 
1774 4191 543 4564 
1775 1145 1149 1150 
1776 3170 3172 3436 
1777 4379 3218 5148 
1778 2207 3346 3347 
1779 444 4243 4542 
1780 3554 412 5336 
1781 2654 2040 5770 
1782 1609 1864 1882 
1783 3733 1963 5107 
1784 128 127 3981 
1785 1215 1520 3633 
1786 774 3452 5484 
1787 1383 1382 1569 
1788 2340 4710 5578 
1789 1057 1213 3632 
1790 2766 2764 3758 
1791 2180 2181 2463 
1792 1616 3507 3508 
1793 1155 1154 1168 
1794 2546 3664 4830 
1795 1140 1139 1154 
1796 1570 1569 1789 
1797 2904 2272 4165 
1798 84 83 3900 
1799 251 3 4022 
1800 1269 1268 1382 
1801 3748 619 4966 
1802 4009 2978 4766 
1803 2453 2451 5738 
1804 2166 2168 2211 
1805 1418 1416 1598 
1806 2093 2264 2421 
1807 3394 2972 5317 
1808 3429 3286 5032 
1809 1134 1133 1139 
1810 1410 1422 3291 
1811 417 4110 5438 
1812 3482 3481 3650 
1813 3147 3972 5579 
1814 4795 4119 4931 
1815 3528 2844 4172 
1816 2273 3381 4679 
1817 3416 2323 5637 
1818 3530 2699 5152 
1819 4459 3410 4460 
1820 1132 4715 4716 
1821 4105 4116 4130 
1822 2530 2531 2532 
1823 1265 1290 1292 
1824 504 508 3753 
1825 727 729 3697 
1826 1405 1206 2082 
1827 1069 1608 4160 
1828 585 4624 5417 
1829 4234 3340 5006 
1830 3406 3420 5434 
1831 1994 1998 5252 
1832 592 593 594 
1833 3838 4196 5100 
1834 2528 2529 2530 
1835 3674 3975 4127 
1836 5134 3656 5700 
1837 1385 1497 1498 
1838 2386 2521 5220 
1839 2219 4984 5228 
1840 3344 2933 3345 
1841 895 597 1518 
1842 4120 4119 4795 
1843 2949 3313 5212 
1844 3756 3886 5756 
1845 1017 1034 3855 
1846 3343 3743 5641 
1847 3139 4518 4519 
1848 3731 2999 5284 
1849 3106 2506 3707 
1850 2292 2253 3391 
1851 635 3771 5544 
1852 1320 1649 4220 
1853 3623 3624 3625 
1854 1490 1402 1753 
1855 3223 3014 4607 
1856 590 591 592 
1857 1689 1688 1884 
1858 2902 2076 2972 
1859 1494 1479 1602 
1860 3994 1661 4534 
1861 1414 1514 3407 
1862 1104 1102 1133 
1863 3734 1618 4771 
1864 5302 3319 5648 
1865 2129 2128 2131 
1866 2721 3500 5430 
1867 3165 3955 4339 
1868 1159 1160 1161 
1869 3133 3909 5631 
1870 2591 2556 3292 
1871 3942 2350 4649 
1872 1444 1442 1688 
1873 1418 1598 1609 
1874 1247 4328 4806 
1875 4141 4481 4641 
1876 1350 1393 3974 
1877 4047 3368 5357 
1878 979 2470 3455 
1879 4122 1684 4319 
1880 1982 2346 2527 
1881 1529 4740 4878 
1882 3349 2420 3350 
1883 26 25 524 
1884 3124 2258 4939 
1885 3034 3154 3595 
1886 1344 1338 1402 
1887 2603 3972 4813 
1888 3788 3627 4914 
1889 885 498 3573 
1890 975 953 1842 
1891 3496 1866 4667 
1892 4223 418 4271 
1893 219 420 4044 
1894 1509 1449 2252 
1895 2786 2172 5224 
1896 3340 4817 5108 
1897 3501 1920 3502 
1898 3400 2890 4470 
1899 1509 2252 2528 
1900 3030 4373 4440 
1901 2846 2217 5606 
1902 1763 1883 1982 
1903 2292 3391 3392 
1904 4428 2905 4942 
1905 2067 3288 3655 
1906 840 917 4742 
1907 2814 3531 4903 
1908 1990 1991 1993 
1909 2449 3383 4679 
1910 1410 1408 1422 
1911 1414 1412 1514 
1912 1311 1561 3821 
1913 4381 2920 4411 
1914 2463 2464 2838 
1915 583 590 3713 
1916 1604 1760 1775 
1917 3822 1164 4914 
1918 4184 4185 4644 
1919 1019 1020 1021 
1920 2467 5511 5797 
1921 2633 2610 3006 
1922 3846 3845 4015 
1923 1383 1569 1570 
1924 977 979 3455 
1925 1269 1382 1383 
1926 1570 1789 1834 
1927 3671 556 5113 
1928 3632 1213 3633 
1929 4421 3808 5572 
1930 2272 2004 2273 
1931 4163 3825 5695 
1932 2104 801 5504 
1933 2650 3005 3122 
1934 2873 2874 3466 
1935 1197 1207 1243 
1936 528 779 4633 
1937 2558 3160 3717 
1938 806 3531 5040 
1939 3572 669 4920 
1940 2534 2047 2535 
1941 1671 1669 3878 
1942 4015 2204 4486 
1943 4284 4104 5299 
1944 5023 3682 5173 
1945 2838 2993 3224 
1946 1134 1139 1140 
1947 2070 2071 2650 
1948 975 1842 4603 
1949 1143 1145 3417 
1950 1140 1154 1155 
1951 3377 4610 5197 
1952 1155 1168 1171 
1953 646 959 3623 
1954 1912 2202 2207 
1955 3681 1266 3682 
1956 672 1749 4065 
1957 1891 1889 3442 
1958 1104 1133 1134 
1959 3389 2951 4494 
1960 1490 1753 1763 
1961 2874 3448 3466 
1962 2924 5044 5074 
1963 3948 2787 3949 
1964 1491 1534 4759 
1965 1247 3875 4945 
1966 1055 963 4155 
1967 2833 2834 3030 
1968 2169 2950 4433 
1969 1965 1602 2832 
1970 3066 3787 5196 
1971 1127 1135 4672 
1972 1482 3595 5581 
1973 1164 3885 4914 
1974 571 563 3797 
1975 4587 3326 5676 
1976 963 3303 4155 
1977 3594 3130 3830 
1978 3219 3236 5591 
1979 2113 2111 4764 
1980 4709 2298 4950 
1981 3843 3375 3844 
1982 3816 3817 3818 
1983 3419 3417 3453 
1984 565 572 3593 
1985 3646 2746 5284 
1986 3500 4389 5430 
1987 2837 2440 2997 
1988 1782 1784 5411 
1989 2799 3240 3635 
1990 3000 2999 3731 
1991 3713 1911 4932 
1992 2315 3604 3605 
1993 3619 1763 4602 
1994 2355 491 3718 
1995 1197 1198 1207 
1996 3121 3961 4500 
1997 2151 2154 4711 
1998 187 544 3483 
1999 1173 1268 1269 
2000 2682 2683 3385 
2001 1344 1402 1490 
2002 2832 1602 5588 
2003 2250 2247 2507 
2004 2418 3708 3709 
2005 846 3996 5583 
2006 2699 3529 4001 
2007 3375 2984 5286 
2008 3645 3644 5537 
2009 3620 1943 5072 
2010 2362 473 3744 
2011 1618 3542 3934 
2012 2316 2318 2782 
2013 2243 2244 3607 
2014 2874 2876 3448 
2015 1156 1157 1159 
2016 3024 2340 5578 
2017 282 4244 5716 
2018 1864 2092 2093 
2019 2600 2476 3035 
2020 2346 3049 3182 
2021 1455 1049 4959 
2022 2815 3315 3668 
2023 2880 2882 2883 
2024 1173 1171 1268 
2025 1784 1785 1787 
2026 2531 2533 2682 
2027 4144 3077 4965 
2028 4264 3281 5103 
2029 2876 2878 2921 
2030 1444 1688 1689 
2031 2244 2246 2315 
2032 2777 2762 3639 
2033 3481 2980 3650 
2034 583 589 590 
2035 2243 3607 3609 
2036 2439 3304 3305 
2037 3497 3498 4946 
2038 2745 2535 2746 
2039 3716 2467 5797 
2040 3224 2993 5102 
2041 1383 1570 3845 
2042 813 3468 5745 
2043 2335 2786 3378 
2044 1207 1264 1265 
2045 3844 778 4880 
2046 572 571 573 
2047 1047 1177 4675 
2048 3139 3138 3690 
2049 2103 2242 2243 
2050 2587 2507 2856 
2051 2473 2933 3344 
2052 3437 4804 5739 
2053 1689 1884 1896 
2054 1561 1313 4267 
2055 1118 4024 5483 
2056 3604 2782 3943 
2057 3300 2130 4507 
2058 2633 3006 3531 
2059 3015 1968 4038 
2060 2435 2652 3255 
2061 853 855 928 
2062 1265 1279 1290 
2063 3758 3757 3760 
2064 3442 2447 3443 
2065 3686 508 5729 
2066 3947 2787 3948 
2067 3003 2527 3506 
2068 1322 4922 5043 
2069 3815 3816 5237 
2070 872 874 1849 
2071 2117 2149 4942 
2072 2584 3687 3708 
2073 1825 1826 1937 
2074 1655 1582 3688 
2075 2888 2889 5414 
2076 4557 612 4585 
2077 3562 3637 3638 
2078 1590 3569 3570 
2079 1199 1200 1201 
2080 2435 2105 2652 
2081 2606 2332 2909 
2082 836 838 4035 
2083 1941 2253 2292 
2084 1416 3407 5703 
2085 2318 2391 3366 
2086 1908 1662 4338 
2087 5386 3795 5692 
2088 3481 3479 3544 
2089 3846 4015 4486 
2090 3717 3160 5726 
2091 2034 1858 3655 
2092 1937 1938 3304 
2093 1611 1624 1825 
2094 1089 1093 1156 
2095 1477 1590 4562 
2096 725 727 3581 
2097 1983 2420 3349 
2098 3174 3176 3274 
2099 5436 3534 5446 
2100 1779 1594 1968 
2101 4552 279 5222 
2102 3084 3083 3524 
2103 3961 3143 4500 
2104 2679 2678 3130 
2105 3575 1954 4535 
2106 4108 446 4471 
2107 2532 3397 3522 
2108 3872 4176 4729 
2109 1983 1896 2420 
2110 1270 1338 1344 
2111 878 880 964 
2112 1100 1102 1104 
2113 3524 3083 4310 
2114 1290 1354 1385 
2115 1851 1704 3279 
2116 3942 3206 4947 
2117 5302 2383 5333 
2118 3272 2883 5553 
2119 2447 1887 4155 
2120 3252 1774 4018 
2121 3233 3072 3657 
2122 3718 3823 3923 
2123 2008 2006 2556 
2124 2056 2058 2102 
2125 4202 2234 4891 
2126 3269 1034 5139 
2127 2819 3831 3957 
2128 2244 2315 3607 
2129 1703 1564 1704 
2130 3551 748 3928 
2131 1398 3741 3742 
2132 555 556 3671 
2133 436 287 3892 
2134 1219 1510 3673 
2135 4064 3347 5045 
2136 1285 3984 4713 
2137 1125 1127 1129 
2138 3149 3462 5805 
2139 3559 753 4563 
2140 2132 2131 3193 
2141 2275 2274 2422 
2142 3598 2032 4478 
2143 2544 3712 4852 
2144 1940 2439 2440 
2145 1845 4949 5105 
2146 4296 4376 4377 
2147 2953 3585 4853 
2148 2429 2428 2678 
2149 2672 3295 3523 
2150 2903 3759 4236 
2151 2176 2172 2177 
2152 3149 3151 3462 
2153 3117 3116 3817 
2154 1243 1207 3429 
2155 2112 2111 2113 
2156 201 200 903 
2157 2727 3502 4039 
2158 1406 3665 3666 
2159 565 563 571 
2160 4160 1608 5392 
2161 4191 4564 4867 
2162 2602 2798 3617 
2163 202 1348 5718 
2164 1098 1100 3479 
2165 3343 3012 5337 
2166 1487 4601 4756 
2167 2141 2139 2142 
2168 1385 1386 1497 
2169 3198 3196 4552 
2170 1525 1540 1611 
2171 3319 3320 5648 
2172 2093 2094 2264 
2173 602 3561 4662 
2174 1497 1515 1604 
2175 3415 2326 3416 
2176 1092 3482 5384 
2177 1390 1439 1440 
2178 832 834 848 
2179 3765 1736 4397 
2180 3647 796 5136 
2181 1131 3420 5240 
2182 3422 3546 3837 
2183 3984 3836 4713 
2184 2768 2766 3759 
2185 4767 1679 5307 
2186 1604 1605 1760 
2187 2198 3618 4072 
2188 2809 3838 5100 
2189 218 219 4044 
2190 3366 2810 3554 
2191 3099 5217 5694 
2192 1421 3976 3977 
2193 1436 1437 1525 
2194 2439 3305 3358 
2195 1374 1442 1444 
2196 1525 1611 1613 
2197 3284 1290 5793 
2198 3770 3865 5558 
2199 3089 3088 5315 
2200 3884 1600 5773 
2201 3094 4339 4976 
2202 1791 830 3377 
2203 3408 4555 4610 
2204 1791 3377 3553 
2205 1389 1390 3749 
2206 2391 2810 3366 
2207 1347 1756 5460 
2208 2489 2490 3051 
2209 1397 3895 4046 
2210 1322 4119 4922 
2211 1969 1968 2046 
2212 2125 2124 3449 
2213 1089 1090 1093 
2214 3583 3582 4318 
2215 3250 2868 3738 
2216 1884 1885 2230 
2217 4550 5229 5775 
2218 2425 1642 2426 
2219 1760 1761 1912 
2220 591 1616 3786 
2221 998 1266 3681 
2222 4552 3196 5477 
2223 2650 3122 3183 
2224 1168 1241 3543 
2225 1882 1864 3612 
2226 1825 1937 1940 
2227 868 872 3775 
2228 2692 2693 3072 
2229 1712 3368 5311 
2230 2968 2247 5445 
2231 907 910 3940 
2232 3595 3154 5581 
2233 2375 2373 3566 
2234 3485 928 3487 
2235 3576 3149 5805 
2236 1454 1049 1455 
2237 3254 2727 4039 
2238 2008 2556 2591 
2239 3652 2713 3653 
2240 2280 2165 3088 
2241 3472 4199 5085 
2242 597 594 3716 
2243 2307 1924 3723 
2244 3405 1765 5221 
2245 2659 2658 2800 
2246 3193 2163 3616 
2247 2898 3046 3374 
2248 599 3690 5086 
2249 851 853 3484 
2250 1175 2787 3947 
2251 2023 2468 2671 
2252 3532 2680 3533 
2253 4400 4399 4906 
2254 1517 821 1578 
2255 2264 2265 2898 
2256 3079 2139 5383 
2257 3260 3099 5694 
2258 2106 1256 2107 
2259 2114 2113 2115 
2260 2503 4458 5730 
2261 1906 2054 2055 
2262 2391 2444 2810 
2263 3608 3605 4489 
2264 581 579 3507 
2265 2570 2568 3119 
2266 1698 1578 1944 
2267 3809 545 4026 
2268 574 573 575 
2269 3544 3479 5505 
2270 3261 3487 5713 
2271 834 836 3253 
2272 3546 3052 3547 
2273 3879 1740 4640 
2274 1449 1420 3739 
2275 1889 1887 2447 
2276 2070 2650 2660 
2277 828 830 1791 
2278 2885 2886 3561 
2279 2371 2553 3565 
2280 1239 3832 4543 
2281 1799 1901 1905 
2282 2878 3272 5699 
2283 4659 3110 5319 
2284 824 809 1642 
2285 2119 2118 2120 
2286 250 448 4020 
2287 2890 4341 4470 
2288 1019 986 1020 
2289 2489 3051 3052 
2290 3390 4494 4495 
2291 1168 1169 1241 
2292 1206 1182 3267 
2293 1125 1126 1127 
2294 3641 2776 3642 
2295 2116 2115 2118 
2296 3908 2849 5264 
2297 3562 2710 3637 
2298 2987 3057 5044 
2299 3415 3416 3571 
2300 2448 2314 2547 
2301 4378 2959 5482 
2302 1339 3206 3521 
2303 2091 2090 2314 
2304 3725 3595 5474 
2305 2135 2132 2136 
2306 3913 2443 4646 
2307 3682 4126 5173 
2308 1912 1913 2202 
2309 1946 1944 2513 
2310 2103 2243 4531 
2311 1426 1427 1529 
2312 1426 1529 3069 
2313 3098 2379 3659 
2314 3627 3822 4914 
2315 3810 2976 4582 
2316 3708 3687 3709 
2317 3658 2112 4743 
2318 2973 2679 3594 
2319 1266 1000 3693 
2320 4479 4206 4629 
2321 2088 1780 3259 
2322 262 4656 5085 
2323 1789 1790 1941 
2324 569 3656 5202 
2325 1519 3626 3768 
2326 2693 2695 3459 
2327 3473 3069 4924 
2328 1968 1594 4038 
2329 572 573 574 
2330 1985 1986 1987 
2331 1938 1962 2070 
2332 3302 4150 5745 
2333 1563 1557 1564 
2334 574 575 576 
2335 1098 1099 1100 
2336 2202 2203 2473 
2337 1662 1663 4338 
2338 1398 623 3741 
2339 1456 1455 1457 
2340 1273 1364 3660 
2341 3568 4327 4970 
2342 1680 3867 4557 
2343 1343 1374 3454 
2344 1534 1492 1535 
2345 3853 4995 5770 
2346 2362 3744 5359 
2347 2563 2212 2795 
2348 2331 1891 2476 
2349 3930 2571 3931 
2350 491 488 3718 
2351 2083 1780 2084 
2352 2346 2347 3049 
2353 2652 3582 3583 
2354 3896 2784 5527 
2355 2610 2607 3393 
2356 1241 1242 1270 
2357 2687 2689 3499 
2358 2087 2086 2090 
2359 473 470 3744 
2360 1123 1124 1125 
2361 992 994 4718 
2362 4873 467 5109 
2363 3010 2795 3220 
2364 532 3667 5170 
2365 2601 2353 2602 
2366 3518 2800 3656 
2367 227 228 4257 
2368 4233 2621 4573 
2369 1374 1375 1442 
2370 1491 1394 1492 
2371 3890 1894 5100 
2372 3644 3956 5537 
2373 1100 1101 1102 
2374 4531 2243 5303 
2375 2492 2721 3514 
2376 979 981 2470 
2377 3334 3266 3339 
2378 1489 502 3753 
2379 1182 1183 1199 
2380 661 663 3591 
2381 1270 1271 1338 
2382 2747 3456 5660 
2383 4979 3698 5664 
2384 2902 2972 3001 
2385 2455 4495 5815 
2386 2429 2678 2679 
2387 1341 1343 3454 
2388 3451 3422 3873 
2389 4959 1049 5211 
2390 2899 1730 4253 
2391 4112 445 4217 
2392 3540 434 5084 
2393 2798 2797 2799 
2394 1095 1098 3480 
2395 2306 4484 5715 
2396 3657 1699 5381 
2397 4239 3861 4506 
2398 434 3540 5615 
2399 2088 3259 5479 
2400 1375 1377 3473 
2401 1941 1942 2253 
2402 1427 1429 3517 
2403 3143 2468 4500 
2404 2357 3214 3616 
2405 1021 1022 1023 
2406 2473 2474 2933 
2407 4030 4934 5071 
2408 1960 3216 4958 
2409 3213 3212 3867 
2410 2366 3298 5519 
2411 2424 1949 3478 
2412 2447 4155 5663 
2413 1517 1578 1698 
2414 631 972 3899 
2415 2737 3869 4017 
2416 1889 2447 3442 
2417 3694 856 5009 
2418 3170 3169 3172 
2419 2253 2254 2542 
2420 187 186 544 
2421 2851 2555 3050 
2422 3304 1938 5782 
2423 1714 4225 4476 
2424 878 964 3236 
2425 3482 1850 5384 
2426 2468 1984 5518 
2427 1377 1426 3473 
2428 2192 2674 2675 
2429 2332 2327 3414 
2430 2666 2633 2814 
2431 2635 2618 2852 
2432 840 842 917 
2433 3857 1045 5471 
2434 2127 2125 2128 
2435 1393 1351 1394 
2436 3627 1571 3822 
2437 2490 2492 3514 
2438 1127 1128 1135 
2439 1866 3496 5006 
2440 3459 4440 4441 
2441 2363 2308 2449 
2442 2602 2796 2797 
2443 7 6 4356 
2444 3308 524 3309 
2445 848 3253 3408 
2446 1355 1010 3631 
2447 3486 3485 3488 
2448 1698 1944 1946 
2449 3341 2836 3342 
2450 1541 3791 3792 
2451 3597 1674 3878 
2452 1704 1706 3279 
2453 2695 2697 2833 
2454 3774 1208 5496 
2455 1092 1095 3480 
2456 817 821 1517 
2457 3120 3119 4909 
2458 748 3551 3697 
2459 2315 2246 2316 
2460 2117 2110 2148 
2461 2600 3035 3328 
2462 2085 2084 2086 
2463 3903 2721 5430 
2464 3459 2833 4440 
2465 4162 3324 5382 
2466 2426 2427 2428 
2467 1973 2006 2008 
2468 2211 2168 2212 
2469 2692 3072 3233 
2470 576 575 577 
2471 3030 2834 3341 
2472 2611 2610 2633 
2473 1976 1655 3688 
2474 4571 2837 5151 
2475 1429 1488 3517 
2476 1137 1143 3418 
2477 4447 3994 5206 
2478 3429 1207 5498 
2479 1290 1385 5793 
2480 796 4685 5136 
2481 3056 5245 5424 
2482 4736 3284 5793 
2483 3639 2776 3641 
2484 4446 1669 5780 
2485 2302 2451 2453 
2486 3643 3644 3645 
2487 2306 571 3797 
2488 2972 3394 4893 
2489 2885 2884 2886 
2490 1338 1339 3521 
2491 2689 2692 3499 
2492 4350 8 4351 
2493 2492 2687 2721 
2494 565 571 572 
2495 2710 2708 3637 
2496 445 270 4770 
2497 3667 532 4151 
2498 3567 4422 4952 
2499 2426 2428 2429 
2500 4901 3807 5500 
2501 755 760 3651 
2502 2616 3226 3825 
2503 799 800 801 
2504 4037 2939 4869 
2505 803 809 824 
2506 3198 4552 5222 
2507 4485 3139 4519 
2508 2011 1966 2210 
2509 1255 1209 1257 
2510 1143 1144 1145 
2511 1934 3537 5469 
2512 2352 2351 2353 
2513 2508 1485 3938 
2514 2949 4043 5092 
2515 2628 2629 3159 
2516 2663 5499 5582 
2517 2409 2418 3711 
2518 1404 1206 1405 
2519 2745 2746 3779 
2520 545 410 4026 
2521 4691 4893 5157 
2522 3760 1749 4544 
2523 3906 3151 5293 
2524 4883 4065 5626 
2525 2974 3698 4979 
2526 2243 2242 2244 
2527 895 1518 5019 
2528 848 834 3253 
2529 604 2571 3930 
2530 3519 3518 3520 
2531 1421 3977 3978 
2532 3580 3581 5069 
2533 3768 3626 3769 
2534 3891 2355 5772 
2535 801 802 803 
2536 3056 5424 5666 
2537 782 780 3933 
2538 3831 1820 3957 
2539 1117 1123 4250 
2540 3503 3522 4827 
2541 1083 1088 1089 
2542 188 187 3483 
2543 1213 1215 3633 
2544 2043 2044 2628 
2545 2165 2155 2166 
2546 1407 1405 1408 
2547 3625 3624 5082 
2548 823 828 3413 
2549 3240 3239 3241 
2550 824 1642 2425 
2551 1882 3612 3613 
2552 667 669 3572 
2553 755 3651 5251 
2554 2770 2903 3754 
2555 3516 2297 3658 
2556 1522 3483 4384 
2557 696 3532 3533 
2558 2632 3724 3796 
2559 3913 3290 5706 
2560 4079 3431 4080 
2561 2331 2476 2600 
2562 3319 5302 5333 
2563 1760 1912 3925 
2564 3772 3910 4468 
2565 1409 1408 1410 
2566 1988 1987 1989 
2567 2154 2152 2155 
2568 3428 3429 5032 
2569 3081 3083 3084 
2570 803 804 809 
2571 2813 3149 3576 
2572 2351 3573 3574 
2573 1350 1288 1351 
2574 5024 1524 5794 
2575 3739 1420 5761 
2576 778 927 4880 
2577 5203 1851 5400 
2578 2231 2285 2489 
2579 2151 2150 2152 
2580 3767 3824 4367 
2581 3205 3089 5272 
2582 2333 2332 2606 
2583 1429 1431 1488 
2584 3705 628 4928 
2585 203 2907 5538 
2586 2631 2628 3534 
2587 1433 1435 1436 
2588 657 3870 4195 
2589 3573 3907 5655 
2590 2217 2197 5606 
2591 3689 3203 4245 
2592 2448 2547 4040 
2593 3414 3415 3986 
2594 3596 805 3986 
2595 2123 2121 2124 
2596 2967 2852 3431 
2597 4934 2605 5071 
2598 1047 1041 1048 
2599 799 801 2104 
2600 1411 1410 1412 
2601 2787 1085 4863 
2602 3418 3417 3419 
2603 5092 420 5187 
2604 3154 3373 5581 
2605 868 3775 5670 
2606 1907 4913 5148 
2607 3669 3668 5758 
2608 2689 2691 2692 
2609 2069 4141 4641 
2610 2657 2217 2846 
2611 2187 3132 4001 
2612 3560 2668 4521 
2613 287 288 3892 
2614 3896 1457 5304 
2615 2306 3797 4484 
2616 1240 4214 4232 
2617 3743 3343 5592 
2618 3740 2487 4744 
2619 3040 2446 3614 
2620 2514 3424 4669 
2621 2149 2148 2150 
2622 3759 3758 3760 
2623 1925 1929 4432 
2624 221 4173 5187 
2625 4201 414 4281 
2626 1754 3521 5454 
2627 3122 3005 3503 
2628 1413 1412 1414 
2629 3712 1014 4315 
2630 2713 1805 3654 
2631 3367 4275 5375 
2632 2297 2107 3658 
2633 2557 2735 3663 
2634 2834 2836 3341 
2635 3428 1243 3429 
2636 3885 1164 4182 
2637 2413 2584 3708 
2638 3329 2869 5320 
2639 2695 2833 3459 
2640 1377 1425 1426 
2641 3203 3424 5388 
2642 4535 3066 5196 
2643 2650 2071 3005 
2644 1095 1097 1098 
2645 2798 2799 3635 
2646 2102 2058 2103 
2647 1145 1146 1149 
2648 3958 876 5800 
2649 3886 1620 5756 
2650 4156 3825 4163 
2651 2600 3328 3832 
2652 846 851 3996 
2653 2403 3963 4061 
2654 2883 2882 2884 
2655 2799 3238 3239 
2656 1783 1782 1949 
2657 3632 3633 3862 
2658 4185 2313 4644 
2659 4052 2723 4401 
2660 2553 3647 5136 
2661 2055 2056 4134 
2662 1408 1405 4520 
2663 2182 2145 2183 
2664 1339 1341 3206 
2665 4225 2829 4476 
2666 1553 499 3891 
2667 1207 1265 5498 
2668 3415 3571 3596 
2669 1801 1628 3835 
2670 499 495 3891 
2671 4665 3298 5416 
2672 3834 2287 3835 
2673 1083 1089 3141 
2674 448 251 4022 
2675 1954 3575 5195 
2676 1123 1125 3841 
2677 729 748 3697 
2678 3457 4875 5615 
2679 2439 1937 3304 
2680 817 818 821 
2681 3890 3163 5475 
2682 3614 2446 4572 
2683 4078 4492 5079 
2684 4060 2916 4943 
2685 3814 3096 4378 
2686 2810 2444 2811 
2687 4410 3356 5630 
2688 2990 3794 5207 
2689 1287 1257 1288 
2690 3961 3121 4969 
2691 2055 2054 2056 
2692 3842 970 4654 
2693 2934 2936 2937 
2694 1629 4288 5805 
2695 4271 418 4821 
2696 2815 3668 3669 
2697 3802 3803 3806 
2698 2291 3569 5351 
2699 1343 1371 1374 
2700 4104 4271 4821 
2701 413 3506 5412 
2702 1596 2019 3755 
2703 3 433 4022 
2704 2592 4034 5076 
2705 3433 4907 5524 
2706 2357 3213 3214 
2707 3628 2356 4753 
2708 2664 3545 5072 
2709 2521 4666 5220 
2710 435 4298 4960 
2711 1546 1331 3824 
2712 4540 1084 5025 
2713 642 1519 3768 
2714 2916 4060 5609 
2715 2833 2697 2834 
2716 4261 256 4655 
2717 1111 1113 1132 
2718 4492 2465 5079 
2719 1106 1108 1110 
2720 756 4052 4401 
2721 536 535 537 
2722 538 537 539 
2723 1165 1163 1166 
2724 2539 2527 3003 
2725 2506 2505 3707 
2726 502 503 504 
2727 504 505 506 
2728 2395 1490 3619 
2729 506 507 509 
2730 665 667 716 
2731 500 501 502 
2732 3021 3032 3725 
2733 2585 3766 3992 
2734 964 880 965 
2735 3399 4244 5348 
2736 793 798 799 
2737 1157 1850 4626 
2738 785 787 1333 
2739 446 4106 4284 
2740 4656 3472 5085 
2741 1699 3657 5046 
2742 3366 3554 5336 
2743 2234 4202 5347 
2744 3125 2297 3516 
2745 958 1620 3886 
2746 2210 1966 5010 
2747 2952 5118 5373 
2748 2601 2602 3617 
2749 540 539 541 
2750 2570 3119 3120 
2751 2571 549 3737 
2752 2070 1962 2071 
2753 3905 1203 5543 
2754 3207 2838 3970 
2755 698 700 746 
2756 943 915 3793 
2757 566 3593 4212 
2758 612 4557 5584 
2759 1013 1057 3632 
2760 202 201 5478 
2761 3786 1616 3787 
2762 1980 1770 2351 
2763 2873 2432 2874 
2764 3214 3213 3691 
2765 3779 2746 4281 
2766 1406 1229 3811 
2767 3484 3486 3996 
2768 4103 4114 4115 
2769 2378 2804 2805 
2770 3087 3343 5641 
2771 619 3747 4157 
2772 1579 3649 4469 
2773 1864 1598 2092 
2774 1537 1563 5226 
2775 1117 1120 1123 
2776 2536 1804 3909 
2777 3800 3801 3802 
2778 3134 4943 5295 
2779 3593 572 4792 
2780 2255 3684 4321 
2781 3316 2068 3927 
2782 814 816 817 
2783 783 785 3600 
2784 2373 3565 3566 
2785 3035 2476 3036 
2786 500 499 501 
2787 2592 3404 5370 
2788 560 559 561 
2789 874 876 3958 
2790 2431 2183 2432 
2791 3328 3035 5048 
2792 2236 3425 4528 
2793 2146 5271 5383 
2794 497 499 500 
2795 617 4919 5088 
2796 4073 3056 5666 
2797 1710 3869 4048 
2798 3620 3619 3889 
2799 2602 2797 2798 
2800 2653 2887 5531 
2801 2799 3239 3240 
2802 1483 1468 5607 
2803 1613 1611 3761 
2804 810 812 813 
2805 1172 1171 1173 
2806 3448 5094 5526 
2807 4143 2818 5047 
2808 2067 2068 2557 
2809 3767 4367 4438 
2810 1905 1901 1906 
2811 3249 2335 3378 
2812 2728 3528 4172 
2813 1814 1816 2043 
2814 3587 2953 3588 
2815 4981 3890 5475 
2816 2811 2813 3840 
2817 3800 3802 3805 
2818 3391 3542 3734 
2819 1606 3696 5720 
2820 4536 1756 4955 
2821 548 550 551 
2822 828 829 830 
2823 4764 2111 5087 
2824 1450 1449 1509 
2825 1197 1162 1198 
2826 2387 2210 2958 
2827 4687 2780 4707 
2828 5139 3380 5279 
2829 2378 2375 2804 
2830 3660 2450 3661 
2831 568 3683 4465 
2832 2992 3928 4917 
2833 3821 1561 3998 
2834 1415 1414 1416 
2835 2131 2163 3193 
2836 2894 3551 4549 
2837 4170 3527 5322 
2838 1825 1624 1826 
2839 613 4619 4639 
2840 1177 1048 1178 
2841 2609 2607 2610 
2842 671 673 743 
2843 497 495 499 
2844 1728 4013 4459 
2845 1937 1826 1938 
2846 551 552 553 
2847 2613 4071 5471 
2848 3769 3626 3770 
2849 1762 4511 4714 
2850 3184 3441 5171 
2851 2531 2529 2533 
2852 4330 3128 4896 
2853 2352 2353 2601 
2854 3552 1538 5267 
2855 4021 3498 4324 
2856 3154 3155 3156 
2857 4179 3473 4924 
2858 3134 4060 4943 
2859 2117 4942 5552 
2860 1897 1896 1983 
2861 1221 1222 3881 
2862 2655 3836 3984 
2863 830 831 832 
2864 1856 4712 5143 
2865 127 1554 3981 
2866 3049 3203 3689 
2867 1157 1093 1850 
2868 5059 526 5209 
2869 482 483 484 
2870 2887 3475 5531 
2871 1563 3271 5226 
2872 3992 3766 5737 
2873 2801 2800 3518 
2874 5181 4856 5415 
2875 1803 1546 3824 
2876 4250 1123 5403 
2877 1770 885 3573 
2878 2817 3491 3923 
2879 2165 2166 5733 
2880 502 501 503 
2881 3621 2487 4860 
2882 3486 3490 3996 
2883 3484 3485 3486 
2884 3311 3609 5765 
2885 2335 2177 2786 
2886 3289 3663 3933 
2887 1665 1832 3745 
2888 99 1185 3474 
2889 3385 2683 3386 
2890 1895 1221 3881 
2891 3385 3976 5355 
2892 1469 1468 1470 
2893 479 480 482 
2894 553 554 555 
2895 1635 1324 3829 
2896 3007 3496 4667 
2897 4061 3963 5795 
2898 3008 3003 3281 
2899 910 1727 1973 
2900 2885 3561 3683 
2901 3640 3639 3641 
2902 3421 3052 3546 
2903 3368 1712 5357 
2904 4216 440 4839 
2905 4945 3875 4977 
2906 3754 2903 4763 
2907 1495 4168 5172 
2908 3798 3799 3800 
2909 513 535 536 
2910 2162 2142 3079 
2911 2373 2371 3565 
2912 1045 5062 5471 
2913 3531 806 4903 
2914 3617 2798 3905 
2915 2080 1983 2105 
2916 4406 5666 5722 
2917 2977 3810 4165 
2918 2318 3366 5768 
2919 2434 2105 2435 
2920 2371 2369 2553 
2921 1436 1525 3247 
2922 3875 3984 4977 
2923 3487 928 5713 
2924 640 3768 3771 
2925 791 782 3933 
2926 2051 1764 3861 
2927 1301 1302 3784 
2928 1406 3811 4719 
2929 3534 3159 5446 
2930 3034 3153 3154 
2931 1973 1727 2006 
2932 2680 3532 5717 
2933 4268 4915 5053 
2934 716 667 3572 
2935 967 965 968 
2936 445 4112 4121 
2937 2514 2435 2515 
2938 2602 2353 2796 
2939 3471 4656 5757 
2940 1417 1416 1418 
2941 3273 4514 5775 
2942 3972 3064 4813 
2943 2948 4589 5294 
2944 4013 1728 4653 
2945 3296 4918 5812 
2946 2787 4863 5642 
2947 3040 3614 4520 
2948 8 7 5441 
2949 3356 4410 5308 
2950 2231 2489 3421 
2951 787 793 3409 
2952 1611 1540 1624 
2953 3044 3043 4866 
2954 3085 3082 3467 
2955 504 503 505 
2956 3659 3989 4466 
2957 621 1398 3823 
2958 3357 3356 5308 
2959 1044 958 3886 
2960 914 770 4140 
2961 2489 2285 2490 
2962 3451 3351 5391 
2963 3288 2557 3289 
2964 2887 2888 5414 
2965 1525 1437 1540 
2966 5257 1993 5495 
2967 3156 3157 3434 
2968 2655 2578 3836 
2969 3753 3686 4558 
2970 2512 2148 4222 
2971 2682 2533 2683 
2972 509 510 511 
2973 2776 2758 3643 
2974 1980 2351 2352 
2975 1137 1142 1143 
2976 2178 2196 2197 
2977 4024 1118 4810 
2978 2068 1857 3927 
2979 3320 4243 5648 
2980 3928 748 4917 
2981 480 477 3922 
2982 3268 3263 4828 
2983 2976 411 4582 
2984 3367 5375 5768 
2985 5048 3035 5342 
2986 1461 1457 1462 
2987 3110 1204 3793 
2988 4214 3915 4232 
2989 2999 2422 3646 
2990 1660 1936 4123 
2991 785 1333 3600 
2992 570 3847 4593 
2993 3696 1606 4211 
2994 1103 1106 3967 
2995 2545 3616 4630 
2996 1661 1251 3968 
2997 844 846 5583 
2998 1950 1949 2320 
2999 2352 2913 3993 
3000 3332 3331 4919 
3001 3159 2629 3795 
3002 54 4197 4734 
3003 2735 3735 3736 
3004 3495 773 5251 
3005 2218 2301 2302 
3006 3663 791 3933 
3007 2287 1801 3835 
3008 1851 3279 5400 
3009 506 505 507 
3010 2180 2144 2181 
3011 481 479 3929 
3012 3120 3549 4969 
3013 3679 4183 5352 
3014 4103 4095 4114 
3015 558 555 559 
3016 484 485 486 
3017 5235 4398 5262 
3018 2777 3640 3757 
3019 3866 2744 4715 
3020 4826 1907 5148 
3021 2692 2691 2693 
3022 492 491 493 
3023 3618 1601 4912 
3024 1858 1857 2067 
3025 1333 787 3409 
3026 1896 1884 5391 
3027 3286 3429 5498 
3028 536 537 538 
3029 801 803 3439 
3030 4703 3097 5682 
3031 1562 480 3922 
3032 3713 590 5037 
3033 2745 3779 3780 
3034 511 512 513 
3035 2329 2327 2332 
3036 832 833 834 
3037 2799 2797 3238 
3038 4491 4343 5627 
3039 3336 3827 5545 
3040 3681 3682 4687 
3041 3245 3849 4793 
3042 561 2330 3797 
3043 872 1849 3775 
3044 2891 4521 5000 
3045 1580 4901 5500 
3046 2628 2044 2629 
3047 2047 2046 3731 
3048 2043 2628 2631 
3049 2682 3385 3860 
3050 4433 2950 4595 
3051 2321 2320 2672 
3052 486 487 488 
3053 1504 1600 3884 
3054 3874 2655 3875 
3055 1938 2070 5782 
3056 1961 1956 2505 
3057 1249 1358 3722 
3058 2941 3842 4654 
3059 1602 1479 5588 
3060 1884 1688 1885 
3061 2343 2164 2545 
3062 3289 2557 3663 
3063 3425 2955 5413 
3064 1466 1464 1468 
3065 2369 2034 3655 
3066 479 477 480 
3067 976 968 977 
3068 3393 3510 3858 
3069 2230 3422 3451 
3070 3766 2585 3964 
3071 4260 429 4261 
3072 881 2957 3764 
3073 482 480 483 
3074 1207 1198 1264 
3075 3752 650 4578 
3076 3310 3364 5365 
3077 1640 3522 5038 
3078 2482 2480 3756 
3079 2601 3617 3883 
3080 3322 2817 3923 
3081 2148 2110 4222 
3082 3547 3052 5059 
3083 3610 2222 5097 
3084 4406 4073 5666 
3085 3089 4164 5272 
3086 1438 3544 5505 
3087 3464 4181 4670 
3088 791 3736 5551 
3089 1241 1270 4916 
3090 2320 2424 5812 
3091 1543 1717 4018 
3092 3437 3436 5502 
3093 1139 3450 4276 
3094 4105 4099 4116 
3095 3631 3632 3862 
3096 1204 943 3793 
3097 1758 2042 2450 
3098 1555 1233 3859 
3099 1789 1941 5135 
3100 1463 1462 1464 
3101 2289 2287 3834 
3102 3932 4249 5529 
3103 3294 4836 5013 
3104 3289 3933 4951 
3105 1436 1435 1437 
3106 548 541 550 
3107 2121 2120 4611 
3108 659 661 761 
3109 1753 1754 4314 
3110 2346 1883 2347 
3111 4153 2690 4414 
3112 493 2355 3891 
3113 5313 1946 5560 
3114 471 470 473 
3115 4087 4118 4120 
3116 1139 1133 3450 
3117 673 675 3552 
3118 2796 3574 4558 
3119 2143 2158 2159 
3120 1265 1264 1279 
3121 513 536 3982 
3122 2370 2369 2371 
3123 3698 2485 3699 
3124 2886 3061 4686 
3125 2067 1857 2068 
3126 2426 1642 2427 
3127 2356 3628 5533 
3128 1333 3409 5036 
3129 3194 2026 4025 
3130 1753 1402 1754 
3131 3515 3514 5754 
3132 3130 2678 3774 
3133 3691 614 5448 
3134 2978 3494 4766 
3135 1309 1311 3821 
3136 1290 1279 1354 
3137 761 661 3591 
3138 1260 2508 3880 
3139 3922 2362 4936 
3140 4065 3640 5626 
3141 4173 3314 5187 
3142 814 817 3468 
3143 2705 2301 5077 
3144 1168 1154 1169 
3145 2557 2068 2735 
3146 1679 3746 5307 
3147 1574 923 3901 
3148 563 561 3797 
3149 2820 4240 4347 
3150 2637 3513 3755 
3151 490 488 491 
3152 2019 2637 3755 
3153 1512 1812 3872 
3154 775 945 1951 
3155 3105 2506 3106 
3156 2845 4820 4939 
3157 4554 3047 5278 
3158 3179 4365 5253 
3159 2708 1805 2713 
3160 513 514 535 
3161 981 1347 3719 
3162 2939 2871 4869 
3163 1465 3590 4848 
3164 2043 1816 2044 
3165 696 698 3532 
3166 3085 5199 5513 
3167 189 188 1522 
3168 1494 1602 1963 
3169 3487 3261 5635 
3170 2163 2357 3616 
3171 1784 1566 1785 
3172 579 576 5597 
3173 2441 2440 2837 
3174 3476 2624 4316 
3175 770 2614 4140 
3176 1961 2505 2506 
3177 3007 4667 4923 
3178 2810 2811 3839 
3179 5189 1993 5257 
3180 761 3591 3592 
3181 3468 4739 5745 
3182 1390 1283 1439 
3183 1364 1758 3660 
3184 3350 2420 3351 
3185 255 256 4261 
3186 1426 1425 1427 
3187 449 450 4037 
3188 743 673 3552 
3189 679 681 740 
3190 729 731 748 
3191 3465 1422 3614 
3192 2082 1206 3267 
3193 538 539 540 
3194 2459 2457 5306 
3195 1519 3623 3625 
3196 3755 3513 3798 
3197 1757 3988 4178 
3198 542 541 548 
3199 625 1349 3741 
3200 2003 4001 5779 
3201 1947 1946 2360 
3202 2216 2217 2218 
3203 2790 1773 4840 
3204 2230 1885 2231 
3205 1382 1268 2664 
3206 3032 3595 3725 
3207 1869 1909 3902 
3208 2470 981 3719 
3209 2136 2132 5690 
3210 3594 4808 4999 
3211 2043 2631 4008 
3212 474 473 475 
3213 2351 1770 3573 
3214 2629 2632 3795 
3215 4365 3179 5057 
3216 2355 3718 3923 
3217 2855 4672 4841 
3218 3689 1403 4237 
3219 2372 2371 2373 
3220 1789 1569 1790 
3221 199 198 3549 
3222 2040 3853 5770 
3223 2631 3534 3535 
3224 2712 2710 3562 
3225 4029 3241 5174 
3226 1925 1926 1927 
3227 1286 4472 5065 
3228 1745 1676 2469 
3229 3832 1239 5068 
3230 591 589 1616 
3231 3766 3767 5737 
3232 3141 3908 5264 
3233 1217 1219 3673 
3234 2505 3703 3707 
3235 2733 4833 5020 
3236 2990 4160 5392 
3237 4550 1726 5229 
3238 2728 3527 3528 
3239 2213 3735 4546 
3240 2741 2742 3904 
3241 2093 2092 2094 
3242 3795 2632 3796 
3243 452 453 454 
3244 1385 1354 1386 
3245 809 810 4150 
3246 2645 2647 3765 
3247 3556 3557 3558 
3248 1497 1386 1515 
3249 2617 3692 5618 
3250 3580 5069 5730 
3251 1382 2664 4345 
3252 3706 3704 4684 
3253 2562 2560 3463 
3254 578 576 579 
3255 207 431 4051 
3256 3295 2320 5812 
3257 4240 749 5325 
3258 2550 2484 2974 
3259 3675 3678 3975 
3260 2141 2142 2143 
3261 2374 2373 2375 
3262 1089 1088 1090 
3263 2483 2482 2484 
3264 2760 2758 2776 
3265 2484 2485 3698 
3266 1832 1956 1961 
3267 1980 2352 3993 
3268 1448 1420 1449 
3269 1674 1671 3878 
3270 1604 1515 1605 
3271 1944 1945 3814 
3272 3253 836 4035 
3273 2750 2748 3956 
3274 4486 2204 5214 
3275 2704 2051 3861 
3276 1756 1368 4321 
3277 2273 2004 5203 
3278 269 445 4121 
3279 4458 3579 5730 
3280 494 493 495 
3281 3461 3077 4144 
3282 2147 2247 2250 
3283 2176 2177 2178 
3284 3936 1872 4068 
3285 3596 3571 3951 
3286 1280 3763 5777 
3287 562 561 563 
3288 1760 1605 1761 
3289 2592 1373 4034 
3290 851 852 853 
3291 3772 972 5544 
3292 2562 3463 3464 
3293 675 677 1538 
3294 1596 3755 4174 
3295 3918 4045 4187 
3296 2361 2360 2892 
3297 2597 3018 3721 
3298 201 3243 5478 
3299 1774 1543 4018 
3300 4072 3618 4912 
3301 4227 441 5683 
3302 3730 2704 3861 
3303 1472 1470 1475 
3304 2800 2658 5700 
3305 3793 915 4733 
3306 488 489 3718 
3307 2731 2340 3024 
3308 1397 608 3911 
3309 1403 3689 4245 
3310 3661 2450 3662 
3311 478 477 479 
3312 1888 1887 1889 
3313 2063 2066 3876 
3314 3466 3448 5526 
3315 2428 2427 3264 
3316 3834 3835 3991 
3317 1098 1097 1099 
3318 805 3596 5520 
3319 1758 2450 3660 
3320 4 206 4050 
3321 799 798 800 
3322 1749 3757 4065 
3323 1796 1747 1857 
3324 1518 597 3716 
3325 4460 3410 5116 
3326 2481 2480 2482 
3327 3514 2721 3903 
3328 2558 2392 3160 
3329 2929 2012 5426 
3330 1507 1275 1887 
3331 3845 2947 4015 
3332 450 451 452 
3333 2463 2181 2464 
3334 4590 3635 5596 
3335 5242 3828 5501 
3336 858 1903 1904 
3337 646 648 959 
3338 1622 3976 4886 
3339 547 3985 5707 
3340 1125 1124 1126 
3341 2631 3536 4008 
3342 2725 3444 5390 
3343 475 2362 3922 
3344 663 665 3919 
3345 2893 2892 3234 
3346 644 646 3623 
3347 743 3552 3838 
3348 1951 945 3064 
3349 1480 1462 3896 
3350 5167 3848 5449 
3351 1374 1371 1375 
3352 4647 3660 5719 
3353 3556 3555 3557 
3354 4792 1960 4958 
3355 1100 1099 1101 
3356 3410 3101 5420 
3357 1912 1761 1913 
3358 640 642 3768 
3359 2387 2958 3877 
3360 455 454 456 
3361 476 475 477 
3362 1110 1108 1111 
3363 3970 1692 4604 
3364 2637 3512 3513 
3365 2762 2760 3639 
3366 1705 1564 4426 
3367 3485 3487 4904 
3368 2728 952 3527 
3369 3106 3707 4472 
3370 456 457 458 
3371 623 625 3741 
3372 795 3860 4306 
3373 2576 2655 3874 
3374 551 550 552 
3375 484 483 485 
3376 2129 2131 2132 
3377 1241 1169 1242 
3378 4712 4949 5143 
3379 2196 2740 4493 
3380 470 472 3744 
3381 2463 3207 5585 
3382 3820 1309 3821 
3383 2937 2936 2938 
3384 657 659 3870 
3385 661 662 663 
3386 2325 2323 2326 
3387 4093 4103 4117 
3388 642 644 1519 
3389 2933 2934 4192 
3390 464 465 466 
3391 2026 2028 4025 
3392 813 812 814 
3393 1254 1204 3110 
3394 3032 3034 3595 
3395 1102 1101 1103 
3396 4422 3567 4678 
3397 659 660 661 
3398 2264 2094 2265 
3399 1616 3508 3787 
3400 509 507 510 
3401 3099 2314 5329 
3402 3703 3704 3705 
3403 2789 2679 2973 
3404 2838 2464 2993 
3405 2670 3555 3556 
3406 3280 3749 4838 
3407 561 559 2330 
3408 657 658 659 
3409 189 1522 4385 
3410 1755 3952 5050 
3411 3564 3080 5271 
3412 3241 3239 5174 
3413 2202 1913 2203 
3414 1215 1217 1520 
3415 4748 1460 5590 
3416 1832 1833 1956 
3417 463 462 464 
3418 493 491 2355 
3419 2394 3982 4029 
3420 3686 2796 4558 
3421 3486 3488 3489 
3422 4836 3902 5013 
3423 1941 1790 1942 
3424 4038 1537 5226 
3425 4266 2997 4722 
3426 3932 1999 4249 
3427 1890 1889 1891 
3428 1270 1242 1271 
3429 1812 1814 4008 
3430 4087 4088 4118 
3431 862 864 934 
3432 3239 3238 3622 
3433 459 458 460 
3434 655 656 657 
3435 2505 3702 3703 
3436 1535 1537 4038 
3437 3049 2347 3203 
3438 467 466 468 
3439 715 719 4482 
3440 2898 2265 3046 
3441 704 706 749 
3442 2437 2622 3423 
3443 268 269 4121 
3444 2368 2034 2369 
3445 3366 3367 5768 
3446 1338 1271 1339 
3447 608 606 3911 
3448 3189 2653 5531 
3449 3981 1554 4621 
3450 3847 570 5094 
3451 2764 2762 2777 
3452 2653 2654 2887 
3453 3955 4338 4339 
3454 1027 1023 3743 
3455 1739 3645 4613 
3456 468 469 470 
3457 2473 2203 2474 
3458 1362 1587 1588 
3459 746 700 3634 
3460 468 470 471 
3461 2012 1926 4870 
3462 460 461 462 
3463 855 860 5713 
3464 3194 3954 4175 
3465 2760 2776 3639 
3466 4692 4804 5291 
3467 3521 3206 3942 
3468 3979 4587 5598 
3469 553 555 558 
3470 75 3978 4877 
3471 1244 4386 5341 
3472 24 23 1571 
3473 3539 1934 3882 
3474 1958 1504 3884 
3475 3528 3527 4170 
3476 2253 1942 2254 
3477 2973 3594 4999 
3478 996 998 3681 
3479 2135 2136 2137 
3480 994 996 1531 
3481 3413 1791 3914 
3482 2313 4185 4778 
3483 430 449 4037 
3484 1123 1120 1124 
3485 1182 1151 1183 
3486 3866 1115 5685 
3487 801 800 802 
3488 3503 3005 4780 
3489 1020 986 4603 
3490 2933 2474 2934 
3491 2954 3863 3864 
3492 1809 1167 3433 
3493 1127 1126 1128 
3494 3478 2851 5613 
3495 2958 2210 4892 
3496 3593 4792 4958 
3497 3811 1555 3812 
3498 3656 2800 5700 
3499 3633 1520 4988 
3500 3653 2713 3654 
3501 3670 2645 3765 
3502 2670 1584 3555 
3503 2272 2273 5238 
3504 2999 3646 5284 
3505 916 944 4062 
3506 4119 1322 4931 
3507 2200 2794 3618 
3508 3911 606 3930 
3509 496 495 497 
3510 698 746 3532 
3511 3029 2671 4191 
3512 2127 2128 2129 
3513 3565 2553 5136 
3514 3617 3905 5543 
3515 4236 685 4497 
3516 3856 2512 5167 
3517 2641 2643 3440 
3518 3497 2064 5808 
3519 2513 1944 3814 
3520 3220 4400 4906 
3521 2395 3545 4916 
3522 1812 4008 5704 
3523 3314 3313 5092 
3524 1520 1217 3673 
3525 2437 3423 4225 
3526 3674 3675 3975 
3527 3268 4828 4829 
3528 2553 2369 3655 
3529 998 1000 1266 
3530 596 594 597 
3531 2360 1946 5313 
3532 2376 2375 2378 
3533 2263 2261 3893 
3534 486 490 3776 
3535 671 743 4920 
3536 3806 3803 3807 
3537 2954 1955 3863 
3538 4245 3256 4272 
3539 3777 3776 4371 
3540 3770 3626 3865 
3541 4420 4687 4707 
3542 2109 2111 2112 
3543 2292 4057 5135 
3544 3931 2571 3932 
3545 4286 2666 5275 
3546 3006 2610 3393 
3547 1467 4959 5011 
3548 3606 3604 5725 
3549 3802 3801 3803 
3550 3461 441 5029 
3551 5251 3651 5728 
3552 257 435 4655 
3553 4276 3450 4277 
3554 2425 3935 5466 
3555 2567 1990 5189 
3556 1634 4055 4056 
3557 3555 1584 4140 
3558 1892 1891 2331 
3559 1436 3247 3248 
3560 475 473 2362 
3561 3800 3799 3801 
3562 536 1577 3982 
3563 4288 3576 5805 
3564 1367 4398 5235 
3565 817 816 818 
3566 2250 2507 2587 
3567 2166 2211 5733 
3568 3355 2772 3754 
3569 773 3495 4623 
3570 1528 1366 2699 
3571 959 3752 4996 
3572 1747 1745 3927 
3573 1872 1196 4068 
3574 1058 1060 1334 
3575 486 488 490 
3576 1944 1578 1945 
3577 3537 2973 3538 
3578 1358 1359 1360 
3579 3410 4459 5445 
3580 2252 1449 3739 
3581 1219 1221 1510 
3582 2067 2557 3288 
3583 26 3308 5305 
3584 760 775 3651 
3585 4290 4430 5176 
3586 2863 3231 3904 
3587 719 3578 4482 
3588 3236 3219 4599 
3589 2772 2770 3754 
3590 2741 3904 3985 
3591 3176 3178 4069 
3592 2873 3466 4340 
3593 1519 644 3623 
3594 2909 2332 3414 
3595 3288 3289 3647 
3596 803 802 804 
3597 3357 5308 5766 
3598 2153 2151 5208 
3599 2764 2777 3758 
3600 621 623 1398 
3601 1307 1309 3820 
3602 4180 3694 4809 
3603 5353 4620 5368 
3604 580 579 581 
3605 823 827 828 
3606 4430 4290 5523 
3607 4005 4643 4972 
3608 2742 2863 3904 
3609 4203 992 4718 
3610 5291 3437 5502 
3611 3668 4132 5562 
3612 2394 511 3982 
3613 1305 1307 1446 
3614 3043 3111 5055 
3615 2974 2484 3698 
3616 1042 1049 1454 
3617 1666 1387 2480 
3618 766 768 3918 
3619 5165 3967 5318 
3620 2560 2558 3717 
3621 3766 2423 3767 
3622 2512 3848 5167 
3623 3974 1493 4184 
3624 663 664 665 
3625 1222 1225 3881 
3626 1002 1541 3693 
3627 4187 4045 5766 
3628 2000 3915 4313 
3629 1885 1688 4179 
3630 828 1791 3413 
3631 4314 1754 4669 
3632 2584 2585 2920 
3633 1531 996 3681 
3634 1002 1004 1541 
3635 3523 3295 4918 
3636 2422 3332 3646 
3637 809 804 810 
3638 694 695 696 
3639 558 559 560 
3640 486 485 487 
3641 1000 1002 3693 
3642 509 511 2394 
3643 1039 1058 3601 
3644 1519 3625 3626 
3645 428 4020 4021 
3646 3729 2704 3730 
3647 2483 2484 2550 
3648 4567 2472 4724 
3649 719 720 721 
3650 1210 1256 2106 
3651 553 552 554 
3652 425 4199 5259 
3653 2481 2482 2483 
3654 2427 1642 4150 
3655 2284 1885 4179 
3656 3675 3677 3678 
3657 1349 3897 3898 
3658 2453 2454 2456 
3659 2550 2974 3011 
3660 3054 2502 3893 
3661 1282 1389 2869 
3662 2791 2081 4756 
3663 2484 2482 2485 
3664 5466 3013 5504 
3665 2611 2633 2666 
3666 2405 2407 2544 
3667 1965 5364 5767 
3668 3080 3564 5022 
3669 648 650 3752 
3670 895 5019 5490 
3671 2851 3478 5411 
3672 3794 2669 4872 
3673 2643 2645 3670 
3674 3245 3050 3849 
3675 3135 4327 4451 
3676 3225 2018 3926 
3677 113 112 3584 
3678 2951 3389 5595 
3679 600 3943 5375 
3680 959 648 3752 
3681 1199 1183 1200 
3682 3607 3608 3609 
3683 2972 2076 5317 
3684 1113 1115 3866 
3685 2393 2392 2558 
3686 2770 2768 2903 
3687 3385 3386 3976 
3688 1665 1831 1832 
3689 1143 3417 3418 
3690 2128 3449 5732 
3691 456 459 3850 
3692 441 3461 5622 
3693 665 666 667 
3694 3228 3230 3885 
3695 1320 1542 1649 
3696 550 541 4127 
3697 735 737 774 
3698 3621 1148 5740 
3699 490 491 492 
3700 471 473 474 
3701 4396 2867 5109 
3702 2132 3193 5690 
3703 1445 3582 5016 
3704 2038 2510 4445 
3705 2584 2920 3687 
3706 4913 4380 5148 
3707 1446 1307 3820 
3708 3440 2643 3670 
3709 1058 1334 3601 
3710 1235 1293 3859 
3711 4007 3063 4765 
3712 3664 2546 5376 
3713 1158 1206 1404 
3714 2123 2124 2125 
3715 3326 3325 4952 
3716 620 3989 4177 
3717 495 493 3891 
3718 625 627 1349 
3719 452 454 455 
3720 1493 1491 4982 
3721 1570 1834 2947 
3722 4694 2542 5684 
3723 85 84 1521 
3724 4069 3178 4070 
3725 1192 1189 4437 
3726 1564 1557 4426 
3727 652 654 655 
3728 3090 2597 3721 
3729 846 850 851 
3730 2863 2865 3231 
3731 1227 1229 1406 
3732 2676 2591 3100 
3733 2174 2658 2659 
3734 2039 2555 2851 
3735 2502 2263 3893 
3736 1796 1857 1858 
3737 2121 4611 5470 
3738 3400 1820 3831 
3739 1636 1934 3953 
3740 3104 2506 3105 
3741 1513 4058 4723 
3742 1326 1867 3829 
3743 4036 2939 4037 
3744 1812 1813 1814 
3745 696 697 698 
3746 511 510 512 
3747 2647 2649 3323 
3748 1666 2480 2481 
3749 2409 2411 2418 
3750 456 454 457 
3751 86 85 3916 
3752 2425 2426 4648 
3753 452 451 453 
3754 2392 1976 3688 
3755 1387 1044 3886 
3756 667 668 669 
3757 4373 531 4440 
3758 2421 3326 3327 
3759 4118 4117 4119 
3760 2604 1584 2670 
3761 3409 4690 5036 
3762 868 871 872 
3763 2609 2610 2611 
3764 3302 2427 4150 
3765 2597 2595 3018 
3766 2782 2318 5768 
3767 1269 1383 2256 
3768 1623 2060 3990 
3769 3763 3562 5777 
3770 2063 3876 3990 
3771 1231 1555 3811 
3772 2413 2415 2584 
3773 3059 3058 5328 
3774 3266 3492 5640 
3775 1229 1231 3811 
3776 1510 1221 1895 
3777 2714 5160 5241 
3778 3609 3312 5303 
3779 1579 1284 4012 
3780 3999 1547 5001 
3781 1539 484 3776 
3782 2559 2558 2560 
3783 484 486 3776 
3784 488 487 489 
3785 1620 936 4346 
3786 4692 1030 4804 
3787 1647 1678 3959 
3788 1311 1313 1561 
3789 3626 3625 3865 
3790 749 4240 5111 
3791 1549 1175 3947 
3792 2898 3374 5564 
3793 2002 2656 3915 
3794 941 2665 4369 
3795 2333 2606 2607 
3796 468 471 4066 
3797 1877 4178 5661 
3798 1565 1782 1783 
3799 464 462 465 
3800 1302 1305 3784 
3801 1008 1010 1355 
3802 907 909 910 
3803 3761 2441 5682 
3804 540 541 542 
3805 606 604 3930 
3806 2775 2772 3355 
3807 460 462 463 
3808 2500 2945 4341 
3809 1149 1146 4860 
3810 481 3929 3954 
3811 1042 1454 3833 
3812 939 988 3901 
3813 2005 2274 2275 
3814 4866 3043 5055 
3815 2780 3682 5023 
3816 1956 1957 3702 
3817 1404 1405 1407 
3818 1561 3615 5751 
3819 3785 4807 5292 
3820 1324 1326 3829 
3821 3018 3991 5127 
3822 652 655 4578 
3823 2757 2756 2758 
3824 2256 1383 3845 
3825 3635 3240 5596 
3826 419 4144 4965 
3827 555 554 556 
3828 3662 2450 4449 
3829 3256 4231 4272 
3830 3402 3023 3746 
3831 2580 3044 3836 
3832 2897 4449 4857 
3833 2112 2113 2114 
3834 539 537 3674 
3835 2578 2580 3836 
3836 2922 2041 3902 
3837 456 458 459 
3838 3140 3353 4553 
3839 669 670 671 
3840 2222 3611 4710 
3841 2523 2525 2638 
3842 460 458 461 
3843 2837 2997 5151 
3844 544 186 4009 
3845 595 593 904 
3846 2574 2576 3874 
3847 1315 1324 1635 
3848 745 751 773 
3849 1233 1235 3859 
3850 2739 2671 3029 
3851 1352 1350 5260 
3852 4103 4115 4922 
3853 3993 3994 4534 
3854 1495 4479 4629 
3855 1565 1783 3749 
3856 3667 3183 3969 
3857 2066 2574 3876 
3858 1485 1694 3938 
3859 3427 3428 5786 
3860 1277 1512 3872 
3861 464 466 467 
3862 4358 4357 4362 
3863 1407 1408 1409 
3864 2805 2804 3965 
3865 468 466 469 
3866 4091 4093 4117 
3867 1344 1490 2395 
3868 4409 3812 5464 
3869 3771 3772 5544 
3870 2411 2413 3708 
3871 1867 5390 5508 
3872 768 900 3918 
3873 1236 1335 1337 
3874 2423 1803 3824 
3875 504 506 508 
3876 440 4216 5757 
3877 1982 2527 2539 
3878 870 867 4349 
3879 2590 2086 5346 
3880 3271 1852 4819 
3881 1213 1214 1215 
3882 910 1026 1727 
3883 2162 3081 5180 
3884 3788 3230 4789 
3885 1209 1178 4597 
3886 884 894 4238 
3887 3698 3699 3952 
3888 2041 1869 3902 
3889 2368 2369 2370 
3890 1317 4343 4491 
3891 1027 3743 5592 
3892 2347 1883 4314 
3893 1604 1775 5706 
3894 2911 2502 3054 
3895 5281 3601 5804 
3896 1920 3501 5760 
3897 4093 4095 4103 
3898 3867 4556 4854 
3899 3462 3151 3906 
3900 482 484 1539 
3901 3351 3873 5686 
3902 2140 2141 4844 
3903 3872 1812 5704 
3904 2576 2578 2655 
3905 436 4251 5550 
3906 518 520 1916 
3907 1143 1142 1144 
3908 860 862 5653 
3909 1106 1110 3967 
3910 2480 1387 3886 
3911 2102 4531 5365 
3912 4102 4111 4116 
3913 900 1574 3918 
3914 1409 1410 1411 
3915 1169 1154 4276 
3916 537 1853 3674 
3917 1132 1113 3866 
3918 4099 4102 4116 
3919 1571 3627 5741 
3920 2146 2192 3564 
3921 2737 2918 3869 
3922 1703 1852 3271 
3923 2119 2120 2121 
3924 4475 413 5412 
3925 4244 4682 5348 
3926 1110 1111 5033 
3927 1292 3285 3286 
3928 1065 1399 1954 
3929 1162 1160 3636 
3930 2981 2712 3763 
3931 698 699 700 
3932 1544 3725 5474 
3933 2114 2115 2116 
3934 1298 1301 3983 
3935 775 1951 3651 
3936 1215 1216 1217 
3937 4528 3425 4720 
3938 2359 1976 2392 
3939 4088 4091 4118 
3940 450 447 451 
3941 2418 2411 3708 
3942 1323 4120 4795 
3943 1134 1140 1438 
3944 4974 1521 5747 
3945 2817 2379 3098 
3946 2528 2530 3330 
3947 3798 3513 3799 
3948 1787 1785 1788 
3949 1595 1780 2083 
3950 923 939 3901 
3951 3063 2983 4765 
3952 4701 3225 5570 
3953 2872 2600 3832 
3954 477 475 3922 
3955 715 718 719 
3956 3869 2918 4048 
3957 2116 2118 2119 
3958 834 835 836 
3959 2852 2618 5673 
3960 2481 2483 3944 
3961 97 1379 3672 
3962 3703 3705 5065 
3963 3418 3419 3420 
3964 3262 2387 3877 
3965 3100 2591 3857 
3966 5089 2869 5119 
3967 3463 2560 3717 
3968 12 11 4033 
3969 2561 2560 2562 
3970 1047 4675 5138 
3971 1155 1171 1172 
3972 4097 4105 4114 
3973 4095 4097 4114 
3974 2841 2843 2859 
3975 2329 2332 2333 
3976 1049 1047 5138 
3977 5540 3816 5541 
3978 4212 3593 4958 
3979 3565 5136 5358 
3980 582 581 583 
3981 1041 1015 5605 
3982 779 780 781 
3983 492 493 494 
3984 2574 3874 3876 
3985 2316 2317 2318 
3986 1034 3269 5005 
3987 528 530 779 
3988 559 555 3671 
3989 1694 3016 3938 
3990 3821 3998 5404 
3991 295 296 430 
3992 3571 4799 5418 
3993 248 249 428 
3994 254 255 429 
3995 808 3858 3900 
3996 2370 2371 2372 
3997 3355 3754 3920 
3998 1231 1233 1555 
3999 213 214 427 
4000 289 290 426 
4001 3921 3285 5156 
4002 690 693 694 
4003 242 243 424 
4004 260 261 425 
4005 3292 2556 3628 
4006 2790 4849 5811 
4007 1179 982 1584 
4008 470 469 472 
4009 2108 1256 5535 
4010 219 220 420 
4011 283 284 421 
4012 853 854 855 
4013 1512 1811 1812 
4014 3480 3481 3482 
4015 455 456 3850 
4016 236 237 423 
4017 266 267 422 
4018 1390 1565 3749 
4019 225 226 416 
4020 277 278 417 
4021 3424 2347 4314 
4022 4097 4099 4105 
4023 3839 2811 3840 
4024 230 231 419 
4025 272 273 418 
4026 2580 3043 3044 
4027 1326 1328 1867 
4028 3520 3518 5742 
4029 2505 1956 3702 
4030 3858 808 4868 
4031 537 535 1853 
4032 1411 1412 1413 
4033 514 516 3924 
4034 2735 3316 3735 
4035 3297 1549 3947 
4036 4484 3999 5715 
4037 3848 4222 5535 
4038 1454 1455 1456 
4039 1689 1896 1897 
4040 1431 1433 5452 
4041 700 702 3634 
4042 2961 4207 4892 
4043 2050 1955 2954 
4044 1297 1298 3983 
4045 2038 2509 2510 
4046 3601 1334 5804 
4047 2403 2405 3963 
4048 2827 3597 3878 
4049 986 975 4603 
4050 671 672 673 
4051 2755 2753 2756 
4052 872 873 874 
4053 3710 3709 4032 
4054 3931 3932 5529 
4055 2897 2896 4449 
4056 3449 2124 4607 
4057 2584 2415 2585 
4058 2797 2796 3686 
4059 3769 3770 3910 
4060 2278 1169 4276 
4061 1275 1055 4155 
4062 207 208 431 
4063 1217 1218 1219 
4064 910 1973 3940 
4065 2292 3392 4057 
4066 4118 4119 4120 
4067 2106 2107 2297 
4068 474 475 476 
4069 3993 2913 3994 
4070 4621 1554 4809 
4071 2759 2758 2760 
4072 2615 1908 4338 
4073 1951 3064 3972 
4074 3874 3875 4806 
4075 1294 1296 1297 
4076 513 512 514 
4077 2598 2597 3090 
4078 3674 1853 3675 
4079 1790 1569 4345 
4080 1979 1770 1980 
4081 4102 4107 4111 
4082 3797 2330 4484 
4083 2811 2812 2813 
4084 3614 1422 4520 
4085 1305 1446 3784 
4086 2091 2314 2448 
4087 900 923 1574 
4088 2048 2618 2635 
4089 3018 5127 5701 
4090 2087 2090 2091 
4091 789 3734 4771 
4092 1867 4817 5390 
4093 2008 2591 2676 
4094 566 565 3593 
4095 2596 2595 2597 
4096 2969 3766 3964 
4097 539 3674 4127 
4098 4091 4117 4118 
4099 2372 2373 2374 
4100 1038 1260 3880 
4101 775 776 945 
4102 1235 1245 1293 
4103 3744 472 3745 
4104 3855 2929 4812 
4105 3183 3122 5332 
4106 2638 2525 2915 
4107 1125 1129 3841 
4108 1381 1319 1923 
4109 3757 3640 4065 
4110 4606 4302 5301 
4111 1476 1475 1477 
4112 85 1521 3916 
4113 1464 1480 4757 
4114 992 993 994 
4115 1609 1882 2870 
4116 103 102 3334 
4117 1403 4245 4272 
4118 2850 4754 4964 
4119 3846 4714 5393 
4120 2244 2245 2246 
4121 1936 2564 4123 
4122 1420 1418 5761 
4123 2834 2835 2836 
4124 2752 4769 5465 
4125 598 597 895 
4126 1726 4593 5229 
4127 4643 2296 4972 
4128 3718 489 3823 
4129 449 447 450 
4130 4057 3192 5135 
4131 3952 3699 5050 
4132 4385 1522 5651 
4133 1110 5033 5318 
4134 2418 3710 3711 
4135 1539 3776 3777 
4136 1598 1416 5703 
4137 1678 1972 3959 
4138 640 641 642 
4139 740 3720 5194 
4140 3517 1488 4153 
4141 790 3906 4064 
4142 2856 3384 4619 
4143 1453 1284 1579 
4144 2813 3148 3149 
4145 1832 1831 1833 
4146 2395 3619 3620 
4147 3149 3150 3151 
4148 1849 874 3958 
4149 2595 2289 3834 
4150 3471 3472 4656 
4151 2111 2117 5087 
4152 2461 2459 5647 
4153 5375 2782 5768 
4154 1021 1020 1022 
4155 3093 4129 4533 
4156 994 995 996 
4157 1580 921 4901 
4158 760 772 775 
4159 781 782 783 
4160 2236 3354 3425 
4161 830 829 831 
4162 2301 2705 5665 
4163 5277 1348 5478 
4164 2969 2423 3766 
4165 2740 3694 3695 
4166 1857 1747 3927 
4167 2659 2800 2801 
4168 297 4 447 
4169 2693 2694 2695 
4170 2173 4844 5051 
4171 1396 1560 1866 
4172 2997 4374 5151 
4173 1145 1144 1146 
4174 1057 1212 1213 
4175 476 477 478 
4176 1251 1253 3968 
4177 5195 3509 5597 
4178 2529 2252 4443 
4179 3084 3524 3525 
4180 3863 2872 3864 
4181 3218 3217 4811 
4182 2403 2404 2405 
4183 2103 2241 2242 
4184 3703 3702 3704 
4185 2379 2378 3659 
4186 3603 4837 5261 
4187 4875 434 5615 
4188 471 1659 4066 
4189 673 674 675 
4190 3374 4800 5564 
4191 3444 2725 5489 
4192 3652 5024 5794 
4193 2594 2289 2595 
4194 292 293 432 
4195 2539 3003 3008 
4196 245 246 434 
4197 257 258 435 
4198 1956 1833 1957 
4199 286 287 436 
4200 216 217 439 
4201 250 251 448 
4202 3839 2445 5283 
4203 239 240 438 
4204 263 264 440 
4205 4143 1806 4929 
4206 3767 2423 3824 
4207 4050 206 4051 
4208 2775 3355 3356 
4209 2060 2063 3990 
4210 952 951 3527 
4211 2921 2878 5699 
4212 805 86 3916 
4213 222 223 443 
4214 280 281 444 
4215 665 716 3919 
4216 2331 2872 3863 
4217 560 561 562 
4218 233 234 441 
4219 269 270 445 
4220 1923 1319 4491 
4221 1045 3857 5769 
4222 631 633 972 
4223 511 513 3982 
4224 3354 2680 5717 
4225 228 1 442 
4226 2 275 446 
4227 4814 1719 5074 
4228 1869 1614 1909 
4229 1530 3903 5430 
4230 2870 1882 3987 
4231 2639 2640 2641 
4232 2102 5365 5674 
4233 3567 2898 5564 
4234 3524 4748 5590 
4235 1500 1501 1502 
4236 210 211 437 
4237 3528 4170 4171 
4238 2452 3589 4985 
4239 783 784 785 
4240 3649 1579 5547 
4241 604 549 2571 
4242 1704 1705 1706 
4243 1305 1306 1307 
4244 3269 2546 4830 
4245 1491 4759 4982 
4246 642 643 644 
4247 4079 3138 5164 
4248 3038 3974 4184 
4249 3182 4926 5412 
4250 3 252 433 
4251 2085 2086 2087 
4252 3920 688 5630 
4253 3273 5229 5699 
4254 2405 2406 2407 
4255 1260 1485 2508 
4256 2761 2760 2762 
4257 3893 4136 5235 
4258 4184 1493 4185 
4259 1972 2399 3959 
4260 1698 1946 1947 
4261 1457 1467 5304 
4262 1219 1220 1221 
4263 2145 2118 5437 
4264 725 726 727 
4265 989 991 992 
4266 2528 3330 3888 
4267 2000 2002 3915 
4268 939 961 988 
4269 2695 2696 2697 
4270 500 502 1489 
4271 3235 2670 4028 
4272 2489 3052 3421 
4273 3098 3659 4466 
4274 1298 1300 1301 
4275 1153 1249 3722 
4276 450 452 4036 
4277 1675 1674 1676 
4278 2565 2041 2922 
4279 3526 3630 4545 
4280 1172 1173 1805 
4281 3172 3174 3438 
4282 1708 3783 4426 
4283 3549 902 4969 
4284 933 932 951 
4285 3003 3506 5621 
4286 785 786 787 
4287 3915 4214 4313 
4288 2185 1803 2423 
4289 2378 2805 3659 
4290 2056 2102 4134 
4291 828 827 829 
4292 1413 1414 1415 
4293 1023 1022 1024 
4294 3983 1301 5424 
4295 2839 2841 4205 
4296 564 563 565 
4297 1814 1815 1816 
4298 1089 1156 3141 
4299 2699 1366 5152 
4300 3855 1034 5005 
4301 2064 3497 4946 
4302 2556 2006 3550 
4303 478 479 481 
4304 2629 2630 2632 
4305 2318 2390 2391 
4306 637 639 640 
4307 1943 1790 4345 
4308 3659 2805 3989 
4309 996 997 998 
4310 3160 2392 3688 
4311 3772 3769 3910 
4312 644 645 646 
4313 832 831 833 
4314 2400 2402 2403 
4315 4794 3764 4915 
4316 2437 2438 2622 
4317 4389 3500 5334 
4318 874 875 876 
4319 4338 1663 4339 
4320 2807 2156 4676 
4321 2022 2494 2639 
4322 548 551 3737 
4323 3605 3606 5491 
4324 2325 2326 2327 
4325 4621 4809 5610 
4326 1912 2207 3925 
4327 4304 4303 4305 
4328 2083 2084 2085 
4329 1302 1304 1305 
4330 817 1517 3468 
4331 1972 2398 2399 
4332 3820 2720 5722 
4333 4697 3949 4698 
4334 659 761 3870 
4335 186 185 4009 
4336 2056 2057 2058 
4337 1897 1983 2080 
4338 1241 4916 5749 
4339 441 4227 5029 
4340 2002 2436 2656 
4341 1928 2308 2363 
4342 1766 885 1770 
4343 206 207 4051 
4344 2945 2949 3773 
4345 3436 3172 3438 
4346 1039 1040 1058 
4347 463 3602 5459 
4348 3230 3788 4914 
4349 1873 1547 3999 
4350 1161 1163 1165 
4351 447 4 4050 
4352 4035 5705 5806 
4353 2434 2435 2514 
4354 1307 1308 1309 
4355 2080 2105 2434 
4356 3285 3284 4567 
4357 5014 1638 5398 
4358 1694 2195 3016 
4359 2678 2428 4210 
4360 4327 437 4970 
4361 191 190 546 
4362 1723 1862 1920 
4363 423 4303 4304 
4364 1249 1357 1358 
4365 2394 3622 5276 
4366 3100 3857 4071 
4367 964 969 3236 
4368 3771 3769 3772 
4369 1253 2592 3968 
4370 1744 1676 1745 
4371 4800 3374 5361 
4372 2933 4192 5696 
4373 3967 1110 5318 
4374 1978 3063 4063 
4375 95 1121 3813 
4376 1855 2283 2437 
4377 3875 2655 3984 
4378 1838 2240 3287 
4379 3869 1710 4434 
4380 2055 4134 5427 
4381 574 576 578 
4382 1156 1159 3908 
4383 4002 427 4235 
4384 1201 1202 4762 
4385 896 895 932 
4386 2374 2375 2376 
4387 1823 3225 4413 
4388 553 558 4248 
4389 646 647 648 
4390 1507 1887 1888 
4391 1448 1449 1450 
4392 1349 627 3897 
4393 2763 2762 2764 
4394 1985 1930 1986 
4395 855 859 860 
4396 2911 3054 3208 
4397 3353 2590 4485 
4398 3997 3566 5358 
4399 2275 2422 2999 
4400 2623 2624 3476 
4401 1525 1613 3247 
4402 2716 3074 3075 
4403 1016 1042 3833 
4404 4132 3668 5468 
4405 3990 3876 4806 
4406 1706 1707 1709 
4407 876 877 878 
4408 722 724 725 
4409 1175 1085 2787 
4410 1438 1140 4612 
4411 2407 2408 2409 
4412 3682 1266 4126 
4413 4691 2972 4893 
4414 787 792 793 
4415 1309 1310 1311 
4416 3141 1156 3908 
4417 3350 3351 4890 
4418 4181 2622 4670 
4419 1594 1535 4038 
4420 1728 4459 4460 
4421 2151 4711 5208 
4422 2641 2642 2643 
4423 3558 3557 4006 
4424 1771 2634 3980 
4425 3330 2530 4780 
4426 2806 3812 5323 
4427 1881 1549 3297 
4428 1673 1671 1674 
4429 982 914 4140 
4430 1938 1939 1962 
4431 1133 1102 3648 
4432 2500 2943 2945 
4433 1760 3925 5559 
4434 661 660 662 
4435 610 608 1397 
4436 2188 4794 4915 
4437 4331 4286 5287 
4438 4656 440 5757 
4439 2913 2601 3883 
4440 2359 2392 2393 
4441 659 658 660 
4442 655 654 656 
4443 4111 4107 4122 
4444 3665 1406 4719 
4445 3102 4873 5109 
4446 657 656 658 
4447 3214 3691 3692 
4448 1961 2506 3104 
4449 2941 3601 5281 
4450 4119 4117 4922 
4451 727 728 729 
4452 2613 1020 4603 
4453 1018 4170 5322 
4454 2849 2848 4584 
4455 1791 3553 3914 
4456 1069 1071 1608 
4457 1613 3782 5188 
4458 2966 550 4127 
4459 3651 1951 5728 
4460 494 495 496 
4461 836 837 838 
4462 3720 2615 3955 
4463 944 1051 4062 
4464 2391 2443 2444 
4465 1179 1584 2604 
4466 1488 4487 5632 
4467 4326 437 4327 
4468 1847 2209 2623 
4469 1814 2043 4008 
4470 1201 1200 1202 
4471 2124 2121 5470 
4472 1906 2053 2054 
4473 878 879 880 
4474 2549 3719 5460 
4475 2604 2670 3235 
4476 3985 3904 5707 
4477 1364 1573 1758 
4478 4107 4109 4122 
4479 3498 4021 5309 
4480 3018 2595 3834 
4481 851 3484 3996 
4482 3199 1873 3999 
4483 2632 2985 3724 
4484 2393 2558 2559 
4485 1076 1078 1079 
4486 3910 2377 4468 
4487 803 824 3439 
4488 1940 2440 2441 
4489 1875 1872 2076 
4490 3357 4045 4194 
4491 4155 3303 5663 
4492 3455 2470 5458 
4493 998 999 1000 
4494 535 514 3924 
4495 3247 1613 5188 
4496 3574 3573 5655 
4497 2028 2741 4025 
4498 3715 224 5321 
4499 1746 1745 1747 
4500 941 1918 2665 
4501 3630 1355 3631 
4502 1388 1387 1666 
4503 4804 3437 5291 
4504 958 936 1620 
4505 1775 1760 5559 
4506 681 683 5636 
4507 2851 3050 3245 
4508 472 1665 3745 
4509 3925 2207 5293 
4510 1051 1251 1661 
4511 1440 1441 4790 
4512 2765 2764 2766 
4513 1985 5270 5744 
4514 4472 3707 5065 
4515 793 797 798 
4516 629 631 3899 
4517 4565 3971 5221 
4518 3228 3229 3230 
4519 3327 3979 5027 
4520 1717 1932 4018 
4521 2948 1734 4588 
4522 3154 3153 3155 
4523 498 497 3907 
4524 3586 3584 3701 
4525 2670 3556 4028 
4526 3447 2581 4402 
4527 3835 1628 4081 
4528 2617 2545 4630 
4529 2643 2644 2645 
4530 1909 1614 4469 
4531 4091 4092 4093 
4532 719 718 720 
4533 2278 4277 4278 
4534 3888 3330 4832 
4535 3058 2900 5041 
4536 3305 3304 5289 
4537 3752 4816 4996 
4538 3809 2904 3810 
4539 1293 1245 1294 
4540 5482 3504 5560 
4541 2714 2716 4712 
4542 2409 2410 2411 
4543 2587 2856 5102 
4544 4626 1850 5081 
4545 971 1033 1039 
4546 2429 2679 2789 
4547 5136 4685 5358 
4548 648 649 650 
4549 2475 2076 2902 
4550 4741 432 5176 
4551 1579 4012 4147 
4552 1708 2238 3783 
4553 3500 3499 5677 
4554 1253 1373 2592 
4555 2564 3851 3852 
4556 1947 2360 2361 
4557 1415 1416 1417 
4558 3842 2498 3843 
4559 1313 1315 4267 
4560 1468 1464 5607 
4561 118 117 3894 
4562 2405 2544 3963 
4563 1073 1075 1076 
4564 3775 1849 5521 
4565 593 591 3786 
4566 106 354 3826 
4567 3422 3837 3873 
4568 2399 2400 4061 
4569 2424 3478 5613 
4570 1297 1296 1298 
4571 1393 1493 3974 
4572 4093 4094 4095 
4573 1191 1189 1192 
4574 2649 2737 4017 
4575 2521 2522 2523 
4576 4084 4086 4087 
4577 3166 3163 3890 
4578 4853 2454 5738 
4579 1000 1001 1002 
4580 2853 3026 3971 
4581 2147 2250 4611 
4582 1373 1586 4034 
4583 501 499 1553 
4584 1758 1759 2042 
4585 3808 601 5134 
4586 1810 1511 4388 
4587 4088 4090 4091 
4588 1311 1312 1313 
4589 4202 4891 5137 
4590 3616 3214 4630 
4591 573 571 2306 
4592 1821 1820 3400 
4593 3457 3458 4875 
4594 424 4010 4295 
4595 4134 3365 5427 
4596 2817 3098 3491 
4597 1079 1080 1081 
4598 1187 952 2728 
4599 1502 1503 1504 
4600 2490 2491 2492 
4601 3602 3603 5459 
4602 1498 3290 4646 
4603 3489 3488 5380 
4604 4274 600 5375 
4605 2574 2575 2576 
4606 1551 1636 3953 
4607 1417 1418 1420 
4608 5021 3028 5489 
4609 675 676 677 
4610 1427 1428 1429 
4611 1058 1059 1060 
4612 927 950 970 
4613 2411 2412 2413 
4614 814 815 816 
4615 3365 3788 5427 
4616 2376 2378 2379 
4617 2251 3232 4591 
4618 2137 2146 5383 
4619 1215 1214 1216 
4620 2635 2852 2967 
4621 458 457 3854 
4622 1213 1212 1214 
4623 2755 2756 2757 
4624 3243 5277 5478 
4625 2594 2595 2596 
4626 2689 2690 2691 
4627 663 662 664 
4628 2645 2646 2647 
4629 2229 3505 4024 
4630 1587 1847 3762 
4631 1644 1627 1820 
4632 3325 3567 4952 
4633 838 839 840 
4634 2231 2284 2285 
4635 2596 2597 2598 
4636 3185 584 3713 
4637 1453 1579 4469 
4638 2934 2937 4192 
4639 2006 2007 3550 
4640 1964 1966 2011 
4641 5390 3444 5508 
4642 1636 1933 1934 
4643 2066 2573 2574 
4644 2363 2449 3381 
4645 1262 1044 1387 
4646 3082 3080 5022 
4647 1934 1933 3882 
4648 2198 2200 3618 
4649 4918 3296 5709 
4650 1787 1788 3853 
4651 4489 3605 5491 
4652 500 1489 3907 
4653 4014 4568 5501 
4654 1222 1224 1225 
4655 3514 3903 5754 
4656 2361 2892 2893 
4657 2523 2524 2525 
4658 694 693 695 
4659 549 548 3737 
4660 4205 2859 4206 
4661 538 540 4005 
4662 1714 1855 4225 
4663 2767 2766 2768 
4664 2556 3550 3628 
4665 1923 4491 4774 
4666 4846 1713 5183 
4667 4828 3525 4829 
4668 489 621 3823 
4669 1002 1003 1004 
4670 2144 2128 5732 
4671 2413 2414 2415 
4672 1225 1226 1227 
4673 887 893 4149 
4674 1254 3110 5152 
4675 3935 2425 4998 
4676 2331 2600 2872 
4677 2992 2747 3928 
4678 3010 3220 4906 
4679 3435 3305 4151 
4680 3592 3591 4504 
4681 3105 3106 4334 
4682 1820 1627 3957 
4683 3848 1352 5449 
4684 1933 2339 3882 
4685 4095 4096 4097 
4686 4305 4303 4652 
4687 3873 3837 4197 
4688 1533 5200 5549 
4689 1978 2983 3063 
4690 3257 2077 4452 
4691 1509 2528 3888 
4692 1217 1216 1218 
4693 4013 1720 5750 
4694 3705 4928 5065 
4695 1060 1320 4220 
4696 1301 1300 1302 
4697 2687 2688 2689 
4698 497 500 3907 
4699 3893 2261 4136 
4700 1892 2331 3863 
4701 2576 2577 2578 
4702 2757 2758 2759 
4703 1535 1536 1537 
4704 3487 4474 4904 
4705 3897 629 3899 
4706 1578 821 3785 
4707 1227 1228 1229 
4708 1993 1994 5495 
4709 1742 2465 4492 
4710 1887 1275 4155 
4711 1795 1747 1796 
4712 3274 4152 4252 
4713 4359 4358 5186 
4714 3122 3503 4614 
4715 3747 3142 4157 
4716 595 904 905 
4717 1429 1430 1431 
4718 988 961 989 
4719 1586 1840 3113 
4720 2386 2520 2521 
4721 677 679 4605 
4722 3439 5466 5504 
4723 2790 4840 5669 
4724 2920 2585 3992 
4725 2559 2560 2561 
4726 2948 4588 4589 
4727 2166 2167 2168 
4728 4639 4619 5750 
4729 840 841 842 
4730 542 548 549 
4731 1004 1005 1006 
4732 3253 4035 5806 
4733 2164 2136 5274 
4734 721 720 722 
4735 1799 1900 1901 
4736 810 811 812 
4737 977 978 979 
4738 851 850 852 
4739 627 629 3897 
4740 1313 1314 1315 
4741 3802 3806 5234 
4742 2399 2398 2400 
4743 1090 1091 1092 
4744 1431 1432 1433 
4745 2859 2843 2860 
4746 729 730 731 
4747 1809 3433 3560 
4748 3224 4620 5353 
4749 1051 1661 4062 
4750 496 497 498 
4751 4294 4296 4651 
4752 3575 3509 5195 
4753 4353 4356 4357 
4754 3064 945 3375 
4755 2647 2648 2649 
4756 1103 1105 1106 
4757 2801 3518 3519 
4758 650 651 652 
4759 1600 1798 1799 
4760 2938 3191 4054 
4761 2072 3369 4059 
4762 1347 1368 1756 
4763 1375 1376 1377 
4764 595 905 2467 
4765 2006 1727 2007 
4766 3018 3834 3991 
4767 860 861 862 
4768 677 678 679 
4769 4202 3185 5347 
4770 5386 4876 5446 
4771 2185 2423 2969 
4772 1346 566 4212 
4773 2200 2667 2794 
4774 1081 1082 1083 
4775 1850 1093 5384 
4776 3440 5280 5799 
4777 1504 1599 1600 
4778 2819 2481 3944 
4779 1305 1304 1306 
4780 3768 3769 3771 
4781 430 296 449 
4782 3287 2240 3319 
4783 3815 3117 3816 
4784 4236 4497 4763 
4785 2899 4059 5144 
4786 2110 2108 4222 
4787 268 4121 4473 
4788 1397 3911 4501 
4789 2492 2686 2687 
4790 2405 2404 2406 
4791 2565 2922 3321 
4792 700 701 702 
4793 2161 2159 4693 
4794 5343 4950 5548 
4795 3459 4441 5046 
4796 3737 551 4248 
4797 2859 2860 4629 
4798 102 3266 3334 
4799 2403 2402 2404 
4800 881 1793 2957 
4801 1433 1434 1435 
4802 2638 2915 4042 
4803 1219 1218 1220 
4804 3634 3025 5123 
4805 2172 2161 5224 
4806 541 539 4127 
4807 2769 2768 2770 
4808 3156 3155 3157 
4809 242 424 4294 
4810 1440 1439 1441 
4811 1970 1773 2790 
4812 981 1062 1347 
4813 3746 3023 5307 
4814 1315 1316 1324 
4815 1060 1061 1320 
4816 735 774 5484 
4817 2033 1858 2034 
4818 1111 1112 1113 
4819 3182 3049 4926 
4820 1349 3898 4702 
4821 1751 2036 2844 
4822 295 430 4289 
4823 2677 2081 2791 
4824 1092 1094 1095 
4825 1229 1230 1231 
4826 1568 1196 1872 
4827 2564 3852 4123 
4828 1954 4041 5182 
4829 3345 2933 5696 
4830 2102 2103 4531 
4831 4360 3171 4366 
4832 3431 2852 4967 
4833 3297 3947 4561 
4834 4535 1954 5182 
4835 2656 2436 3497 
4836 2735 2068 3316 
4837 4097 4098 4099 
4838 665 664 666 
4839 992 991 993 
4840 4294 4295 4296 
4841 3812 1555 5464 
4842 2578 2579 2580 
4843 1377 1424 1425 
4844 2319 584 3185 
4845 2705 3588 5389 
4846 2798 3635 3905 
4847 1263 2730 4490 
4848 3446 2581 3447 
4849 1812 1811 1813 
4850 696 695 697 
4851 1456 1457 1461 
4852 3628 3550 5533 
4853 679 680 681 
4854 1888 1889 1890 
4855 427 4145 4235 
4856 994 993 995 
4857 2018 2389 3926 
4858 450 4036 4037 
4859 2874 2875 2876 
4860 3510 4974 5747 
4861 423 237 4303 
4862 1574 3901 4732 
4863 842 843 844 
4864 3838 2809 4516 
4865 1699 4441 5034 
4866 266 422 4302 
4867 241 4294 4651 
4868 2589 2462 3714 
4869 1083 1087 1088 
4870 472 1664 1665 
4871 3895 1397 4501 
4872 1586 3113 4034 
4873 1106 1107 1108 
4874 775 772 776 
4875 3237 2059 4329 
4876 4099 4101 4102 
4877 3944 2483 4047 
4878 2498 2270 5122 
4879 230 419 4307 
4880 1551 3953 4823 
4881 3067 5182 5183 
4882 3827 3828 3868 
4883 4416 1725 5129 
4884 4454 4814 5074 
4885 979 980 981 
4886 1860 4380 4913 
4887 4491 3804 4774 
4888 4270 3793 4733 
4889 825 3798 5472 
4890 2938 3190 3191 
4891 4303 238 4652 
4892 4084 4087 4455 
4893 667 666 668 
4894 2012 4870 5426 
4895 466 465 4348 
4896 1006 1007 1008 
4897 698 697 699 
4898 3789 1293 5415 
4899 5055 3111 5516 
4900 4054 1384 5008 
4901 1890 1891 1892 
4902 3804 4491 5627 
4903 3236 969 5591 
4904 260 425 4297 
4905 3156 3434 5147 
4906 3240 3241 4218 
4907 4714 4511 5024 
4908 2352 2601 2913 
4909 3007 2845 3496 
4910 2712 3562 3763 
4911 3436 3438 5140 
4912 2649 2736 2737 
4913 483 480 1562 
4914 1115 4250 5685 
4915 866 868 5670 
4916 4102 4106 4107 
4917 996 995 997 
4918 1307 1306 1308 
4919 2561 2562 2900 
4920 1537 1556 1557 
4921 3642 2776 3643 
4922 1783 1949 1950 
4923 2945 2943 2949 
4924 3860 795 4847 
4925 1324 1325 1326 
4926 1095 1096 1097 
4927 1065 1954 5195 
4928 2639 2494 2640 
4929 4870 4171 5426 
4930 2061 2059 3237 
4931 1038 3880 5507 
4932 2637 3511 3512 
4933 2771 2770 2772 
4934 3378 2786 5223 
4935 431 208 4325 
4936 669 668 670 
4937 4487 1488 5452 
4938 1231 1232 1233 
4939 1768 1771 3980 
4940 3928 2747 5660 
4941 4041 4697 4698 
4942 2723 1682 4401 
4943 2676 3361 4448 
4944 3282 2282 4498 
4945 2777 3757 3758 
4946 930 3997 5358 
4947 1849 3958 4835 
4948 1441 2727 5702 
4949 894 1768 4238 
4950 2319 3185 4202 
4951 3796 1800 5692 
4952 778 3844 5656 
4953 2624 2626 4316 
4954 610 1397 4046 
4955 1029 1064 1236 
4956 3699 2485 3700 
4957 4520 1405 5440 
4958 731 732 733 
4959 1320 1321 1542 
4960 2407 2406 2408 
4961 2024 3194 4175 
4962 3035 3036 4752 
4963 2580 2830 3043 
4964 4077 4076 4971 
4965 1309 1308 1310 
4966 100 99 3474 
4967 3434 3157 4379 
4968 2987 2988 3057 
4969 1771 1952 2634 
4970 198 197 902 
4971 1165 1166 1167 
4972 4566 2219 5228 
4973 2008 2676 4448 
4974 1701 1346 2032 
4975 3468 1517 4583 
4976 4107 4108 4109 
4977 2380 1898 2845 
4978 2789 2973 3537 
4979 3221 3715 5321 
4980 297 447 449 
4981 1103 3967 5290 
4982 2953 4853 5738 
4983 1529 4414 4740 
4984 1642 809 4150 
4985 4688 5574 5697 
4986 2227 4024 4456 
4987 3256 3255 5378 
4988 1542 1543 1774 
4989 2773 2772 2775 
4990 3323 2649 4017 
4991 3307 3306 5149 
4992 2759 2760 2761 
4993 2876 2877 2878 
4994 2259 2077 3257 
4995 1339 1340 1341 
4996 4355 4359 4360 
4997 2400 2403 4061 
4998 3274 3176 4069 
4999 1008 1009 1010 
5000 4294 424 4295 
5001 3517 4153 4414 
5002 2748 1695 4525 
5003 2626 3020 3021 
5004 4087 4086 4088 
5005 3918 1574 4045 
5006 1866 1560 4667 
5007 4133 4232 5808 
5008 1053 1277 4729 
5009 17 16 4152 
5010 640 639 641 
5011 1666 2481 2819 
5012 3454 4616 4947 
5013 1079 1081 4584 
5014 1967 5121 5767 
5015 4811 4826 5148 
5016 1326 1327 1328 
5017 2946 3724 4480 
5018 2485 2482 3756 
5019 1368 1652 4321 
5020 3646 3332 4139 
5021 671 670 672 
5022 2288 2287 2289 
5023 444 4542 5222 
5024 932 895 5490 
5025 1113 1114 1115 
5026 479 482 3929 
5027 2878 2879 2880 
5028 3943 2782 5375 
5029 2910 2502 2911 
5030 2024 2026 3194 
5031 2367 2034 2368 
5032 151 4460 5116 
5033 3550 2007 3794 
5034 1179 2604 4012 
5035 1233 1234 1235 
5036 2676 3100 3360 
5037 577 575 925 
5038 1710 4048 4453 
5039 1789 5135 5335 
5040 3196 2396 3197 
5041 1221 1220 1222 
5042 3001 2972 4691 
5043 4829 5142 5374 
5044 2737 2917 2918 
5045 2251 2931 3232 
5046 3785 3460 4807 
5047 1592 2511 5778 
5048 1090 1092 5384 
5049 4693 3076 5224 
5050 2880 2881 2882 
5051 1652 1859 2255 
5052 1994 1995 5495 
5053 4091 4090 4092 
5054 419 231 4144 
5055 90 1451 3912 
5056 4221 4083 4455 
5057 2205 1682 2723 
5058 2860 3145 4168 
5059 1311 1310 1312 
5060 725 724 726 
5061 1823 2018 3225 
5062 2641 2640 2642 
5063 4093 4092 4094 
5064 1646 973 4076 
5065 3171 4361 5057 
5066 1010 1012 1013 
5067 489 557 621 
5068 1039 1033 1040 
5069 1666 2819 3957 
5070 3556 3558 5268 
5071 700 699 701 
5072 1867 1328 4817 
5073 3029 4191 4867 
5074 2023 2739 4432 
5075 5200 3512 5549 
5076 1688 1442 4179 
5077 2848 3726 4584 
5078 2741 3985 4025 
5079 1343 1370 1371 
5080 1584 982 4140 
5081 1350 3974 5260 
5082 4507 2130 4989 
5083 2569 2568 2570 
5084 3447 4946 5309 
5085 1341 1342 1343 
5086 2671 3143 4191 
5087 1263 1392 2730 
5088 446 275 4471 
5089 1665 1830 1831 
5090 1950 2320 2321 
5091 2550 3011 3368 
5092 2593 2289 2594 
5093 1328 1329 1330 
5094 727 726 728 
5095 2278 4278 4483 
5096 970 950 971 
5097 733 734 735 
5098 3940 1973 4448 
5099 988 989 5629 
5100 2724 2723 2725 
5101 2509 2939 4148 
5102 508 506 5276 
5103 3742 2722 4798 
5104 2665 1918 4004 
5105 2019 2636 2637 
5106 1129 1127 4672 
5107 642 641 643 
5108 1926 4031 4870 
5109 4024 3505 5483 
5110 3908 1159 4731 
5111 779 530 780 
5112 2028 2030 2741 
5113 3197 2396 4342 
5114 2761 2762 2763 
5115 2020 2022 4973 
5116 3816 3819 5541 
5117 551 553 4248 
5118 93 3781 3871 
5119 3563 740 5194 
5120 92 91 1122 
5121 516 518 4634 
5122 432 293 4290 
5123 1330 1395 1396 
5124 2409 2408 2410 
5125 2250 3223 4611 
5126 2805 3965 3988 
5127 2286 1801 2287 
5128 501 1553 4053 
5129 1521 84 3900 
5130 1388 1666 3957 
5131 2179 3268 4727 
5132 2169 2268 2950 
5133 2501 2263 2502 
5134 4992 4846 5183 
5135 3581 2895 5069 
5136 2912 3144 5036 
5137 2833 3030 4440 
5138 683 5153 5636 
5139 1396 1559 1560 
5140 1743 4340 4638 
5141 355 106 3973 
5142 4095 4094 4096 
5143 954 3706 4579 
5144 3696 3344 5720 
5145 4542 3198 5222 
5146 2918 2919 3028 
5147 3520 4662 5493 
5148 998 997 999 
5149 3536 3535 4141 
5150 1909 4469 4683 
5151 3692 2617 4630 
5152 435 258 4298 
5153 3174 3175 3176 
5154 1187 2728 4437 
5155 3080 3079 5271 
5156 2934 2935 2936 
5157 3861 1764 4506 
5158 3158 3958 4599 
5159 2574 2573 2575 
5160 2822 2824 2825 
5161 442 1 4308 
5162 1932 2037 2038 
5163 774 737 5149 
5164 191 546 4131 
5165 2437 2283 2438 
5166 673 672 674 
5167 824 2425 5466 
5168 2930 2282 3282 
5169 210 437 4326 
5170 1262 1387 1388 
5171 621 622 623 
5172 467 468 4066 
5173 1709 1751 4031 
5174 1742 2096 2465 
5175 655 657 4195 
5176 453 451 2916 
5177 4070 1575 4391 
5178 766 3918 4187 
5179 4589 4849 5669 
5180 2836 3097 4703 
5181 2521 2520 2522 
5182 644 643 645 
5183 893 616 4046 
5184 426 290 4161 
5185 2523 2522 2524 
5186 1294 1295 1296 
5187 1235 1244 1245 
5188 4125 4896 5587 
5189 1439 1283 4762 
5190 2074 2971 2987 
5191 2038 2097 2509 
5192 1560 1656 1657 
5193 2256 3845 3846 
5194 2641 3440 5799 
5195 1210 2106 4675 
5196 2643 2642 2644 
5197 1717 1931 1932 
5198 1777 1716 4074 
5199 2841 2859 4205 
5200 3176 3177 3178 
5201 1673 1674 1675 
5202 2061 3237 4133 
5203 2509 2871 2939 
5204 3673 1510 5020 
5205 1058 1040 1059 
5206 3209 3208 3210 
5207 1000 999 1001 
5208 1246 1204 1254 
5209 1821 3773 4874 
5210 2411 2410 2412 
5211 95 94 1121 
5212 3178 3227 3228 
5213 2032 1346 4212 
5214 4122 4109 5126 
5215 646 645 647 
5216 4229 235 5114 
5217 912 870 4349 
5218 4980 417 5477 
5219 3310 524 3362 
5220 218 4044 4547 
5221 1723 1920 5760 
5222 735 736 737 
5223 4514 3273 5553 
5224 2763 2764 2765 
5225 4536 2850 4964 
5226 4185 1493 4982 
5227 4023 433 4688 
5228 3965 2804 3997 
5229 2227 2229 4024 
5230 623 624 625 
5231 834 833 835 
5232 5088 4919 5731 
5233 3434 4379 4380 
5234 652 653 654 
5235 818 819 820 
5236 3726 1079 4584 
5237 3315 2307 3723 
5238 2576 2575 2577 
5239 1398 3742 5634 
5240 1644 1820 1821 
5241 101 100 1184 
5242 770 758 2614 
5243 1323 4221 4455 
5244 4894 1601 5098 
5245 762 764 1981 
5246 1087 3830 5771 
5247 3787 2045 5093 
5248 98 97 3672 
5249 648 647 649 
5250 3321 2922 4864 
5251 1153 3722 5247 
5252 2477 1873 3199 
5253 1982 2539 4602 
5254 5262 1681 5394 
5255 1814 1813 1815 
5256 942 914 982 
5257 2702 2221 2991 
5258 573 2306 4000 
5259 2725 2723 4052 
5260 452 455 4036 
5261 762 1981 4049 
5262 842 844 4884 
5263 3172 3173 3174 
5264 2749 2748 2750 
5265 1954 1399 4041 
5266 3824 1331 4367 
5267 853 852 854 
5268 3657 3072 5046 
5269 2677 2791 4183 
5270 4440 531 4441 
5271 3458 2673 4010 
5272 2645 2644 2646 
5273 2585 2415 3964 
5274 2690 4153 4783 
5275 1882 3613 3987 
5276 1225 1224 1226 
5277 90 89 1451 
5278 963 912 3303 
5279 1365 1254 1366 
5280 2525 2524 2526 
5281 1601 3618 5098 
5282 1675 1676 1744 
5283 2266 1646 4076 
5284 1313 1312 1314 
5285 2918 3028 4048 
5286 4850 3913 5706 
5287 5459 3603 5813 
5288 900 922 923 
5289 3022 2991 3023 
5290 1154 1139 4276 
5291 2413 2412 2414 
5292 1697 1695 2748 
5293 4817 3188 5390 
5294 4723 3695 5611 
5295 1802 1546 1803 
5296 4984 3136 5228 
5297 1013 1056 1057 
5298 3730 3861 4239 
5299 5229 3273 5775 
5300 1571 23 5721 
5301 592 594 596 
5302 4097 4096 4098 
5303 2742 2862 2863 
5304 4950 3016 5145 
5305 1979 1980 2729 
5306 1002 1001 1003 
5307 508 5276 5729 
5308 4837 2510 5261 
5309 625 626 627 
5310 971 1039 4654 
5311 3822 1571 5721 
5312 1883 1753 4314 
5313 3365 3363 3627 
5314 1975 1655 1976 
5315 4059 3369 5144 
5316 1635 3829 5030 
5317 2863 2864 2865 
5318 3982 1577 4029 
5319 1115 1116 1117 
5320 1725 4230 5129 
5321 96 95 3813 
5322 2259 3257 4136 
5323 2000 2001 2002 
5324 1358 1360 5002 
5325 2229 3504 3505 
5326 687 4921 5080 
5327 3899 972 5462 
5328 2358 1976 2359 
5329 2458 2457 2459 
5330 1657 1837 1838 
5331 1785 1566 4790 
5332 1151 1149 3740 
5333 3021 3031 3032 
5334 768 899 900 
5335 983 982 1179 
5336 702 703 704 
5337 4143 4929 5154 
5338 3508 3507 3509 
5339 729 728 730 
5340 2853 2854 3026 
5341 4376 4296 4937 
5342 1766 1770 1979 
5343 4021 4324 4592 
5344 2629 2044 2630 
5345 3211 3210 3568 
5346 4025 3985 5225 
5347 2716 3075 4712 
5348 2834 2697 2835 
5349 3373 3156 5377 
5350 737 738 739 
5351 1315 1314 1316 
5352 3009 5078 5473 
5353 1298 1299 1300 
5354 3249 3378 5610 
5355 3513 3512 5067 
5356 505 503 620 
5357 485 483 3946 
5358 4058 4082 4723 
5359 1227 1226 1228 
5360 2765 2766 2767 
5361 448 4019 4020 
5362 4567 4724 5156 
5363 1838 2239 2240 
5364 1004 1003 1005 
5365 2184 1803 2185 
5366 1423 1776 2000 
5367 1229 1228 1230 
5368 627 628 629 
5369 4167 2847 5279 
5370 2578 2577 2579 
5371 3915 2656 4232 
5372 3374 3046 4637 
5373 891 889 2706 
5374 1035 943 1204 
5375 3355 3920 5630 
5376 3446 3447 4019 
5377 704 705 706 
5378 3613 3612 5027 
5379 675 674 676 
5380 674 4065 4883 
5381 3604 3943 5725 
5382 1603 4083 4221 
5383 1117 1119 1120 
5384 1128 1130 1131 
5385 4076 973 4463 
5386 765 763 4158 
5387 1929 2023 4432 
5388 2470 3719 5522 
5389 192 191 4131 
5390 1678 1971 1972 
5391 1155 1172 4612 
5392 1302 1303 1304 
5393 1384 4054 4265 
5394 2016 1777 4074 
5395 3127 3126 5349 
5396 222 443 4173 
5397 3882 2339 3935 
5398 91 90 3912 
5399 97 96 1379 
5400 2647 2646 2648 
5401 3245 4793 5650 
5402 4099 4098 4101 
5403 4217 445 4770 
5404 2312 1863 3126 
5405 2537 2536 2747 
5406 2415 2414 2416 
5407 4240 4239 4347 
5408 1531 4420 4718 
5409 2015 1777 2016 
5410 1711 1914 1915 
5411 3351 2420 5391 
5412 3976 1421 4886 
5413 2002 2235 2436 
5414 1943 4345 5072 
5415 3215 3942 4649 
5416 2729 1980 3993 
5417 2221 1810 4388 
5418 1744 1745 1746 
5419 702 704 5028 
5420 1569 1382 4345 
5421 1324 1316 1325 
5422 4546 3735 4963 
5423 3070 2615 3720 
5424 681 682 683 
5425 4102 4101 4106 
5426 706 707 708 
5427 923 938 939 
5428 1527 1366 1528 
5429 3238 2797 3686 
5430 1855 2437 4225 
5431 1452 1284 1453 
5432 1603 1711 4083 
5433 2174 2659 4711 
5434 1396 1866 5108 
5435 3240 4218 5596 
5436 1648 1646 2266 
5437 3139 3690 4518 
5438 1972 2397 2398 
5439 463 464 4873 
5440 2400 2401 2402 
5441 4071 1842 4968 
5442 127 126 1554 
5443 4109 4108 4110 
5444 1838 3287 4923 
5445 2751 2750 2753 
5446 578 579 580 
5447 2900 2562 4670 
5448 4698 3949 4992 
5449 1607 1453 1614 
5450 4726 5762 5783 
5451 577 925 1065 
5452 2865 2866 2867 
5453 872 871 873 
5454 3566 3565 5358 
5455 3652 3653 5024 
5456 783 3600 5792 
5457 1060 1059 1061 
5458 2266 4076 4077 
5459 3358 3435 5643 
5460 3911 3930 4311 
5461 3541 3540 5084 
5462 2512 3856 5784 
5463 1970 2790 4200 
5464 1297 5181 5415 
5465 1405 2082 5440 
5466 2661 2016 3324 
5467 2757 3792 5577 
5468 1870 1869 2041 
5469 2580 2579 2830 
5470 1778 1614 1869 
5471 3953 1934 5469 
5472 4400 3220 5179 
5473 1160 1157 4626 
5474 3103 3251 3602 
5475 1720 4013 4653 
5476 3026 3027 3405 
5477 4165 2272 5238 
5478 3728 2704 3729 
5479 1690 1528 1691 
5480 2415 2416 3964 
5481 2513 3814 4378 
5482 2380 2845 3007 
5483 2865 2867 4396 
5484 781 780 782 
5485 216 439 4166 
5486 3423 2622 4181 
5487 99 98 1185 
5488 1281 1180 1284 
5489 4918 3295 5812 
5490 844 845 846 
5491 4107 4106 4108 
5492 1925 1844 1926 
5493 5229 2921 5699 
5494 3710 4032 5297 
5495 4010 424 5201 
5496 1326 1325 1327 
5497 4200 2790 5811 
5498 1689 1897 4616 
5499 739 744 745 
5500 1231 1230 1232 
5501 2867 2868 3102 
5502 4052 5021 5489 
5503 887 616 893 
5504 1057 1211 1212 
5505 1711 1915 4083 
5506 1006 1005 1007 
5507 650 649 651 
5508 4045 3357 5766 
5509 2486 4277 5755 
5510 2649 2648 2736 
5511 536 538 1577 
5512 989 990 991 
5513 1796 1858 2033 
5514 2433 2233 2850 
5515 4626 2981 5576 
5516 2767 2768 2769 
5517 584 583 3713 
5518 4932 4935 5347 
5519 94 93 3871 
5520 1768 3980 4238 
5521 783 782 784 
5522 2510 2509 4148 
5523 4263 3030 5450 
5524 731 733 4917 
5525 87 86 805 
5526 3680 3119 5408 
5527 1233 1232 1234 
5528 4529 3554 5283 
5529 461 458 3854 
5530 2288 2289 2593 
5531 708 709 710 
5532 2775 3356 3357 
5533 1641 4139 5600 
5534 1328 1327 1329 
5535 781 783 5442 
5536 1788 2858 3853 
5537 2345 2041 2565 
5538 3690 3138 4079 
5539 1469 1470 1472 
5540 2303 1804 2536 
5541 731 730 732 
5542 773 751 5251 
5543 3880 5461 5507 
5544 4084 4085 4086 
5545 745 750 751 
5546 3113 1840 4063 
5547 3776 490 4371 
5548 93 92 3781 
5549 3043 2830 3111 
5550 1131 1136 1137 
5551 4257 442 5662 
5552 4593 3847 5229 
5553 4088 4089 4090 
5554 4458 2503 5567 
5555 3954 3194 5225 
5556 785 784 786 
5557 3683 4423 4465 
5558 3144 4673 5036 
5559 751 754 755 
5560 994 1531 4718 
5561 1583 1876 2020 
5562 2754 2753 2755 
5563 939 960 961 
5564 3036 4782 5405 
5565 2009 2258 3124 
5566 2703 2051 2704 
5567 2604 3235 4147 
5568 2500 2942 2943 
5569 755 759 760 
5570 3976 3386 3977 
5571 2806 4435 4719 
5572 3570 4566 5228 
5573 3401 3023 3402 
5574 956 921 1580 
5575 1396 1395 1559 
5576 760 771 772 
5577 2286 2287 2288 
5578 787 786 792 
5579 1205 3041 3042 
5580 1330 1329 1395 
5581 2316 2246 2317 
5582 2565 3321 4060 
5583 3654 2256 5393 
5584 3877 2958 4642 
5585 2364 1908 2615 
5586 976 1016 5566 
5587 2224 2304 2853 
5588 1506 1275 1507 
5589 1320 1061 1321 
5590 1478 1477 1479 
5591 3903 1530 5754 
5592 3852 4444 5018 
5593 235 4229 5683 
5594 4714 3653 5393 
5595 1560 1559 1656 
5596 1053 1276 1277 
5597 1758 1573 1759 
5598 2805 3988 3989 
5599 1799 1905 5455 
5600 472 469 1664 
5601 776 777 778 
5602 1315 1635 4267 
5603 2626 3021 4316 
5604 3959 2399 5150 
5605 3519 3520 5493 
5606 1235 1234 1244 
5607 2940 2095 3053 
5608 1881 3297 3298 
5609 1008 1007 1009 
5610 467 4066 5109 
5611 2004 1851 5203 
5612 3166 3890 4196 
5613 2816 2379 2817 
5614 3577 2998 4082 
5615 1910 2583 2839 
5616 1199 1282 5443 
5617 2822 2825 4262 
5618 1652 2255 4321 
5619 428 4021 4592 
5620 4229 4227 5683 
5621 2020 2021 2022 
5622 2330 559 3671 
5623 1334 1060 4220 
5624 1698 1947 4583 
5625 1918 2540 4004 
5626 652 651 653 
5627 2769 2770 2771 
5628 1769 2349 4608 
5629 1746 1747 1795 
5630 733 732 734 
5631 1542 1321 1543 
5632 5000 1608 5428 
5633 1899 2381 2382 
5634 558 1999 4248 
5635 2911 3208 3209 
5636 2737 2736 2917 
5637 3204 1610 5253 
5638 1461 1462 1463 
5639 1741 1391 3129 
5640 3629 2778 3791 
5641 3415 3596 3986 
5642 1910 2839 4650 
5643 2022 2493 2494 
5644 2501 2502 2910 
5645 4420 3181 4718 
5646 4083 1915 4084 
5647 4549 3928 5660 
5648 1360 1361 1362 
5649 1661 3968 4534 
5650 1294 1245 1295 
5651 47 317 413 
5652 392 164 415 
5653 629 630 631 
5654 2542 5078 5684 
5655 4046 3895 4797 
5656 2693 2691 2694 
5657 3458 4010 5201 
5658 2205 2723 2724 
5659 2011 2210 2387 
5660 3661 3662 4882 
5661 2596 2598 2599 
5662 3403 3402 3790 
5663 2771 2772 2773 
5664 2839 2840 2841 
5665 2631 3535 3536 
5666 793 792 797 
5667 3160 4241 5232 
5668 1298 1296 1299 
5669 2914 2823 3293 
5670 2262 2499 2500 
5671 471 474 1659 
5672 1010 1009 1012 
5673 4469 3649 4683 
5674 1137 1141 1142 
5675 722 723 724 
5676 2719 3714 5647 
5677 1023 1024 1025 
5678 483 1562 3946 
5679 3405 3406 3879 
5680 1115 1117 4250 
5681 2465 2096 2466 
5682 2483 2550 4047 
5683 2774 3180 3181 
5684 2382 2383 2384 
5685 2419 4227 4228 
5686 1653 1369 4268 
5687 1816 1815 1817 
5688 687 690 4921 
5689 1466 1468 1469 
5690 2384 2385 2386 
5691 3734 789 5481 
5692 1358 1357 1359 
5693 2811 2444 2812 
5694 1463 1464 1466 
5695 4245 3203 5388 
5696 1023 1025 3743 
5697 920 955 2069 
5698 2066 2572 2573 
5699 89 88 3951 
5700 677 676 678 
5701 2608 2607 2609 
5702 4112 4089 4113 
5703 910 909 1026 
5704 165 392 4159 
5705 778 926 927 
5706 1013 1012 1056 
5707 1302 1300 1303 
5708 179 406 5015 
5709 3948 3949 4697 
5710 1150 1158 5509 
5711 735 734 736 
5712 767 765 2681 
5713 2074 2987 4994 
5714 3930 3931 4311 
5715 3833 4811 5566 
5716 2063 2065 2066 
5717 2450 2042 4449 
5718 3319 2240 3320 
5719 1691 1528 4749 
5720 489 487 557 
5721 3667 3969 5170 
5722 1657 1656 1837 
5723 454 453 5246 
5724 3291 3465 5571 
5725 679 678 680 
5726 4435 3665 4719 
5727 3491 3098 5330 
5728 1893 1892 1955 
5729 2093 2421 5753 
5730 32 302 412 
5731 407 179 414 
5732 514 515 516 
5733 303 32 4529 
5734 1692 3970 5184 
5735 1833 1831 1917 
5736 971 1032 1033 
5737 2918 2917 2919 
5738 2653 2040 2654 
5739 3160 3688 4241 
5740 3221 3053 3222 
5741 3901 988 5255 
5742 2901 2900 3058 
5743 712 1696 1714 
5744 2078 2260 2890 
5745 1974 1955 2050 
5746 1915 1914 4193 
5747 2336 1848 2337 
5748 1955 1892 3863 
5749 3231 4333 5707 
5750 2386 2518 2520 
5751 200 199 3548 
5752 296 297 449 
5753 3571 3416 4799 
5754 2518 2385 2519 
5755 1932 1931 2037 
5756 2160 2159 2161 
5757 3642 4502 5612 
5758 3308 3309 3311 
5759 2185 2969 2970 
5760 757 769 1712 
5761 2197 2196 5606 
5762 3341 3342 5433 
5763 3712 3711 5594 
5764 1714 1854 1855 
5765 4137 4085 4138 
5766 1222 1223 1224 
5767 4553 4576 5329 
5768 4936 2362 5359 
5769 2060 2062 2063 
5770 1662 1516 1663 
5771 1267 3108 3270 
5772 241 242 4294 
5773 1277 1511 1512 
5774 2490 2285 2491 
5775 1216 1214 1240 
5776 3110 3793 5319 
5777 476 478 547 
5778 681 680 682 
5779 3398 2519 3399 
5780 935 898 936 
5781 1284 1180 4012 
5782 4609 1109 4787 
5783 1626 1388 1627 
5784 3372 2291 5351 
5785 2700 3578 3579 
5786 2632 2630 2985 
5787 710 714 715 
5788 4074 1716 4425 
5789 2072 3095 3369 
5790 1291 3840 5263 
5791 2550 3368 4047 
5792 294 295 4289 
5793 4334 3106 4930 
5794 4807 3048 5292 
5795 1905 1906 5227 
5796 2593 2594 4199 
5797 752 757 4135 
5798 2844 2036 4172 
5799 1308 1306 1323 
5800 290 291 4161 
5801 1274 1055 1275 
5802 2681 765 4158 
5803 1998 2299 2300 
5804 317 46 4169 
5805 2860 2861 3145 
5806 2038 2037 2097 
5807 1267 1032 3107 
5808 3862 3283 4769 
5809 2970 4577 4937 
5810 880 881 3764 
5811 2724 2725 3188 
5812 820 822 823 
5813 927 948 950 
5814 737 736 738 
5815 289 426 4658 
5816 3675 3676 3677 
5817 2509 2097 2871 
5818 1278 1054 1317 
5819 814 812 815 
5820 2551 2337 3313 
5821 2827 3878 4446 
5822 4824 1731 5361 
5823 1643 1627 1644 
5824 237 238 4303 
5825 1990 1989 1991 
5826 1838 1837 2239 
5827 3741 1349 4702 
5828 3792 2757 5385 
5829 2042 1759 2098 
5830 3602 463 5239 
5831 208 209 4325 
5832 2526 3395 3396 
5833 265 266 4302 
5834 3803 3801 3804 
5835 1802 1803 2184 
5836 229 230 4307 
5837 180 407 4201 
5838 4705 847 5692 
5839 2657 3577 5077 
5840 1533 1381 5200 
5841 2239 1837 2396 
5842 800 798 825 
5843 2841 2842 2843 
5844 4277 3450 5755 
5845 2634 1952 4175 
5846 1595 2083 4759 
5847 4088 4086 4089 
5848 2244 2242 2245 
5849 3028 2919 3444 
5850 1665 1664 1830 
5851 3497 2436 3498 
5852 3880 2508 4665 
5853 1344 2395 4916 
5854 715 717 718 
5855 2138 2137 2139 
5856 2400 2398 2401 
5857 3702 1957 4684 
5858 948 926 949 
5859 3695 3694 5009 
5860 1261 1044 1262 
5861 743 3838 4516 
5862 2002 2001 2235 
5863 4094 4092 4100 
5864 2781 2396 3196 
5865 2703 3728 4482 
5866 462 461 5244 
5867 2949 2943 4043 
5868 683 686 687 
5869 2000 1776 2001 
5870 2191 3568 5563 
5871 2741 2030 2742 
5872 2406 2404 2419 
5873 2354 2050 2955 
5874 293 294 4290 
5875 949 4750 4820 
5876 913 940 941 
5877 2825 2824 3649 
5878 2623 2209 2624 
5879 1656 1559 1684 
5880 1718 2035 3469 
5881 1304 1303 1603 
5882 2969 3964 4577 
5883 3303 912 4349 
5884 2103 2058 2241 
5885 259 260 4297 
5886 1422 1408 4520 
5887 631 632 633 
5888 3096 3814 4554 
5889 4419 3181 4420 
5890 1627 1388 3957 
5891 1603 1303 1628 
5892 1180 1179 4012 
5893 4876 1868 5446 
5894 2667 3560 5524 
5895 1918 1919 2540 
5896 433 252 4688 
5897 1623 3990 4328 
5898 4121 4113 4473 
5899 4101 4098 4104 
5900 209 210 4326 
5901 957 936 958 
5902 752 4135 4462 
5903 1 229 4308 
5904 2237 1809 3560 
5905 1043 958 1044 
5906 2015 2016 2661 
5907 2966 3975 5367 
5908 2572 2065 2581 
5909 5106 2540 5557 
5910 2311 2257 3047 
5911 855 854 859 
5912 3958 3158 4835 
5913 3600 1333 4673 
5914 3055 3841 5131 
5915 3971 3026 5221 
5916 258 259 4298 
5917 4923 3287 5158 
5918 923 922 938 
5919 1378 1576 1686 
5920 2033 2034 2367 
5921 1643 1848 2073 
5922 2029 2027 2031 
5923 4084 1915 4085 
5924 965 880 3764 
5925 1906 2055 5227 
5926 1128 1131 5240 
5927 3813 1121 3849 
5928 3445 2581 3446 
5929 3209 3210 3211 
5930 2171 2161 2172 
5931 656 654 4049 
5932 2959 1829 4865 
5933 702 701 703 
5934 1972 1971 2397 
5935 1855 2281 2283 
5936 739 738 744 
5937 2073 2336 2338 
5938 1648 2266 4208 
5939 4151 532 4527 
5940 989 961 990 
5941 302 31 4275 
5942 231 232 4144 
5943 1588 1587 3762 
5944 4010 2673 4320 
5945 1395 1329 1683 
5946 2027 2025 4007 
5947 900 899 922 
5948 1834 1789 5335 
5949 2056 2054 2057 
5950 1938 1826 1939 
5951 4726 4304 5762 
5952 941 966 1918 
5953 3622 2394 5174 
5954 503 501 4053 
5955 1327 1325 1401 
5956 633 634 635 
5957 942 982 983 
5958 318 47 4475 
5959 1205 3042 4075 
5960 2312 3126 3127 
5961 805 3916 5124 
5962 2870 3739 5761 
5963 1734 1818 4588 
5964 2930 3282 3283 
5965 739 745 5536 
5966 704 703 705 
5967 2575 2573 2582 
5968 1624 1540 1737 
5969 2372 2374 2722 
5970 654 653 762 
5971 4012 2604 4147 
5972 481 3954 5225 
5973 1981 764 4187 
5974 3402 3746 5602 
5975 2539 3009 4602 
5976 3471 2593 3472 
5977 3829 1867 5508 
5978 3578 2703 4482 
5979 4728 4949 5714 
5980 2393 2559 2806 
5981 2773 2775 4194 
5982 2522 2520 2785 
5983 635 636 637 
5984 562 563 564 
5985 2288 2593 3471 
5986 2240 2239 4242 
5987 3145 3146 3147 
5988 4074 4425 4657 
5989 637 638 639 
5990 2157 2783 2964 
5991 3522 3397 5038 
5992 1711 1628 1801 
5993 1668 1632 1669 
5994 2982 2401 3077 
5995 3793 4270 5319 
5996 2410 2408 2586 
5997 4178 515 5248 
5998 1437 1435 1505 
5999 178 405 1638 
6000 2220 2809 4551 
6001 439 217 4547 
6002 2005 2275 4819 
6003 2526 2524 3395 
6004 2367 2368 2538 
6005 4090 4089 4112 
6006 2386 2385 2518 
6007 3126 1863 4208 
6008 1738 3883 4779 
6009 1899 1898 2380 
6010 1067 1069 4160 
6011 706 705 707 
6012 3201 3200 5113 
6013 2916 4050 4051 
6014 1647 3959 4801 
6015 4086 4085 4137 
6016 451 447 4050 
6017 2300 2299 4167 
6018 754 750 756 
6019 1631 1533 1632 
6020 1914 1801 2286 
6021 2831 4260 4261 
6022 796 3647 5633 
6023 575 573 4000 
6024 1975 1976 2358 
6025 687 689 690 
6026 2384 2383 2385 
6027 3943 600 5725 
6028 2637 2636 3511 
6029 778 777 926 
6030 3144 2651 5145 
6031 1853 535 3924 
6032 993 991 4075 
6033 2695 2694 2696 
6034 745 744 750 
6035 2518 2519 3398 
6036 848 3408 4610 
6037 2266 4077 4078 
6038 1314 1312 1322 
6039 1194 962 1195 
6040 2269 2031 2270 
6041 2239 2396 2781 
6042 2448 4040 5586 
6043 1300 1299 4081 
6044 2910 2911 4235 
6045 1040 1033 4146 
6046 3947 3948 4561 
6047 1651 949 1898 
6048 755 754 759 
6049 751 750 754 
6050 22 21 1164 
6051 1057 1056 1211 
6052 2271 2013 2828 
6053 1318 1317 1319 
6054 2328 2327 2329 
6055 708 707 709 
6056 760 759 771 
6057 2398 2397 4124 
6058 2611 2666 4331 
6059 1532 1381 1533 
6060 931 882 2946 
6061 997 995 1014 
6062 3100 4071 4968 
6063 862 934 5653 
6064 4124 2397 4125 
6065 983 1179 1180 
6066 971 950 1032 
6067 221 222 4173 
6068 4132 3029 4867 
6069 2402 2401 2982 
6070 1512 1810 1811 
6071 1380 1319 1381 
6072 2064 2061 4133 
6073 190 189 4385 
6074 1427 1425 1428 
6075 690 692 693 
6076 1697 2748 2749 
6077 1222 1220 1223 
6078 939 938 960 
6079 3167 3179 4987 
6080 2236 2680 3354 
6081 1670 1669 1671 
6082 2781 3196 3198 
6083 393 165 1625 
6084 3264 2427 3302 
6085 3941 2612 5672 
6086 1452 1453 1607 
6087 1603 1628 1711 
6088 3806 5060 5234 
6089 2211 2616 5315 
6090 1228 1226 1247 
6091 3474 1185 3475 
6092 2911 3209 4235 
6093 771 759 1682 
6094 1663 1516 4129 
6095 2310 2270 2498 
6096 215 216 4166 
6097 3619 4602 5419 
6098 757 1712 4135 
6099 2220 2701 2809 
6100 2943 2942 2944 
6101 2106 3109 4675 
6102 1870 2041 2345 
6103 518 519 520 
6104 1281 1284 1452 
6105 1234 1232 1285 
6106 2235 2001 2792 
6107 552 550 2966 
6108 1711 1801 1914 
6109 2941 2498 3842 
6110 4577 4376 4937 
6111 193 192 1589 
6112 1778 1869 1870 
6113 2382 2381 2383 
6114 2813 2812 3148 
6115 2337 4874 5212 
6116 1607 1614 1778 
6117 4935 4664 5347 
6118 2414 2412 2417 
6119 2194 1819 2257 
6120 1639 4264 5103 
6121 1262 1388 1626 
6122 1914 2286 2334 
6123 2830 2579 2831 
6124 2749 2750 2751 
6125 802 5190 5354 
6126 623 622 624 
6127 3149 3148 3150 
6128 1076 1075 1078 
6129 2845 1898 4820 
6130 836 835 837 
6131 927 926 948 
6132 4821 274 5299 
6133 1623 1223 2059 
6134 2134 2132 2135 
6135 2836 2835 3097 
6136 294 4289 4290 
6137 5553 3273 5699 
6138 3326 4952 5676 
6139 166 393 4204 
6140 1927 2012 5112 
6141 4112 4113 4121 
6142 2015 2661 2684 
6143 1293 1294 5415 
6144 4445 2510 4837 
6145 2640 2494 4073 
6146 776 772 777 
6147 3032 3033 3034 
6148 3419 3453 4861 
6149 2062 2061 2064 
6150 1423 2000 4313 
6151 710 709 714 
6152 2345 2565 3134 
6153 2676 3360 3361 
6154 810 804 811 
6155 2278 4276 4277 
6156 516 517 518 
6157 2186 1829 2959 
6158 722 720 723 
6159 3209 3211 4002 
6160 1802 2184 2554 
6161 3978 3977 3979 
6162 627 626 628 
6163 860 859 861 
6164 3002 2910 4145 
6165 1992 2568 2569 
6166 4085 1915 4193 
6167 3778 3777 5453 
6168 2702 2991 3022 
6169 621 557 622 
6170 718 717 1581 
6171 991 990 1205 
6172 2060 2059 2061 
6173 510 507 1757 
6174 1111 1108 1112 
6175 880 879 881 
6176 3710 5297 5594 
6177 2312 3127 3128 
6178 3625 5082 5810 
6179 2863 2862 2864 
6180 3837 1443 4734 
6181 2345 3134 3135 
6182 4228 4227 4229 
6183 1718 3469 4618 
6184 1211 1056 1331 
6185 1205 990 2788 
6186 2901 3059 3665 
6187 1003 1001 1011 
6188 1212 1211 4313 
6189 1472 1475 1476 
6190 4325 209 4326 
6191 728 726 741 
6192 2031 2027 4007 
6193 3068 5464 5698 
6194 1267 3107 3108 
6195 1899 2380 2381 
6196 2318 2317 2390 
6197 2066 2065 2572 
6198 1818 2193 2497 
6199 1794 1792 4382 
6200 229 4307 4308 
6201 1033 1032 1267 
6202 1514 3941 4233 
6203 1742 2095 2096 
6204 1543 1716 1717 
6205 2184 2185 4320 
6206 3602 3251 3603 
6207 440 264 4839 
6208 2009 1682 2205 
6209 2224 2853 4680 
6210 1831 1830 4262 
6211 114 113 1471 
6212 1543 1321 1716 
6213 1392 1741 1742 
6214 1508 1450 2222 
6215 2707 1805 2708 
6216 2261 2259 4136 
6217 2262 2261 2263 
6218 2097 2037 3004 
6219 3764 2957 4915 
6220 3435 4151 4527 
6221 660 658 688 
6222 1953 1772 2698 
6223 4669 1754 5454 
6224 2499 2263 2501 
6225 2706 889 4149 
6226 1778 1870 2191 
6227 2260 2259 2261 
6228 1724 4168 5515 
6229 3052 3051 5059 
6230 629 628 630 
6231 1672 1671 1673 
6232 883 937 2206 
6233 3940 4448 5511 
6234 2336 2337 2551 
6235 2991 2221 4388 
6236 2515 3256 5388 
6237 2547 3260 5179 
6238 1079 1078 1080 
6239 3138 2088 5164 
6240 3955 2615 4338 
6241 2290 2802 3895 
6242 2724 3188 3340 
6243 2554 2184 2673 
6244 625 624 626 
6245 1973 2008 4448 
6246 3486 3489 3490 
6247 3490 3489 4424 
6248 306 35 4213 
6249 712 692 1695 
6250 1061 1059 1289 
6251 2793 2792 3540 
6252 2235 2792 2793 
6253 823 826 827 
6254 3730 4239 4240 
6255 1043 1261 1263 
6256 2940 3053 3221 
6257 1452 1607 1681 
6258 2594 2596 4188 
6259 2865 2864 2866 
6260 1263 1391 1392 
6261 2501 2910 3002 
6262 4511 1524 5024 
6263 3107 1032 4370 
6264 422 267 4473 
6265 4968 3246 5019 
6266 46 316 1639 
6267 2644 2642 2720 
6268 3808 3205 5572 
6269 4345 2664 5072 
6270 1717 1777 1931 
6271 2096 2095 2940 
6272 1880 1400 4805 
6273 2429 2789 4648 
6274 1099 1097 3887 
6275 2017 1822 4454 
6276 2982 3077 3461 
6277 1906 1901 2053 
6278 2500 2499 2942 
6279 2684 2661 3411 
6280 3396 3395 3892 
6281 3814 1945 4554 
6282 4665 2508 5343 
6283 1651 1898 1899 
6284 983 1180 1181 
6285 1619 723 3045 
6286 2684 3411 3412 
6287 1581 717 1582 
6288 1742 1741 2095 
6289 3102 2868 3103 
6290 1172 2707 4612 
6291 1360 1359 1361 
6292 948 949 1651 
6293 2255 1859 4269 
6294 259 4297 4298 
6295 3946 1562 4334 
6296 3221 3222 3715 
6297 3274 4252 4941 
6298 736 734 742 
6299 878 877 879 
6300 2554 2673 3457 
6301 1776 1546 1802 
6302 2063 2062 2065 
6303 1626 1627 1643 
6304 520 527 528 
6305 1423 1331 1546 
6306 1303 1300 4081 
6307 2616 3825 4156 
6308 2572 2581 3445 
6309 482 1539 3929 
6310 2419 4228 4299 
6311 693 692 712 
6312 2827 2079 3430 
6313 987 1272 1273 
6314 1678 1863 1971 
6315 126 125 4180 
6316 2751 2753 2754 
6317 984 1238 1239 
6318 1781 2101 2236 
6319 1931 1777 2015 
6320 744 738 1710 
6321 2126 2125 2127 
6322 1717 1716 1777 
6323 1963 1964 5107 
6324 1647 1648 1678 
6325 1392 1391 1741 
6326 1643 1644 1848 
6327 4890 3351 5686 
6328 509 2394 5276 
6329 1732 1734 2948 
6330 460 463 5459 
6331 2020 1876 2021 
6332 3034 3152 3153 
6333 3252 4018 4445 
6334 695 693 4476 
6335 3543 1241 5749 
6336 4256 416 5565 
6337 3719 2549 5522 
6338 3457 2673 3458 
6339 4255 4256 4257 
6340 1103 1101 1105 
6341 2736 2648 3615 
6342 2341 2340 2731 
6343 1009 1007 1046 
6344 1919 966 2077 
6345 2561 2900 2901 
6346 2022 2021 2493 
6347 1375 1371 1376 
6348 43 313 789 
6349 3234 2892 4609 
6350 2793 3540 3541 
6351 1018 1017 3855 
6352 4441 1699 5046 
6353 564 565 566 
6354 2850 2233 5155 
6355 2551 3313 3314 
6356 4360 4359 4361 
6357 1090 1088 1091 
6358 3162 3161 3163 
6359 1224 1223 1623 
6360 2494 2493 3056 
6361 3738 2866 4900 
6362 224 3715 5525 
6363 2130 2113 4764 
6364 2130 4764 4925 
6365 92 1122 3781 
6366 4425 1289 4657 
6367 3508 3509 3575 
6368 2754 2755 2778 
6369 2943 2944 4043 
6370 3134 2565 4060 
6371 1181 1281 1367 
6372 2963 4494 5306 
6373 2269 2310 3195 
6374 2073 1848 2336 
6375 1914 2334 4193 
6376 1423 1546 1776 
6377 2266 4078 4208 
6378 4559 3599 5155 
6379 3143 3961 5497 
6380 4143 5047 5522 
6381 715 714 717 
6382 2914 3293 3294 
6383 3832 3328 5425 
6384 1043 1044 1261 
6385 890 892 1738 
6386 2231 1885 2284 
6387 654 762 4049 
6388 2120 2147 4611 
6389 2774 2773 2808 
6390 36 306 790 
6391 2299 2847 4167 
6392 556 946 947 
6393 1509 3888 5097 
6394 119 118 1465 
6395 1971 1863 2312 
6396 818 816 819 
6397 2894 2895 3551 
6398 1816 1817 4668 
6399 4042 1289 4431 
6400 2159 2179 4693 
6401 3231 2865 4396 
6402 4186 3189 5531 
6403 1678 1648 1863 
6404 3228 3885 5052 
6405 683 682 686 
6406 3181 3180 4203 
6407 1597 918 2213 
6408 2140 2139 2141 
6409 2916 451 4050 
6410 2759 2761 2779 
6411 164 391 4586 
6412 1211 1331 1423 
6413 4171 4812 5426 
6414 960 938 973 
6415 2493 2021 2826 
6416 2009 2205 2258 
6417 4138 4085 4193 
6418 1660 4123 4784 
6419 876 875 877 
6420 4424 3489 4444 
6421 1161 1165 4731 
6422 2867 2866 2868 
6423 2122 2121 2123 
6424 2078 2077 2259 
6425 3700 2485 3756 
6426 3883 1738 5206 
6427 3969 339 5170 
6428 2477 3199 3200 
6429 4002 3211 4003 
6430 957 958 1043 
6431 2775 3357 4194 
6432 1998 1996 2299 
6433 1246 1254 1365 
6434 1969 2048 4978 
6435 4096 4094 4223 
6436 3998 1561 5751 
6437 3201 5113 5507 
6438 417 278 4552 
6439 1489 3753 4558 
6440 4089 4086 4137 
6441 1167 1166 4569 
6442 4849 2790 5669 
6443 1539 3777 3778 
6444 709 707 713 
6445 940 914 942 
6446 316 45 4264 
6447 4376 4375 4377 
6448 712 1714 4476 
6449 764 765 766 
6450 3412 3411 4161 
6451 927 970 4880 
6452 3009 3008 5078 
6453 766 767 768 
6454 3164 3163 3166 
6455 724 723 1619 
6456 4464 3400 5557 
6457 4255 4254 4256 
6458 768 898 899 
6459 2754 2778 3526 
6460 3712 4315 4852 
6461 647 645 747 
6462 1647 1646 1648 
6463 2401 2398 4124 
6464 390 162 601 
6465 3022 3023 3401 
6466 874 873 875 
6467 311 40 4246 
6468 2472 4567 4736 
6469 3627 3363 5741 
6470 1203 888 4779 
6471 2594 4188 4199 
6472 2060 2061 2062 
6473 1796 2033 4467 
6474 1035 1204 1246 
6475 3327 3326 4587 
6476 935 936 957 
6477 3847 2921 5229 
6478 2901 3058 3059 
6479 3320 2240 4242 
6480 1977 1839 2603 
6481 1733 1730 2899 
6482 2537 2747 2992 
6483 2262 2263 2499 
6484 771 1682 2009 
6485 4113 4089 4137 
6486 2175 2172 2176 
6487 916 4062 4447 
6488 4092 4090 4217 
6489 1273 1363 1364 
6490 3676 3924 4634 
6491 1897 2350 4616 
6492 2260 2261 2262 
6493 4054 3191 4055 
6494 2771 2773 2774 
6495 580 581 582 
6496 1181 1180 1281 
6497 2281 1854 2282 
6498 528 529 530 
6499 2709 2708 2710 
6500 1205 2788 3041 
6501 1840 1978 4063 
6502 1081 1080 1082 
6503 1267 3270 4146 
6504 4512 2733 5020 
6505 514 512 515 
6506 1481 1479 1494 
6507 556 554 946 
6508 762 653 763 
6509 639 638 752 
6510 701 699 711 
6511 1263 1261 1391 
6512 2765 2767 2780 
6513 2739 3723 4432 
6514 840 839 841 
6515 913 770 914 
6516 2161 4693 5224 
6517 3472 2593 4199 
6518 3094 3092 3161 
6519 961 960 4418 
6520 1918 966 1919 
6521 687 686 689 
6522 1364 1572 1573 
6523 3058 5041 5327 
6524 544 4009 4766 
6525 631 630 632 
6526 1365 1366 1527 
6527 1987 1986 2052 
6528 1516 1332 4129 
6529 76 346 794 
6530 3746 1679 5735 
6531 1975 2358 2504 
6532 838 837 839 
6533 899 898 935 
6534 935 957 2049 
6535 3450 1133 3648 
6536 2478 1653 4268 
6537 2467 3940 5511 
6538 3350 4890 5568 
6539 2504 3068 3789 
6540 1447 1420 1448 
6541 2187 1794 2896 
6542 3320 4242 4243 
6543 1539 3778 3929 
6544 2225 2223 2340 
6545 4158 763 4538 
6546 1623 2059 2060 
6547 768 767 898 
6548 2872 3832 5068 
6549 1645 1646 1647 
6550 2376 2379 2816 
6551 798 797 4174 
6552 2504 2358 3068 
6553 3359 4609 4990 
6554 177 404 619 
6555 2928 3855 5005 
6556 1198 1162 3636 
6557 690 689 692 
6558 762 763 764 
6559 2009 3124 4387 
6560 3344 3345 5720 
6561 3321 4864 5246 
6562 766 765 767 
6563 3774 2678 4210 
6564 2689 2688 2690 
6565 3246 932 5490 
6566 643 641 2014 
6567 3938 4950 5343 
6568 2391 2390 2443 
6569 1620 4346 5215 
6570 683 687 5080 
6571 2535 2047 3731 
6572 1306 1304 4221 
6573 2659 3060 4711 
6574 884 498 885 
6575 842 841 843 
6576 1092 1091 1094 
6577 846 849 850 
6578 633 632 634 
6579 913 914 940 
6580 3812 4409 5323 
6581 944 1036 1051 
6582 1876 1655 1975 
6583 394 166 588 
6584 3892 288 4658 
6585 3798 3800 5472 
6586 2733 2282 2930 
6587 21 20 4182 
6588 1106 1105 1107 
6589 1886 1653 2478 
6590 4833 3673 5020 
6591 635 634 636 
6592 2078 2259 2260 
6593 2711 2710 2712 
6594 732 730 1736 
6595 1714 1696 1854 
6596 2931 2932 4195 
6597 3011 2974 4902 
6598 4043 2944 4044 
6599 3679 3676 4634 
6600 637 636 638 
6601 3162 3164 3165 
6602 1842 953 3246 
6603 3053 2095 4280 
6604 1962 1939 2541 
6605 2938 2936 3190 
6606 769 770 913 
6607 3714 3112 4995 
6608 3665 3059 3666 
6609 862 861 863 
6610 1772 1769 4608 
6611 312 41 4265 
6612 308 37 4211 
6613 1827 2249 2894 
6614 1978 2089 2983 
6615 3538 4540 4822 
6616 301 30 600 
6617 1855 1854 2281 
6618 2185 2970 4320 
6619 862 863 864 
6620 1945 1578 3785 
6621 507 505 4177 
6622 697 695 2829 
6623 614 5146 5448 
6624 4114 4105 5110 
6625 1253 1372 1373 
6626 769 758 770 
6627 1690 1691 1804 
6628 764 763 765 
6629 167 394 4291 
6630 2438 2283 3039 
6631 2979 2712 2981 
6632 1304 1603 4221 
6633 3251 3250 3252 
6634 941 940 966 
6635 3551 3928 4549 
6636 3203 2347 3424 
6637 3103 2868 3250 
6638 2239 2781 4242 
6639 991 1205 4075 
6640 2436 2235 4324 
6641 4716 2516 4788 
6642 757 758 769 
6643 3360 4968 5019 
6644 2860 2843 2861 
6645 844 843 845 
6646 2303 2536 2537 
6647 2339 3013 3935 
6648 44 314 1618 
6649 1527 1528 1690 
6650 485 3946 4598 
6651 305 34 4288 
6652 1129 4672 5712 
6653 2774 2808 3180 
6654 1317 1054 4343 
6655 985 1017 1018 
6656 2784 3896 5304 
6657 267 268 4473 
6658 4383 587 4967 
6659 4436 1581 4735 
6660 3188 2725 5390 
6661 1581 1582 1583 
6662 3964 2416 4577 
6663 1583 1582 1655 
6664 2157 2964 4871 
6665 5363 2718 5610 
6666 3667 4151 5289 
6667 1769 1767 2349 
6668 1583 1655 1876 
6669 120 119 3995 
6670 2891 2237 4521 
6671 668 666 685 
6672 1339 1271 1340 
6673 4240 2820 5111 
6674 42 312 1634 
6675 752 638 753 
6676 2404 2402 4226 
6677 3215 4669 5454 
6678 321 50 525 
6679 1251 1252 1253 
6680 3730 4240 5325 
6681 4750 3124 4820 
6682 2822 2823 2824 
6683 689 686 691 
6684 1429 1428 1430 
6685 2687 2686 2688 
6686 2829 695 4476 
6687 3209 4002 4235 
6688 1673 1675 4190 
6689 1283 1201 4762 
6690 2243 3609 5303 
6691 2816 2817 3322 
6692 616 610 4046 
6693 1083 1082 1087 
6694 1763 1982 4602 
6695 2937 2938 5008 
6696 4953 2825 5547 
6697 5118 2952 5499 
6698 1095 1094 1096 
6699 1242 1169 2278 
6700 960 973 1645 
6701 1347 1062 1368 
6702 3401 3402 3403 
6703 278 279 4552 
6704 5040 3531 5528 
6705 1830 2821 2822 
6706 1538 677 4605 
6707 3109 2297 3125 
6708 1033 1267 4146 
6709 5574 4259 5697 
6710 2946 882 4721 
6711 1774 3738 5503 
6712 4384 3483 5230 
6713 2251 2271 2931 
6714 3662 4382 5316 
6715 50 320 4231 
6716 3498 2436 4324 
6717 2262 2500 4341 
6718 1947 2496 4583 
6719 1672 2013 2251 
6720 101 1184 3266 
6721 1840 1977 1978 
6722 1447 3971 5324 
6723 2577 2575 4258 
6724 2416 4375 4376 
6725 1140 1155 4612 
6726 2808 2773 4194 
6727 2026 2027 2028 
6728 1214 1212 4214 
6729 2596 2599 4188 
6730 2479 2478 3470 
6731 3220 2795 4040 
6732 2703 2704 3728 
6733 678 676 684 
6734 37 307 1615 
6735 3675 1853 3676 
6736 2524 2522 4251 
6737 889 887 4149 
6738 3123 2549 5460 
6739 4279 1530 5430 
6740 2324 2323 2325 
6741 2795 2212 3019 
6742 4090 4112 4217 
6743 1645 973 1646 
6744 705 703 1752 
6745 4188 2599 4189 
6746 492 494 2267 
6747 4987 3179 5253 
6748 3103 3250 3251 
6749 562 564 4842 
6750 757 753 758 
6751 408 180 1641 
6752 2742 2743 2862 
6753 1628 1303 4081 
6754 1517 1698 4583 
6755 2886 2884 3061 
6756 2749 2751 2752 
6757 3129 1391 4404 
6758 4275 3367 5336 
6759 1830 1664 2821 
6760 20 19 1575 
6761 3955 3165 5194 
6762 956 1580 4343 
6763 319 48 4237 
6764 2028 2029 2030 
6765 4077 4971 5395 
6766 3526 2778 3629 
6767 1917 1831 4262 
6768 2029 2031 2269 
6769 1431 1430 1432 
6770 1893 1955 1974 
6771 3318 2732 3926 
6772 1987 2052 3664 
6773 2310 2498 2941 
6774 1113 1112 1114 
6775 4141 2069 4176 
6776 3777 4371 4933 
6777 1696 1695 1697 
6778 1863 1648 4208 
6779 2700 3579 4458 
6780 3531 3006 5528 
6781 3095 3096 5278 
6782 2742 2030 2743 
6783 1577 538 4005 
6784 1377 1376 1424 
6785 664 662 1748 
6786 2269 2270 2310 
6787 35 305 1629 
6788 2032 3598 4559 
6789 1433 1432 1434 
6790 2494 3056 4073 
6791 48 318 2348 
6792 4194 4045 4732 
6793 2358 2359 4409 
6794 3525 3524 5590 
6795 5198 2526 5382 
6796 1097 1096 1109 
6797 520 528 4633 
6798 2492 2491 2686 
6799 1619 3045 4016 
6800 2734 4610 5724 
6801 1097 1109 3887 
6802 3202 2228 3359 
6803 2839 2583 2840 
6804 972 633 5544 
6805 2995 2190 3258 
6806 5310 2538 5462 
6807 1919 2077 2078 
6808 3371 3146 3495 
6809 3780 5014 5398 
6810 712 1695 1696 
6811 1191 1192 4068 
6812 2215 2197 2216 
6813 1586 1839 1840 
6814 2774 3181 4419 
6815 1056 1012 4367 
6816 3929 3778 3954 
6817 2896 1794 4382 
6818 322 51 4318 
6819 2402 2982 4226 
6820 650 652 4578 
6821 2286 2288 4215 
6822 320 49 4272 
6823 30 300 4209 
6824 1704 1564 1705 
6825 1279 1264 1280 
6826 1124 1120 3917 
6827 1932 2038 4445 
6828 1515 1386 1524 
6829 2785 4282 4283 
6830 3030 3341 5450 
6831 4098 4096 4271 
6832 1277 1276 1511 
6833 5047 2470 5522 
6834 3598 2511 3599 
6835 1500 1337 1501 
6836 1668 1670 2471 
6837 894 885 1766 
6838 4173 443 5177 
6839 181 408 4405 
6840 2841 2840 2842 
6841 2277 1879 2486 
6842 2098 2100 3456 
6843 3746 4760 5602 
6844 1507 1888 1959 
6845 2570 3121 3348 
6846 831 829 897 
6847 752 753 757 
6848 121 120 1486 
6849 304 33 4293 
6850 2408 2406 4299 
6851 3242 2627 3261 
6852 1741 3129 4280 
6853 1335 2198 4072 
6854 1585 1372 1724 
6855 4449 2042 4857 
6856 1942 1790 1943 
6857 1399 1880 4041 
6858 3145 2861 3146 
6859 3208 5262 5394 
6860 2281 2282 2733 
6861 3477 4894 5098 
6862 2824 2823 2914 
6863 2270 2031 4765 
6864 2334 4215 4216 
6865 2673 2184 4320 
6866 5225 3985 5435 
6867 1761 1605 1762 
6868 2934 2474 2935 
6869 2364 2615 3070 
6870 636 634 1729 
6871 2203 1913 2204 
6872 1476 1477 1478 
6873 1444 1689 4616 
6874 2459 2951 5623 
6875 1668 1669 1670 
6876 2466 4254 4255 
6877 427 214 5344 
6878 981 980 1062 
6879 262 263 4656 
6880 1579 4147 5547 
6881 764 766 4187 
6882 4145 2910 4235 
6883 3077 2401 4124 
6884 3147 3146 3371 
6885 3898 4700 4702 
6886 1614 1453 4469 
6887 1274 1275 1506 
6888 820 819 822 
6889 2299 1996 2546 
6890 797 1596 4174 
6891 2516 2017 4454 
6892 1373 1585 1586 
6893 4268 1369 4825 
6894 3902 1909 5013 
6895 163 390 4421 
6896 3403 3790 4504 
6897 1186 4664 5510 
6898 2520 2518 4282 
6899 4110 4108 4471 
6900 651 649 1755 
6901 1211 1423 4313 
6902 2279 2156 2807 
6903 4213 1629 5805 
6904 1323 1306 4221 
6905 1252 1052 1495 
6906 4106 4101 4284 
6907 1038 1259 1260 
6908 240 241 4651 
6909 979 978 980 
6910 2349 1767 4580 
6911 238 239 4652 
6912 1974 2354 2820 
6913 3975 3678 5575 
6914 2533 2529 4443 
6915 3905 3635 4590 
6916 609 608 610 
6917 2039 2851 5411 
6918 3720 740 5636 
6919 1502 1501 1503 
6920 3691 3213 5561 
6921 414 179 5015 
6922 412 4275 5336 
6923 607 606 608 
6924 310 39 788 
6925 777 772 4387 
6926 2892 2360 4990 
6927 936 898 4346 
6928 772 771 4387 
6929 2028 2027 2029 
6930 1672 1673 2013 
6931 1128 1126 1130 
6932 605 604 606 
6933 1226 1224 4328 
6934 4094 4100 4223 
6935 282 283 4682 
6936 2822 2821 2823 
6937 2024 2025 2026 
6938 2412 2410 4322 
6939 2237 3560 4521 
6940 49 319 1403 
6941 2046 1968 3015 
6942 3516 3658 5162 
6943 3924 516 4634 
6944 32 412 4529 
6945 45 315 1170 
6946 2931 2271 2932 
6947 2495 3276 3278 
6948 3792 3791 5577 
6949 1744 1746 2248 
6950 1670 1671 1672 
6951 603 549 604 
6952 977 968 978 
6953 2987 2971 2988 
6954 1799 1798 1900 
6955 3021 3020 3031 
6956 917 842 4884 
6957 299 28 4488 
6958 3720 3955 5194 
6959 3711 3710 5594 
6960 4501 2276 5646 
6961 4083 4084 4455 
6962 3127 5349 5556 
6963 58 328 1530 
6964 1531 3681 4687 
6965 161 388 569 
6966 4355 4357 4358 
6967 31 301 4274 
6968 1240 1214 4214 
6969 1921 2232 2276 
6970 2010 2738 3877 
6971 2890 2260 4341 
6972 66 336 4266 
6973 615 610 616 
6974 2862 2743 3078 
6975 52 322 1445 
6976 1177 1210 4675 
6977 392 415 4159 
6978 323 52 4287 
6979 3806 3807 5688 
6980 574 578 4792 
6981 1943 3889 5787 
6982 1051 1052 1251 
6983 71 341 4323 
6984 55 325 1443 
6985 469 466 4348 
6986 2785 2520 4282 
6987 63 333 4263 
6988 2388 2017 2516 
6989 2334 2286 4215 
6990 41 311 1384 
6991 1583 2020 4735 
6992 3243 903 3680 
6993 4100 4092 4217 
6994 1974 2050 2354 
6995 2023 2671 2739 
6996 122 121 4058 
6997 162 389 4198 
6998 797 918 1596 
6999 4874 3773 5212 
7000 632 630 954 
7001 2078 2890 4464 
7002 1014 3712 5594 
7003 816 815 4011 
7004 2791 4601 5352 
7005 3598 3599 4559 
7006 1686 4720 5573 
7007 1504 1503 1599 
7008 1631 1632 1668 
7009 995 993 4315 
7010 1952 1953 2024 
7011 1506 1507 4506 
7012 1260 1484 1485 
7013 64 334 4301 
7014 3057 4716 4788 
7015 3275 3750 5350 
7016 1289 4042 4657 
7017 2959 4865 5483 
7018 3462 4213 5805 
7019 2549 1806 4143 
7020 1795 1796 4467 
7021 1920 1862 2010 
7022 920 2069 4641 
7023 3222 3053 5397 
7024 1278 1317 1318 
7025 1532 1533 1631 
7026 334 63 1526 
7027 2828 2013 4190 
7028 1341 1340 1342 
7029 254 429 5574 
7030 2835 2697 4681 
7031 1485 1693 1694 
7032 2589 3714 5667 
7033 2033 2367 2377 
7034 395 167 1658 
7035 38 308 1606 
7036 1220 1218 4329 
7037 1890 1892 1893 
7038 505 620 4177 
7039 626 624 1286 
7040 4219 1725 4416 
7041 2205 2724 4234 
7042 285 286 4717 
7043 672 670 1749 
7044 1596 1597 2019 
7045 4484 2330 5213 
7046 1558 1592 5137 
7047 1380 1381 1532 
7048 277 417 5438 
7049 3191 3192 4057 
7050 1512 1511 1810 
7051 1559 1395 4319 
7052 1532 1631 1807 
7053 283 421 4682 
7054 3889 3619 5419 
7055 1600 1599 1798 
7056 990 961 4418 
7057 3191 3190 3192 
7058 1318 1319 1380 
7059 1811 1810 2220 
7060 2026 2025 2027 
7061 4232 4133 5494 
7062 913 941 4369 
7063 2396 1837 4342 
7064 413 317 4169 
7065 416 226 5565 
7066 1343 1342 1370 
7067 73 343 4306 
7068 4444 3852 5161 
7069 4223 4100 4224 
7070 2222 1450 5097 
7071 40 310 4337 
7072 4587 794 5598 
7073 2299 2546 2847 
7074 4214 1212 4313 
7075 901 929 2214 
7076 3160 5232 5726 
7077 2220 1810 2221 
7078 4768 5556 5662 
7079 168 395 4399 
7080 2265 2094 2621 
7081 2902 3001 4219 
7082 5033 2988 5318 
7083 3046 2265 4286 
7084 3732 1588 3762 
7085 1684 1559 4319 
7086 3094 3161 3162 
7087 2288 3471 4215 
7088 950 948 4370 
7089 3933 780 4951 
7090 123 122 1513 
7091 1378 1686 4574 
7092 72 342 4344 
7093 3324 2016 5039 
7094 3162 3163 3164 
7095 2548 1935 2651 
7096 2518 3398 4282 
7097 1771 1772 1952 
7098 2537 2992 3452 
7099 47 413 4475 
7100 3335 3339 4014 
7101 2349 4580 5076 
7102 3263 2158 5689 
7103 3165 3164 3563 
7104 2419 4226 4227 
7105 3228 3227 3229 
7106 558 560 1999 
7107 2466 2096 4254 
7108 3277 2677 4183 
7109 1146 1147 1148 
7110 767 2681 4346 
7111 337 66 1612 
7112 4101 4104 4284 
7113 2983 2089 2984 
7114 1394 1351 4067 
7115 4959 3125 5011 
7116 2019 2079 2636 
7117 2419 2404 4226 
7118 2416 4376 4577 
7119 4104 4098 4271 
7120 2575 2582 4258 
7121 1239 4574 5068 
7122 520 519 527 
7123 2581 2065 4402 
7124 4232 2656 5808 
7125 4856 3789 5415 
7126 2251 2013 2271 
7127 4580 3404 5076 
7128 5146 3751 5448 
7129 2842 2840 3306 
7130 2150 2148 2512 
7131 3157 3219 4379 
7132 70 340 4285 
7133 4494 2951 5306 
7134 2082 3267 5089 
7135 3159 3795 5386 
7136 682 680 1739 
7137 1694 1948 2195 
7138 197 196 3960 
7139 3488 3485 4904 
7140 3091 3092 3093 
7141 3269 4830 5005 
7142 1032 950 4370 
7143 4366 3437 5739 
7144 794 4877 5598 
7145 2701 2221 2702 
7146 1827 1572 1828 
7147 2433 2850 4536 
7148 1952 2024 4175 
7149 2912 2651 3144 
7150 1566 1440 4790 
7151 4258 2582 4259 
7152 878 3236 5800 
7153 1690 1804 1910 
7154 34 304 1291 
7155 4598 3946 4930 
7156 1195 962 4480 
7157 3348 3121 4500 
7158 2322 2321 2323 
7159 1115 1114 1116 
7160 3830 3130 5496 
7161 4304 4305 5476 
7162 2522 2785 4251 
7163 2874 2432 2875 
7164 1052 1036 4479 
7165 3297 4561 5519 
7166 5020 1510 5243 
7167 1830 2822 4262 
7168 2190 2140 4844 
7169 1224 1623 4328 
7170 1535 1492 1536 
7171 1656 1684 4342 
7172 2098 1759 2100 
7173 275 276 4471 
7174 4473 4113 4962 
7175 328 57 4332 
7176 3862 3633 5801 
7177 947 1037 1038 
7178 3281 3003 5103 
7179 726 724 4372 
7180 622 557 2075 
7181 292 432 5326 
7182 33 303 2445 
7183 4007 2025 4632 
7184 2406 2419 4299 
7185 1568 1872 1875 
7186 196 195 3962 
7187 4906 1658 5366 
7188 905 906 907 
7189 2416 2414 4375 
7190 2513 5482 5560 
7191 263 440 4656 
7192 3395 2524 4251 
7193 2187 2897 3132 
7194 1821 3400 4470 
7195 490 492 4371 
7196 4339 1663 4976 
7197 1800 4705 5692 
7198 2985 2986 3091 
7199 496 498 884 
7200 2769 2771 4419 
7201 3942 3215 5454 
7202 124 123 4142 
7203 2166 2155 2167 
7204 4454 1822 4814 
7205 4768 3127 5556 
7206 518 517 519 
7207 1837 1656 4342 
7208 1395 1683 4319 
7209 2235 2793 4324 
7210 1262 1626 4404 
7211 846 845 849 
7212 516 515 517 
7213 1005 1003 4381 
7214 1477 4562 5588 
7215 3365 3627 3788 
7216 2462 2461 5647 
7217 1345 1700 1865 
7218 2249 1828 2503 
7219 1319 1317 4491 
7220 2096 2940 4254 
7221 1875 2076 2475 
7222 2095 1741 4280 
7223 487 485 4598 
7224 1261 1262 4404 
7225 2 446 5299 
7226 868 870 871 
7227 2258 2205 4234 
7228 2083 3073 4759 
7229 4001 3529 5779 
7230 960 1645 4418 
7231 1467 1455 4959 
7232 345 74 1421 
7233 881 1792 1793 
7234 544 4766 5230 
7235 2426 2429 4648 
7236 1712 769 4369 
7237 1065 1174 1399 
7238 1351 1288 1353 
7239 2015 2684 4300 
7240 2037 1931 4300 
7241 1236 1064 1335 
7242 4125 2397 4330 
7243 1637 1552 2298 
7244 823 822 826 
7245 4828 3263 5180 
7246 797 792 918 
7247 438 240 4651 
7248 3751 3692 5448 
7249 3381 2449 4679 
7250 1178 1048 1725 
7251 3257 4452 4802 
7252 417 4552 5477 
7253 2642 2640 4406 
7254 3551 2895 3697 
7255 2827 3430 3597 
7256 1590 3570 4562 
7257 3131 4067 5157 
7258 1625 165 4159 
7259 1802 2554 4317 
7260 1331 1056 4367 
7261 176 403 4383 
7262 2338 2336 4390 
7263 784 782 791 
7264 1827 2894 4600 
7265 341 70 1419 
7266 239 438 4652 
7267 329 58 4279 
7268 3844 3375 5656 
7269 2843 2842 4560 
7270 2508 3938 5343 
7271 1292 3286 5498 
7272 1899 2382 4773 
7273 1278 1318 1679 
7274 1373 1372 1585 
7275 1840 1839 1977 
7276 53 323 4336 
7277 546 190 4385 
7278 3914 3048 4807 
7279 2586 2408 4299 
7280 1059 1040 4431 
7281 718 1581 4436 
7282 528 527 529 
7283 2312 3128 4330 
7284 2397 1971 4330 
7285 1815 1813 1894 
7286 2997 2440 5791 
7287 2001 1776 4317 
7288 1979 2729 3404 
7289 2024 1953 2025 
7290 1253 1252 1372 
7291 1793 1794 2003 
7292 1910 1804 2303 
7293 125 124 856 
7294 3677 3676 3679 
7295 1978 1977 2089 
7296 1945 3785 5292 
7297 928 855 5713 
7298 5103 3003 5621 
7299 3726 2891 3727 
7300 4300 2684 4741 
7301 1962 2541 4832 
7302 2410 2586 4322 
7303 3232 3870 5580 
7304 3852 5018 5785 
7305 244 245 4875 
7306 2226 1809 2237 
7307 1392 1742 4492 
7308 1573 1572 1827 
7309 273 274 4821 
7310 1910 2303 2583 
7311 364 136 1458 
7312 2991 4388 5307 
7313 1548 1874 2365 
7314 1276 1054 1278 
7315 2154 2174 4711 
7316 3019 4433 4595 
7317 3999 5001 5715 
7318 2848 2237 2891 
7319 2609 2611 2612 
7320 1244 1234 4386 
7321 2317 2246 4724 
7322 1364 1363 1572 
7323 2788 990 4418 
7324 2236 2101 2680 
7325 894 1767 1768 
7326 1362 1545 1587 
7327 3584 112 3701 
7328 365 137 4417 
7329 1437 1505 4273 
7330 2417 2412 4322 
7331 1808 1167 1809 
7332 3237 4329 4772 
7333 4096 4223 4271 
7334 1931 2015 4300 
7335 474 476 4333 
7336 2033 2377 4467 
7337 407 414 4201 
7338 4023 2582 5512 
7339 3199 3999 4484 
7340 2842 3306 3307 
7341 1776 1802 4317 
7342 944 943 1035 
7343 2792 2001 4317 
7344 2701 2702 2996 
7345 4382 1792 4706 
7346 993 4075 4315 
7347 3553 3377 5197 
7348 1247 1226 4328 
7349 1952 1772 1953 
7350 3309 524 3310 
7351 1111 1132 5033 
7352 4289 430 4869 
7353 3469 2035 4458 
7354 2730 1392 4492 
7355 4044 2944 4547 
7356 3449 4607 4695 
7357 1596 918 1597 
7358 5276 3622 5729 
7359 2525 2526 5198 
7360 1134 1438 5505 
7361 1026 1067 3950 
7362 3695 4723 5710 
7363 429 4259 5574 
7364 2479 3529 3530 
7365 970 3842 4880 
7366 160 387 4408 
7367 2851 3245 5613 
7368 916 915 943 
7369 1365 1527 1630 
7370 4311 3931 4312 
7371 344 73 1622 
7372 4189 4297 5259 
7373 1014 995 4315 
7374 1971 2312 4330 
7375 530 529 796 
7376 2285 2284 3937 
7377 1587 1846 1847 
7378 2019 1597 2079 
7379 233 441 5622 
7380 4420 1531 4687 
7381 4800 807 5564 
7382 2364 3070 3071 
7383 656 4049 4410 
7384 342 71 1640 
7385 2630 2044 4668 
7386 607 609 1496 
7387 3276 2677 3277 
7388 2663 5121 5499 
7389 2062 2064 4402 
7390 730 728 4397 
7391 724 1619 4372 
7392 1131 1130 1136 
7393 3370 3410 5445 
7394 1542 1774 5503 
7395 2820 2354 3025 
7396 1682 759 4401 
7397 2853 2304 2854 
7398 2076 1872 5317 
7399 2530 2532 4780 
7400 3783 1997 5356 
7401 2013 1673 4190 
7402 1117 1116 1119 
7403 1948 1693 2081 
7404 2220 2221 2701 
7405 1040 4146 4431 
7406 2955 2050 5413 
7407 3026 2854 3027 
7408 2724 3340 4234 
7409 212 4003 5759 
7410 2636 2079 2827 
7411 2059 1223 4329 
7412 423 4726 5114 
7413 948 1651 4370 
7414 1108 1107 4456 
7415 1053 956 1054 
7416 3897 3899 5369 
7417 693 712 4476 
7418 4317 2554 4755 
7419 4327 3135 5788 
7420 3004 4300 4741 
7421 901 870 912 
7422 1120 1119 1138 
7423 2540 1919 4464 
7424 596 597 598 
7425 2333 2607 2608 
7426 1592 1617 2511 
7427 1273 1272 1363 
7428 2894 2249 2895 
7429 3004 2037 4300 
7430 1659 474 4333 
7431 756 750 4453 
7432 1007 1005 4411 
7433 3991 1299 5127 
7434 19 18 4391 
7435 388 160 4335 
7436 3157 3158 3219 
7437 3536 4141 4176 
7438 412 302 4275 
7439 1137 1136 1141 
7440 2726 1439 4762 
7441 1400 1548 4805 
7442 423 4304 4726 
7443 1847 2208 2209 
7444 1591 2344 3216 
7445 1843 1928 5159 
7446 169 396 4394 
7447 2495 2081 2677 
7448 2562 3464 4670 
7449 3045 4436 4735 
7450 3115 2342 5056 
7451 639 752 4462 
7452 529 527 930 
7453 396 168 586 
7454 366 138 4392 
7455 2501 3002 4407 
7456 1638 4157 5398 
7457 2700 2051 2703 
7458 2700 2703 3578 
7459 3885 4182 5052 
7460 4830 2928 5005 
7461 415 164 4586 
7462 1586 1585 1839 
7463 2260 2262 4341 
7464 1223 1220 4329 
7465 944 1035 1036 
7466 1251 1052 1252 
7467 1768 1769 1771 
7468 1732 2948 4696 
7469 2035 2051 2700 
7470 2414 2417 4375 
7471 1321 1061 4425 
7472 1554 126 4180 
7473 3586 3701 5815 
7474 645 643 4427 
7475 754 756 4401 
7476 1850 3650 5081 
7477 1274 1506 1718 
7478 1947 2361 2496 
7479 2559 2561 4435 
7480 1706 1705 1707 
7481 3952 1755 5004 
7482 916 943 944 
7483 3131 1871 5128 
7484 2187 2896 2897 
7485 3289 4951 5633 
7486 4079 4080 5086 
7487 2035 1764 2051 
7488 3727 5000 5428 
7489 3678 3677 4601 
7490 3293 2823 4954 
7491 46 1639 4169 
7492 1053 1054 1276 
7493 2257 1819 5070 
7494 4129 1332 4533 
7495 2789 3539 4648 
7496 965 3764 4794 
7497 15 14 1523 
7498 3093 3092 3094 
7499 1905 4986 5455 
7500 866 867 868 
7501 4168 3145 5515 
7502 2566 1970 4200 
7503 367 139 4403 
7504 1781 2236 4528 
7505 658 656 4410 
7506 892 891 915 
7507 324 53 522 
7508 1435 1434 4413 
7509 1550 1549 1881 
7510 771 2009 4387 
7511 387 159 602 
7512 4117 4103 4922 
7513 1664 469 4348 
7514 888 890 4779 
7515 683 5080 5153 
7516 3935 3013 5466 
7517 217 218 4547 
7518 1099 3887 4730 
7519 1407 1409 1740 
7520 2444 2443 3913 
7521 1234 1285 4386 
7522 343 72 795 
7523 3068 2358 4409 
7524 4193 2334 4606 
7525 2499 2501 4407 
7526 286 436 4717 
7527 4048 3028 5021 
7528 3831 5106 5557 
7529 984 1239 4543 
7530 391 163 2294 
7531 864 865 866 
7532 1122 91 3912 
7533 1680 4557 4585 
7534 3831 2819 5106 
7535 1818 2497 4588 
7536 2168 2169 4433 
7537 741 726 4372 
7538 2989 2669 2990 
7539 4145 427 5344 
7540 898 767 4346 
7541 300 29 4522 
7542 3542 2542 4694 
7543 1452 1681 4398 
7544 2275 3000 4819 
7545 892 915 916 
7546 2339 2548 3013 
7547 3676 1853 3924 
7548 1936 2442 2564 
7549 3310 3362 3363 
7550 3440 4372 5280 
7551 2523 2638 5379 
7552 641 639 4462 
7553 2792 4317 4755 
7554 3137 3139 5346 
7555 3063 4007 4632 
7556 3851 917 5161 
7557 2564 3187 3851 
7558 1272 1055 1274 
7559 1391 1261 4404 
7560 1367 1281 4398 
7561 347 76 4510 
7562 159 386 4423 
7563 893 4046 4797 
7564 987 1055 1272 
7565 403 175 587 
7566 338 67 4527 
7567 314 43 4771 
7568 2242 2241 3921 
7569 2917 2736 4439 
7570 3719 1347 5460 
7571 1507 1959 4506 
7572 3694 3249 4809 
7573 2901 3665 4435 
7574 1927 1926 2012 
7575 1428 1425 4674 
7576 3442 3443 5371 
7577 2336 2551 4390 
7578 3579 3580 5730 
7579 3615 4267 4439 
7580 849 845 882 
7581 1015 4230 5605 
7582 1176 1550 1551 
7583 825 798 4174 
7584 2370 2372 4700 
7585 759 754 4401 
7586 476 547 4333 
7587 1399 1400 1880 
7588 2293 1086 4823 
7589 1859 1886 2295 
7590 1716 1321 4425 
7591 1003 1011 4381 
7592 2065 2062 4402 
7593 2345 3135 4451 
7594 3225 3926 5570 
7595 955 956 1053 
7596 1718 1764 2035 
7597 2951 2459 5306 
7598 4323 1419 4827 
7599 949 926 4750 
7600 922 899 4368 
7601 1800 3796 5514 
7602 2640 4073 4406 
7603 1865 4249 4842 
7604 3953 4822 4823 
7605 3723 1924 5743 
7606 1012 1009 4438 
7607 1534 1595 4759 
7608 3576 4288 5263 
7609 3178 3177 3227 
7610 2970 2969 4577 
7611 542 549 603 
7612 3624 959 4996 
7613 4138 4193 4606 
7614 871 870 901 
7615 2806 2559 4435 
7616 4761 1438 5192 
7617 1778 2191 4457 
7618 2871 2097 4430 
7619 2840 2583 4537 
7620 1120 1138 3917 
7621 769 913 4369 
7622 2311 3047 3048 
7623 368 140 4412 
7624 1484 1259 1487 
7625 4206 2859 4629 
7626 2856 4619 4620 
7627 2337 1848 4874 
7628 620 503 4053 
7629 987 963 1055 
7630 1827 1828 2249 
7631 1660 1356 1773 
7632 3985 547 5435 
7633 1771 1769 1772 
7634 2539 3008 3009 
7635 3170 3437 5619 
7636 1281 1452 4398 
7637 340 69 1633 
7638 688 3920 5402 
7639 3538 2973 4999 
7640 3801 3799 4774 
7641 3692 3691 5448 
7642 2101 1908 2364 
7643 1159 1161 4731 
7644 2194 2257 2311 
7645 1411 1413 1765 
7646 2130 4925 4989 
7647 4831 3830 5496 
7648 2479 3470 3529 
7649 2010 3877 4642 
7650 1757 4178 5248 
7651 734 732 4461 
7652 1718 1506 1764 
7653 2916 4051 4943 
7654 3430 2079 4546 
7655 838 840 4742 
7656 2781 3198 4542 
7657 1551 1552 1636 
7658 3986 805 5124 
7659 1146 1144 1147 
7660 3218 4379 5591 
7661 894 1766 1767 
7662 409 181 617 
7663 1560 1657 4667 
7664 3176 3175 3177 
7665 2975 3967 5165 
7666 1061 1289 4425 
7667 738 736 4434 
7668 3045 723 4436 
7669 1289 1059 4431 
7670 1852 2005 4819 
7671 1176 1175 1549 
7672 807 4678 5564 
7673 1644 1821 4874 
7674 57 327 4548 
7675 1643 2073 4803 
7676 3405 3027 3406 
7677 1727 1026 3950 
7678 1051 1036 1052 
7679 519 517 1877 
7680 102 101 3266 
7681 1975 2504 4415 
7682 5270 3379 5744 
7683 235 236 5114 
7684 16 15 4252 
7685 246 247 5084 
7686 609 610 615 
7687 265 4302 4839 
7688 1781 1908 2101 
7689 2942 2499 4407 
7690 720 718 4436 
7691 1894 3890 4981 
7692 1636 1637 1933 
7693 2793 3541 4592 
7694 1558 1567 1592 
7695 4348 465 4954 
7696 2044 1816 4668 
7697 1933 1935 2339 
7698 3491 5330 5772 
7699 1994 1996 1998 
7700 4005 540 4643 
7701 2097 3004 4430 
7702 3282 4498 4862 
7703 1172 1805 2707 
7704 937 931 962 
7705 2624 2625 2626 
7706 2325 2327 2328 
7707 749 706 5752 
7708 884 885 894 
7709 2668 2201 2669 
7710 3693 1541 4908 
7711 1740 3879 4861 
7712 984 962 1194 
7713 4899 3373 4940 
7714 1886 2478 2479 
7715 1238 1194 1332 
7716 1378 1332 1516 
7717 1576 1516 1662 
7718 1781 1662 1908 
7719 1609 2870 5761 
7720 261 262 5085 
7721 4715 2516 4716 
7722 3114 2342 3115 
7723 3424 4314 4669 
7724 1897 2080 2350 
7725 1165 1808 4731 
7726 2434 2514 3215 
7727 750 744 4453 
7728 3076 5223 5224 
7729 899 935 4368 
7730 138 365 1459 
7731 3412 4161 5326 
7732 854 852 869 
7733 1301 3784 5424 
7734 728 741 4397 
7735 2077 966 4452 
7736 2340 2223 4710 
7737 955 921 956 
7738 3049 3689 5687 
7739 1376 1371 4671 
7740 4290 4289 5523 
7741 3906 790 5675 
7742 2720 2642 4406 
7743 3132 2897 3133 
7744 83 808 3900 
7745 1451 89 3951 
7746 2882 2905 4428 
7747 1448 1450 1508 
7748 2985 2630 2986 
7749 1901 1900 4442 
7750 1132 4716 5467 
7751 3445 4023 5512 
7752 688 658 4410 
7753 1916 520 4633 
7754 2192 2675 3564 
7755 1652 1653 1859 
7756 2771 2774 4419 
7757 1260 1259 1484 
7758 136 363 4309 
7759 1576 1662 1781 
7760 1378 1516 1576 
7761 1238 1332 1378 
7762 2876 2875 2877 
7763 1876 1975 4415 
7764 865 863 911 
7765 984 1194 1238 
7766 1793 1792 1794 
7767 2191 1870 4451 
7768 139 366 1650 
7769 2003 1794 2187 
7770 935 2049 4368 
7771 2054 2053 3945 
7772 1710 738 4434 
7773 3039 2283 4512 
7774 393 1625 4204 
7775 2826 2021 4415 
7776 937 962 984 
7777 1046 1007 4411 
7778 1216 1240 4772 
7779 194 193 4564 
7780 2283 2281 4512 
7781 140 367 611 
7782 3920 1748 5402 
7783 137 364 4429 
7784 970 971 4654 
7785 335 64 4570 
7786 2698 1772 4608 
7787 3116 5189 5257 
7788 1681 1607 4457 
7789 4055 3191 4057 
7790 3470 2478 5053 
7791 18 17 523 
7792 2058 2057 3939 
7793 1043 1263 4490 
7794 2168 2167 2169 
7795 3704 3702 4684 
7796 4935 896 5510 
7797 987 1273 4647 
7798 3037 2170 3856 
7799 3461 4144 5622 
7800 2878 2877 2879 
7801 3608 4661 5765 
7802 607 608 609 
7803 827 826 4641 
7804 929 963 987 
7805 3067 3066 4535 
7806 2309 1871 3131 
7807 5651 4384 5652 
7808 2809 2701 4516 
7809 881 879 1792 
7810 883 2206 4689 
7811 386 158 4465 
7812 723 720 4436 
7813 572 574 4792 
7814 3876 3874 4806 
7815 777 4387 4750 
7816 603 605 2296 
7817 2736 3615 4439 
7818 1675 1744 4508 
7819 2021 1876 4415 
7820 1009 1046 4438 
7821 2382 2384 5007 
7822 336 65 4374 
7823 1686 1576 4528 
7824 1308 1323 4795 
7825 1709 1707 1751 
7826 1738 892 4447 
7827 2064 4133 5808 
7828 2269 3195 4503 
7829 669 671 4920 
7830 742 734 4461 
7831 1589 192 4131 
7832 605 606 607 
7833 1413 1415 4565 
7834 2936 2935 4027 
7835 77 347 1621 
7836 1345 566 1346 
7837 2880 2879 2881 
7838 1540 1437 4273 
7839 1067 1068 1069 
7840 940 942 4452 
7841 1148 1152 1153 
7842 3139 4485 5346 
7843 3917 1138 4059 
7844 243 244 5201 
7845 883 882 931 
7846 4933 3980 5453 
7847 886 888 1203 
7848 1600 1799 5455 
7849 3836 3044 4713 
7850 744 1710 4453 
7851 1870 2345 4451 
7852 3569 3017 5351 
7853 3987 2683 5809 
7854 1069 1070 1071 
7855 883 931 937 
7856 2685 1785 4790 
7857 1071 1072 1073 
7858 2442 1970 2566 
7859 2430 2387 3262 
7860 1073 1074 1075 
7861 839 837 847 
7862 929 912 963 
7863 3447 4402 4946 
7864 736 742 4434 
7865 2691 2690 4783 
7866 2199 1336 2356 
7867 2882 2881 2905 
7868 3375 945 5656 
7869 247 248 5231 
7870 3883 3617 5543 
7871 397 169 4515 
7872 3256 4245 5388 
7873 1607 1778 4457 
7874 1936 1773 1970 
7875 1874 1873 2477 
7876 3949 2787 5642 
7877 620 4053 4466 
7878 4811 3833 4826 
7879 2962 2589 5096 
7880 3238 3686 5729 
7881 3091 2986 3092 
7882 220 221 5187 
7883 699 697 4477 
7884 2681 5049 5215 
7885 1548 1547 1873 
7886 690 694 4921 
7887 4158 4538 5050 
7888 603 604 605 
7889 938 922 4463 
7890 3365 4134 5674 
7891 2861 2843 4560 
7892 170 397 618 
7893 3805 3802 5234 
7894 432 4290 5176 
7895 333 62 4373 
7896 1641 180 4201 
7897 5078 2254 5473 
7898 2998 2846 5710 
7899 2789 3537 3539 
7900 1946 2513 5560 
7901 1194 1195 4533 
7902 3465 3614 5447 
7903 3230 3229 4789 
7904 174 401 599 
7905 2626 2627 3020 
7906 1495 1052 4479 
7907 907 908 909 
7908 2282 1854 4498 
7909 1337 1335 4072 
7910 947 946 1037 
7911 747 645 4427 
7912 1694 1693 1948 
7913 252 253 4688 
7914 3270 3108 4666 
7915 4782 3036 5371 
7916 453 2916 5609 
7917 3736 4154 5551 
7918 1485 1484 1693 
7919 1859 1653 1886 
7920 3161 3092 5003 
7921 2849 3908 5218 
7922 3483 544 5230 
7923 877 875 924 
7924 279 280 5222 
7925 158 385 568 
7926 3396 3892 4658 
7927 826 822 919 
7928 3972 2603 5579 
7929 224 225 5321 
7930 2731 3024 4701 
7931 2561 2901 4435 
7932 973 938 4463 
7933 4056 789 5338 
7934 1038 1037 1259 
7935 3156 5147 5377 
7936 5442 783 5792 
7937 2696 2925 2926 
7938 3950 1067 4160 
7939 5042 3372 5351 
7940 4921 3071 5080 
7941 3505 3504 5482 
7942 1859 2295 4269 
7943 2821 1664 4348 
7944 849 882 883 
7945 843 841 1800 
7946 564 1345 4842 
7947 1624 1737 4834 
7948 4367 1012 4438 
7949 1360 1362 4948 
7950 1193 1258 1558 
7951 3174 3173 3175 
7952 2384 2386 5220 
7953 2662 3118 5408 
7954 3258 2190 4844 
7955 4415 2504 4856 
7956 5182 4698 5183 
7957 5121 1966 5767 
7958 920 921 955 
7959 4051 431 4943 
7960 141 368 1654 
7961 1417 1420 1447 
7962 3032 3031 3033 
7963 1520 3673 4833 
7964 819 816 4011 
7965 3833 1454 4826 
7966 3870 761 5580 
7967 1026 1066 1067 
7968 2722 2374 4798 
7969 68 338 532 
7970 1054 956 4343 
7971 643 2014 4427 
7972 2683 2533 5809 
7973 1153 1248 1249 
7974 1695 692 4525 
7975 2603 1839 4631 
7976 1768 1767 1769 
7977 2619 1902 3477 
7978 4667 1657 4923 
7979 455 3850 5601 
7980 1847 1846 2208 
7981 1249 1356 1357 
7982 933 951 952 
7983 2495 2677 3276 
7984 4321 3684 4955 
7985 815 5060 5688 
7986 1919 2078 4464 
7987 4018 1932 4445 
7988 59 329 4389 
7989 2323 2321 5637 
7990 2334 4216 4606 
7991 1368 1369 1652 
7992 3135 3134 5295 
7993 370 142 614 
7994 1881 3298 3299 
7995 4949 1845 5143 
7996 2477 3200 3201 
7997 1077 1074 1085 
7998 1541 3792 4908 
7999 901 912 929 
8000 1757 507 4177 
8001 211 212 5759 
8002 5168 4824 5361 
8003 4032 999 5297 
8004 1481 1494 1544 
8005 2993 2464 3014 
8006 1086 1085 1175 
8007 2014 641 4462 
8008 2660 3667 5289 
8009 2290 3895 5646 
8010 2754 3526 4545 
8011 588 166 4204 
8012 1072 1070 1797 
8013 3984 1285 4977 
8014 707 705 4505 
8015 2548 2651 2912 
8016 1562 3922 4936 
8017 1736 730 4397 
8018 3448 3847 5094 
8019 1948 2081 2495 
8020 966 940 4452 
8021 2729 3993 4534 
8022 3301 2319 4202 
8023 3233 3657 5628 
8024 3130 3774 5496 
8025 418 273 4821 
8026 3511 2636 4446 
8027 713 707 4505 
8028 2341 2731 2732 
8029 234 235 5683 
8030 1478 1479 1481 
8031 3763 1280 4499 
8032 2740 3695 4493 
8033 1537 1536 1556 
8034 2824 2914 4683 
8035 284 285 5399 
8036 557 487 4598 
8037 1068 1066 1713 
8038 2795 3019 4040 
8039 2206 937 4543 
8040 14 13 4395 
8041 3865 2248 5558 
8042 4829 3525 5142 
8043 3379 5518 5744 
8044 4243 4242 4542 
8045 3853 2858 4995 
8046 615 616 886 
8047 2675 3467 5022 
8048 3408 3253 5806 
8049 2624 2209 2625 
8050 3001 4596 4597 
8051 281 282 5716 
8052 890 891 892 
8053 4198 3656 5134 
8054 385 157 4513 
8055 1065 925 1174 
8056 653 651 4538 
8057 1508 2222 2223 
8058 957 1043 4490 
8059 2743 2030 4503 
8060 931 2946 4480 
8061 4865 1118 5483 
8062 3850 4148 5601 
8063 2225 2340 2341 
8064 1401 1325 4855 
8065 288 289 4658 
8066 4949 3075 5714 
8067 1077 1086 2293 
8068 582 583 584 
8069 1557 1556 1708 
8070 2075 4598 4930 
8071 666 664 4497 
8072 868 867 870 
8073 4404 1626 4803 
8074 3819 3818 4362 
8075 3387 108 5624 
8076 732 1736 4461 
8077 3649 2824 4683 
8078 2538 2368 5258 
8079 866 865 867 
8080 884 4238 4796 
8081 1270 1344 4916 
8082 438 4377 5746 
8083 3722 1358 5608 
8084 670 668 4544 
8085 2922 3902 4836 
8086 1953 2698 4632 
8087 3934 3542 4694 
8088 1239 1238 4574 
8089 711 699 4477 
8090 1005 4381 4411 
8091 1434 1823 4413 
8092 3998 2646 5404 
8093 1164 3822 5721 
8094 697 2829 4477 
8095 416 4256 4991 
8096 1639 316 4264 
8097 704 749 5028 
8098 117 116 4985 
8099 1528 2699 4749 
8100 325 54 4734 
8101 4269 2295 4270 
8102 2842 3307 4560 
8103 2328 2329 2446 
8104 4387 3124 4750 
8105 703 701 4526 
8106 1037 946 1841 
8107 2049 957 4490 
8108 2831 4261 4655 
8109 2250 2587 3223 
8110 4349 867 4745 
8111 901 2214 4247 
8112 779 781 5166 
8113 3965 1877 5661 
8114 826 919 920 
8115 4063 2698 5638 
8116 1597 2213 4546 
8117 5070 1735 5144 
8118 896 932 933 
8119 3533 2680 4879 
8120 776 778 5656 
8121 74 344 4886 
8122 2826 4415 4856 
8123 2475 2902 4416 
8124 1188 1190 2234 
8125 886 616 887 
8126 1652 1369 1653 
8127 1813 1811 4551 
8128 446 4284 5299 
8129 2209 2208 4474 
8130 371 143 1667 
8131 2339 1935 2548 
8132 1107 2099 2227 
8133 3468 4583 4739 
8134 4426 3783 5356 
8135 2229 3202 3504 
8136 2030 2029 4503 
8137 2227 2228 2229 
8138 1700 1346 1701 
8139 31 4274 4275 
8140 864 863 865 
8141 790 306 4213 
8142 1696 1697 4498 
8143 1756 4321 4955 
8144 554 552 4758 
8145 3660 3661 5719 
8146 4369 2665 5357 
8147 680 678 4502 
8148 4607 3014 4695 
8149 713 3717 5726 
8150 3791 2778 5577 
8151 2612 3941 5571 
8152 157 384 1685 
8153 1811 2220 4551 
8154 4975 4824 5168 
8155 905 904 906 
8156 4161 291 5326 
8157 348 77 4422 
8158 2348 318 4475 
8159 492 2267 4371 
8160 327 56 526 
8161 3997 930 4677 
8162 2982 3461 5029 
8163 4297 425 5259 
8164 4836 3854 4864 
8165 1153 5247 5740 
8166 2052 2928 4830 
8167 4230 1725 5605 
8168 1142 1141 4696 
8169 1434 1822 1823 
8170 1362 1361 1545 
8171 3508 3575 5196 
8172 3107 4370 4773 
8173 873 871 4247 
8174 2847 2546 3269 
8175 904 593 3786 
8176 748 731 4917 
8177 309 38 4858 
8178 2707 2708 2709 
8179 2767 2769 4707 
8180 920 919 921 
8181 4596 3001 4691 
8182 1186 1188 4664 
8183 1764 1506 4506 
8184 1634 4056 5338 
8185 2699 4001 4749 
8186 4419 4420 4707 
8187 1686 4528 4720 
8188 3430 4546 4963 
8189 65 335 533 
8190 3062 2475 4416 
8191 1854 1696 4498 
8192 3669 4385 5651 
8193 1424 2923 2924 
8194 3129 4404 4803 
8195 3112 3337 5776 
8196 1248 1152 1250 
8197 1471 113 3584 
8198 2372 2722 4700 
8199 983 1181 4802 
8200 692 689 4525 
8201 1465 118 3894 
8202 3333 3848 5535 
8203 3342 2836 4703 
8204 35 1629 4213 
8205 4039 3502 4207 
8206 815 812 5060 
8207 3944 4004 5106 
8208 428 4592 5231 
8209 1587 1545 1846 
8210 1900 2543 4442 
8211 2638 4042 5101 
8212 1933 1637 1935 
8213 3215 2514 4669 
8214 3204 5252 5337 
8215 1368 1062 1369 
8216 1299 1296 5127 
8217 2129 2132 2134 
8218 13 12 1031 
8219 1121 94 3871 
8220 1112 1108 4456 
8221 143 370 4532 
8222 111 110 2455 
8223 1521 3900 5747 
8224 171 398 1715 
8225 4635 2887 5414 
8226 1823 2017 2018 
8227 598 895 896 
8228 1107 1105 2099 
8229 398 170 4575 
8230 2541 2960 3610 
8231 1636 1552 1637 
8232 2389 2744 3055 
8233 2018 2388 2389 
8234 1096 1094 1208 
8235 173 400 1677 
8236 2780 2767 4707 
8237 2149 2153 4942 
8238 2277 2486 2975 
8239 2281 2733 4512 
8240 763 653 4538 
8241 2035 2700 4458 
8242 4631 5515 5579 
8243 925 575 4000 
8244 4190 1675 4508 
8245 2193 2194 2734 
8246 3172 3169 3173 
8247 1551 1550 1552 
8248 1672 2251 4591 
8249 1425 1424 4674 
8250 3222 5397 5639 
8251 1818 1819 2193 
8252 2646 3998 5751 
8253 2751 2754 4545 
8254 2456 2457 2458 
8255 1498 4736 5793 
8256 1548 1873 1874 
8257 4183 2791 5352 
8258 4424 917 4884 
8259 2029 2269 4503 
8260 1371 1370 4671 
8261 3306 2840 4537 
8262 4355 4353 4357 
8263 384 156 4550 
8264 2143 2159 2160 
8265 372 144 1680 
8266 890 889 891 
8267 4042 2915 4657 
8268 716 3572 5401 
8269 701 711 4526 
8270 2709 2710 2711 
8271 2552 1997 3783 
8272 2226 2848 2849 
8273 1138 2072 4059 
8274 2385 2383 5302 
8275 4242 2781 4542 
8276 2074 2277 2971 
8277 2697 2696 4681 
8278 1846 1545 1878 
8279 3795 3796 5692 
8280 1183 1151 3740 
8281 1322 1312 4931 
8282 2135 2137 2138 
8283 401 173 4517 
8284 112 111 3701 
8285 576 577 5597 
8286 668 685 4544 
8287 1107 2227 4456 
8288 3521 3942 5454 
8289 245 434 4875 
8290 1759 1573 4600 
8291 4115 4114 5110 
8292 4538 1755 5050 
8293 4100 4217 4770 
8294 3173 3884 5569 
8295 3034 3033 3152 
8296 1176 1549 1550 
8297 685 666 4497 
8298 4267 1635 4439 
8299 2711 2712 2979 
8300 29 299 534 
8301 876 878 5800 
8302 564 566 1345 
8303 4230 3455 5129 
8304 705 1752 4505 
8305 689 691 4525 
8306 3980 4933 5593 
8307 2114 2116 2133 
8308 753 638 4563 
8309 2119 2121 2122 
8310 871 901 4247 
8311 2072 2186 3095 
8312 2626 2625 2627 
8313 1687 1879 2074 
8314 861 859 1824 
8315 1370 1593 1687 
8316 1921 1701 1922 
8317 829 827 4481 
8318 1138 1119 1829 
8319 5255 988 5629 
8320 4802 1181 5205 
8321 2852 3748 4967 
8322 1328 1330 4817 
8323 1086 1176 4823 
8324 2964 2783 2965 
8325 2341 2732 3317 
8326 461 3854 5530 
8327 4026 182 5088 
8328 3007 4923 5158 
8329 2986 2630 4668 
8330 3244 2803 3684 
8331 1138 1829 2072 
8332 1752 703 4526 
8333 1123 3841 5403 
8334 2752 2751 4545 
8335 678 684 4502 
8336 422 4473 4962 
8337 1573 1827 4600 
8338 1447 1448 4680 
8339 3095 2186 3096 
8340 835 833 1868 
8341 144 371 4556 
8342 3749 1783 4838 
8343 3020 2627 3242 
8344 2193 1819 2194 
8345 2495 3278 4704 
8346 3298 3297 5519 
8347 2612 2611 4331 
8348 4071 3857 5471 
8349 3065 2045 3066 
8350 780 530 4951 
8351 4903 4975 5168 
8352 215 4166 5344 
8353 3443 2447 5663 
8354 1786 3335 3336 
8355 2365 1874 2366 
8356 1766 1979 4580 
8357 2073 2338 5063 
8358 3926 2732 5570 
8359 5118 2620 5373 
8360 62 332 531 
8361 1505 1435 4413 
8362 3495 3146 4623 
8363 3782 2835 4681 
8364 1508 2223 2224 
8365 1335 1336 2198 
8366 156 383 1726 
8367 2425 4648 4998 
8368 1400 1174 1547 
8369 2755 2757 5577 
8370 2123 2125 2126 
8371 4004 2540 5106 
8372 1271 1242 4483 
8373 1744 2248 4508 
8374 1188 2234 4664 
8375 4388 1511 4767 
8376 4278 1593 5312 
8377 1166 3966 4569 
8378 2072 1829 2186 
8379 708 3729 5752 
8380 1218 1216 4772 
8381 1922 4559 5155 
8382 373 145 612 
8383 4494 2963 4495 
8384 4532 3691 5561 
8385 1986 1930 5112 
8386 1818 1735 1819 
8387 2690 2688 4414 
8388 2802 2433 2803 
8389 3254 4039 5617 
8390 2623 3476 5193 
8391 37 1615 4211 
8392 2622 2438 5041 
8393 1734 1735 1818 
8394 2696 2694 2925 
8395 3199 4484 5213 
8396 1844 1709 4031 
8397 4045 1574 4732 
8398 2636 2827 4446 
8399 1424 1376 2923 
8400 1116 1114 1118 
8401 3786 3787 5093 
8402 1737 1540 4273 
8403 3926 2389 5131 
8404 552 2966 4758 
8405 5068 4574 5573 
8406 1285 1232 4977 
8407 1345 1346 1700 
8408 664 1748 4497 
8409 4479 1036 4524 
8410 1082 1080 1084 
8411 394 588 4291 
8412 858 1904 2714 
8413 2276 4311 4312 
8414 3121 3120 4969 
8415 3603 3251 4837 
8416 3810 2904 4165 
8417 2229 2228 3202 
8418 1164 21 4182 
8419 2106 2297 3109 
8420 2374 2376 4798 
8421 4041 4698 5182 
8422 2542 2254 5078 
8423 1101 1099 4730 
8424 1357 1356 1660 
8425 183 410 545 
8426 2598 3090 4866 
8427 2802 2803 3244 
8428 4001 3132 4749 
8429 2672 3523 4799 
8430 1668 2471 4628 
8431 1228 1247 4945 
8432 1575 4070 5052 
8433 691 686 4613 
8434 1430 1428 1719 
8435 45 1170 4264 
8436 1434 1432 1822 
8437 2769 4419 4707 
8438 2491 2285 3937 
8439 3359 2228 5339 
8440 4370 1651 4773 
8441 1310 1308 4795 
8442 4591 3232 5066 
8443 4625 3817 5257 
8444 4357 5 4362 
8445 5246 453 5609 
8446 2570 3120 3121 
8447 638 636 4563 
8448 800 825 5190 
8449 3653 3654 5393 
8450 3825 3226 5506 
8451 888 887 889 
8452 2819 3944 5106 
8453 61 331 1699 
8454 145 372 4585 
8455 383 155 4593 
8456 1700 1701 1921 
8457 3097 2835 3782 
8458 2701 2996 4516 
8459 4584 1081 5264 
8460 3244 3684 3685 
8461 892 916 4447 
8462 2511 1617 4776 
8463 922 4368 4463 
8464 1148 1147 1152 
8465 4400 5179 5763 
8466 2889 3112 5776 
8467 2743 4503 4938 
8468 525 50 4231 
8469 43 789 4771 
8470 1419 4614 4827 
8471 2564 2442 3187 
8472 494 496 4796 
8473 2621 4233 5287 
8474 2036 3186 4172 
8475 4329 1218 4772 
8476 2232 1922 2233 
8477 1900 1902 2543 
8478 3609 3608 5765 
8479 3477 1902 4894 
8480 3951 88 5520 
8481 1242 2278 4483 
8482 1370 1342 1593 
8483 2668 2989 4521 
8484 2265 2621 4286 
8485 3378 5363 5610 
8486 116 115 2452 
8487 1141 1136 1730 
8488 1634 312 4265 
8489 2290 2233 2433 
8490 2913 3883 5206 
8491 5244 461 5530 
8492 601 162 4198 
8493 2854 2304 2855 
8494 390 601 4421 
8495 2007 1727 3950 
8496 78 348 4678 
8497 4418 1645 4801 
8498 2711 2979 2980 
8499 374 146 1692 
8500 1249 1248 1356 
8501 3337 2719 4450 
8502 1399 1174 1400 
8503 3803 3804 5500 
8504 4231 3256 5378 
8505 2139 2137 5383 
8506 1729 634 4579 
8507 2224 2225 2304 
8508 3794 4872 5533 
8509 2543 2619 3966 
8510 3882 3935 4998 
8511 2290 2433 2802 
8512 48 2348 4237 
8513 87 805 5520 
8514 3190 2936 4027 
8515 2322 2323 2324 
8516 2356 1336 4753 
8517 1888 1890 4594 
8518 651 1755 4538 
8519 2848 2891 3726 
8520 3234 4609 4787 
8521 2025 1953 4632 
8522 2651 1935 4709 
8523 1264 1198 4499 
8524 2303 2537 4541 
8525 1738 4447 5206 
8526 2226 2237 2848 
8527 3396 4162 5382 
8528 3420 3419 5434 
8529 4774 3799 5067 
8530 1842 3246 4968 
8531 3128 3127 4768 
8532 2923 4671 4994 
8533 634 632 4579 
8534 28 298 4660 
8535 540 542 4643 
8536 686 682 4613 
8537 2178 2197 2215 
8538 1379 96 3813 
8539 2471 1670 4591 
8540 4296 4295 4937 
8541 119 1465 3995 
8542 2381 5158 5333 
8543 3318 3926 5131 
8544 1936 1970 2442 
8545 2376 2816 4798 
8546 1035 1246 4524 
8547 2474 2203 4523 
8548 2938 4054 5008 
8549 1788 2857 2858 
8550 897 829 4481 
8551 1351 1353 4067 
8552 1808 1809 2226 
8553 1605 1515 4511 
8554 1921 1922 2232 
8555 146 373 4604 
8556 1198 3636 4499 
8557 3618 2794 5098 
8558 2227 2099 2228 
8559 926 777 4750 
8560 2940 3221 4991 
8561 172 399 585 
8562 1660 1773 1936 
8563 2870 3987 5809 
8564 4561 2365 5519 
8565 2932 2271 4816 
8566 980 978 2188 
8567 41 1384 4265 
8568 2535 3731 5284 
8569 4817 1330 5108 
8570 1278 1679 4767 
8571 2246 2245 4724 
8572 2046 3015 4509 
8573 399 171 4624 
8574 3065 3066 3067 
8575 2807 4888 5233 
8576 2666 2814 5275 
8577 4003 3211 4970 
8578 1993 1991 1994 
8579 264 265 4839 
8580 1245 1244 5620 
8581 1701 2032 4559 
8582 1767 1766 4580 
8583 155 382 570 
8584 2788 4418 4801 
8585 2749 2752 4862 
8586 2869 1389 5320 
8587 890 1738 4779 
8588 2583 2303 4541 
8589 1555 3859 5464 
8590 1153 1152 1248 
8591 2232 2233 2290 
8592 400 172 4581 
8593 1314 1322 5043 
8594 2389 2388 2744 
8595 2537 3452 4541 
8596 3794 2007 5207 
8597 1739 680 4502 
8598 4503 3195 4938 
8599 3804 3801 4774 
8600 1165 1167 1808 
8601 2801 3519 4686 
8602 4943 431 5295 
8603 3312 4531 5303 
8604 636 1729 4563 
8605 3136 2832 5734 
8606 375 147 1702 
8607 4537 2583 4541 
8608 1086 1175 1176 
8609 2812 2444 3913 
8610 1749 670 4544 
8611 2198 2199 2200 
8612 2541 1939 2960 
8613 915 891 4733 
8614 4326 4327 5788 
8615 1515 1524 4511 
8616 3856 2170 4993 
8617 2079 1597 4546 
8618 2684 3412 4741 
8619 2659 2801 3060 
8620 3535 3534 5436 
8621 1684 4122 5126 
8622 4231 320 4272 
8623 1591 3216 4957 
8624 1872 3936 5317 
8625 3668 3315 5468 
8626 1658 167 4291 
8627 1939 1826 4834 
8628 2087 2091 2313 
8629 1438 4612 5192 
8630 2322 2324 3280 
8631 1400 1547 1548 
8632 5223 2786 5224 
8633 4168 1724 5172 
8634 1823 1822 2017 
8635 4678 3567 5564 
8636 4246 40 4337 
8637 3317 2732 3318 
8638 1950 2321 2322 
8639 382 154 4617 
8640 3181 4203 4718 
8641 4661 3608 5362 
8642 2445 303 4529 
8643 4218 2296 4746 
8644 907 906 908 
8645 2018 2017 2388 
8646 3628 4753 5340 
8647 1629 305 4288 
8648 5099 1836 5528 
8649 330 59 521 
8650 1332 1194 4533 
8651 4324 2793 4592 
8652 1826 1624 4834 
8653 826 920 4641 
8654 1585 1724 4631 
8655 4815 2956 5119 
8656 1894 1813 4551 
8657 3164 3166 4738 
8658 2554 3457 4755 
8659 2926 2925 4487 
8660 4732 3901 5255 
8661 5518 1984 5744 
8662 49 1403 4272 
8663 3161 5003 5475 
8664 3157 3155 3158 
8665 1734 1733 1735 
8666 3648 2975 5755 
8667 4773 2382 5007 
8668 3540 2792 4755 
8669 2224 2223 2225 
8670 147 374 4615 
8671 1189 1187 4437 
8672 4249 1999 5095 
8673 3303 4349 5104 
8674 2328 2446 2956 
8675 4812 2929 5426 
8676 2298 1552 4737 
8677 2200 2201 2667 
8678 1480 3896 5527 
8679 1784 2039 5411 
8680 2381 2380 5158 
8681 3817 3116 5257 
8682 1921 2276 5798 
8683 1670 1672 4591 
8684 1617 1567 1806 
8685 2588 2462 2589 
8686 3261 2627 5635 
8687 2203 2204 4523 
8688 2075 557 4598 
8689 2305 1806 2549 
8690 1403 319 4237 
8691 1959 1888 4594 
8692 4409 2359 5323 
8693 4932 1911 4935 
8694 547 478 5435 
8695 2074 1879 2277 
8696 2981 4626 5081 
8697 962 931 4480 
8698 1581 1583 4735 
8699 3364 3363 3365 
8700 1890 1893 4594 
8701 1988 1992 5270 
8702 888 889 890 
8703 4673 3144 5091 
8704 1384 311 4246 
8705 5464 3859 5698 
8706 4144 232 5622 
8707 3707 3703 5065 
8708 3384 4013 5750 
8709 3329 4815 5119 
8710 1386 1354 4897 
8711 4543 3832 5425 
8712 1071 1073 5428 
8713 376 148 613 
8714 1651 1899 4773 
8715 4700 2722 4702 
8716 34 1291 4288 
8717 4799 3416 5637 
8718 1532 1807 4760 
8719 2457 2963 5306 
8720 60 330 4885 
8721 2344 2319 3301 
8722 1238 1378 4574 
8723 1687 1593 1879 
8724 688 4410 5630 
8725 1732 1733 1734 
8726 1576 1781 4528 
8727 600 30 4209 
8728 2094 2092 4573 
8729 2053 1901 4442 
8730 3196 3197 5477 
8731 1036 1035 4524 
8732 3133 2897 4857 
8733 346 75 4877 
8734 1069 1068 1070 
8735 3165 3563 5194 
8736 1618 314 4771 
8737 1071 1070 1072 
8738 1078 1075 4539 
8739 1073 1072 1074 
8740 3548 199 3549 
8741 1445 322 4318 
8742 1075 1074 1077 
8743 4539 2293 4540 
8744 2472 2317 4724 
8745 1713 1066 4927 
8746 195 194 543 
8747 1448 1508 4680 
8748 1557 1708 4426 
8749 5190 3805 5354 
8750 3916 1521 4974 
8751 1618 3934 5422 
8752 3909 3133 5360 
8753 148 375 4627 
8754 2961 2589 2962 
8755 1195 4480 5298 
8756 937 984 4543 
8757 154 381 1721 
8758 2083 2085 3073 
8759 1606 308 4211 
8760 632 954 4579 
8761 1394 4067 4530 
8762 3641 3642 5612 
8763 789 4056 5481 
8764 2807 4676 5125 
8765 1141 1730 1732 
8766 942 983 4802 
8767 999 997 5297 
8768 3493 2977 4165 
8769 2100 1759 4600 
8770 3496 2845 4939 
8771 903 200 3548 
8772 3563 3164 4738 
8773 404 176 4966 
8774 864 866 5296 
8775 2884 2882 4428 
8776 408 1641 4405 
8777 2213 918 5803 
8778 1361 1359 1750 
8779 4126 2779 5173 
8780 5367 3975 5575 
8781 52 1445 4287 
8782 1340 1271 4483 
8783 1719 1428 4674 
8784 3723 2739 5796 
8785 381 153 4638 
8786 4480 3724 5298 
8787 3239 3622 5174 
8788 4133 3237 5494 
8789 2091 2448 4699 
8790 2245 2242 3921 
8791 2818 2475 3062 
8792 439 4547 5219 
8793 2241 2058 3939 
8794 2160 2161 2171 
8795 1731 4800 5361 
8796 2271 2828 4816 
8797 1957 1833 5723 
8798 1807 1631 4628 
8799 4739 5517 5745 
8800 1297 3983 5181 
8801 3610 2960 3611 
8802 3787 3508 5196 
8803 3782 1613 5429 
8804 4224 4100 4770 
8805 4386 1285 4713 
8806 1067 1066 1068 
8807 3727 2891 5000 
8808 3152 3033 3265 
8809 1022 1020 2613 
8810 2057 2054 3945 
8811 3775 3265 5670 
8812 908 906 2045 
8813 4452 942 4802 
8814 3219 3158 4599 
8815 3721 3018 5701 
8816 2668 2669 2989 
8817 886 887 888 
8818 4052 756 5021 
8819 377 149 1720 
8820 3311 3309 3312 
8821 2032 4212 4478 
8822 1486 120 3995 
8823 1077 1085 1086 
8824 1690 1910 4650 
8825 4711 3060 5208 
8826 4163 415 4164 
8827 3146 2861 4623 
8828 3690 4079 5086 
8829 2329 2333 4572 
8830 301 600 4274 
8831 2830 2831 5130 
8832 3502 1920 4642 
8833 2390 2317 2472 
8834 464 467 4873 
8835 946 554 4758 
8836 2267 494 4796 
8837 2765 2780 5023 
8838 2954 4720 5413 
8839 4845 2173 5120 
8840 1526 63 4263 
8841 3283 3862 5801 
8842 149 376 4639 
8843 2394 4029 5174 
8844 2669 2201 4872 
8845 3894 117 4985 
8846 1645 1647 4801 
8847 4590 615 5599 
8848 1898 949 4820 
8849 1793 2003 5387 
8850 3248 3247 5681 
8851 3851 3187 4742 
8852 4557 3207 5584 
8853 2138 2139 2140 
8854 850 849 4689 
8855 647 747 5004 
8856 2980 2979 3650 
8857 1276 1278 4767 
8858 3369 5070 5144 
8859 3029 4132 5468 
8860 3967 2975 5290 
8861 33 2445 4293 
8862 1511 1276 4767 
8863 3054 5235 5262 
8864 125 856 4180 
8865 1900 1798 1902 
8866 1178 1725 4219 
8867 2625 2209 4474 
8868 3781 1122 4918 
8869 4690 2104 5035 
8870 2212 2168 4433 
8871 298 27 1050 
8872 5014 3780 5015 
8873 2171 2172 2175 
8874 2214 929 4647 
8875 1026 909 1066 
8876 1592 1567 1617 
8877 2956 2446 3040 
8878 3640 3641 5626 
8879 891 2706 4733 
8880 852 850 4645 
8881 1732 1730 1733 
8882 227 4257 5565 
8883 1612 66 4266 
8884 628 626 4928 
8885 2582 2573 5512 
8886 2446 2329 4572 
8887 76 794 4510 
8888 2923 1376 4671 
8889 5289 3304 5782 
8890 4040 3019 5586 
8891 363 135 4748 
8892 974 985 5322 
8893 2126 2127 2156 
8894 3560 3433 5524 
8895 1631 1668 4628 
8896 1979 3404 4580 
8897 682 1739 4613 
8898 2672 4799 5637 
8899 2364 3071 4879 
8900 20 1575 4182 
8901 378 150 1728 
8902 2479 3530 4659 
8903 2296 4218 4972 
8904 4481 827 4641 
8905 2808 4194 4732 
8906 1626 1643 4803 
8907 430 4037 4869 
8908 3310 3363 3364 
8909 1724 1372 5172 
8910 4154 786 5551 
8911 1237 2977 2978 
8912 2961 4892 5432 
8913 4490 2730 5395 
8914 1193 1558 4891 
8915 2273 4679 5657 
8916 2821 4348 4954 
8917 1196 1191 4068 
8918 2488 2487 3621 
8919 4592 3541 5231 
8920 684 676 4883 
8921 1093 1090 5384 
8922 153 380 1743 
8923 2889 2888 3112 
8924 150 377 4653 
8925 380 152 4663 
8926 2803 2433 4536 
8927 2715 1904 2718 
8928 4803 2073 5063 
8929 334 1526 4301 
8930 5177 443 5736 
8931 5066 3592 5083 
8932 1246 1365 4636 
8933 2696 2926 4681 
8934 3324 5039 5198 
8935 1839 1585 4631 
8936 4547 2944 5219 
8937 4340 1743 4997 
8938 1527 1690 4650 
8939 106 3826 3973 
8940 2908 5538 5540 
8941 4041 1880 4697 
8942 1530 328 4332 
8943 2887 2654 2888 
8944 443 223 5525 
8945 3496 4939 5006 
8946 1193 1191 1196 
8947 3692 3751 5618 
8948 1977 2603 4813 
8949 3330 4780 5439 
8950 4253 1130 5616 
8951 58 1530 4279 
8952 2538 5258 5369 
8953 4334 1562 4936 
8954 391 2294 4586 
8955 2305 3123 4754 
8956 2709 2711 4761 
8957 4075 3042 4852 
8958 310 788 4337 
8959 2900 4670 5041 
8960 3854 457 4864 
8961 3327 5027 5753 
8962 578 1960 4792 
8963 1657 1838 4923 
8964 1456 1461 1907 
8965 2081 1693 4756 
8966 1258 1196 1568 
8967 2995 3258 3432 
8968 4003 212 5282 
8969 4256 4254 4991 
8970 2305 2549 3123 
8971 1325 1316 4855 
8972 1488 1431 5452 
8973 592 596 5037 
8974 1280 1264 4499 
8975 2420 1896 5391 
8976 660 688 5402 
8977 4241 714 5232 
8978 4013 2968 4459 
8979 5424 3784 5666 
8980 3864 2872 5068 
8981 1203 3905 5599 
8982 3226 4292 5487 
8983 2985 3091 5298 
8984 1202 1722 1723 
8985 1941 2292 5135 
8986 3938 3016 4950 
8987 955 1053 4729 
8988 2546 1996 5376 
8989 1274 1718 4618 
8990 395 1658 4399 
8991 4157 3142 5398 
8992 2646 2644 5404 
8993 1548 2365 4805 
8994 121 1486 4058 
8995 2089 1977 4813 
8996 1190 1189 1191 
8997 3934 1170 5422 
8998 213 427 5282 
8999 831 897 4708 
9000 3314 4173 5177 
9001 2010 2342 2738 
9002 1291 304 4293 
9003 3280 2324 3329 
9004 968 965 4794 
9005 1144 1142 4622 
9006 4866 3090 5265 
9007 4450 5242 5501 
9008 3748 4383 4967 
9009 323 4287 4336 
9010 411 183 4582 
9011 4766 3383 5230 
9012 786 4154 5803 
9013 1272 1274 4618 
9014 607 1496 4746 
9015 3102 3103 5239 
9016 4583 2496 4739 
9017 1492 1394 4530 
9018 2042 2098 4857 
9019 1185 98 3672 
9020 1762 1605 4511 
9021 4481 4141 5691 
9022 5463 1202 5760 
9023 1365 1630 4636 
9024 2757 2759 5385 
9025 2605 3936 5071 
9026 2388 2516 4715 
9027 2935 2474 4523 
9028 4308 4307 4896 
9029 4164 415 4586 
9030 2862 3078 5058 
9031 2393 2806 5323 
9032 3353 4485 5417 
9033 1450 1509 5097 
9034 2861 4560 4623 
9035 3125 3516 5011 
9036 2071 1962 4832 
9037 2551 3314 5177 
9038 4683 2914 5013 
9039 178 1638 5014 
9040 1755 649 5004 
9041 4377 4375 4775 
9042 3885 3230 4914 
9043 3586 4495 4496 
9044 1088 1087 5771 
9045 929 987 4647 
9046 833 831 4708 
9047 3895 4501 5646 
9048 3364 3365 5674 
9049 4762 1202 5463 
9050 4110 4471 5438 
9051 1558 1258 1567 
9052 2779 2761 5173 
9053 4250 3055 5685 
9054 1617 1806 2305 
9055 1279 1280 5266 
9056 4159 415 4163 
9057 4410 4049 5308 
9058 1135 1128 5240 
9059 3324 5198 5382 
9060 4152 16 4252 
9061 2955 5117 5123 
9062 3647 3289 5633 
9063 1640 71 4323 
9064 2150 2512 5784 
9065 496 884 4796 
9066 3293 4954 5244 
9067 2430 3262 3732 
9068 1649 4900 5058 
9069 4671 1687 4994 
9070 1345 1865 4842 
9071 2638 5101 5379 
9072 1363 1272 4618 
9073 4861 3879 5434 
9074 1761 1762 5214 
9075 1202 1200 1722 
9076 152 379 567 
9077 590 592 5037 
9078 2978 3493 3494 
9079 2080 2434 4649 
9080 1419 70 4285 
9081 3515 4332 4548 
9082 332 61 5034 
9083 2681 4158 5049 
9084 406 178 5014 
9085 425 261 5085 
9086 3849 1121 4793 
9087 3606 4209 4522 
9088 4498 1697 4862 
9089 1599 1503 1601 
9090 1286 624 5012 
9091 4372 1619 5280 
9092 1409 1411 4640 
9093 1697 2749 4862 
9094 2198 1336 2199 
9095 930 527 4677 
9096 3360 3100 4968 
9097 1121 3871 4793 
9098 4540 2293 4822 
9099 4472 1286 5012 
9100 510 1757 5248 
9101 236 423 5114 
9102 3747 3748 5673 
9103 2207 3347 5293 
9104 3564 2675 5022 
9105 2294 163 4421 
9106 3251 3252 4837 
9107 4557 3867 5585 
9108 1622 73 4306 
9109 5049 3700 5215 
9110 109 108 1473 
9111 1591 584 2319 
9112 578 580 1960 
9113 1589 4131 4132 
9114 1105 1101 4730 
9115 2275 2999 3000 
9116 2981 3763 5576 
9117 2733 2930 4833 
9118 3735 3316 4963 
9119 1185 3672 4186 
9120 1630 1527 4650 
9121 4197 3837 4734 
9122 2680 2101 4879 
9123 1989 1987 3664 
9124 5327 3039 5328 
9125 4581 585 5417 
9126 569 388 4335 
9127 1765 1413 4565 
9128 1124 3917 5616 
9129 2667 2201 2668 
9130 1513 122 4058 
9131 3908 4731 5218 
9132 2195 1948 4704 
9133 4518 1677 4519 
9134 1463 1466 1860 
9135 4609 2892 4990 
9136 3945 2053 4843 
9137 3068 4409 5464 
9138 1288 1257 4596 
9139 1135 5240 5451 
9140 1237 2976 2977 
9141 2648 2646 5751 
9142 2504 3789 4856 
9143 341 1419 4323 
9144 2295 1886 4659 
9145 1478 1481 1482 
9146 5325 749 5752 
9147 2983 2984 5122 
9148 3968 2592 5370 
9149 1257 1209 4597 
9150 617 181 4405 
9151 434 246 5084 
9152 38 1606 4858 
9153 1848 1644 4874 
9154 2608 5409 5447 
9155 2344 3301 3352 
9156 2200 2199 2201 
9157 921 919 4901 
9158 2516 4454 4788 
9159 3520 4408 4662 
9160 2738 2342 3114 
9161 4456 4024 4810 
9162 1469 1472 1474 
9163 586 168 4399 
9164 4262 2825 4953 
9165 4398 1681 5262 
9166 2785 4283 5550 
9167 2325 2328 4815 
9168 4157 1638 5485 
9169 5517 3302 5745 
9170 1669 1632 5780 
9171 2055 4789 5227 
9172 1312 1310 4931 
9173 1922 1701 4559 
9174 5007 2384 5220 
9175 2869 5089 5443 
9176 2903 4236 4763 
9177 2069 955 4729 
9178 869 852 4645 
9179 2010 1862 2342 
9180 2031 4007 4765 
9181 3144 5145 5532 
9182 1077 2293 4539 
9183 1591 2319 2344 
9184 4292 3010 5366 
9185 3860 3385 5355 
9186 1424 2924 4674 
9187 714 709 5232 
9188 2543 1902 2619 
9189 1335 1064 1336 
9190 924 4881 4882 
9191 1828 1572 5132 
9192 3213 3867 4854 
9193 3956 691 5537 
9194 1443 325 4734 
9195 795 72 4344 
9196 2716 2717 3074 
9197 4864 457 5246 
9198 1773 1356 4840 
9199 1861 1722 2487 
9200 804 802 5354 
9201 11 10 4692 
9202 2572 3445 5512 
9203 3788 4789 5427 
9204 1637 2298 4709 
9205 3257 4802 5205 
9206 2621 2094 4573 
9207 4811 3217 5566 
9208 1188 1187 1189 
9209 1875 2475 2818 
9210 3740 1149 4860 
9211 1473 108 3387 
9212 3054 3893 5235 
9213 527 519 4677 
9214 1544 1494 5054 
9215 2820 4347 5727 
9216 2430 3732 3733 
9217 3056 2493 5245 
9218 506 509 5276 
9219 2279 2807 4818 
9220 5004 747 5664 
9221 577 5195 5597 
9222 3015 4038 5226 
9223 2738 3114 4128 
9224 123 1513 4142 
9225 4844 2141 5051 
9226 4486 1762 4714 
9227 3428 5032 5178 
9228 1385 1498 5793 
9229 3075 3074 4727 
9230 2688 2686 4740 
9231 1380 1532 4760 
9232 1553 3891 5772 
9233 4620 4619 5693 
9234 4182 1575 5052 
9235 2720 4406 5722 
9236 4728 4829 5374 
9237 1310 4795 4931 
9238 3135 5295 5788 
9239 212 213 5282 
9240 2169 2170 2268 
9241 2324 2325 4815 
9242 2714 2715 2716 
9243 5628 5334 5677 
9244 4154 2213 5803 
9245 115 114 5185 
9246 1421 74 4886 
9247 4189 2599 5516 
9248 3561 2886 5493 
9249 2663 5010 5121 
9250 3214 3692 4630 
9251 3126 4208 5079 
9252 4304 5476 5762 
9253 67 337 5064 
9254 1186 952 1187 
9255 4113 4137 4962 
9256 2917 4439 5030 
9257 2175 2176 2291 
9258 1025 1028 1029 
9259 3599 2511 4776 
9260 1184 100 3474 
9261 2268 3037 3038 
9262 1487 1259 4785 
9263 1974 2820 5727 
9264 3966 2619 4569 
9265 908 2045 3065 
9266 2370 4700 5258 
9267 3456 3909 5360 
9268 1353 4596 4691 
9269 879 877 4706 
9270 193 1589 4564 
9271 1370 1687 4671 
9272 522 53 4336 
9273 4424 4444 5161 
9274 64 4301 4570 
9275 342 1640 4344 
9276 2569 2570 3348 
9277 849 883 4689 
9278 1828 5132 5567 
9279 2248 3865 5810 
9280 3495 5251 5728 
9281 3818 3817 4625 
9282 1554 4180 4809 
9283 3046 4286 5275 
9284 796 529 4685 
9285 1849 4835 5521 
9286 4605 3563 4738 
9287 2605 3394 3936 
9288 1085 1074 4863 
9289 4375 2417 4775 
9290 529 930 4685 
9291 3970 4604 5584 
9292 790 4064 5604 
9293 5011 3516 5492 
9294 3562 3638 5777 
9295 3850 459 5813 
9296 4332 57 4548 
9297 4497 1748 4763 
9298 1025 1024 1028 
9299 2552 3783 4934 
9300 1510 1895 5243 
9301 3039 5243 5328 
9302 1613 3761 5429 
9303 4335 160 4408 
9304 2100 4549 5660 
9305 2543 3966 4911 
9306 2122 2123 4871 
9307 3328 5250 5425 
9308 369 141 5090 
9309 1797 1070 4846 
9310 882 845 4721 
9311 1230 1228 4945 
9312 2866 2864 4900 
9313 4468 2377 5310 
9314 3532 746 5717 
9315 622 2075 5012 
9316 1293 3789 5698 
9317 406 5014 5015 
9318 3061 2884 4428 
9319 2432 2183 4961 
9320 22 1164 5721 
9321 794 346 4877 
9322 856 124 4142 
9323 1886 2479 4659 
9324 4347 4594 5727 
9325 3107 4773 5007 
9326 603 2296 4643 
9327 4199 4188 5259 
9328 343 795 4306 
9329 4295 4010 5589 
9330 1615 4064 5045 
9331 676 674 4883 
9332 2984 2089 5286 
9333 2526 3396 5382 
9334 4884 844 5583 
9335 1524 1386 4897 
9336 2598 4866 5055 
9337 2157 2279 2783 
9338 1740 1409 4640 
9339 1025 1029 5641 
9340 4608 2349 5075 
9341 3315 3723 5796 
9342 4227 4226 5029 
9343 427 4002 5282 
9344 2126 2156 2157 
9345 1479 1477 5588 
9346 745 773 5536 
9347 3194 4025 5225 
9348 2238 2309 2605 
9349 4441 531 5034 
9350 4670 2622 5041 
9351 841 839 4705 
9352 3980 2634 5453 
9353 1881 3299 4737 
9354 2877 2875 4507 
9355 1712 4369 5357 
9356 1575 19 4391 
9357 402 174 5026 
9358 5010 1966 5121 
9359 2730 4077 5395 
9360 2694 2691 4783 
9361 3658 4743 5162 
9362 1176 1551 4823 
9363 2333 2608 4572 
9364 902 197 3960 
9365 1792 879 4706 
9366 4531 3312 5365 
9367 4035 3187 5705 
9368 2257 5070 5790 
9369 3994 2913 5206 
9370 387 602 4408 
9371 1550 1881 4737 
9372 2155 2152 4993 
9373 4822 2293 4823 
9374 2101 2364 4879 
9375 1501 1337 4072 
9376 3946 4334 4930 
9377 3308 3311 5345 
9378 2328 2956 4815 
9379 4266 336 4374 
9380 1348 5277 5539 
9381 2905 2881 2906 
9382 4622 1142 4696 
9383 3614 4572 5447 
9384 4209 300 4522 
9385 1193 1196 1258 
9386 1723 1861 1862 
9387 2310 2941 5281 
9388 1441 2726 2727 
9389 3197 4342 5126 
9390 4453 4048 5021 
9391 845 843 4721 
9392 3783 2238 4934 
9393 4631 1724 5515 
9394 519 1877 4677 
9395 4586 2294 5272 
9396 340 1633 4285 
9397 195 543 3962 
9398 5499 2952 5582 
9399 3211 3568 4970 
9400 3684 2803 4955 
9401 2036 2552 3186 
9402 4926 3049 5687 
9403 424 243 5201 
9404 4915 2957 5053 
9405 4263 333 4373 
9406 542 603 4643 
9407 1190 1191 1193 
9408 1366 1254 5152 
9409 3077 4124 4965 
9410 3490 4424 4884 
9411 877 924 4706 
9412 2582 4023 5697 
9413 3252 4445 4837 
9414 4148 2939 5601 
9415 420 220 5187 
9416 4109 4110 4980 
9417 3136 4984 5364 
9418 789 313 5338 
9419 2011 2387 2430 
9420 1359 1357 4784 
9421 515 512 5248 
9422 2828 4859 4996 
9423 5000 2989 5392 
9424 1441 1439 2726 
9425 3699 3700 5049 
9426 4809 3249 5610 
9427 1930 1927 5112 
9428 3248 4487 5452 
9429 3019 2212 4433 
9430 349 78 807 
9431 3026 3405 5221 
9432 5115 5554 5816 
9433 396 586 4394 
9434 1508 2224 4680 
9435 1252 1495 5172 
9436 1815 1894 4981 
9437 3331 3809 5731 
9438 602 159 4423 
9439 2818 4143 5154 
9440 4363 4364 4365 
9441 1232 1230 4977 
9442 2902 4219 4416 
9443 2744 3866 5685 
9444 403 587 4383 
9445 4645 850 4689 
9446 1404 1407 5163 
9447 2134 2135 4887 
9448 1147 1144 4622 
9449 4176 2069 4729 
9450 2965 5011 5492 
9451 902 3961 4969 
9452 5666 1446 5722 
9453 138 1459 4392 
9454 4614 3503 4827 
9455 4137 4138 4962 
9456 859 854 4751 
9457 839 847 4705 
9458 1708 1871 2238 
9459 344 1622 4886 
9460 3800 3805 5472 
9461 3266 1184 3492 
9462 4589 4588 4849 
9463 248 428 5231 
9464 1800 841 4705 
9465 2330 3671 5213 
9466 1265 1292 5498 
9467 79 349 4800 
9468 2350 2080 4649 
9469 3813 3849 5133 
9470 4382 4706 5316 
9471 1094 1091 4831 
9472 2471 5066 5083 
9473 1141 1732 4696 
9474 626 1286 4928 
9475 4892 2210 5432 
9476 2169 2167 2170 
9477 4524 1246 4636 
9478 3895 2802 4797 
9479 1617 2305 4776 
9480 1612 4266 4722 
9481 2942 4407 5219 
9482 4192 788 5696 
9483 3129 4803 5063 
9484 321 525 5141 
9485 2895 2249 5069 
9486 619 404 4966 
9487 4033 11 4692 
9488 2783 2279 2784 
9489 4417 137 4429 
9490 2276 4312 5798 
9491 5030 3829 5508 
9492 4136 3257 5205 
9493 4851 2784 5304 
9494 3456 2100 5660 
9495 4318 51 5141 
9496 3904 3231 5707 
9497 139 1650 4403 
9498 4618 3469 5132 
9499 3849 3050 5133 
9500 4124 4125 4965 
9501 2608 2609 5409 
9502 1330 1396 5108 
9503 1788 1785 2685 
9504 2960 1939 4834 
9505 2867 3102 5109 
9506 1948 2495 4704 
9507 619 4157 5485 
9508 3048 3914 5603 
9509 2138 2140 2189 
9510 1419 4285 4614 
9511 1748 662 5402 
9512 1920 2010 4642 
9513 4312 1865 5798 
9514 1751 1997 2036 
9515 2135 2138 4887 
9516 3025 2354 5123 
9517 1075 1077 4539 
9518 4793 3296 5650 
9519 2052 2927 2928 
9520 2907 5237 5540 
9521 4076 4463 4971 
9522 4363 1995 4364 
9523 4064 1615 5604 
9524 978 968 4794 
9525 4612 2707 5192 
9526 3937 3069 4878 
9527 36 790 5604 
9528 2284 4179 4924 
9529 42 1634 5338 
9530 3268 4728 5714 
9531 5067 3512 5200 
9532 3470 5053 5387 
9533 4994 2987 5314 
9534 4843 4442 4911 
9535 1104 1134 5505 
9536 2216 2218 2219 
9537 3664 2052 4830 
9538 5288 3386 5679 
9539 3672 1379 5396 
9540 2157 2156 2279 
9541 3292 3628 5340 
9542 1188 1189 1190 
9543 4801 3959 5150 
9544 3055 4250 5403 
9545 3064 3375 5286 
9546 4431 4146 5101 
9547 5003 1817 5475 
9548 1484 1487 4756 
9549 911 863 4781 
9550 740 681 5636 
9551 2305 4754 4776 
9552 4218 3241 4972 
9553 2711 2980 4761 
9554 3177 3175 3376 
9555 4067 1353 5157 
9556 329 4279 4389 
9557 1841 946 4758 
9558 1458 136 4309 
9559 3596 3951 5520 
9560 4383 3748 4966 
9561 169 4394 4515 
9562 2464 2181 4695 
9563 3706 4006 5789 
9564 2156 2127 4676 
9565 140 611 4412 
9566 4601 3677 5352 
9567 4291 588 4292 
9568 523 17 4152 
9569 4790 1441 5702 
9570 649 647 5004 
9571 2123 2126 4871 
9572 4015 2947 5654 
9573 364 1458 4429 
9574 812 811 5060 
9575 2223 2222 4710 
9576 1353 1288 4596 
9577 2189 2190 2994 
9578 110 109 5269 
9579 4735 2020 4973 
9580 843 1800 4721 
9581 1797 4992 5642 
9582 795 4344 4847 
9583 615 886 5599 
9584 1357 1660 4784 
9585 3078 2743 4938 
9586 2996 2702 5331 
9587 4765 2983 5122 
9588 2127 2129 4676 
9589 3633 4988 5801 
9590 1411 1765 4640 
9591 2296 605 4746 
9592 2802 3244 4797 
9593 5602 1807 5748 
9594 3462 3906 5675 
9595 2477 3201 4791 
9596 2071 4832 5439 
9597 4315 4075 4852 
9598 5027 3612 5753 
9599 4688 253 5574 
9600 280 444 5222 
9601 5179 3260 5763 
9602 3060 4956 5208 
9603 2434 3215 4649 
9604 2831 4655 5130 
9605 337 1612 5064 
9606 1536 1492 4530 
9607 863 861 4781 
9608 1650 366 4392 
9609 1459 365 4417 
9610 4423 386 4465 
9611 2763 2765 5023 
9612 44 1618 5422 
9613 1762 4486 5214 
9614 4889 3275 5350 
9615 442 4308 5680 
9616 1999 560 5095 
9617 4764 2906 4925 
9618 4855 1316 5043 
9619 1935 1637 4709 
9620 2268 2170 3037 
9621 1029 1028 1063 
9622 5186 2517 5495 
9623 3917 4253 5616 
9624 182 409 5088 
9625 4664 4935 5510 
9626 2823 2821 4954 
9627 4462 4135 4944 
9628 1029 1063 1064 
9629 611 367 4403 
9630 2377 2367 5310 
9631 2196 4493 5606 
9632 788 39 5204 
9633 3048 3047 5292 
9634 3090 3721 5341 
9635 911 4781 4782 
9636 4595 4644 4699 
9637 605 607 4746 
9638 2975 3648 5290 
9639 3210 3208 5394 
9640 176 4383 4966 
9641 1316 1314 5043 
9642 5457 2311 5603 
9643 4442 2543 4911 
9644 924 875 4881 
9645 4833 2930 4988 
9646 4859 3624 4996 
9647 919 822 4786 
9648 4042 4431 5101 
9649 4257 4256 5565 
9650 225 416 5321 
9651 4910 5142 5590 
9652 737 739 5149 
9653 865 911 4745 
9654 1817 1815 4981 
9655 51 321 5141 
9656 1446 3820 5722 
9657 3103 3602 5239 
9658 3799 3513 5067 
9659 2189 2140 2190 
9660 3105 4334 4936 
9661 2053 4442 4843 
9662 3698 3952 5664 
9663 1615 307 5604 
9664 2994 2190 2995 
9665 2605 2309 3394 
9666 854 869 4751 
9667 2639 2641 5799 
9668 624 622 5012 
9669 822 819 4786 
9670 4016 3045 4973 
9671 3208 3054 5262 
9672 2924 2923 5314 
9673 2599 2598 5055 
9674 3841 3055 5403 
9675 1693 1484 4756 
9676 4074 4657 5039 
9677 577 1065 5195 
9678 1109 1096 4787 
9679 2930 3283 4988 
9680 1868 833 4708 
9681 4616 2350 4947 
9682 3047 2257 5278 
9683 1708 1556 1871 
9684 4818 2807 5233 
9685 1874 2477 4791 
9686 1294 1297 5415 
9687 847 837 4876 
9688 1381 1923 5200 
9689 3047 4554 5292 
9690 142 369 5146 
9691 786 784 5551 
9692 2497 2193 5724 
9693 2099 1105 4730 
9694 5044 2924 5314 
9695 3108 3107 5007 
9696 2112 2114 4743 
9697 2204 1913 5214 
9698 3272 5553 5699 
9699 1028 1024 1045 
9700 2082 5089 5410 
9701 1861 2487 2488 
9702 4283 4282 5406 
9703 1230 4945 4977 
9704 2160 2171 2173 
9705 1418 1609 5761 
9706 2175 2291 3372 
9707 2116 2119 4747 
9708 1824 4751 4752 
9709 2238 1871 2309 
9710 4868 5099 5528 
9711 2808 4732 5255 
9712 5089 5119 5410 
9713 4026 5088 5731 
9714 4471 276 5438 
9715 3859 1293 5698 
9716 2707 2709 5192 
9717 1064 1063 4753 
9718 1552 1550 4737 
9719 177 619 5485 
9720 1186 1187 1188 
9721 2496 2361 5175 
9722 1170 3934 5423 
9723 135 362 1460 
9724 1621 347 4510 
9725 2919 2917 5030 
9726 158 568 4465 
9727 4555 2497 5724 
9728 2248 1746 5558 
9729 532 338 4527 
9730 4342 1684 5126 
9731 1087 1082 4808 
9732 4427 2014 4902 
9733 114 1471 5185 
9734 4333 547 5707 
9735 1200 1183 4744 
9736 2204 4015 5654 
9737 582 584 1591 
9738 3403 3919 5678 
9739 4668 1817 5003 
9740 1638 405 5485 
9741 1632 1533 5549 
9742 4657 2915 5039 
9743 530 796 4951 
9744 2744 2388 4715 
9745 969 3218 5591 
9746 3858 3510 5747 
9747 2215 2216 4566 
9748 867 865 4745 
9749 1170 315 5422 
9750 4379 3219 5591 
9751 4527 67 5064 
9752 556 947 5113 
9753 4644 2313 4699 
9754 4028 3556 5268 
9755 2341 3317 4777 
9756 1250 1152 4895 
9757 1917 4262 4953 
9758 161 569 5202 
9759 1259 1037 4785 
9760 792 786 5803 
9761 4361 4359 4363 
9762 1654 368 4412 
9763 3729 3730 5325 
9764 1062 980 4825 
9765 2383 2381 5333 
9766 4690 2912 5036 
9767 2814 4637 5275 
9768 1208 1094 4831 
9769 3186 2552 4030 
9770 2855 2304 4777 
9771 4655 435 5130 
9772 837 835 4876 
9773 933 952 1186 
9774 1114 1112 4810 
9775 2098 3456 5360 
9776 4226 2982 5029 
9777 1751 1707 1997 
9778 3299 5343 5548 
9779 2914 3294 5013 
9780 522 4336 4890 
9781 5277 3243 5407 
9782 4873 3102 5239 
9783 3012 3204 5337 
9784 3475 1185 4186 
9785 4213 3462 5675 
9786 1649 1542 5503 
9787 2978 2977 3493 
9788 4129 3093 4976 
9789 3977 3386 5288 
9790 2850 5155 5431 
9791 111 2455 3701 
9792 2548 2912 5035 
9793 3155 3153 4835 
9794 4738 3166 5267 
9795 2302 2453 2620 
9796 2828 4190 4859 
9797 1691 4749 5631 
9798 1538 4605 4738 
9799 463 4873 5239 
9800 1432 1430 4814 
9801 5219 4407 5649 
9802 2864 2862 5058 
9803 4439 1635 5030 
9804 2016 4074 5039 
9805 1923 4774 5067 
9806 1080 1078 5025 
9807 2270 4765 5122 
9808 4485 4519 5417 
9809 4488 28 4660 
9810 618 397 4515 
9811 327 526 4548 
9812 421 284 5399 
9813 3400 3831 5557 
9814 1723 1722 1861 
9815 4254 2940 4991 
9816 1518 3716 5797 
9817 29 534 4522 
9818 4414 2688 4740 
9819 4198 389 5202 
9820 3163 3161 5475 
9821 3023 2991 5307 
9822 3283 3282 5465 
9823 5132 3469 5567 
9824 5387 2003 5779 
9825 389 161 5202 
9826 4141 3535 5691 
9827 4010 4320 5589 
9828 459 460 5459 
9829 3589 3894 4985 
9830 1663 4129 4976 
9831 4619 613 5693 
9832 77 1621 4422 
9833 1192 4030 5071 
9834 1369 1062 4825 
9835 4902 2974 4979 
9836 3148 2812 4850 
9837 3202 3359 4990 
9838 1824 859 4751 
9839 4954 465 5244 
9840 875 873 4881 
9841 4283 4717 5550 
9842 534 299 4488 
9843 761 3592 5580 
9844 586 4399 4400 
9845 2309 3131 4893 
9846 18 523 4391 
9847 4371 2267 4933 
9848 2085 2087 4778 
9849 2141 2143 5051 
9850 4384 3382 5652 
9851 568 385 4513 
9852 533 4570 4571 
9853 65 533 4374 
9854 4034 3113 5075 
9855 2995 3432 4757 
9856 543 4191 5546 
9857 4637 2814 5168 
9858 1037 1841 4785 
9859 4474 2208 4904 
9860 2915 2525 5198 
9861 2731 4701 5570 
9862 1454 1456 4826 
9863 2226 2849 5218 
9864 5035 2104 5504 
9865 4190 4508 4859 
9866 5137 1592 5778 
9867 819 4011 4786 
9868 1296 1295 5127 
9869 1202 1723 5760 
9870 1460 4910 5590 
9871 3950 4160 5207 
9872 1909 4683 5013 
9873 39 309 5204 
9874 2612 4331 5672 
9875 55 1443 5534 
9876 4153 1488 5632 
9877 2199 2356 4872 
9878 3439 824 5466 
9879 3356 3355 5630 
9880 4902 2014 4944 
9881 1829 1119 4865 
9882 3538 4822 5469 
9883 2291 2176 4725 
9884 3773 2949 5212 
9885 379 151 5116 
9886 4900 2864 5058 
9887 4679 3494 5657 
9888 5308 1981 5766 
9889 1750 1359 4784 
9890 2716 2715 2717 
9891 2714 1904 2715 
9892 1118 1114 4810 
9893 1994 1991 1996 
9894 2238 2605 4934 
9895 3074 2717 3076 
9896 3784 1446 5666 
9897 1068 1713 4846 
9898 4135 1712 5311 
9899 4816 2828 4996 
9900 533 335 4570 
9901 2036 1997 2552 
9902 3013 2548 5035 
9903 4402 2064 4946 
9904 2176 2178 4725 
9905 1783 1950 4838 
9906 2304 2225 4777 
9907 170 618 4575 
9908 4068 1192 5071 
9909 3921 2241 5031 
9910 1096 1208 4787 
9911 3914 3553 5603 
9912 4216 4215 5757 
9913 3919 716 5678 
9914 4408 602 4662 
9915 3060 2801 4686 
9916 3559 4563 5644 
9917 5033 1132 5467 
9918 5421 5191 5578 
9919 2925 2694 4783 
9920 2241 3939 5031 
9921 1072 1797 4863 
9922 3586 4496 4853 
9923 1926 1844 4031 
9924 3590 2705 5077 
9925 15 1523 4252 
9926 2729 4534 5370 
9927 1735 1733 5144 
9928 157 1685 4513 
9929 1925 4432 5743 
9930 3816 3117 3817 
9931 934 864 5296 
9932 1806 1567 4929 
9933 4706 924 5316 
9934 1992 2569 5270 
9935 2048 2635 4978 
9936 751 755 5251 
9937 2225 2341 4777 
9938 2366 1874 4791 
9939 3197 4980 5477 
9940 2979 2981 5081 
9941 3520 4335 4408 
9942 546 4385 5758 
9943 2927 1986 5112 
9944 4208 4078 5079 
9945 2686 2491 4878 
9946 62 531 4373 
9947 3852 3851 5161 
9948 2249 2503 5069 
9949 457 454 5246 
9950 2322 3280 4838 
9951 3114 3115 5002 
9952 3960 196 3962 
9953 3348 4500 5518 
9954 3213 4854 5561 
9955 3233 5628 5677 
9956 3104 3105 5359 
9957 3111 2830 5130 
9958 1130 1126 5616 
9959 3865 3625 5810 
9960 3867 3212 5585 
9961 362 134 4910 
9962 4056 3392 5481 
9963 3071 3070 5080 
9964 2133 2116 4747 
9965 2313 2091 4699 
9966 3600 4673 5486 
9967 3041 4061 5795 
9968 3008 3281 5684 
9969 3207 3970 5584 
9970 861 1824 4781 
9971 3568 3210 5563 
9972 873 4247 4881 
9973 3937 2284 4924 
9974 4862 2752 5465 
9975 2348 4475 4926 
9976 1822 1432 4814 
9977 3099 4576 5217 
9978 350 79 1731 
9979 1476 1478 4899 
9980 3313 2337 5212 
9981 1687 2074 4994 
9982 2255 4269 5115 
9983 3846 4486 4714 
9984 3045 4735 4973 
9985 596 598 1911 
9986 2912 4690 5035 
9987 4280 3129 5063 
9988 3781 4918 5709 
9989 1547 1174 5001 
9990 2188 978 4794 
9991 1248 1250 4840 
9992 1913 1761 5214 
9993 3539 3882 4998 
9994 2276 2232 5646 
9995 2815 3669 5652 
9996 465 462 5244 
9997 4565 1415 5324 
9998 1667 143 4532 
9999 3898 3897 5369 
10000 2354 2955 5123 
10001 3014 2464 4695 
10002 5210 3222 5639 
10003 56 326 5209 
10004 4758 2966 5367 
10005 3287 3319 5333 
10006 3027 2854 4841 
10007 4730 3887 5339 
10008 902 3960 3961 
10009 3285 4567 5156 
10010 3070 3720 5153 
10011 2458 2459 2461 
10012 2234 1190 4891 
10013 2788 4801 5150 
10014 2727 2726 3501 
10015 370 614 4532 
10016 1878 1545 5017 
10017 4139 3332 5600 
10018 4551 2809 5100 
10019 3069 3937 4924 
10020 599 401 4517 
10021 339 68 5170 
10022 4053 1553 5330 
10023 1112 4456 4810 
10024 4891 1558 5137 
10025 1119 1116 4865 
10026 4596 1257 4597 
10027 1084 1080 5025 
10028 3732 3762 5671 
10029 1530 4332 5754 
10030 4539 4540 5025 
10031 1031 12 4033 
10032 858 2714 5241 
10033 2380 3007 5158 
10034 512 510 5248 
10035 274 2 5299 
10036 3550 3794 5533 
10037 2014 4462 4944 
10038 4897 1354 5266 
10039 309 4858 5204 
10040 2881 2879 4925 
10041 2939 4036 5601 
10042 1679 1318 5735 
10043 1685 384 4550 
10044 141 1654 5090 
10045 2129 2134 4676 
10046 1244 5341 5620 
10047 2619 3477 4907 
10048 3185 3713 4932 
10049 5069 2503 5730 
10050 3329 2324 4815 
10051 80 350 4824 
10052 4798 2816 5634 
10053 1797 4846 4992 
10054 3016 2195 5532 
10055 1082 1084 4808 
10056 1494 1963 5054 
10057 3373 4899 5581 
10058 4164 4586 5272 
10059 1523 14 4395 
10060 1404 5163 5509 
10061 733 735 5484 
10062 4027 2935 5073 
10063 2549 4143 5522 
10064 1865 4312 5529 
10065 1520 4833 4988 
10066 3093 3094 4976 
10067 1356 1248 4840 
10068 4148 3850 5261 
10069 3092 2986 5003 
10070 2761 2763 5173 
10071 5268 1957 5723 
10072 174 599 5026 
10073 1430 1719 4814 
10074 291 292 5326 
10075 4306 3860 5355 
10076 5101 3270 5379 
10077 3733 3732 5671 
10078 4412 611 4889 
10079 1250 4589 5669 
10080 980 2188 4825 
10081 4519 4581 5417 
10082 3368 3011 5311 
10083 4775 2417 5476 
10084 5091 3144 5532 
10085 437 211 5759 
10086 441 234 5683 
10087 4392 1459 4393 
10088 3372 4845 5120 
10089 2803 4536 4955 
10090 223 224 5525 
10091 4146 3270 5101 
10092 444 281 5716 
10093 5113 947 5507 
10094 431 4325 5295 
10095 173 1677 4517 
10096 4115 4855 5043 
10097 2964 2965 5492 
10098 1384 4246 5008 
10099 4186 3672 5396 
10100 3750 2617 5618 
10101 835 1868 4876 
10102 5210 5639 5736 
10103 4723 2998 5710 
10104 3941 3291 5571 
10105 4207 2958 4892 
10106 3790 5602 5748 
10107 856 4142 5009 
10108 3583 4318 5141 
10109 2365 4561 4805 
10110 1680 144 4556 
10111 534 4488 4489 
10112 214 215 5344 
10113 4191 3143 5546 
10114 4700 3898 5258 
10115 409 617 5088 
10116 2818 3062 5047 
10117 3019 4595 5586 
10118 3020 3242 5444 
10119 1715 398 4575 
10120 909 908 4927 
10121 521 59 4389 
10122 156 1726 4550 
10123 371 1667 4556 
10124 2726 4762 5463 
10125 1336 1064 4753 
10126 1798 1599 4894 
10127 2683 3987 5679 
10128 3974 3038 5260 
10129 4302 422 5301 
10130 2295 4659 5319 
10131 3041 2788 5150 
10132 4759 3073 4982 
10133 2854 2855 4841 
10134 2875 2432 4961 
10135 313 42 5338 
10136 3545 3543 5749 
10137 587 175 5372 
10138 1066 909 4927 
10139 4422 1621 4952 
10140 5399 4283 5406 
10141 1116 1118 4865 
10142 2050 2954 5413 
10143 2847 3269 5139 
10144 4673 5091 5486 
10145 747 4427 4979 
10146 2368 2370 5258 
10147 3108 5007 5220 
10148 3337 4450 5501 
10149 1363 4618 5132 
10150 3200 3199 5213 
10151 802 800 5190 
10152 4513 1685 4514 
10153 1181 1367 5205 
10154 4962 4138 5301 
10155 4588 2497 4849 
10156 3474 3475 4635 
10157 5158 3287 5333 
10158 2070 2660 5782 
10159 68 532 5170 
10160 2057 3945 5178 
10161 3880 4665 5416 
10162 3116 2567 5189 
10163 2119 2122 4747 
10164 756 4453 5021 
10165 2763 5023 5173 
10166 5010 2663 5432 
10167 2114 2133 4743 
10168 5250 2206 5425 
10169 4058 1486 4082 
10170 5060 3806 5688 
10171 2510 4148 5261 
10172 4160 2990 5207 
10173 2146 3564 5271 
10174 4049 1981 5308 
10175 1401 4855 5110 
10176 2126 2157 4871 
10177 1905 5227 5807 
10178 4466 4053 5330 
10179 4961 2183 5437 
10180 1865 1700 5798 
10181 5028 749 5111 
10182 4646 2443 5256 
10183 3987 3613 5679 
10184 4993 2152 5784 
10185 1498 4646 4736 
10186 3952 5004 5664 
10187 560 562 5095 
10188 4575 618 4576 
10189 3995 1465 4848 
10190 2923 4994 5314 
10191 4019 3447 5309 
10192 2746 2535 5284 
10193 3715 3222 5210 
10194 4178 3988 5661 
10195 614 142 5146 
10196 4832 3330 5439 
10197 3004 4741 5176 
10198 4564 1589 4867 
10199 2569 3348 3379 
10200 3988 3965 5661 
10201 4197 522 5686 
10202 5237 3816 5540 
10203 5297 1014 5594 
10204 2519 2385 5302 
10205 3650 2979 5081 
10206 2267 4796 5593 
10207 3963 3042 5795 
10208 1078 4539 5025 
10209 4898 2964 5492 
10210 10 9 1030 
10211 3996 3490 5583 
10212 2465 2466 5349 
10213 354 104 3338 
10214 4123 3852 5785 
10215 3437 4366 5619 
10216 3653 4714 5024 
10217 61 1699 5034 
10218 4534 3968 5370 
10219 175 402 5372 
10220 526 56 5209 
10221 4698 4992 5183 
10222 2935 4523 5073 
10223 1503 1501 4912 
10224 2138 2189 4887 
10225 2461 2462 2588 
10226 116 2452 4985 
10227 4595 2950 4644 
10228 531 332 5034 
10229 4463 4368 4971 
10230 612 145 4585 
10231 4368 2049 4971 
10232 4610 2734 5197 
10233 4628 2471 5083 
10234 171 1715 4624 
10235 5063 2338 5397 
10236 4483 4278 5312 
10237 706 708 5752 
10238 1461 1463 4913 
10239 4128 3114 4948 
10240 2455 110 5269 
10241 2944 2942 5219 
10242 1070 1068 4846 
10243 1458 4309 4310 
10244 372 1680 4585 
10245 2471 4591 5066 
10246 1372 1252 5172 
10247 1572 1363 5132 
10248 4030 2552 4934 
10249 2361 2893 5175 
10250 1726 383 4593 
10251 4855 4115 5110 
10252 3585 3586 4853 
10253 5129 3455 5458 
10254 3300 4507 4961 
10255 4008 3536 5704 
10256 276 277 5438 
10257 2389 3055 5131 
10258 3265 3033 5249 
10259 1846 1878 5300 
10260 1417 1447 5324 
10261 1466 1469 4905 
10262 4299 4228 5783 
10263 3113 4063 5638 
10264 2478 4268 5053 
10265 2491 3937 4878 
10266 1593 1342 5312 
10267 3450 3648 5755 
10268 4992 3949 5642 
10269 2194 2311 5457 
10270 1074 1072 4863 
10271 88 87 5520 
10272 1379 3813 5133 
10273 5515 3147 5579 
10274 2277 2975 5165 
10275 3419 4861 5434 
10276 4287 1445 5016 
10277 1942 1943 5787 
10278 1472 1476 4940 
10279 5237 2907 5539 
10280 2812 3913 4850 
10281 4788 4454 5074 
10282 3790 3402 5602 
10283 2663 2588 5432 
10284 3073 2085 4778 
10285 4519 1677 4581 
10286 2784 2279 4818 
10287 3537 3538 5469 
10288 459 5459 5813 
10289 5018 4444 5380 
10290 4940 3373 5377 
10291 4495 3586 5815 
10292 2162 5180 5689 
10293 23 22 5721 
10294 348 4422 4678 
10295 4921 694 5711 
10296 4556 1667 4854 
10297 330 521 4885 
10298 1379 5133 5396 
10299 596 1911 5037 
10300 2167 2155 4993 
10301 4842 4249 5095 
10302 3010 4906 5366 
10303 2487 1722 4744 
10304 3081 3084 5180 
10305 4517 1677 4518 
10306 3724 2985 5298 
10307 1380 4760 5735 
10308 4613 3645 5537 
10309 869 4645 5048 
10310 1677 400 4581 
10311 4305 4775 5476 
10312 2359 2393 5323 
10313 3925 3150 5559 
10314 4594 1893 5727 
10315 1046 3992 5737 
10316 155 570 4593 
10317 3748 2852 5673 
10318 1692 146 4604 
10319 3011 4902 4944 
10320 3900 3858 5747 
10321 3907 1489 5655 
10322 1733 2899 5144 
10323 3467 3082 5022 
10324 1152 1147 4895 
10325 1354 1279 5266 
10326 373 612 4604 
10327 2995 4757 5285 
10328 4740 2686 4878 
10329 2905 2906 5552 
10330 4984 2620 5118 
10331 1819 1735 5070 
10332 2656 3497 5808 
10333 2052 1986 2927 
10334 1348 202 5478 
10335 1725 1048 5605 
10336 315 44 5422 
10337 1950 2322 4838 
10338 3140 4553 5329 
10339 4942 2905 5552 
10340 3476 5054 5193 
10341 2685 4790 5702 
10342 3028 3444 5489 
10343 3158 3155 4835 
10344 3005 2071 5439 
10345 2216 2219 4566 
10346 4900 1649 5503 
10347 4960 4189 5516 
10348 5039 2915 5198 
10349 4754 3123 4964 
10350 331 60 5381 
10351 3145 3147 5515 
10352 4014 3339 4568 
10353 3002 4166 5649 
10354 4971 2049 5395 
10355 2922 4836 4864 
10356 2201 2199 4872 
10357 2321 2672 5637 
10358 3276 3277 5166 
10359 1183 3740 4744 
10360 709 713 5232 
10361 4188 4189 5259 
10362 226 227 5565 
10363 2087 2313 4778 
10364 2965 2783 4851 
10365 3492 5414 5640 
10366 2493 2826 5245 
10367 109 1473 5269 
10368 2045 906 5093 
10369 2189 2994 4888 
10370 2856 4620 5102 
10371 3661 5488 5719 
10372 2143 2160 5051 
10373 253 254 5574 
10374 4309 363 4748 
10375 2178 2215 4725 
10376 5031 3939 5032 
10377 1407 1740 5163 
10378 5330 1553 5772 
10379 3939 2057 5178 
10380 4772 1240 5494 
10381 2814 4903 5168 
10382 2195 4704 5091 
10383 3105 4936 5359 
10384 5053 2957 5387 
10385 1456 1907 4826 
10386 172 585 4581 
10387 4034 5075 5076 
10388 5541 3819 5542 
10389 1902 1798 4894 
10390 3978 3979 5598 
10391 600 4209 5725 
10392 3868 5242 5625 
10393 1722 1200 4744 
10394 5141 525 5708 
10395 1577 4005 5456 
10396 4903 806 4975 
10397 2342 1862 5056 
10398 2452 115 5185 
10399 4882 3662 5316 
10400 543 194 4564 
10401 3037 3856 5167 
10402 2820 3025 5111 
10403 997 1014 5297 
10404 2718 1904 5236 
10405 1737 4273 5191 
10406 919 4786 4901 
10407 1702 147 4615 
10408 5017 1750 5018 
10409 4660 1050 4661 
10410 2967 5164 5479 
10411 232 233 5622 
10412 3281 5423 5684 
10413 5705 2566 5806 
10414 4604 612 5584 
10415 1240 4232 5494 
10416 570 382 4617 
10417 374 1692 4615 
10418 2906 4764 5087 
10419 4608 5075 5638 
10420 1568 1875 5154 
10421 2588 2589 2961 
10422 358 130 5160 
10423 3218 4811 5148 
10424 4717 436 5550 
10425 3180 2808 5255 
10426 13 1031 4395 
10427 585 399 4624 
10428 4039 2962 5617 
10429 3699 5049 5050 
10430 2962 4039 4207 
10431 1619 4016 5280 
10432 1024 1022 5062 
10433 5080 3070 5153 
10434 2971 2277 5165 
10435 3223 4607 5470 
10436 2133 4747 4898 
10437 2519 5302 5648 
10438 4002 4003 5282 
10439 2430 3733 5107 
10440 3374 4637 5361 
10441 4307 419 5587 
10442 351 80 4975 
10443 3912 1451 5418 
10444 5064 1612 5643 
10445 4377 4775 5746 
10446 4082 2998 4723 
10447 633 635 5544 
10448 2233 1922 5155 
10449 4948 3114 5002 
10450 422 4962 5301 
10451 3055 2744 5685 
10452 4648 3539 4998 
10453 3386 2683 5679 
10454 4027 1834 5781 
10455 4638 4340 5614 
10456 3971 4565 5324 
10457 154 1721 4617 
10458 2957 1793 5387 
10459 3443 4782 5371 
10460 4904 2208 5300 
10461 1600 5455 5773 
10462 1358 5002 5608 
10463 134 361 1835 
10464 4887 2189 4888 
10465 3166 4196 5267 
10466 4675 3109 5138 
10467 4430 3004 5176 
10468 4662 3561 5493 
10469 4134 2102 5674 
10470 4576 3099 5329 
10471 3195 2310 5281 
10472 5423 4694 5684 
10473 5075 2349 5076 
10474 1705 4426 5356 
10475 3585 3584 3586 
10476 4768 442 5680 
10477 1928 2363 5159 
10478 1258 1568 4929 
10479 3389 3387 5625 
10480 3282 4862 5465 
10481 298 1050 4660 
10482 2849 4584 5264 
10483 4000 2306 5715 
10484 1737 5191 5421 
10485 2986 4668 5003 
10486 2210 5010 5432 
10487 4808 1084 4999 
10488 2503 1828 5567 
10489 613 148 4627 
10490 1184 3474 4635 
10491 945 776 5656 
10492 4390 2551 5177 
10493 4346 2681 5215 
10494 375 1702 4627 
10495 5433 3342 5659 
10496 580 582 4957 
10497 908 3065 4927 
10498 917 4424 5161 
10499 81 351 806 
10500 4834 1737 5421 
10501 2919 5030 5508 
10502 5178 3945 5786 
10503 2588 2961 5432 
10504 3227 3177 4986 
10505 3868 2460 3973 
10506 60 4885 5381 
10507 2625 4474 5635 
10508 2908 5540 5541 
10509 1917 4028 5723 
10510 2928 2927 2929 
10511 1538 4738 5267 
10512 3398 3399 5348 
10513 2456 2458 2952 
10514 5365 3364 5674 
10515 4374 533 5151 
10516 4672 2855 5712 
10517 1190 1193 4891 
10518 1174 925 5001 
10519 4016 2639 5799 
10520 183 545 4582 
10521 4769 3283 5465 
10522 4896 4307 5587 
10523 4619 3384 5750 
10524 3856 4993 5784 
10525 2245 3921 5156 
10526 405 177 5485 
10527 947 1038 5507 
10528 3611 5421 5578 
10529 5032 3939 5178 
10530 5089 3267 5443 
10531 3300 4961 5437 
10532 2783 2784 4851 
10533 1589 4132 4867 
10534 1788 2685 2857 
10535 2545 2164 5274 
10536 3501 2726 5463 
10537 3159 5386 5446 
10538 5258 3898 5369 
10539 3328 5048 5250 
10540 1860 1466 4905 
10541 5274 2136 5690 
10542 5296 866 5670 
10543 3187 2442 5705 
10544 1841 4758 5367 
10545 4252 1523 4941 
10546 533 4571 5151 
10547 3934 4694 5423 
10548 2438 3039 5327 
10549 2739 3029 5796 
10550 4928 1286 5065 
10551 1721 381 4638 
10552 2908 5541 5542 
10553 4793 3871 5709 
10554 1545 1361 5017 
10555 4363 4359 5186 
10556 2367 2538 5310 
10557 1481 1544 5474 
10558 1599 1601 4894 
10559 307 36 5604 
10560 1489 4558 5655 
10561 3025 5028 5111 
10562 1478 1482 4899 
10563 562 4842 5095 
10564 1720 149 4639 
10565 1699 331 5381 
10566 376 613 4639 
10567 1147 4622 4895 
10568 2133 4898 5162 
10569 2461 2588 2663 
10570 3067 4535 5182 
10571 3133 4857 5360 
10572 4036 455 5601 
10573 3864 5068 5573 
10574 4514 3086 5216 
10575 4879 3071 5711 
10576 1340 4483 5312 
10577 3062 4416 5129 
10578 2970 4937 5589 
10579 2254 1942 5787 
10580 369 5090 5146 
10581 4508 2248 5082 
10582 4573 2092 5703 
10583 4569 2619 4907 
10584 4029 1577 5456 
10585 1601 1503 4912 
10586 3115 5056 5658 
10587 3321 5246 5609 
10588 2099 4730 5339 
10589 4739 2496 5517 
10590 1353 4691 5157 
10591 925 4000 5001 
10592 3695 5009 5611 
10593 3936 4068 5071 
10594 4899 1482 5581 
10595 662 660 5402 
10596 4835 3153 5521 
10597 3394 2309 4893 
10598 1469 1474 4905 
10599 3871 3781 5709 
10600 153 1743 4638 
10601 4427 4902 4979 
10602 2208 1846 5300 
10603 1415 1417 5324 
10604 1463 1860 4913 
10605 2906 2881 4925 
10606 478 481 5435 
10607 3506 4169 5621 
10608 3435 4527 5064 
10609 1608 1071 5428 
10610 2206 4543 5425 
10611 2702 3022 5331 
10612 5026 599 5086 
10613 3493 4165 5238 
10614 3536 4176 5704 
10615 4385 3669 5758 
10616 4444 3489 5380 
10617 1875 2818 5154 
10618 1907 1461 4913 
10619 2007 3950 5207 
10620 1894 4551 5100 
10621 1567 1258 4929 
10622 3293 5244 5530 
10623 2390 2472 5256 
10624 2709 4761 5192 
10625 1740 4861 5163 
10626 2472 4736 5256 
10627 4720 3425 5413 
10628 2183 2145 5437 
10629 5348 421 5406 
10630 377 1720 4653 
10631 1728 150 4653 
10632 3807 3803 5500 
10633 4796 4238 5593 
10634 3264 3302 5517 
10635 326 55 5534 
10636 3523 3912 5418 
10637 3868 3828 5242 
10638 3622 3238 5729 
10639 2825 3649 5547 
10640 1148 1153 5740 
10641 4752 4751 5342 
10642 5049 4158 5050 
10643 361 133 5061 
10644 4325 4326 5788 
10645 1361 1750 5017 
10646 1474 1472 4940 
10647 4666 3108 5220 
10648 2644 2720 5404 
10649 2879 2877 4989 
10650 5210 443 5525 
10651 3905 4590 5599 
10652 2759 2779 5385 
10653 1471 3585 3587 
10654 2651 4709 5145 
10655 4673 1333 5036 
10656 3399 2519 5648 
10657 4579 3706 5789 
10658 3301 4202 5137 
10659 3661 4882 5488 
10660 1018 3855 4812 
10661 4131 546 5562 
10662 4507 2875 4961 
10663 5104 3443 5663 
10664 4745 911 5802 
10665 4249 1865 5529 
10666 3572 5331 5401 
10667 4176 3872 5704 
10668 4871 2964 5555 
10669 4782 4781 5405 
10670 1743 380 4663 
10671 2946 4721 5514 
10672 1471 3584 3585 
10673 886 1203 5599 
10674 5444 3242 5653 
10675 4289 4869 5523 
10676 5556 4255 5662 
10677 3303 5104 5663 
10678 3042 3041 5795 
10679 4760 3746 5735 
10680 3789 3068 5698 
10681 402 5026 5372 
10682 5397 2338 5639 
10683 4752 3036 5405 
10684 1995 4363 5186 
10685 4305 4652 5746 
10686 4682 421 5348 
10687 3979 3977 5288 
10688 3677 3679 5352 
10689 1501 4072 4912 
10690 4882 4881 5488 
10691 4060 3321 5609 
10692 2871 4430 5523 
10693 3057 4788 5044 
10694 5047 3062 5458 
10695 3656 4198 5202 
10696 3592 5066 5580 
10697 3035 4752 5342 
10698 3398 5348 5406 
10699 2858 2857 5096 
10700 4350 4351 4352 
10701 4393 3184 5171 
10702 152 567 4663 
10703 2618 3747 5673 
10704 4751 869 5342 
10705 570 4617 5094 
10706 3381 5203 5400 
10707 107 355 2460 
10708 601 4198 5134 
10709 3742 4798 5634 
10710 5554 2706 5816 
10711 4724 2245 5156 
10712 5500 3804 5627 
10713 3053 4280 5397 
10714 82 352 1836 
10715 807 78 4678 
10716 3763 4499 5576 
10717 3247 5188 5681 
10718 4366 3171 5619 
10719 3098 4466 5330 
10720 4499 3636 5576 
10721 1833 1917 5723 
10722 4312 3931 5529 
10723 2988 2971 5318 
10724 811 804 5354 
10725 4789 3229 5227 
10726 3022 3401 5401 
10727 4443 2870 5809 
10728 352 81 5040 
10729 4228 4726 5783 
10730 1342 1340 5312 
10731 4352 4351 4353 
10732 3512 3511 5549 
10733 924 4882 5316 
10734 3241 4029 5456 
10735 4344 1640 5038 
10736 4872 2356 5533 
10737 3873 4197 5686 
10738 2466 4255 5556 
10739 4868 808 5099 
10740 2994 2995 5285 
10741 2725 4052 5489 
10742 4270 2295 5319 
10743 3190 4027 5781 
10744 5278 2257 5790 
10745 2211 5315 5733 
10746 904 3786 5093 
10747 4005 4972 5456 
10748 3397 4847 5038 
10749 1048 1041 5605 
10750 1031 4033 5502 
10751 2443 2390 5256 
10752 1022 2613 5062 
10753 4743 2133 5162 
10754 4138 4606 5301 
10755 1862 1861 5056 
10756 4166 439 5649 
10757 4831 1091 5771 
10758 2573 2572 5512 
10759 3404 2729 5370 
10760 3207 4557 5585 
10761 1126 1124 5616 
10762 5104 4745 5802 
10763 4712 3075 4949 
10764 5190 825 5472 
10765 906 904 5093 
10766 2488 3621 5247 
10767 4753 1063 5340 
10768 3743 1025 5641 
10769 1464 4757 5607 
10770 4783 4153 5632 
10771 3294 3293 5530 
10772 2170 2167 4993 
10773 4990 2360 5313 
10774 4782 3443 5802 
10775 3202 4990 5313 
10776 4386 4713 5265 
10777 4132 4131 5562 
10778 4689 2206 5250 
10779 4354 4360 4366 
10780 4799 3523 5418 
10781 4847 4344 5038 
10782 3613 5288 5679 
10783 4474 3487 5635 
10784 4340 3466 5614 
10785 3470 5387 5779 
10786 567 379 5116 
10787 4929 1568 5154 
10788 3180 5255 5629 
10789 2794 2667 5524 
10790 4696 2948 5294 
10791 4813 3064 5286 
10792 3916 4974 5124 
10793 3011 4944 5311 
10794 3444 2919 5508 
10795 2778 2755 5577 
10796 2569 3379 5270 
10797 4255 4257 5662 
10798 972 4468 5462 
10799 4003 4970 5759 
10800 3608 4489 5362 
10801 4716 3057 5467 
10802 3427 4843 4911 
10803 4495 2963 4496 
10804 1836 5040 5528 
10805 1282 2869 5443 
10806 4944 4135 5311 
10807 4563 1729 5644 
10808 4995 2888 5770 
10809 4448 3361 5511 
10810 4779 3883 5543 
10811 2971 5165 5318 
10812 4269 4270 5554 
10813 1960 580 4957 
10814 2363 3381 5400 
10815 2658 3808 5700 
10816 3553 5457 5603 
10817 4859 4508 5082 
10818 5209 326 5534 
10819 4919 617 5480 
10820 3280 3329 5320 
10821 3504 3202 5313 
10822 2256 3846 5393 
10823 4781 1824 5405 
10824 2218 2302 4983 
10825 5041 2438 5327 
10826 2092 1598 5703 
10827 3040 4520 5440 
10828 5075 3113 5638 
10829 4332 3515 5754 
10830 5538 2907 5540 
10831 2219 2218 4983 
10832 2160 2173 5051 
10833 2826 4856 5181 
10834 1981 4187 5766 
10835 1158 1404 5509 
10836 2877 4507 4989 
10837 1861 2488 5056 
10838 2175 3372 5120 
10839 3118 3815 5277 
10840 1632 5549 5780 
10841 3057 2988 5467 
10842 4023 4688 5697 
10843 2228 2099 5339 
10844 582 1591 4957 
10845 2195 5091 5532 
10846 5331 3022 5401 
10847 442 4768 5662 
10848 3624 4859 5082 
10849 4233 3941 5672 
10850 2497 4555 5811 
10851 1050 27 5305 
10852 1295 1245 5620 
10853 5166 781 5442 
10854 3805 5234 5354 
10855 4637 3046 5275 
10856 4343 1580 5627 
10857 5511 3361 5797 
10858 3689 4237 5687 
10859 1964 2011 5107 
10860 4238 3980 5593 
10861 2513 4378 5482 
10862 2826 5181 5245 
10863 4237 2348 5687 
10864 5488 2214 5719 
10865 4493 3695 5710 
10866 3276 5166 5442 
10867 3086 4514 5553 
10868 3828 3336 4014 
10869 4841 1135 5451 
10870 4562 3570 5734 
10871 3033 3031 5249 
10872 4775 4305 5746 
10873 3265 5249 5296 
10874 5115 4269 5554 
10875 4500 2468 5518 
10876 3879 3406 5434 
10877 3278 3276 5442 
10878 2496 5175 5517 
10879 4645 4689 5250 
10880 2616 4156 5315 
10881 3109 3125 5211 
10882 1681 4457 5394 
10883 4282 3398 5406 
10884 4558 3574 5655 
10885 2907 203 5718 
10886 788 5204 5696 
10887 4983 2620 4984 
10888 3177 3376 4986 
10889 4407 3002 5649 
10890 5234 811 5354 
10891 4614 4285 5332 
10892 5409 3465 5447 
10893 481 5225 5435 
10894 2533 4443 5809 
10895 3335 3334 3339 
10896 2445 4529 5283 
10897 353 82 5099 
10898 2960 4834 5421 
10899 83 353 808 
10900 3657 4885 5628 
10901 3237 4772 5494 
10902 1476 4899 4940 
10903 3981 4621 5236 
10904 4280 5063 5397 
10905 2947 5073 5654 
10906 2925 4783 5632 
10907 2089 4813 5286 
10908 4869 2871 5523 
10909 2152 2150 5784 
10910 1746 1795 5558 
10911 3615 2648 5751 
10912 4159 4163 5695 
10913 2609 2612 5409 
10914 3270 4666 5379 
10915 439 5219 5649 
10916 2635 2967 5479 
10917 3363 3362 5741 
10918 4664 2234 5347 
10919 1471 3587 5185 
10920 4349 4745 5104 
10921 4203 3180 5629 
10922 1750 4784 5785 
10923 2857 2685 3254 
10924 3492 1184 4635 
10925 3936 3394 5317 
10926 784 791 5551 
10927 135 1460 4748 
10928 3533 4879 5711 
10929 3588 2953 5389 
10930 4151 3305 5289 
10931 4733 2706 5554 
10932 1743 4663 4997 
10933 4611 3223 5470 
10934 360 132 5105 
10935 4925 2879 4989 
10936 4893 3131 5157 
10937 3638 4897 5266 
10938 3767 4438 5737 
10939 5188 2926 5681 
10940 1467 4851 5304 
10941 4395 1031 5140 
10942 3006 4868 5528 
10943 3031 3020 5444 
10944 4602 3009 5419 
10945 4288 1291 5263 
10946 2989 2990 5392 
10947 1713 4927 5774 
10948 3345 4858 5720 
10949 2049 4490 5395 
10950 4273 1505 5668 
10951 5612 684 5626 
10952 133 360 857 
10953 4857 2098 5360 
10954 1030 9 4350 
10955 4574 1686 5573 
10956 5249 934 5296 
10957 1045 1024 5062 
10958 3226 5487 5506 
10959 5169 3292 5340 
10960 4080 5026 5086 
10961 3488 4904 5300 
10962 1871 1556 5128 
10963 5349 2466 5556 
10964 4695 2181 5732 
10965 1808 2226 5218 
10966 4320 2970 5589 
10967 1556 1536 5128 
10968 4905 1474 5147 
10969 4760 1807 5602 
10970 1775 4850 5706 
10971 5044 4788 5074 
10972 5608 3115 5658 
10973 421 5399 5406 
10974 1522 4384 5651 
10975 3469 4458 5567 
10976 3027 4841 5451 
10977 4713 3044 5265 
10978 3126 5079 5349 
10979 4890 4336 5568 
10980 2962 5096 5617 
10981 3153 3152 5521 
10982 4438 1046 5737 
10983 2417 4322 5476 
10984 3782 4681 5188 
10985 3700 3756 5756 
10986 1203 4779 5543 
10987 4292 588 5487 
10988 2734 2194 5457 
10989 3611 2960 5421 
10990 2732 2731 5570 
10991 4259 2582 5697 
10992 4784 4123 5785 
10993 3680 903 4909 
10994 4615 1692 5184 
10995 4661 5345 5765 
10996 5277 3815 5539 
10997 2660 5289 5782 
10998 3805 5190 5472 
10999 3407 4573 5703 
11000 3112 2888 4995 
11001 5223 2717 5363 
11002 2816 3322 5634 
11003 3254 2685 5702 
11004 4571 4570 5659 
11005 1904 1903 5236 
11006 1765 4565 5221 
11007 4978 2635 5479 
11008 4350 4352 4804 
11009 3044 4866 5265 
11010 1063 1028 5169 
11011 4554 1945 5292 
11012 4291 4292 5366 
11013 4881 4247 5488 
11014 3826 3868 3973 
11015 4731 1808 5218 
11016 525 4231 5378 
11017 4736 4646 5256 
11018 3376 3175 5569 
11019 2181 2144 5732 
11020 2540 4464 5557 
11021 5295 4325 5788 
11022 3406 3027 5451 
11023 2908 204 5538 
11024 4485 2590 5346 
11025 4209 3606 5725 
11026 4858 3345 5204 
11027 4937 4295 5589 
11028 4251 2785 5550 
11029 2011 2430 5107 
11030 4601 1487 5814 
11031 985 1018 5322 
11032 5401 3401 5678 
11033 3097 3782 5429 
11034 5060 811 5234 
11035 130 357 5241 
11036 1473 3390 5269 
11037 903 3548 4909 
11038 2193 2734 5724 
11039 359 131 5143 
11040 3722 5608 5658 
11041 3060 4686 4956 
11042 2338 4390 5639 
11043 1610 4987 5253 
11044 3013 5035 5504 
11045 3286 5031 5032 
11046 1997 1707 5356 
11047 4555 4200 5811 
11048 4956 2153 5208 
11049 3401 3403 5678 
11050 2232 2290 5646 
11051 1473 3388 3390 
11052 3132 3133 5631 
11053 4285 1633 5332 
11054 2171 2175 5120 
11055 5027 3979 5288 
11056 4568 3337 5501 
11057 588 4204 5487 
11058 4686 3061 4956 
11059 132 359 1845 
11060 5436 897 5691 
11061 4149 3685 5816 
11062 349 807 4800 
11063 2365 2366 5519 
11064 2715 2718 5363 
11065 3678 4601 5814 
11066 1893 1974 5727 
11067 5163 3453 5509 
11068 3962 543 5546 
11069 4986 1905 5807 
11070 3490 4884 5583 
11071 933 1186 5510 
11072 1658 4291 5366 
11073 4457 2191 5563 
11074 4681 2926 5188 
11075 918 792 5803 
11076 2926 4487 5681 
11077 2620 2453 5373 
11078 1295 5620 5701 
11079 2779 4908 5385 
11080 4685 930 5358 
11081 2470 5047 5458 
11082 5048 4645 5250 
11083 4286 2621 5287 
11084 1318 1380 5735 
11085 4888 2807 5125 
11086 2832 4562 5734 
11087 1824 4752 5405 
11088 2421 3327 5753 
11089 2855 4777 5712 
11090 4749 3132 5631 
11091 1650 4392 5171 
11092 4897 3638 5794 
11093 3371 3495 5728 
11094 4699 2448 5586 
11095 3388 3387 3389 
11096 5181 3983 5245 
11097 5345 3311 5765 
11098 5455 3376 5773 
11099 3038 3037 5449 
11100 4355 4358 4359 
11101 3065 3067 5774 
11102 5249 3031 5444 
11103 5145 3016 5532 
11104 3301 5137 5778 
11105 1620 5215 5756 
11106 2603 4631 5579 
11107 1536 4530 5128 
11108 4523 2204 5654 
11109 2627 2625 5635 
11110 1459 4417 5199 
11111 4204 1625 5506 
11112 2846 4493 5710 
11113 5461 3201 5507 
11114 5389 2953 5738 
11115 2173 2171 5120 
11116 7 4356 5441 
11117 3076 2717 5223 
11118 4887 4888 5125 
11119 3583 5141 5708 
11120 3125 4959 5211 
11121 4780 3005 5439 
11122 2134 4887 5125 
11123 4354 4355 4360 
11124 4489 4488 5362 
11125 3342 4571 5659 
11126 4033 4692 5291 
11127 4354 4353 4355 
11128 4354 4366 5739 
11129 1482 1481 5474 
11130 4708 897 5436 
11131 5549 3511 5780 
11132 3529 3470 5779 
11133 3369 3095 5790 
11134 4622 4696 5294 
11135 5762 2586 5783 
11136 4974 2909 5124 
11137 3243 3680 5407 
11138 1989 3664 5376 
11139 3435 5064 5643 
11140 5242 4450 5595 
11141 2517 4625 5257 
11142 5159 2363 5400 
11143 4704 3278 5486 
11144 3599 4776 5431 
11145 2717 2715 5363 
11146 1513 4723 5611 
11147 4247 2214 5488 
11148 1622 4306 5355 
11149 3880 5416 5461 
11150 356 128 1903 
11151 3540 4755 5615 
11152 1707 1705 5356 
11153 618 4515 5217 
11154 4287 5016 5568 
11155 1996 1991 5376 
11156 4776 4754 5431 
11157 4301 1526 5433 
11158 1028 1045 5169 
11159 568 4513 5216 
11160 5539 2907 5718 
11161 4777 3317 5712 
11162 2706 4149 5816 
11163 5407 3680 5408 
11164 5079 2465 5349 
11165 4215 3471 5757 
11166 3428 5178 5786 
11167 4011 815 5688 
11168 1505 4701 5668 
11169 1016 3833 5566 
11170 5140 1031 5502 
11171 1360 4948 5002 
11172 131 358 1856 
11173 2302 2620 4983 
11174 3195 5281 5804 
11175 5227 3229 5807 
11176 4513 4514 5216 
11177 2311 3048 5603 
11178 5197 2734 5457 
11179 4487 2925 5632 
11180 1654 4412 5350 
11181 3332 5480 5600 
11182 1526 4263 5450 
11183 4877 3978 5598 
11184 4972 3241 5456 
11185 4676 2134 5125 
11186 2975 2486 5755 
11187 1700 1921 5798 
11188 5233 2994 5285 
11189 4429 1458 5254 
11190 1923 5067 5200 
11191 1731 79 4800 
11192 4965 4125 5587 
11193 869 5048 5342 
11194 4701 3024 5668 
11195 1608 5000 5392 
11196 847 4876 5386 
11197 4270 4733 5554 
11198 4576 618 5217 
11199 5155 3599 5431 
11200 4908 3792 5385 
11201 4822 3953 5469 
11202 4861 3453 5163 
11203 5618 3751 5764 
11204 3037 5167 5449 
11205 5409 2612 5571 
11206 586 4400 5763 
11207 4322 2586 5762 
11208 3449 4695 5732 
11209 4392 4393 5171 
11210 4747 2122 5555 
11211 3827 3336 3828 
11212 4710 3611 5578 
11213 4393 1459 5199 
11214 4412 4889 5350 
11215 3830 4831 5771 
11216 1091 1088 5771 
11217 5620 3721 5701 
11218 3641 5612 5626 
11219 4652 438 5746 
11220 3101 4997 5420 
11221 2956 3040 5410 
11222 4169 1639 5621 
11223 691 4613 5537 
11224 2586 4299 5783 
11225 5147 1474 5377 
11226 4910 1835 5142 
11227 4952 1621 5676 
11228 4757 1480 5285 
11229 5414 2889 5640 
11230 4459 2968 5445 
11231 2988 5033 5467 
11232 1625 4159 5695 
11233 2442 2566 5705 
11234 4898 4747 5555 
11235 5009 4142 5611 
11236 357 129 858 
11237 3189 4186 5396 
11238 716 5401 5678 
11239 4082 1486 5645 
11240 4754 2850 5431 
11241 2459 5623 5647 
11242 5001 4000 5715 
11243 4572 2608 5447 
11244 3714 2462 5647 
11245 3493 5238 5657 
11246 3577 4082 5645 
11247 3122 4614 5332 
11248 5266 1280 5777 
11249 4888 2994 5233 
11250 4950 2298 5548 
11251 1486 3995 5645 
11252 4970 437 5759 
11253 2298 4737 5548 
11254 4502 684 5612 
11255 3111 4960 5516 
11256 5305 3308 5345 
11257 4927 3065 5774 
11258 4607 2124 5470 
11259 4628 5083 5748 
11260 4352 4353 4354 
11261 5056 2488 5658 
11262 3071 4921 5711 
11263 684 4883 5626 
11264 2122 4871 5555 
11265 3296 4793 5709 
11266 3511 4446 5780 
11267 3227 4986 5807 
11268 5486 3278 5792 
11269 1458 4310 5254 
11270 3175 3173 5569 
11271 3192 3190 5781 
11272 534 4489 5491 
11273 3378 5223 5363 
11274 5096 2589 5667 
11275 2461 2663 5582 
11276 1460 362 4910 
11277 521 4389 5334 
11278 4896 3128 5680 
11279 2366 4791 5416 
11280 4854 1667 5561 
11281 3229 3227 5807 
11282 4417 4429 5513 
11283 3128 4768 5680 
11284 5135 3192 5335 
11285 5191 4273 5668 
11286 1639 5103 5621 
11287 3828 4014 5501 
11288 3075 4727 5714 
11289 3600 5486 5792 
11290 4336 4287 5568 
11291 1612 4722 5643 
11292 5476 4322 5762 
11293 790 4213 5675 
11294 617 4405 5480 
11295 2623 5193 5671 
11296 4487 3248 5681 
11297 4737 3299 5548 
11298 4514 1685 5775 
11299 5175 3264 5517 
11300 5078 3008 5684 
11301 4405 1641 5600 
11302 1817 4981 5475 
11303 2698 4608 5638 
11304 1473 3387 3388 
11305 4755 3457 5615 
11306 2214 4647 5719 
11307 4660 4661 5362 
11308 4562 2832 5588 
11309 4789 2055 5427 
11310 3475 4186 5531 
11311 3265 5296 5670 
11312 896 933 5510 
11313 419 4965 5587 
11314 4791 3201 5461 
11315 897 4481 5691 
11316 1903 128 3981 
11317 4222 2108 5535 
11318 4661 1050 5345 
11319 3547 5209 5534 
11320 5394 4457 5563 
11321 4568 3339 5640 
11322 4785 1841 5575 
11323 3606 4522 5491 
11324 1729 4579 5789 
11325 4721 1800 5514 
11326 2215 4566 5273 
11327 4885 3657 5381 
11328 3390 3388 4494 
11329 4488 4660 5362 
11330 3494 3493 5657 
11331 4033 5291 5502 
11332 5162 4898 5492 
11333 1208 4831 5496 
11334 4933 2267 5593 
11335 1049 5138 5211 
11336 4493 2846 5606 
11337 1063 5169 5340 
11338 2453 2456 5373 
11339 4895 4622 5294 
11340 911 4782 5802 
11341 1807 4628 5748 
11342 5138 3109 5211 
11343 4858 1606 5720 
11344 3352 3301 5778 
11345 2906 5087 5552 
11346 3738 4900 5503 
11347 3553 5197 5457 
11348 5233 5285 5527 
11349 3535 5436 5691 
11350 3995 4848 5645 
11351 350 1731 4824 
11352 1991 1989 5376 
11353 934 5444 5653 
11354 5410 3040 5440 
11355 10 1030 4692 
11356 5433 1526 5450 
11357 5019 3246 5490 
11358 3777 4933 5453 
11359 4725 2215 5273 
11360 3067 5183 5774 
11361 5487 4204 5506 
11362 934 5249 5444 
11363 3492 4635 5414 
11364 3826 3827 3868 
11365 5260 3038 5449 
11366 3029 5468 5796 
11367 3017 5042 5351 
11368 5232 713 5726 
11369 5193 3733 5671 
11370 4570 4301 5659 
11371 2294 4421 5572 
11372 5094 4617 5526 
11373 4757 3432 5607 
11374 522 4890 5686 
11375 3379 3348 5518 
11376 5026 4080 5372 
11377 5183 1713 5774 
11378 3058 5327 5328 
11379 5242 3389 5625 
11380 2599 5055 5516 
11381 5090 3751 5146 
11382 5119 2956 5410 
11383 3945 4843 5786 
11384 5018 1750 5785 
11385 4986 3376 5455 
11386 2082 5410 5440 
11387 5473 2254 5787 
11388 1967 5118 5499 
11389 4522 534 5491 
11390 1702 4615 5353 
11391 5204 3345 5696 
11392 4432 3723 5743 
11393 5506 1625 5695 
11394 5091 4704 5486 
11395 5073 4523 5654 
11396 4308 4896 5680 
11397 4142 1513 5611 
11398 5062 2613 5471 
11399 5121 1967 5499 
11400 3210 5394 5563 
11401 134 1835 4910 
11402 3118 5407 5408 
11403 107 2460 5624 
11404 2858 5096 5667 
11405 5650 3296 5812 
11406 1474 4940 5377 
11407 1654 5350 5764 
11408 5002 3115 5608 
11409 4390 5177 5736 
11410 80 4824 4975 
11411 1487 4785 5814 
11412 3809 4026 5731 
11413 2348 4926 5687 
11414 4301 5433 5659 
11415 4617 1721 5526 
11416 3332 4919 5480 
11417 5243 1895 5328 
11418 4863 1797 5642 
11419 4727 3268 5714 
11420 3714 4995 5667 
11421 1667 4532 5561 
11422 1524 4897 5794 
11423 4627 1702 5368 
11424 5368 4620 5693 
11425 4916 3545 5749 
11426 1621 4510 5676 
11427 4919 3331 5731 
11428 5199 4417 5513 
11429 3062 5129 5458 
11430 4468 5310 5462 
11431 1050 5305 5345 
11432 4885 521 5628 
11433 5644 1729 5789 
11434 4515 4394 5694 
11435 2705 5389 5665 
11436 4615 5184 5353 
11437 4997 4663 5420 
11438 4951 796 5633 
11439 2456 2952 5373 
11440 747 4979 5664 
11441 3292 5169 5769 
11442 4394 586 5763 
11443 3278 5442 5792 
11444 3750 5618 5764 
11445 4621 2718 5236 
11446 5090 1654 5764 
11447 569 4335 5742 
11448 3715 5210 5525 
11449 3024 5191 5668 
11450 4840 1250 5669 
11451 3613 5027 5288 
11452 4938 3195 5804 
11453 5639 4390 5736 
11454 4663 567 5420 
11455 1903 3981 5236 
11456 521 5334 5628 
11457 3338 104 5545 
11458 354 3338 3826 
11459 3504 5313 5560 
11460 4849 2497 5811 
11461 5153 3720 5636 
11462 5066 3232 5580 
11463 3701 2455 5815 
11464 3336 3335 4014 
11465 4722 3358 5643 
11466 5016 3350 5568 
11467 5419 3009 5473 
11468 3259 4978 5479 
11469 5271 3079 5383 
11470 3095 5278 5790 
11471 5191 3024 5578 
11472 1721 4638 5614 
11473 5217 4515 5694 
11474 4429 5254 5513 
11475 3185 4932 5347 
11476 3961 3960 5497 
11477 4848 3577 5645 
11478 5118 1967 5364 
11479 2718 4621 5610 
11480 1841 5367 5575 
11481 3960 3962 5497 
11482 5279 1027 5592 
11483 4843 3427 5786 
11484 3443 5104 5802 
11485 3685 5115 5816 
11486 4988 3283 5801 
11487 5117 3354 5717 
11488 5480 4405 5600 
11489 4595 4699 5586 
11490 5341 3721 5620 
11491 5272 2294 5572 
11492 4006 5644 5789 
11493 2488 5247 5658 
11494 5142 3525 5590 
11495 3236 4599 5800 
11496 2460 3868 5625 
11497 5127 1295 5701 
11498 806 351 4975 
11499 1685 4550 5775 
11500 4984 5118 5364 
11501 4167 5279 5592 
11502 5215 3700 5756 
11503 4637 5168 5361 
11504 5595 4450 5623 
11505 3603 5261 5813 
11506 746 5117 5717 
11507 5070 3369 5790 
11508 5061 857 5374 
11509 4818 5233 5527 
11510 3516 5162 5492 
11511 3376 5569 5773 
11512 1720 4639 5750 
11513 613 4627 5693 
11514 1835 361 5061 
11515 1030 4350 4804 
11516 5416 4791 5461 
11517 81 806 5040 
11518 1995 5186 5495 
11519 3279 5159 5400 
11520 2952 2458 5582 
11521 5497 3962 5546 
11522 3570 5228 5734 
11523 3205 5272 5572 
11524 5082 2248 5810 
11525 1702 5353 5368 
11526 5228 3136 5734 
11527 2889 4568 5640 
11528 2964 4898 5555 
11529 2458 2461 5582 
11530 5087 2117 5552 
11531 5694 4394 5763 
11532 443 5210 5736 
11533 5247 3621 5740 
11534 5378 3255 5708 
11535 5261 3850 5813 
11536 2951 5595 5623 
11537 5613 3245 5650 
11538 2460 355 3973 
11539 5526 1721 5614 
11540 5247 3722 5658 
11541 3341 5433 5450 
11542 2424 5650 5812 
11543 5238 2273 5657 
11544 4722 2997 5791 
11545 5287 4233 5672 
11546 5335 3192 5781 
11547 3097 5429 5682 
11548 4785 5575 5814 
11549 3751 5090 5764 
11550 5429 3761 5682 
11551 1836 352 5040 
11552 5623 2719 5647 
11553 4028 5268 5723 
11554 5169 1045 5769 
11555 4627 5368 5693 
11556 5562 546 5758 
11557 3358 4722 5791 
11558 82 1836 5099 
11559 5160 130 5241 
11560 5334 3500 5677 
11561 133 857 5061 
11562 5254 3085 5513 
11563 525 5378 5708 
11564 5096 2857 5617 
11565 5285 1480 5527 
11566 5280 4016 5799 
11567 4331 5287 5672 
11568 2857 3254 5617 
11569 4335 3520 5742 
11570 1348 5539 5718 
11571 3669 5651 5652 
11572 3465 5409 5571 
11573 1352 5260 5449 
11574 5315 3088 5733 
11575 3143 5497 5546 
11576 1580 5500 5627 
11577 3729 5325 5752 
11578 3501 5463 5760 
11579 3815 5237 5539 
11580 3889 5419 5473 
11581 3808 5134 5700 
11582 3825 5506 5695 
11583 808 353 5099 
11584 5180 3263 5689 
11585 3826 3338 3827 
11586 5569 3884 5773 
11587 5350 3750 5764 
11588 3638 5266 5777 
11589 1856 358 5160 
11590 3193 5274 5690 
11591 2451 5389 5738 
11592 5184 3224 5353 
11593 857 360 5105 
11594 2888 2654 5770 
11595 5624 2460 5625 
11596 132 1845 5105 
11597 5575 3678 5814 
11598 4352 4354 5739 
11599 4450 2719 5623 
11600 4995 2858 5667 
11601 3389 5242 5595 
11602 2424 5613 5650 
11603 1834 5335 5781 
11604 4568 2889 5776 
11605 3889 5473 5787 
11606 3118 5277 5407 
11607 1845 359 5143 
11608 4804 4352 5739 
11609 131 1856 5143 
11610 5468 3315 5796 
11611 3436 5140 5502 
11612 3260 5694 5763 
11613 3466 5526 5614 
11614 357 858 5241 
11615 3337 4568 5776 
11616 3668 5562 5758 
11617 5389 2451 5665 
11618 3387 5624 5625 
11619 6 5 4356 
11620 4362 5 5542 
11621 27 26 5305 
11622 104 103 5545 
11623 354 106 105 
11624 129 356 1903 
11625 4548 526 5059 
11626 1523 4395 5140 
11627 4825 2188 4915 
11628 2300 4167 5592 
11629 3452 2992 4917 
11630 3816 3818 3819 
11631 4356 4351 5441 
11632 4365 4364 5252 
$EndElements
