"Time_Iter","Outer_Iter","Inner_Iter",     "rms[P]"     ,     "rms[U]"     ,     "rms[V]"     ,     "rms[nu]"    
          0,           0,           0,      -3.763985571,      -7.747141898,      -7.009828725,      -8.299117223
          0,           0,           1,      -3.809027022,      -3.110992128,      -3.746734258,      -8.165928219
          0,           0,           2,      -3.953884472,      -3.417958837,      -3.777544446,      -8.298529418
          0,           0,           3,      -4.005434829,      -3.672666104,      -3.763746119,      -8.364371326
          0,           0,           4,      -3.996750126,      -3.806696222,      -3.731236736,      -8.390474142
          0,           0,           5,      -3.975935424,      -3.831482204,      -3.703231507,      -8.398399762
          0,           0,           6,      -3.960942025,       -3.81364599,      -3.676625689,      -8.398039223
          0,           0,           7,      -3.948596897,      -3.787169944,      -3.652999613,      -8.397691019
          0,           0,           8,       -3.94218024,      -3.764661916,      -3.637512707,      -8.394562502
          0,           0,           9,       -3.93932016,      -3.752211205,      -3.634925189,      -8.382720542
          0,           0,          10,      -3.932275255,        -3.7487121,      -3.643943631,      -8.362561391
          0,           0,          11,      -3.918156715,      -3.751369584,      -3.660068541,      -8.340609027
          0,           0,          12,      -3.899758063,      -3.759413046,      -3.678703831,      -8.319113721
          0,           0,          13,      -3.881243005,      -3.772324813,      -3.696243623,      -8.300715086
          0,           0,          14,      -3.864786709,      -3.788094304,      -3.710055369,      -8.286779889
          0,           0,          15,      -3.851664177,      -3.803625125,      -3.717497817,      -8.275593801
          0,           0,          16,      -3.841947298,      -3.814334149,        -3.7169294,      -8.268078333
          0,           0,          17,      -3.834756645,      -3.817152838,      -3.708549224,      -8.262870362
          0,           0,          18,      -3.829389532,       -3.81107983,      -3.694269047,      -8.259278935
          0,           0,          19,      -3.825202391,      -3.797215365,      -3.676870778,      -8.256697938
          0,           0,          20,       -3.82182669,      -3.779095969,      -3.659148312,      -8.254595356
          0,           0,          21,        -3.8189732,      -3.760712002,      -3.643557216,      -8.251690221
          0,           0,          22,      -3.816374561,      -3.745071504,      -3.632112695,      -8.246666305
          0,           0,          23,      -3.813922223,      -3.733666763,      -3.626166246,      -8.239599098
          0,           0,          24,       -3.81170734,      -3.726595993,      -3.626128205,      -8.231310191
          0,           0,          25,      -3.810039025,      -3.723185679,      -3.631146279,      -8.224033947
          0,           0,          26,      -3.809311696,      -3.722288248,      -3.639061383,      -8.220196017
          0,           0,          27,      -3.809663742,      -3.722275814,      -3.646821552,      -8.222275188
          0,           0,          28,      -3.810915454,      -3.720923218,      -3.651128799,      -8.230983866
          0,           0,          29,      -3.812528353,      -3.716014643,      -3.649658909,       -8.24508497
          0,           0,          30,      -3.814089845,      -3.706647017,      -3.642302834,      -8.260156206
          0,           0,          31,      -3.815821047,      -3.694288251,      -3.631656818,      -8.267946233
          0,           0,          32,      -3.818920926,       -3.68244664,      -3.622282636,      -8.261206245
          0,           0,          33,      -3.825427506,      -3.675403296,      -3.619295905,      -8.240178141
          0,           0,          34,      -3.837747651,      -3.676980264,      -3.627239261,      -8.213421254
          0,           0,          35,      -3.857989975,      -3.689887609,      -3.649606974,      -8.191163259
          0,           0,          36,      -3.887302787,      -3.715518445,      -3.688720643,      -8.180439976
          0,           0,          37,       -3.92522865,      -3.753822533,      -3.745319881,      -8.183619497
          0,           0,          38,      -3.968990763,      -3.802383102,      -3.816638952,      -8.199249979
          0,           0,          39,      -4.013379962,      -3.855182478,      -3.892153115,      -8.222605331
          0,           0,          40,      -4.052342843,      -3.901689251,      -3.949420865,      -8.245918229
          0,           0,          41,      -4.082409753,      -3.929917786,      -3.966122366,      -8.262312041
          0,           0,          42,      -4.104915615,      -3.934874372,       -3.94672668,      -8.269839909
          0,           0,          43,      -4.124625109,      -3.922436978,      -3.914432513,      -8.271802268
          0,           0,          44,      -4.146370895,       -3.90281535,      -3.885186822,      -8.272794709
          0,           0,          45,      -4.172979992,       -3.88360506,       -3.86397824,      -8.275293896
          0,           0,          46,       -4.20460037,      -3.868860828,      -3.850711096,      -8.279365975
          0,           0,          47,      -4.239620928,      -3.860504676,      -3.844158493,      -8.284031266
          0,           0,          48,      -4.274384746,      -3.859551432,      -3.843710219,      -8.288337559
          0,           0,          49,      -4.304509252,      -3.866637204,      -3.849683055,        -8.2920236
          0,           0,          50,      -4.326366065,      -3.882205839,      -3.862814269,       -8.29531596
          0,           0,          51,      -4.337754789,      -3.906554461,       -3.88387482,      -8.298504181
          0,           0,          52,      -4.338989114,       -3.93980745,       -3.91346364,      -8.301764149
          0,           0,          53,      -4.332701937,      -3.981769757,      -3.951942019,        -8.3051602
          0,           0,          54,      -4.322591352,       -4.03157733,      -3.999385545,       -8.30877914
          0,           0,          55,      -4.312176958,       -4.08698178,      -4.055216408,      -8.312574744
          0,           0,          56,      -4.304126824,      -4.143255675,      -4.117313076,      -8.316311122
          0,           0,          57,      -4.300048283,      -4.192490608,      -4.180424985,      -8.319877563
          0,           0,          58,      -4.300852991,      -4.225279875,      -4.234241603,       -8.32292207
          0,           0,          59,      -4.306774898,      -4.236249431,      -4.265268605,      -8.325163322
          0,           0,          60,      -4.317468151,      -4.228712121,      -4.266625342,      -8.326436035
          0,           0,          61,      -4.332107456,      -4.211555929,      -4.245024798,      -8.326641692
          0,           0,          62,      -4.349385248,      -4.193070769,      -4.213618084,      -8.325790476
          0,           0,          63,      -4.367439767,      -4.178321383,      -4.182478237,      -8.323912116
          0,           0,          64,      -4.384171405,      -4.169614308,      -4.156612506,      -8.320865799
          0,           0,          65,      -4.397659669,      -4.167533364,      -4.137652446,      -8.316781351
          0,           0,          66,        -4.4067255,      -4.171758877,      -4.125655681,      -8.311570738
          0,           0,          67,      -4.411333987,      -4.181486503,      -4.120041478,      -8.305422847
          0,           0,          68,      -4.412518366,      -4.195689737,      -4.120047986,      -8.298551747
          0,           0,          69,       -4.41185628,      -4.213249957,      -4.124930059,       -8.29113866
          0,           0,          70,      -4.411236994,      -4.233094788,      -4.134039908,      -8.283494497
          0,           0,          71,      -4.412182213,      -4.254327996,      -4.146885327,      -8.275934686
          0,           0,          72,       -4.41588593,      -4.276337752,      -4.163148545,      -8.268733431
          0,           0,          73,      -4.423001372,      -4.298832567,      -4.182670158,      -8.262095398
          0,           0,          74,      -4.434077128,      -4.321833159,      -4.205412383,      -8.256263865
          0,           0,          75,      -4.449082704,      -4.345544303,      -4.231377466,      -8.251374984
          0,           0,          76,      -4.468001261,       -4.37022315,       -4.26052546,      -8.247492105
          0,           0,          77,      -4.490457273,      -4.395983429,      -4.292656478,      -8.244675782
          0,           0,          78,      -4.515911155,      -4.422597823,      -4.327255766,      -8.242907705
          0,           0,          79,      -4.543610371,       -4.44944524,      -4.363313923,      -8.242137029
          0,           0,          80,      -4.572549966,      -4.475463738,      -4.399205247,       -8.24224315
          0,           0,          81,      -4.601589571,      -4.499105254,      -4.432463985,      -8.243088451
          0,           0,          82,      -4.629402221,      -4.518645515,      -4.460173324,      -8.244542602
          0,           0,          83,      -4.654672567,      -4.532694649,      -4.479724146,      -8.246451858
          0,           0,          84,      -4.676406741,      -4.540791596,      -4.489868641,      -8.248606797
          0,           0,          85,      -4.693840928,      -4.543537766,      -4.491390663,      -8.250897703
          0,           0,          86,      -4.707362033,       -4.54244686,      -4.486753982,      -8.253231993
          0,           0,          87,      -4.717697714,      -4.539486184,      -4.479045952,      -8.255510513
          0,           0,          88,       -4.72611629,      -4.536532618,      -4.471071755,      -8.257684078
          0,           0,          89,      -4.734063226,      -4.535063131,      -4.464889288,      -8.259755112
          0,           0,          90,       -4.74293279,      -4.536039306,      -4.461810364,      -8.261698307
          0,           0,          91,      -4.753824446,      -4.540007033,      -4.462577725,       -8.26351957
          0,           0,          92,      -4.767443759,      -4.547168873,      -4.467564719,      -8.265214974
          0,           0,          93,      -4.784128055,      -4.557466467,      -4.476872012,      -8.266763168
          0,           0,          94,      -4.803862656,      -4.570546886,      -4.490401214,      -8.268121804
          0,           0,          95,      -4.826285111,      -4.585816485,      -4.507878733,      -8.269275195
          0,           0,          96,      -4.850657597,      -4.602429195,      -4.528844383,      -8.270166505
          0,           0,          97,      -4.875883589,      -4.619358698,      -4.552607112,       -8.27064383
          0,           0,          98,      -4.900584734,      -4.635475823,      -4.578193084,      -8.270721104
          0,           0,          99,      -4.923230246,       -4.64967293,      -4.604291584,      -8.270381197
          0,           0,         100,      -4.942482216,      -4.661176104,      -4.629262109,      -8.269624964
          0,           0,         101,      -4.957475819,      -4.669644124,      -4.651299376,      -8.268388092
          0,           0,         102,      -4.968076991,      -4.675182986,      -4.668724537,      -8.266746751
          0,           0,         103,      -4.974867215,      -4.678426956,       -4.68042153,      -8.264767347
          0,           0,         104,      -4.978851973,      -4.680228532,      -4.686185299,      -8.262476753
          0,           0,         105,      -4.981538908,      -4.681468065,      -4.686758144,      -8.259929122
          0,           0,         106,      -4.982226329,      -4.682959546,      -4.683547038,      -8.257231921
          0,           0,         107,      -4.983150111,      -4.685209753,      -4.678123383,      -8.254478514
          0,           0,         108,      -4.983630243,      -4.688292315,      -4.671906607,      -8.251756934
          0,           0,         109,      -4.983424764,      -4.692131525,      -4.666053983,       -8.24914386
          0,           0,         110,       -4.98212824,      -4.696440622,      -4.661342347,       -8.24673211
          0,           0,         111,      -4.979369496,      -4.700872321,      -4.658229594,      -8.244587508
          0,           0,         112,      -4.975002995,      -4.705118556,      -4.656951483,      -8.242760265
          0,           0,         113,       -4.96960717,      -4.709028883,      -4.657623972,      -8.241290378
          0,           0,         114,      -4.962656432,       -4.71268685,      -4.660317155,      -8.240260219
          0,           0,         115,      -4.955544272,      -4.716468585,      -4.665121586,      -8.239607138
          0,           0,         116,       -4.94806434,      -4.720784209,      -4.672085074,      -8.239374792
          0,           0,         117,      -4.941886887,      -4.726048779,      -4.681149649,      -8.239537849
          0,           0,         118,      -4.936740143,      -4.732509771,      -4.691992167,      -8.240085134
          0,           0,         119,      -4.932774721,      -4.740037158,      -4.703803696,      -8.241016574
          0,           0,         120,      -4.929915441,      -4.747968445,      -4.715137388,      -8.242296981
          0,           0,         121,      -4.927903252,      -4.755046076,      -4.723851958,      -8.243864469
          0,           0,         122,      -4.926312373,      -4.759602877,      -4.727485466,      -8.245696178
          0,           0,         123,      -4.924720091,       -4.75978957,      -4.723911522,      -8.247724281
          0,           0,         124,      -4.922890211,      -4.754100519,      -4.712202789,      -8.249855233
          0,           0,         125,      -4.920891405,      -4.742340363,      -4.693351442,      -8.252019807
          0,           0,         126,         -4.917835,      -4.725714134,      -4.669871673,      -8.254115234
          0,           0,         127,      -4.914925167,       -4.70643355,       -4.64488101,      -8.256052693
          0,           0,         128,      -4.912202494,         -4.687012,      -4.621253867,      -8.257791684
          0,           0,         129,      -4.910224392,      -4.669737998,       -4.60126145,      -8.259302674
          0,           0,         130,      -4.909805914,      -4.656419762,      -4.586537583,      -8.260572709
          0,           0,         131,      -4.910618615,      -4.648383779,      -4.578214257,      -8.261618073
          0,           0,         132,      -4.913918081,      -4.646562917,      -4.577096414,      -8.262459556
          0,           0,         133,      -4.919535551,       -4.65158296,      -4.583777001,      -8.263138486
          0,           0,         134,      -4.927463645,      -4.663856176,      -4.598733091,      -8.263781408
          0,           0,         135,      -4.937493172,      -4.683572308,      -4.622342786,       -8.26448188
          0,           0,         136,      -4.949218942,      -4.710627948,      -4.654830347,      -8.265306788
          0,           0,         137,      -4.962096033,      -4.744497042,      -4.696038825,      -8.266329213
          0,           0,         138,      -4.975399416,      -4.783653344,      -4.744911652,      -8.267624933
          0,           0,         139,      -4.988420646,      -4.825027648,        -4.7983354,      -8.269235636
          0,           0,         140,      -5.000944967,        -4.8633536,      -4.849377513,       -8.27118987
          0,           0,         141,      -5.011277888,      -4.891464942,      -4.886401276,      -8.273506614
          0,           0,         142,      -5.020690265,      -4.903052745,      -4.897612841,      -8.276181068
          0,           0,         143,      -5.028791431,      -4.896724742,      -4.880929245,      -8.279206587
          0,           0,         144,       -5.03598055,       -4.87713504,      -4.846194984,      -8.282560979
          0,           0,         145,      -5.043358398,      -4.851520414,      -4.805918183,      -8.286223117
          0,           0,         146,      -5.049590862,      -4.826016949,      -4.768483764,      -8.290162158
          0,           0,         147,      -5.057826672,      -4.804557335,      -4.737990429,      -8.294345258
          0,           0,         148,      -5.065833223,       -4.78913587,      -4.715997981,      -8.298737353
          0,           0,         149,      -5.075681344,      -4.780637337,      -4.702940511,      -8.303300518
          0,           0,         150,      -5.086738899,      -4.779330385,      -4.698827963,      -8.308008401
          0,           0,         151,      -5.098939312,      -4.785152095,      -4.703564768,      -8.312874213
          0,           0,         152,      -5.112101857,      -4.797858507,      -4.717102416,      -8.317763456
          0,           0,         153,      -5.125983856,      -4.817048929,      -4.739504205,      -8.322693568
          0,           0,         154,       -5.14033216,      -4.842130474,      -4.770972656,      -8.327634653
          0,           0,         155,      -5.154943872,      -4.872237485,      -4.811850726,      -8.332547323
          0,           0,         156,      -5.169701295,      -4.906095263,      -4.862569237,      -8.337393541
          0,           0,         157,      -5.185528113,      -4.941834877,      -4.923454164,      -8.342142097
          0,           0,         158,      -5.199581588,      -4.976880374,      -4.994164998,      -8.346764703
          0,           0,         159,      -5.215335355,      -5.008146341,      -5.072283392,      -8.351238873
          0,           0,         160,       -5.23178059,      -5.032524294,      -5.150066645,      -8.355555923
          0,           0,         161,      -5.250539381,      -5.047982727,      -5.210693793,      -8.359716736
          0,           0,         162,      -5.267450815,      -5.054369136,      -5.233533898,      -8.363723811
          0,           0,         163,      -5.287371201,      -5.053511794,      -5.215251563,      -8.367600133
          0,           0,         164,      -5.308272911,      -5.048208736,       -5.17407868,      -8.371365154
          0,           0,         165,      -5.329873615,      -5.041367154,      -5.129171798,       -8.37500736
          0,           0,         166,      -5.351697405,      -5.035314494,      -5.090429193,      -8.378619485
          0,           0,         167,       -5.37313446,      -5.031663601,      -5.061335253,      -8.382253241
          0,           0,         168,      -5.393535691,      -5.031425895,      -5.042601472,      -8.385958088
          0,           0,         169,      -5.412348346,      -5.035152786,      -5.034010197,      -8.389773952
          0,           0,         170,      -5.429212721,      -5.043095541,      -5.035117342,      -8.393744675
          0,           0,         171,      -5.444079717,      -5.055306585,      -5.045493078,      -8.397913438
          0,           0,         172,      -5.457207966,       -5.07167778,      -5.064775344,      -8.402318325
          0,           0,         173,       -5.46911401,      -5.091958584,      -5.092622308,      -8.406991853
          0,           0,         174,      -5.483369464,      -5.115739056,      -5.128577879,      -8.411957417
          0,           0,         175,       -5.49156047,      -5.142368657,      -5.171789902,      -8.417231013
          0,           0,         176,      -5.504202997,      -5.171008426,      -5.220597863,       -8.42282128
          0,           0,         177,      -5.518150134,      -5.200411974,      -5.271691136,      -8.428728675
          0,           0,         178,      -5.533902562,      -5.229021233,      -5.319420627,      -8.434948804
          0,           0,         179,      -5.551781302,      -5.255051265,       -5.35607327,      -8.441461564
          0,           0,         180,      -5.571919893,      -5.276756424,      -5.374884675,       -8.44822477
          0,           0,         181,      -5.594241238,      -5.292900603,      -5.374637804,      -8.455247782
          0,           0,         182,      -5.618396024,      -5.303221464,      -5.360671018,      -8.462499407
          0,           0,         183,      -5.651471283,      -5.308430534,      -5.340855131,      -8.469954111
          0,           0,         184,      -5.667300032,      -5.309964918,      -5.321595036,      -8.477588078
          0,           0,         185,      -5.691891217,      -5.309830966,      -5.306990658,      -8.485374868
          0,           0,         186,      -5.723008972,      -5.309598141,      -5.298951498,      -8.493287311
          0,           0,         187,      -5.725042019,      -5.310691675,      -5.298318775,      -8.501304236
          0,           0,         188,      -5.733384572,      -5.314218849,      -5.305292711,      -8.509400309
          0,           0,         189,      -5.748525445,      -5.320762612,       -5.31954227,      -8.517556115
          0,           0,         190,      -5.723948362,      -5.330552075,      -5.340363824,      -8.525748892
          0,           0,         191,      -5.715237269,      -5.343742228,      -5.366777488,      -8.533963274
          0,           0,         192,      -5.702909367,      -5.359716288,      -5.396725979,       -8.54218115
          0,           0,         193,      -5.689566145,      -5.377829108,      -5.427329875,      -8.550384727
          0,           0,         194,      -5.676837491,      -5.396994644,      -5.454466558,      -8.558564586
          0,           0,         195,       -5.66562404,      -5.415739246,      -5.473402171,      -8.566709051
          0,           0,         196,      -5.656311606,      -5.432269185,      -5.480295964,      -8.574816245
          0,           0,         197,      -5.657386163,       -5.44468622,      -5.474062377,      -8.582886398
          0,           0,         198,      -5.641243967,      -5.451223061,       -5.45669605,      -8.590923292
          0,           0,         199,      -5.637518786,      -5.451400636,      -5.432406087,      -8.598932825
          0,           0,         200,      -5.633932718,      -5.445026197,      -5.404837078,      -8.606921372
          0,           0,         201,       -5.63029406,      -5.433214637,      -5.376897756,      -8.614907973
          0,           0,         202,      -5.626266864,      -5.417598527,      -5.350420017,       -8.62291186
          0,           0,         203,        -5.6215014,       -5.39992848,      -5.326451559,       -8.63094976
          0,           0,         204,      -5.615756033,      -5.381797443,      -5.305529228,      -8.639042892
          0,           0,         205,      -5.608969852,      -5.364507018,      -5.287905986,      -8.647209312
          0,           0,         206,      -5.601315955,      -5.349040812,      -5.273691099,      -8.655465747
          0,           0,         207,      -5.593189674,      -5.336098476,      -5.262946043,      -8.663827203
          0,           0,         208,      -5.585131546,      -5.326149282,       -5.25574522,      -8.672302955
          0,           0,         209,      -5.584350565,      -5.319501998,      -5.252217072,      -8.680904392
          0,           0,         210,      -5.569392756,      -5.316128927,      -5.252445895,      -8.689637506
          0,           0,         211,      -5.565960508,      -5.316695614,      -5.256894111,      -8.698507796
          0,           0,         212,      -5.563677998,      -5.320854505,      -5.265687571,      -8.707515137
          0,           0,         213,      -5.563086122,      -5.328622455,      -5.279162101,      -8.716657807
          0,           0,         214,      -5.564389471,       -5.33985544,      -5.297589401,      -8.725943076
          0,           0,         215,       -5.56751089,      -5.354221088,      -5.321142893,      -8.735361981
          0,           0,         216,      -5.572255769,      -5.371184897,      -5.349735576,      -8.744915534
          0,           0,         217,       -5.57832395,      -5.389854375,      -5.382817588,       -8.75459918
          0,           0,         218,      -5.585324015,       -5.40891248,      -5.419011204,      -8.764407888
          0,           0,         219,      -5.592800065,      -5.426607818,      -5.455601992,      -8.774336751
          0,           0,         220,      -5.606547307,      -5.440920288,      -5.488082641,      -8.784372117
          0,           0,         221,       -5.60576335,      -5.449828497,      -5.510364303,      -8.794496006
          0,           0,         222,      -5.612151971,      -5.452494468,      -5.517381342,      -8.804692091
          0,           0,         223,      -5.616654317,      -5.448568529,      -5.507338097,      -8.814938433
          0,           0,         224,      -5.619300884,      -5.439186789,      -5.483635195,      -8.825208043
          0,           0,         225,      -5.620329569,      -5.426234666,      -5.452347725,      -8.835472496
          0,           0,         226,      -5.620144858,      -5.411827199,      -5.419215068,      -8.845709756
          0,           0,         227,      -5.619289314,      -5.397894459,      -5.388253284,      -8.855894222
          0,           0,         228,      -5.624482949,      -5.385994169,      -5.361845975,      -8.866003105
          0,           0,         229,      -5.616819302,      -5.377241336,       -5.34123206,      -8.876021246
          0,           0,         230,      -5.617859244,      -5.372640073,      -5.327153682,       -8.88594274
          0,           0,         231,      -5.619940143,        -5.3726763,      -5.319840764,      -8.895769579
          0,           0,         232,      -5.631254876,      -5.377822348,      -5.319458128,      -8.905513243
          0,           0,         233,      -5.637716906,      -5.388318416,      -5.326073121,      -8.915191838
          0,           0,         234,      -5.632757205,      -5.404646769,      -5.339963498,      -8.924839113
          0,           0,         235,      -5.643429333,      -5.426859307,        -5.3612474,      -8.934490549
          0,           0,         236,        -5.6549258,      -5.455194158,       -5.39025222,      -8.944187719
          0,           0,         237,      -5.678101352,        -5.4896024,       -5.42715392,      -8.953974589
          0,           0,         238,      -5.678642361,      -5.529596723,      -5.471909121,      -8.963894331
          0,           0,         239,      -5.694308207,      -5.575001044,      -5.524493553,      -8.973982621
          0,           0,         240,       -5.70948421,      -5.623378966,      -5.582738171,      -8.984272287
          0,           0,         241,      -5.723904637,      -5.671243215,      -5.642140367,      -8.994788239
          0,           0,         242,      -5.737194375,      -5.712679577,      -5.693146135,       -9.00554026
          0,           0,         243,       -5.74897003,       -5.74038661,       -5.72235217,      -9.016533595
          0,           0,         244,      -5.758998335,      -5.749145602,      -5.720868223,      -9.027762967
          0,           0,         245,      -5.767248696,      -5.739607687,      -5.693322383,      -9.039216644
          0,           0,         246,      -5.787526395,      -5.717795662,       -5.65293258,      -9.050870577
          0,           0,         247,      -5.776859618,      -5.690629974,      -5.610862862,      -9.062694521
          0,           0,         248,      -5.782887779,      -5.664577066,      -5.573756849,      -9.074660467
          0,           0,         249,      -5.788050446,       -5.64218083,      -5.543907733,       -9.08673404
          0,           0,         250,      -5.793171946,      -5.625160078,      -5.522162922,      -9.098877402
          0,           0,         251,      -5.798921838,      -5.614178299,        -5.5085952,      -9.111056364
          0,           0,         252,      -5.805746562,      -5.609384154,      -5.503030575,      -9.123240818
          0,           0,         253,      -5.813967433,      -5.610664898,      -5.505254227,      -9.135402641
          0,           0,         254,      -5.823810005,      -5.617767897,       -5.51512487,      -9.147515947
          0,           0,         255,      -5.835402424,      -5.630342883,      -5.532618592,      -9.159558899
          0,           0,         256,      -5.848769645,      -5.647939909,      -5.557850452,      -9.171511885
          0,           0,         257,      -5.863803236,      -5.669977325,       -5.59108082,      -9.183351964
          0,           0,         258,      -5.880246677,      -5.695677471,       -5.63270652,      -9.195064157
          0,           0,         259,      -5.897709678,      -5.723986063,      -5.683223043,      -9.206625271
          0,           0,         260,      -5.915701862,      -5.753486155,      -5.743109163,       -9.21800747
          0,           0,         261,      -5.933717858,      -5.782369542,      -5.812506681,      -9.229190888
          0,           0,         262,      -5.951324464,      -5.808561023,      -5.890377241,       -9.24015353
          0,           0,         263,      -5.999365379,      -5.830074676,      -5.972489904,      -9.250875459
          0,           0,         264,      -5.978470786,      -5.845035658,      -6.046943696,      -9.261345329
          0,           0,         265,      -5.995462922,      -5.854499325,      -6.096789398,      -9.271551231
          0,           0,         266,      -6.009863219,       -5.85838876,      -6.105648205,       -9.28149195
          0,           0,         267,      -6.022374067,      -5.858586457,      -6.080176913,      -9.291172882
          0,           0,         268,       -6.08004471,      -5.857118637,      -6.040266147,      -9.300614607
          0,           0,         269,      -6.035934898,      -5.855189203,      -6.000073305,      -9.309840938
          0,           0,         270,       -6.04895282,      -5.855853431,       -5.96857251,       -9.31888559
          0,           0,         271,      -6.059248439,      -5.858862523,       -5.94608872,      -9.327795252
          0,           0,         272,      -6.067893011,      -5.865142338,      -5.933184498,      -9.336625828
          0,           0,         273,      -6.075724309,       -5.87512976,       -5.92950238,      -9.345429883
          0,           0,         274,      -6.083177841,      -5.889022866,      -5.934582168,      -9.354274916
          0,           0,         275,      -6.090667094,      -5.906831786,      -5.947878146,       -9.36321932
          0,           0,         276,      -6.098118605,      -5.928414414,      -5.968845808,      -9.372316986
          0,           0,         277,      -6.105551371,      -5.953477121,      -5.996828154,      -9.381615989
          0,           0,         278,      -6.112897947,      -5.981532889,      -6.030912832,      -9.391160075
          0,           0,         279,       -6.11996323,       -6.01188215,      -6.069731481,       -9.40097897
          0,           0,         280,      -6.126872967,      -6.043581594,      -6.111203699,       -9.41108784
          0,           0,         281,      -6.133182402,      -6.075453278,      -6.152332032,      -9.421492709
          0,           0,         282,      -6.138839983,      -6.106153979,      -6.189278139,      -9.432188794
          0,           0,         283,      -6.219547958,      -6.134317119,      -6.218059916,      -9.443157768
          0,           0,         284,      -6.281090407,      -6.156656862,      -6.233810483,      -9.454376287
          0,           0,         285,      -6.299601724,      -6.171563552,      -6.236440491,      -9.465813561
          0,           0,         286,       -6.31057735,      -6.188486051,      -6.235413797,      -9.477431174
          0,           0,         287,      -6.325570289,      -6.201107832,      -6.231035407,      -9.489179837
          0,           0,         288,      -6.093784338,      -6.210367645,      -6.226248861,      -9.500999647
          0,           0,         289,      -6.122192577,      -6.207226186,      -6.218089533,      -9.512845642
          0,           0,         290,      -6.298581507,      -6.210679241,      -6.214845735,      -9.524682433
          0,           0,         291,      -6.112344351,      -6.213914864,      -6.214390372,      -9.536447701
          0,           0,         292,      -6.285082642,      -6.222736584,      -6.222495084,      -9.548090355
          0,           0,         293,      -6.114147366,      -6.226328284,      -6.224312654,      -9.559573934
          0,           0,         294,      -6.129619972,      -6.230348849,      -6.228813997,      -9.570849643
          0,           0,         295,      -6.137376537,       -6.23486689,      -6.235677497,      -9.581877613
          0,           0,         296,      -6.141238041,      -6.241378901,      -6.246842832,      -9.592631758
          0,           0,         297,      -6.142999878,      -6.249977135,      -6.262006961,      -9.603093282
          0,           0,         298,      -6.143578244,      -6.260904762,      -6.280391358,      -9.613247607
          0,           0,         299,      -6.143492924,      -6.273636877,      -6.299370549,      -9.623096538
          0,           0,         300,      -6.142884886,      -6.286883921,       -6.31527151,      -9.632648155
          0,           0,         301,      -6.141852171,      -6.298443723,      -6.323475848,      -9.641916726
          0,           0,         302,      -6.140519105,      -6.305526328,      -6.319930368,      -9.650923941
          0,           0,         303,      -6.138863218,      -6.305571825,      -6.303110239,      -9.659694397
          0,           0,         304,      -6.239848506,      -6.297249299,       -6.27495968,      -9.668246288
          0,           0,         305,      -6.116360573,      -6.271479052,      -6.234350048,      -9.676621088
          0,           0,         306,      -6.252748397,       -6.25512798,      -6.199277955,      -9.684833236
          0,           0,         307,      -6.102983228,       -6.22851564,      -6.162496536,      -9.692921115
          0,           0,         308,      -6.114413826,      -6.203558443,      -6.128233845,      -9.700898262
          0,           0,         309,      -6.117690624,      -6.179915204,      -6.098744048,      -9.708799676
          0,           0,         310,       -6.11784704,      -6.158636325,      -6.074557518,      -9.716650621
          0,           0,         311,       -6.11689978,      -6.140480855,      -6.055911526,      -9.724478387
          0,           0,         312,      -6.115601812,      -6.126041317,      -6.042941869,      -9.732313762
          0,           0,         313,      -6.114264368,      -6.115692544,      -6.035411802,       -9.74018584
          0,           0,         314,       -6.11290264,      -6.109721282,      -6.033166382,      -9.748122737
          0,           0,         315,       -6.11157716,      -6.108260145,      -6.036089017,       -9.75615031
          0,           0,         316,      -6.110445283,      -6.111289621,      -6.044165615,      -9.764295123
          0,           0,         317,      -6.193157552,      -6.118675987,      -6.057531872,       -9.77257277
          0,           0,         318,      -6.196850891,      -6.126105792,      -6.074316078,      -9.781013042
          0,           0,         319,      -6.086234978,      -6.141697439,      -6.099273423,      -9.789650735
          0,           0,         320,      -6.099192448,      -6.159732265,      -6.129284544,      -9.798478024
          0,           0,         321,      -6.105697128,      -6.182459721,      -6.168445419,      -9.807509132
          0,           0,         322,      -6.109750666,      -6.206308674,      -6.213982108,      -9.816737665
          0,           0,         323,      -6.113188571,      -6.229430866,      -6.264722362,      -9.826147014
          0,           0,         324,      -6.116527208,      -6.249193833,       -6.31541749,      -9.835706052
          0,           0,         325,      -6.119876297,      -6.262458464,      -6.354852694,      -9.845362874
          0,           0,         326,      -6.122870181,      -6.266864084,      -6.369450178,      -9.855053053
          0,           0,         327,       -6.21695868,      -6.261813082,      -6.353438492,      -9.864685232
          0,           0,         328,      -6.111472825,      -6.242231256,      -6.308687605,      -9.874198664
          0,           0,         329,       -6.20213842,      -6.228568851,         -6.265518,      -9.883490437
          0,           0,         330,      -6.252258086,      -6.211051952,       -6.22219869,      -9.892491884
          0,           0,         331,       -6.09765567,      -6.190941166,      -6.181818312,      -9.901174224
          0,           0,         332,      -6.113057955,      -6.175567931,      -6.150030015,      -9.909480703
          0,           0,         333,      -6.224194346,      -6.165956608,      -6.127349785,      -9.917449928
          0,           0,         334,      -6.238567543,      -6.160636737,      -6.112711487,       -9.92506805
          0,           0,         335,      -6.097085065,      -6.161191313,      -6.106279935,      -9.932418183
          0,           0,         336,      -6.249566771,      -6.166164424,      -6.107017821,       -9.93952223
          0,           0,         337,      -6.101157847,      -6.178971348,      -6.116720671,      -9.946462134
          0,           0,         338,      -6.117176736,      -6.195682665,      -6.132504389,       -9.95329853
          0,           0,         339,      -6.126137611,       -6.21894796,      -6.156078733,      -9.960120297
          0,           0,         340,      -6.132064487,      -6.249351726,      -6.187994421,      -9.966994123
          0,           0,         341,      -6.258108487,      -6.286623065,      -6.228312097,      -9.973949959
          0,           0,         342,      -6.114222063,      -6.314214278,      -6.267829265,       -9.98115402
          0,           0,         343,      -6.131133442,      -6.372870119,      -6.329699766,      -9.988606848
          0,           0,         344,      -6.280276705,      -6.428119257,      -6.394818991,      -9.996385888
          0,           0,         345,      -6.116855315,      -6.465611345,      -6.455509075,      -10.00456665
          0,           0,         346,       -6.13548318,      -6.526535868,      -6.527628719,      -10.01314017
          0,           0,         347,      -6.145164389,      -6.563263522,       -6.56712841,      -10.02213535
          0,           0,         348,      -6.150760007,      -6.581447141,      -6.576504446,      -10.03152752
          0,           0,         349,      -6.154578903,      -6.579201634,      -6.551374105,      -10.04125912
          0,           0,         350,      -6.157495017,      -6.561120405,      -6.508454873,      -10.05125888
          0,           0,         351,      -6.159912407,      -6.534564895,      -6.460728815,      -10.06144551
          0,           0,         352,       -6.16189787,      -6.506354516,      -6.416832276,      -10.07173919
          0,           0,         353,      -6.163334673,      -6.480877541,      -6.380600386,      -10.08207119
          0,           0,         354,       -6.26966664,      -6.460222542,      -6.353126505,      -10.09236289
          0,           0,         355,      -6.150094341,       -6.43276997,      -6.328942363,      -10.10263681
          0,           0,         356,       -6.31657086,      -6.430588405,      -6.320790556,      -10.11276732
          0,           0,         357,      -6.132269163,      -6.414024272,       -6.31412431,      -10.12284289
          0,           0,         358,      -6.151124768,      -6.421234175,      -6.318961843,      -10.13270698
          0,           0,         359,      -6.159608918,      -6.430820021,      -6.329809057,      -10.14238316
          0,           0,         360,      -6.163641574,       -6.44473944,      -6.347542587,      -10.15183896
          0,           0,         361,      -6.166176644,      -6.462196905,      -6.370974048,      -10.16104595
          0,           0,         362,      -6.168275565,      -6.482616925,      -6.400662309,      -10.16999564
          0,           0,         363,      -6.170442033,      -6.504887397,      -6.435971541,      -10.17869044
          0,           0,         364,      -6.172643359,      -6.528298415,       -6.47748357,      -10.18714401
          0,           0,         365,      -6.174762984,      -6.552365061,      -6.526352588,      -10.19536866
          0,           0,         366,      -6.176755306,      -6.576654667,       -6.58406636,      -10.20337614
          0,           0,         367,      -6.283580307,       -6.60066929,      -6.651843575,      -10.21114618
          0,           0,         368,      -6.165355184,      -6.601099629,      -6.703933789,       -10.2187719
          0,           0,         369,      -6.174277529,      -6.633267995,      -6.792955969,      -10.22618451
          0,           0,         370,      -6.178785964,      -6.654192741,      -6.874159432,      -10.23341011
          0,           0,         371,      -6.316132717,      -6.668821087,      -6.930189433,      -10.24043072
          0,           0,         372,      -6.160398271,      -6.635759288,      -6.855455109,      -10.24733916
          0,           0,         373,      -6.291865906,       -6.66492781,      -6.885985291,      -10.25405761
          0,           0,         374,      -6.163645479,      -6.673536298,      -6.866517929,      -10.26064882
          0,           0,         375,      -6.173611951,      -6.666911968,      -6.813756357,      -10.26711655
          0,           0,         376,      -6.178230051,      -6.666998507,      -6.782156553,      -10.27352328
          0,           0,         377,      -6.180649358,      -6.670038866,      -6.759422343,      -10.27989042
          0,           0,         378,      -6.182144402,      -6.676060194,      -6.746247924,      -10.28624412
          0,           0,         379,       -6.18332425,      -6.685016974,      -6.740278786,      -10.29261775
          0,           0,         380,      -6.184278239,      -6.696829023,      -6.739186514,      -10.29905858
          0,           0,         381,      -6.185282672,      -6.711569366,      -6.741784137,      -10.30562897
          0,           0,         382,      -6.304124355,      -6.728996723,      -6.747122221,      -10.31233169
          0,           0,         383,      -6.169478467,      -6.703004872,      -6.720023778,      -10.31940438
          0,           0,         384,      -6.178772103,      -6.746203856,       -6.74256651,      -10.32676131
          0,           0,         385,       -6.18312007,      -6.774800127,      -6.759952475,      -10.33448952
          0,           0,         386,      -6.310899094,      -6.800366595,      -6.779108318,      -10.34260417
          0,           0,         387,      -6.167732605,      -6.769669204,      -6.764400013,      -10.35116563
          0,           0,         388,      -6.177939382,       -6.82826895,      -6.816123611,        -10.360054
          0,           0,         389,      -6.182847524,      -6.860140547,      -6.847732144,      -10.36926002
          0,           0,         390,      -6.310107965,      -6.888223213,      -6.880806504,      -10.37870242
          0,           0,         391,      -6.168293338,      -6.840793857,       -6.85205023,      -10.38839852
          0,           0,         392,      -6.178132559,      -6.914192546,      -6.915937977,      -10.39817228
          0,           0,         393,      -6.182799007,       -6.95033377,      -6.942716135,      -10.40802323
          0,           0,         394,      -6.184935279,      -6.980089542,       -6.96846739,      -10.41793511
          0,           0,         395,      -6.341813298,      -7.008543871,      -6.987451325,       -10.4275737
          0,           0,         396,      -6.402743505,      -6.772490494,      -6.816699744,      -10.43699864
          0,           0,         397,      -6.425694699,      -6.802558247,      -6.816085391,      -10.44673316
          0,           0,         398,      -6.113013145,      -6.877053886,      -6.824968173,      -10.45662841
          0,           0,         399,      -6.147776401,      -6.751189293,      -6.787045468,      -10.46582188
          0,           0,         400,      -6.164318716,      -6.792234268,      -6.794041173,      -10.47527902
          0,           0,         401,      -6.171859114,      -6.851464135,        -6.8166105,      -10.48482402
          0,           0,         402,      -6.175860781,      -6.909801819,      -6.846652983,      -10.49428488
          0,           0,         403,      -6.178641214,      -6.963233176,      -6.885710554,      -10.50354367
          0,           0,         404,      -6.336964941,      -6.994699721,      -6.900204869,      -10.51199501
          0,           0,         405,      -6.153983778,       -6.78613789,      -6.773446518,       -10.5209375
          0,           0,         406,      -6.170630899,      -6.880767348,      -6.813066161,      -10.52935147
          0,           0,         407,      -6.178401637,      -6.911887646,      -6.834240924,      -10.53748564
          0,           0,         408,      -6.181706756,      -6.927070249,       -6.85369742,      -10.54547583
          0,           0,         409,      -6.317609168,      -6.935320821,      -6.857863319,      -10.55319737
          0,           0,         410,      -6.163641642,      -6.826485641,      -6.796090491,        -10.561093
          0,           0,         411,       -6.35156492,      -6.898152933,      -6.833867705,      -10.56847819
          0,           0,         412,      -6.153320668,      -6.852135561,      -6.817864298,      -10.57617485
          0,           0,         413,      -6.374801924,      -6.865766076,      -6.809159762,      -10.58360827
          0,           0,         414,      -6.143433692,      -6.857277859,      -6.812876116,      -10.59110002
          0,           0,         415,      -6.293084714,      -6.859754678,      -6.807557142,      -10.59847388
          0,           0,         416,       -6.36399491,      -6.919146211,      -6.833995089,      -10.60565666
          0,           0,         417,      -6.140952039,      -6.895389888,      -6.823084467,      -10.61284966
          0,           0,         418,      -6.160938112,      -6.869911918,      -6.822344308,      -10.61957756
          0,           0,         419,      -6.171083057,       -6.86997728,      -6.825071377,      -10.62640329
          0,           0,         420,      -6.176384075,      -6.889998395,      -6.847352912,      -10.63328081
          0,           0,         421,      -6.179549321,      -6.915568942,      -6.876640117,      -10.64012996
          0,           0,         422,      -6.181785405,      -6.944410092,      -6.917450876,      -10.64697102
          0,           0,         423,      -6.183687026,      -6.970709085,      -6.958374367,      -10.65382162
          0,           0,         424,      -6.185271291,      -6.992798889,      -6.995874496,      -10.66072596
          0,           0,         425,      -6.186467922,       -7.01076874,      -7.026670251,      -10.66773043
          0,           0,         426,      -6.187306867,      -7.024120565,      -7.047900503,      -10.67489586
          0,           0,         427,      -6.187870171,      -7.032038619,      -7.057955287,      -10.68230942
          0,           0,         428,      -6.273170545,      -7.033868587,      -7.057115825,      -10.68991328
          0,           0,         429,      -6.356293873,       -6.96081942,       -6.99296698,      -10.69714018
          0,           0,         430,      -6.153033209,      -6.826991683,      -6.883614597,      -10.70621958
          0,           0,         431,      -6.171276546,      -6.855091117,      -6.873411403,      -10.71477948
          0,           0,         432,      -6.178994727,      -6.887838467,      -6.891085329,      -10.72363508
          0,           0,         433,      -6.181889459,      -6.906320583,        -6.8975442,      -10.73264039
          0,           0,         434,      -6.183288413,      -6.915961572,      -6.895915615,      -10.74156246
          0,           0,         435,      -6.184251301,      -6.921849349,      -6.895303199,      -10.75024655
          0,           0,         436,      -6.185268202,      -6.923685986,      -6.887809582,      -10.75845609
          0,           0,         437,      -6.186122112,       -6.92444295,      -6.877106215,      -10.76606149
          0,           0,         438,      -6.186899774,      -6.927315813,      -6.867828244,       -10.7729859
          0,           0,         439,      -6.187567146,      -6.934750292,      -6.864861147,       -10.7792792
          0,           0,         440,       -6.18825628,      -6.948526645,      -6.870903139,       -10.7852038
          0,           0,         441,       -6.28091443,      -6.969321431,      -6.886548738,       -10.7907938
          0,           0,         442,      -6.177380784,      -6.925578295,      -6.874556901,      -10.79717024
          0,           0,         443,      -6.183646946,      -6.993168076,      -6.922660869,      -10.80387131
          0,           0,         444,      -6.186572841,      -7.045029576,      -6.972710375,      -10.81125031
          0,           0,         445,      -6.187913457,      -7.097006175,      -7.028216247,      -10.81936212
          0,           0,         446,      -6.188558291,      -7.150207783,      -7.086633113,      -10.82809798
          0,           0,         447,      -6.188868705,      -7.203068411,      -7.149083753,      -10.83729253
          0,           0,         448,      -6.189488408,      -7.251612325,       -7.20784348,      -10.84670709
          0,           0,         449,        -6.1898859,      -7.293453634,      -7.256948391,      -10.85614643
          0,           0,         450,      -6.190109613,      -7.327498819,      -7.290843889,      -10.86550691
          0,           0,         451,       -6.19040579,      -7.352178725,      -7.306984358,      -10.87478877
          0,           0,         452,      -6.190549599,      -7.365927414,      -7.306725654,      -10.88408742
          0,           0,         453,      -6.190656023,      -7.367120478,      -7.293595093,      -10.89351637
          0,           0,         454,      -6.190739996,      -7.356179621,      -7.272604201,       -10.9031202
          0,           0,         455,       -6.19080715,      -7.336792903,      -7.248377837,      -10.91284558
          0,           0,         456,      -6.190833551,      -7.314265525,      -7.224004588,      -10.92258009
          0,           0,         457,       -6.19087953,      -7.293260216,      -7.201509961,      -10.93222626
          0,           0,         458,      -6.190940919,       -7.27649387,      -7.182208216,      -10.94175658
          0,           0,         459,      -6.190966149,      -7.264495018,      -7.166466721,      -10.95120866
          0,           0,         460,      -6.190983977,      -7.256158979,       -7.15365003,      -10.96062491
          0,           0,         461,      -6.327148575,      -7.249835949,       -7.14274374,      -10.96793858
          0,           0,         462,      -6.168667636,       -6.92260176,      -6.942961951,       -10.9782401
          0,           0,         463,      -6.180290575,      -7.044709519,      -7.005530483,      -10.98702492
          0,           0,         464,      -6.185223119,       -7.10523579,      -7.036074358,      -10.99550651
          0,           0,         465,      -6.186986862,      -7.146131605,      -7.060652645,       -11.0039033
          0,           0,         466,      -6.187784054,      -7.179664926,      -7.079443565,      -11.01213395
          0,           0,         467,      -6.188376955,      -7.212013675,      -7.109801877,      -11.02035704
          0,           0,         468,      -6.188974769,      -7.239939619,      -7.144070212,      -11.02848879
          0,           0,         469,      -6.317437682,       -7.26274212,      -7.181805691,      -11.03392838
          0,           0,         470,      -6.171041694,      -6.970456775,      -7.002736119,      -11.04273168
          0,           0,         471,      -6.181283924,      -7.099624881,      -7.093928968,      -11.04969297
          0,           0,         472,      -6.352090955,      -7.171583675,      -7.164892372,      -11.05510073
          0,           0,         473,      -6.332561632,      -6.915312548,      -6.997201659,       -11.0600385
          0,           0,         474,      -6.148987217,       -7.05082958,      -7.117954959,      -11.06772378
          0,           0,         475,      -6.382535836,      -6.966314871,      -6.998198281,      -11.07505715
          0,           0,         476,      -6.421862591,      -7.097236595,      -7.204499464,      -11.07940894
          0,           0,         477,       -6.31729989,      -7.112346226,      -7.133488845,      -11.08821191
          0,           0,         478,      -6.127153831,       -7.16947171,      -7.202447564,      -11.09210098
          0,           0,         479,      -6.404520742,      -6.920914092,      -6.941590239,      -11.10227702
          0,           0,         480,      -6.130266961,       -7.07226249,      -7.125941947,      -11.10747387
          0,           0,         481,      -6.154569491,      -7.104189185,      -7.180667757,      -11.11051108
          0,           0,         482,      -6.167221183,      -7.055866539,      -7.091398832,      -11.11598191
          0,           0,         483,      -6.174270487,      -7.078528392,      -7.086789148,      -11.12259795
          0,           0,         484,      -6.349083676,      -7.118894463,      -7.099879503,      -11.12137005
          0,           0,         485,      -6.397168139,      -6.809861728,       -6.84606629,      -11.11629808
          0,           0,         486,      -6.125345782,      -6.852701315,      -6.840140235,      -11.13032744
          0,           0,         487,      -6.154991419,      -6.845319174,      -6.815620901,       -11.1317074
          0,           0,         488,      -6.292308569,      -6.894725497,      -6.861016111,       -11.1443174
          0,           0,         489,        -6.1610589,      -7.005131181,      -6.922950125,       -11.1515205
          0,           0,         490,      -6.171401502,      -7.076164432,      -7.001367256,      -11.16018276
          0,           0,         491,      -6.177078005,      -7.100106479,      -7.015248587,      -11.16988328
          0,           0,         492,      -6.180687902,      -7.122643897,      -7.039882153,       -11.1800202
          0,           0,         493,      -6.183115807,      -7.149236154,      -7.063275118,      -11.19089392
          0,           0,         494,       -6.18493174,      -7.170847986,      -7.078455571,       -11.2019529
          0,           0,         495,      -6.186395115,      -7.188848029,      -7.090286229,      -11.21229458
          0,           0,         496,      -6.187419337,      -7.205535106,       -7.10359026,      -11.22160669
          0,           0,         497,      -6.188466645,      -7.220766225,      -7.117381154,      -11.23007891
          0,           0,         498,      -6.189103912,      -7.234507958,      -7.129707937,      -11.23785519
          0,           0,         499,      -6.189558072,      -7.248826959,      -7.141850591,      -11.24492326
          0,           0,         500,      -6.189802212,      -7.266088253,      -7.156752234,      -11.25135074
          0,           0,         501,        -6.1901374,      -7.286879527,      -7.176323091,      -11.25736075
          0,           0,         502,      -6.190329604,      -7.310561676,      -7.201005782,      -11.26322128
          0,           0,         503,       -6.19050108,      -7.337357153,      -7.230644126,      -11.26922906
          0,           0,         504,      -6.190498707,      -7.369178286,      -7.265468056,      -11.27582237
          0,           0,         505,      -6.190751774,      -7.407518835,      -7.306152828,      -11.28357018
          0,           0,         506,      -6.191000328,      -7.449664967,      -7.351468747,      -11.29287703
          0,           0,         507,      -6.191121646,      -7.486482288,      -7.393459353,      -11.30358957
          0,           0,         508,      -6.330619405,      -7.506581577,      -7.416632128,       -11.3041355
          0,           0,         509,      -6.167721824,      -6.943985329,      -7.006787333,      -11.32050353
          0,           0,         510,      -6.180064802,      -7.101277706,      -7.105430303,      -11.32927742
          0,           0,         511,      -6.352349797,      -7.188553822,      -7.153796836,      -11.33574583
          0,           0,         512,      -6.378536349,      -6.945929684,      -7.007382598,      -11.33262808
          0,           0,         513,      -6.140469501,      -7.021598289,      -7.047517649,      -11.35178115
          0,           0,         514,      -6.163943835,      -6.940900108,      -6.957071746,      -11.34994563
          0,           0,         515,       -6.17479287,       -6.98644079,      -6.980869834,      -11.35708016
          0,           0,         516,      -6.179452229,      -7.045329791,      -7.004720751,      -11.36878067
          0,           0,         517,      -6.181991078,      -7.102566523,      -7.030024279,      -11.37984598
          0,           0,         518,      -6.183739576,      -7.161823215,      -7.072699464,      -11.38965421
          0,           0,         519,      -6.185407973,      -7.205658021,      -7.100928018,      -11.39753005
          0,           0,         520,      -6.186902476,      -7.233678362,      -7.119329433,      -11.40480309
          0,           0,         521,       -6.18808061,      -7.253612442,      -7.135838397,      -11.41165752
          0,           0,         522,      -6.188952407,      -7.270909501,      -7.156451733,      -11.41784788
          0,           0,         523,      -6.189576371,      -7.288104478,      -7.180417252,      -11.42424639
          0,           0,         524,      -6.190026725,      -7.304902444,      -7.203545453,      -11.43166559
          0,           0,         525,      -6.190363554,      -7.322566859,      -7.226411404,      -11.44026249
          0,           0,         526,      -6.190618225,      -7.342365021,       -7.25152066,      -11.44995844
          0,           0,         527,      -6.190806692,      -7.361961491,      -7.277334079,      -11.46051219
          0,           0,         528,      -6.190943259,      -7.376791313,      -7.298935173,      -11.47141073
          0,           0,         529,      -6.191042781,      -7.384015608,      -7.312520318,      -11.48209769
          0,           0,         530,      -6.191117454,      -7.384000976,        -7.3177308,      -11.49229045
          0,           0,         531,      -6.283268608,      -7.378867996,      -7.316404416,      -11.49358838
          0,           0,         532,      -6.179539592,      -7.121125921,      -7.142612175,      -11.50698256
          0,           0,         533,      -6.185366937,      -7.223921046,      -7.199398623,      -11.51372604
          0,           0,         534,       -6.31461084,      -7.270016937,      -7.226522814,        -11.514799
          0,           0,         535,      -6.171283085,      -7.066952635,      -7.096020866,      -11.52234995
          0,           0,         536,      -6.180651425,      -7.191898254,       -7.18667692,      -11.51922512
          0,           0,         537,      -6.353194715,      -7.245103633,       -7.20692096,      -11.50066792
          0,           0,         538,      -6.153163934,      -6.900365502,      -6.970818376,      -11.51505435
          0,           0,         539,      -6.171510618,      -7.073188257,      -7.125841585,       -11.5056985
          0,           0,         540,      -6.179651785,      -7.144639158,      -7.140698955,      -11.50043828
          0,           0,         541,      -6.183128838,      -7.214034591,      -7.203884533,      -11.50360954
          0,           0,         542,      -6.184924385,      -7.289965343,      -7.246955412,      -11.51119042
          0,           0,         543,      -6.344558823,      -7.377722917,      -7.320552124,      -11.47653514
          0,           0,         544,      -6.153469531,      -6.836345915,      -6.902847611,       -11.5166373
          0,           0,         545,      -6.172235481,      -7.021044427,      -7.036962058,      -11.53003551
          0,           0,         546,      -6.180762727,      -7.120740773,      -7.100553094,      -11.54290732
          0,           0,         547,       -6.18407308,       -7.20660834,      -7.184056379,      -11.55933238
          0,           0,         548,      -6.185830867,      -7.283073799,       -7.22666352,      -11.57501928
          0,           0,         549,      -6.186917554,      -7.368769269,      -7.295618891,      -11.59317689
          0,           0,         550,      -6.187967431,      -7.450886757,      -7.362760885,      -11.61159297
          0,           0,         551,      -6.278455528,      -7.519308806,      -7.426075932,      -11.61325677
          0,           0,         552,      -6.344706749,      -7.180780851,      -7.204411808,      -11.58267072
          0,           0,         553,      -6.159312033,      -6.989738456,      -7.048027392,      -11.62410847
          0,           0,         554,      -6.175172785,      -7.033424888,      -7.036608691,       -11.6239323
          0,           0,         555,       -6.18198015,      -7.118198347,      -7.105834457,      -11.63250171
          0,           0,         556,       -6.18464109,       -7.19397589,       -7.15559421,      -11.64941624
          0,           0,         557,      -6.185986992,       -7.26864923,      -7.200020021,      -11.66812454
          0,           0,         558,      -6.186971216,      -7.349718592,      -7.266470723,      -11.68590321
          0,           0,         559,      -6.187995281,      -7.417625597,      -7.322201311,      -11.69957483
          0,           0,         560,        -6.3217524,      -7.462352722,      -7.355437258,      -11.65422614
          0,           0,         561,      -6.329237122,      -6.986436857,      -7.028654264,      -11.61992637
          0,           0,         562,      -6.349723491,       -7.01244618,      -7.040403304,      -11.61053588
          0,           0,         563,      -6.148165259,      -7.067503853,      -7.054982503,      -11.61875822
          0,           0,         564,      -6.167827443,      -6.942551648,      -6.941340479,      -11.58951374
          0,           0,         565,      -6.348459917,      -6.992013142,      -6.975183343,      -11.64055065
          0,           0,         566,      -6.153116201,      -6.957927962,      -6.950893077,      -11.66172903
          0,           0,         567,      -6.351934544,      -7.153891861,      -7.152450417,       -11.6600219
          0,           0,         568,      -6.150675927,      -7.128791247,       -7.12318631,      -11.68551965
          0,           0,         569,      -6.167601341,       -7.14109013,      -7.133350776,      -11.67579157
          0,           0,         570,      -6.337692186,      -7.150736175,      -7.136657242,      -11.70117776
          0,           0,         571,      -6.156347039,      -7.025925114,      -7.045779126,      -11.72170813
          0,           0,         572,      -6.170783264,        -7.2117012,      -7.244391154,      -11.71724684
          0,           0,         573,      -6.177959866,      -7.241969867,      -7.228308651,      -11.71931943
          0,           0,         574,      -6.181907464,      -7.277673798,      -7.270412765,      -11.73168548
          0,           0,         575,      -6.344598305,      -7.330818241,      -7.299828635,      -11.66191146
          0,           0,         576,      -6.154969985,      -6.870360509,      -6.930128691,       -11.7240057
          0,           0,         577,      -6.172192694,      -7.065609596,      -7.083262152,      -11.72922716
          0,           0,         578,      -6.180340325,      -7.155260325,      -7.133868798,       -11.7323868
          0,           0,         579,      -6.183773335,      -7.229667888,      -7.214427153,      -11.74839096
          0,           0,         580,      -6.185550755,      -7.298172818,      -7.250780522,      -11.76414052
          0,           0,         581,      -6.186714596,      -7.374467681,      -7.310906692,      -11.78241356
          0,           0,         582,      -6.187782886,      -7.443267313,      -7.364731031,      -11.79854226
          0,           0,         583,      -6.188774488,       -7.48878656,      -7.407652627,      -11.81339217
          0,           0,         584,      -6.189528547,      -7.513968584,      -7.433844233,      -11.83000206
          0,           0,         585,      -6.190026824,      -7.525407902,      -7.445923605,      -11.84545402
          0,           0,         586,      -6.190616196,      -7.533411517,      -7.455273123,       -11.8579507
          0,           0,         587,      -6.190920263,      -7.540563998,      -7.462215144,      -11.86847165
          0,           0,         588,      -6.309256254,       -7.54638979,      -7.465442672,      -11.80680722
          0,           0,         589,      -6.174421085,      -7.053832558,      -7.108675454,      -11.85081818
          0,           0,         590,      -6.356647146,      -7.210606539,      -7.209271396,       -11.7820679
          0,           0,         591,      -6.158648097,      -7.013281648,      -7.107061029,      -11.82415177
          0,           0,         592,      -6.174696476,      -7.080697953,      -7.116639283,      -11.78362906
          0,           0,         593,      -6.181299995,      -7.141062709,      -7.138137556,      -11.76788822
          0,           0,         594,      -6.184076518,      -7.204589599,      -7.171371881,      -11.76980217
          0,           0,         595,      -6.185479581,      -7.274206623,      -7.207420267,      -11.77881049
          0,           0,         596,      -6.186656382,      -7.349017359,      -7.262319549,      -11.79238223
          0,           0,         597,      -6.187745542,      -7.410028192,      -7.304729178,      -11.80648588
          0,           0,         598,      -6.188741487,      -7.449372224,      -7.329205344,      -11.82005951
          0,           0,         599,       -6.18954076,      -7.473407962,      -7.343814714,      -11.82907725
          0,           0,         600,      -6.190058936,      -7.490873047,      -7.359597851,      -11.83325066
          0,           0,         601,      -6.316449314,       -7.50446424,      -7.375945859,      -11.76834872
          0,           0,         602,      -6.172076098,        -7.0165577,      -7.061696502,      -11.81177372
          0,           0,         603,      -6.181811488,      -7.168946482,      -7.153054823,      -11.81622299
          0,           0,         604,      -6.186103789,      -7.248263761,      -7.202481443,       -11.8227838
          0,           0,         605,      -6.187744419,      -7.306146263,      -7.241530178,      -11.83576584
          0,           0,         606,      -6.188412256,      -7.356877886,      -7.266798735,      -11.84812472
          0,           0,         607,      -6.188830037,      -7.407353701,      -7.304839004,      -11.86303468
          0,           0,         608,      -6.189401416,      -7.450238222,      -7.338241147,      -11.87775665
          0,           0,         609,      -6.300170174,      -7.483536756,      -7.365490504,      -11.81681055
          0,           0,         610,      -6.175254055,       -7.08069869,      -7.109823225,       -11.8635373
          0,           0,         611,      -6.183180279,      -7.230873942,      -7.199010866,      -11.87301667
          0,           0,         612,      -6.186748943,      -7.316209167,      -7.261720357,      -11.88340772
          0,           0,         613,      -6.303286635,      -7.380091442,      -7.311403126,      -11.88354315
          0,           0,         614,      -6.173012829,       -7.09868669,      -7.123336531,      -11.93674509
          0,           0,         615,      -6.312852847,      -7.286638597,      -7.280904992,      -11.91307355
          0,           0,         616,      -6.168129978,      -7.221816799,      -7.270685277,      -11.94847462
          0,           0,         617,      -6.178513401,      -7.242827481,      -7.250837757,       -11.9187202
          0,           0,         618,       -6.18311578,      -7.284920288,      -7.279516681,       -11.9125782
          0,           0,         619,      -6.185336126,      -7.339902303,      -7.306060549,      -11.91904147
          0,           0,         620,       -6.18654705,       -7.40640056,       -7.34208232,      -11.93232844
          0,           0,         621,      -6.187628399,       -7.47735761,      -7.390215909,      -11.94973443
          0,           0,         622,      -6.328786272,      -7.532265857,      -7.426958151,      -11.80407037
          0,           0,         623,       -6.16647853,      -6.958044182,      -7.013517931,      -11.88092123
          0,           0,         624,      -6.357632603,      -7.126038255,      -7.118353495,      -11.81888891
          0,           0,         625,      -6.156914708,      -7.055315953,      -7.126807766,      -11.85015967
          0,           0,         626,       -6.17312414,       -7.08121597,      -7.102267457,      -11.80024055
          0,           0,         627,      -6.179929596,      -7.126162844,      -7.113525066,      -11.79330043
          0,           0,         628,      -6.183016363,      -7.184210841,      -7.140330508,      -11.81280492
          0,           0,         629,      -6.184693116,       -7.25362896,      -7.179293509,      -11.84123253
          0,           0,         630,      -6.186051964,      -7.329993242,       -7.23771666,      -11.87033357
          0,           0,         631,      -6.187291659,      -7.392525378,      -7.282888909,      -11.89496552
          0,           0,         632,      -6.188397906,      -7.435124273,      -7.308980999,      -11.91515107
          0,           0,         633,      -6.189285255,      -7.468044179,      -7.329603823,      -11.92811161
          0,           0,         634,      -6.189950697,       -7.50041941,      -7.356990366,      -11.93770063
          0,           0,         635,      -6.190381689,      -7.530399226,       -7.38671772,      -11.95293697
          0,           0,         636,      -6.304288027,      -7.551129279,      -7.408495998,      -11.88173121
          0,           0,         637,      -6.175200713,      -7.075664877,      -7.115993907,       -11.9447722
          0,           0,         638,      -6.183384134,       -7.23035245,      -7.209126796,      -11.94406407
          0,           0,         639,      -6.186988711,      -7.315040373,      -7.265598713,      -11.94132153
          0,           0,         640,      -6.188329287,      -7.378002949,      -7.310195251,      -11.94866238
          0,           0,         641,      -6.324871302,      -7.430450466,      -7.337827414,      -11.85306949
          0,           0,         642,      -6.167809819,      -6.979393717,       -7.02894345,      -11.94547303
          0,           0,         643,      -6.358033249,      -7.165090908,      -7.170060925,      -11.85380946
          0,           0,         644,      -6.156558802,       -7.05006666,      -7.137637322,      -11.92000343
          0,           0,         645,      -6.332427641,      -7.092384267,      -7.127496969,       -11.9674862
          0,           0,         646,      -6.159416713,       -7.27302762,      -7.324105112,      -11.93970955
          0,           0,         647,      -6.172736472,      -7.186442556,      -7.227116474,      -11.87670885
          0,           0,         648,      -6.335382124,      -7.198768415,      -7.199261152,      -11.90209449
          0,           0,         649,      -6.158639277,      -7.024017726,      -7.057568757,      -11.96454978
          0,           0,         650,      -6.172412797,       -7.22909966,      -7.276868635,      -11.94807224
          0,           0,         651,      -6.356128147,      -7.280938444,      -7.276601212,       -11.8687343
          0,           0,         652,      -6.151153093,      -6.952032321,      -7.024046599,      -11.96656664
          0,           0,         653,      -6.382660402,      -7.147214798,       -7.21097465,      -11.86553829
          0,           0,         654,       -6.14291271,      -7.085107324,      -7.158617151,      -11.92217768
          0,           0,         655,      -6.382739466,      -7.087982821,      -7.133631368,      -11.93599075
          0,           0,         656,      -6.142601172,      -7.200452401,      -7.272777033,      -11.92778408
          0,           0,         657,      -6.162981138,      -7.132657481,      -7.189602812,      -11.83110945
          0,           0,         658,      -6.172908019,      -7.108703664,      -7.123338968,      -11.81801603
          0,           0,         659,      -6.178128903,      -7.148916509,      -7.134746851,      -11.83861255
          0,           0,         660,      -6.181168284,      -7.208924169,      -7.165273801,      -11.86217034
          0,           0,         661,      -6.183445656,      -7.282323685,      -7.218361694,      -11.88313797
          0,           0,         662,      -6.185416451,      -7.348739605,      -7.257280139,      -11.90098335
          0,           0,         663,       -6.18704559,      -7.399901761,      -7.283880841,      -11.91906513
          0,           0,         664,      -6.291868138,      -7.438709071,      -7.308094817,      -11.86082031
          0,           0,         665,      -6.175569077,      -7.106536044,        -7.1149029,      -11.89985688
          0,           0,         666,      -6.182933831,      -7.243281744,      -7.184138309,      -11.89921608
          0,           0,         667,      -6.186433679,      -7.302073878,      -7.220719877,       -11.8989995
          0,           0,         668,      -6.187831128,       -7.34225237,      -7.247789737,      -11.90478945
          0,           0,         669,      -6.188589207,      -7.380491344,      -7.268309098,      -11.91195329
          0,           0,         670,      -6.189088628,      -7.419120323,      -7.299115987,      -11.92338517
          0,           0,         671,      -6.189599763,      -7.449270617,      -7.325994543,      -11.93711464
          0,           0,         672,      -6.190091376,      -7.469078886,      -7.345119503,      -11.95181339
          0,           0,         673,      -6.281768842,       -7.48403971,       -7.36012933,      -11.89973676
          0,           0,         674,      -6.179209182,      -7.158640061,      -7.170650983,      -11.94049914
          0,           0,         675,      -6.185169598,      -7.293147514,      -7.249522032,      -11.94606912
          0,           0,         676,      -6.187781915,      -7.366243793,      -7.303032152,      -11.95213542
          0,           0,         677,      -6.188768484,      -7.421093948,      -7.343238403,      -11.96219444
          0,           0,         678,      -6.189408165,      -7.472398652,      -7.371151198,      -11.96953553
          0,           0,         679,      -6.189644223,      -7.524397533,       -7.40889746,      -11.97680717
          0,           0,         680,      -6.190127426,      -7.566230807,      -7.445453409,      -11.98518312
          0,           0,         681,      -6.190501996,      -7.591838506,      -7.474751097,      -11.99697793
          0,           0,         682,      -6.190818899,      -7.606970244,      -7.494458612,      -12.01142013
          0,           0,         683,       -6.19106278,      -7.619191065,      -7.509219002,      -12.02519549
          0,           0,         684,      -6.287030389,       -7.63239673,      -7.524261634,        -11.950598
          0,           0,         685,      -6.179058535,      -7.160876876,      -7.205368527,      -12.00826267
          0,           0,         686,      -6.185196455,      -7.313796949,      -7.303110553,      -12.01981552
          0,           0,         687,      -6.327373501,      -7.398222638,      -7.363295376,      -11.98054026
          0,           0,         688,      -6.168359357,      -7.057168868,      -7.122170608,      -12.06609177
          0,           0,         689,      -6.179455277,      -7.225268598,       -7.26698238,      -12.02469527
          0,           0,         690,      -6.184282687,      -7.302960462,      -7.298571447,      -11.99787447
          0,           0,         691,      -6.186355086,      -7.366076849,      -7.346502659,      -12.00094468
          0,           0,         692,      -6.187428702,      -7.437618033,      -7.383990138,      -12.02008424
          0,           0,         693,      -6.188222094,      -7.516385244,      -7.442696513,      -12.05738248
          0,           0,         694,       -6.18888372,      -7.583033161,      -7.485564096,      -12.10190569
          0,           0,         695,      -6.189731017,      -7.623306324,      -7.505946834,      -12.13724732
          0,           0,         696,      -6.190311135,      -7.644269626,      -7.515287574,      -12.15065726
          0,           0,         697,      -6.320142445,      -7.657962843,      -7.526911202,      -11.92464635
          0,           0,         698,      -6.349026571,      -7.012342324,      -7.072758687,      -11.78555388
          0,           0,         699,      -6.155261841,      -6.986632422,       -7.04961827,      -11.86673833
          0,           0,         700,      -6.173148654,      -6.977122844,       -6.98680067,      -11.81441796
          0,           0,         701,      -6.359803692,       -7.05717306,      -7.049689809,      -11.88843428
          0,           0,         702,      -6.148179624,      -6.916263182,        -6.9676465,      -11.97091202
          0,           0,         703,      -6.167836133,      -7.116699237,      -7.197351487,      -11.90641922
          0,           0,         704,      -6.176870151,      -7.154941253,      -7.140352003,      -11.87093314
          0,           0,         705,      -6.181175791,      -7.199508676,      -7.176902315,      -11.87674494
          0,           0,         706,      -6.346784277,      -7.250183754,      -7.189403412,       -11.7255162
          0,           0,         707,      -6.148976039,      -6.821818216,      -6.871614288,      -11.83455459
          0,           0,         708,      -6.168909122,      -7.020089175,      -7.029364854,      -11.83576264
          0,           0,         709,      -6.295443298,      -7.106144098,      -7.069985341,       -11.8932299
          0,           0,         710,      -6.345233198,      -7.195707146,      -7.164253326,      -11.84873662
          0,           0,         711,      -6.151910566,      -7.114165769,      -7.123056689,      -11.90036633
          0,           0,         712,      -6.168994459,      -7.104907876,      -7.125320779,      -11.84624838
          0,           0,         713,      -6.177237774,      -7.140017319,      -7.132126337,      -11.83452148
          0,           0,         714,      -6.181138583,       -7.19289765,      -7.166614434,       -11.8497777
          0,           0,         715,      -6.346216828,      -7.255235416,      -7.197603531,      -11.71841215
          0,           0,         716,      -6.149823895,        -6.8278069,      -6.881193922,      -11.83481878
          0,           0,         717,      -6.169384851,      -7.028995011,      -7.040648879,      -11.84811187
          0,           0,         718,      -6.178815913,      -7.121133409,      -7.090046073,      -11.85599774
          0,           0,         719,       -6.18274379,      -7.206578302,      -7.184040665,      -11.89242242
          0,           0,         720,      -6.184795185,      -7.284529758,      -7.230827136,      -11.92726342
          0,           0,         721,      -6.186118457,      -7.374561573,      -7.305608637,      -11.96709567
          0,           0,         722,      -6.324115804,      -7.462546568,      -7.372364081,      -11.82699612
          0,           0,         723,       -6.16684575,       -6.97436283,      -7.026713587,      -11.91332204
          0,           0,         724,      -6.178775204,      -7.148881795,      -7.135354074,      -11.92984537
          0,           0,         725,      -6.184178922,      -7.250024007,      -7.215963836,      -11.95259832
          0,           0,         726,      -6.186462752,      -7.331924845,      -7.293822566,       -11.9906299
          0,           0,         727,      -6.187553022,      -7.408161511,      -7.341347403,      -12.02953456
          0,           0,         728,      -6.188298018,      -7.489593324,      -7.402414563,      -12.06447929
          0,           0,         729,      -6.189045434,      -7.565603491,      -7.460807008,      -12.07793629
          0,           0,         730,      -6.189640507,        -7.6316505,      -7.520497917,      -12.08935559
          0,           0,         731,      -6.190352098,      -7.688401213,      -7.570389427,      -12.12081035
          0,           0,         732,      -6.190785661,      -7.736883885,      -7.611367686,      -12.17006481
          0,           0,         733,      -6.191099439,       -7.78440536,      -7.655663546,      -12.22420325
          0,           0,         734,      -6.191288225,      -7.825456303,       -7.69732124,      -12.26521639
          0,           0,         735,      -6.191486495,      -7.853706078,      -7.727043979,      -12.27985622
          0,           0,         736,      -6.191544526,       -7.87919822,      -7.752657613,      -12.27915091
          0,           0,         737,      -6.191573969,      -7.912911882,      -7.785497766,      -12.28710265
          0,           0,         738,      -6.191763088,      -7.952696469,       -7.82452222,      -12.31640113
          0,           0,         739,      -6.191701027,      -7.986305678,      -7.859024013,      -12.36085135
          0,           0,         740,      -6.191742123,      -8.004942096,        -7.8819464,      -12.39816638
          0,           0,         741,      -6.191874831,      -8.015022049,      -7.897475792,      -12.41197546
          0,           0,         742,      -6.191890294,      -8.030902132,      -7.914718347,      -12.41527533
          0,           0,         743,      -6.191904626,       -8.05992653,      -7.940004193,      -12.43136289
          0,           0,         744,      -6.191916663,      -8.095338973,      -7.971959014,      -12.46907657
          0,           0,         745,      -6.191890103,       -8.12125511,      -7.999618562,      -12.51717207
          0,           0,         746,      -6.191935551,      -8.131407117,      -8.012431198,      -12.55064074
          0,           0,         747,      -6.320684751,      -8.136981424,        -8.0153726,      -12.00879835
          0,           0,         748,       -6.17222672,      -7.020910873,      -7.098001828,      -12.16787774
          0,           0,         749,      -6.182394645,      -7.199164415,      -7.227758494,      -12.15126104
          0,           0,         750,      -6.186724836,      -7.314007018,      -7.315279549,      -12.14401582
          0,           0,         751,      -6.188241129,      -7.408494126,      -7.390279006,      -12.17015287
          0,           0,         752,      -6.188862887,      -7.495342674,      -7.432529316,      -12.19425422
          0,           0,         753,      -6.189125179,      -7.587347342,      -7.499263792,      -12.22480574
          0,           0,         754,       -6.18981263,       -7.66730554,      -7.555237415,      -12.24409534
          0,           0,         755,      -6.190328096,       -7.72098884,      -7.593305112,      -12.25840498
          0,           0,         756,      -6.190759692,      -7.754856474,      -7.613343118,      -12.27486507
          0,           0,         757,      -6.191085198,      -7.777296973,      -7.629744509,      -12.28160551
          0,           0,         758,      -6.191319191,      -7.798956532,      -7.654087717,      -12.28087138
          0,           0,         759,      -6.331075737,      -7.818046713,      -7.679406416,      -11.92710237
          0,           0,         760,       -6.16826492,      -6.961987531,      -7.037545943,      -12.05817853
          0,           0,         761,       -6.34894467,      -7.136438874,      -7.159818171,       -11.9728475
          0,           0,         762,      -6.161219824,      -7.118827451,      -7.219307179,      -12.01859899
          0,           0,         763,      -6.175543694,      -7.122914556,      -7.159590185,      -11.93011563
          0,           0,         764,      -6.181422116,      -7.168625255,      -7.167972399,      -11.90919021
          0,           0,         765,      -6.184053151,      -7.226120569,      -7.187404674,      -11.91791755
          0,           0,         766,      -6.185513359,      -7.291720673,      -7.219508973,      -11.93438572
          0,           0,         767,       -6.18665179,      -7.358391848,      -7.264516924,        -11.949368
          0,           0,         768,      -6.187718398,      -7.408412384,      -7.295700006,      -11.96050335
          0,           0,         769,      -6.188654839,      -7.440114544,      -7.313047608,      -11.97093105
          0,           0,         770,      -6.189508137,      -7.462895017,      -7.327489918,        -11.976157
          0,           0,         771,      -6.190024284,      -7.484283749,      -7.346702775,      -11.97664471
          0,           0,         772,      -6.190546922,      -7.503937136,      -7.366548756,      -11.97959383
          0,           0,         773,      -6.190832234,      -7.518355675,      -7.380766914,      -11.98687832
          0,           0,         774,        -6.1910089,        -7.5289973,      -7.391247709,      -11.99517654
          0,           0,         775,      -6.191049146,      -7.539401838,       -7.40257326,      -12.00279417
          0,           0,         776,      -6.191314236,      -7.550453172,      -7.415494167,      -12.01111995
          0,           0,         777,      -6.191390104,      -7.561674192,      -7.428603854,      -12.02149471
          0,           0,         778,      -6.191427151,      -7.573200023,       -7.44145175,      -12.03344259
          0,           0,         779,      -6.191493148,      -7.585377336,      -7.454780219,      -12.04545173
          0,           0,         780,      -6.287889143,      -7.597562974,      -7.468982311,      -11.96007529
          0,           0,         781,      -6.179115646,      -7.153378579,      -7.190240878,      -12.01551492
          0,           0,         782,       -6.18532644,      -7.304435783,      -7.285222192,      -12.01405489
          0,           0,         783,      -6.188079289,      -7.391437347,      -7.345730098,      -12.01202559
          0,           0,         784,      -6.189101248,       -7.45656287,      -7.389625376,      -12.01892036
          0,           0,         785,      -6.317715718,      -7.512238656,       -7.41636445,      -11.90594602
          0,           0,         786,      -6.170516303,      -7.018758261,       -7.07062798,      -12.00639213
          0,           0,         787,      -6.180735821,      -7.204782642,      -7.211859093,      -12.01699942
          0,           0,         788,      -6.185409935,      -7.308918575,      -7.290289008,      -12.02035119
          0,           0,         789,      -6.187267615,      -7.390579843,      -7.363882898,      -12.03481634
          0,           0,         790,      -6.188156704,       -7.46445347,      -7.404738094,      -12.04103188
          0,           0,         791,      -6.188752408,      -7.544572478,      -7.468702018,      -12.05679731
          0,           0,         792,      -6.189414707,       -7.61742864,      -7.526094144,      -12.08335003
          0,           0,         793,      -6.190031984,      -7.669798651,      -7.572039287,      -12.12458679
          0,           0,         794,      -6.288630286,      -7.701167286,      -7.597105311,      -12.01753374
          0,           0,         795,      -6.178191118,      -7.157681781,      -7.204323659,      -12.10734969
          0,           0,         796,      -6.184759522,      -7.316160943,      -7.302284624,      -12.09833878
          0,           0,         797,      -6.187744921,      -7.404287593,      -7.366152284,      -12.08127626
          0,           0,         798,      -6.188903845,      -7.472193888,      -7.418269149,      -12.08247436
          0,           0,         799,      -6.189461739,      -7.539620968,      -7.458529482,      -12.09766336
          0,           0,         800,      -6.326945448,      -7.617172259,       -7.52376117,      -11.89766289
          0,           0,         801,        -6.1681334,      -6.976396571,      -7.043885833,      -12.03932335
          0,           0,         802,      -6.179983032,      -7.160482184,      -7.177939305,      -12.06151155
          0,           0,         803,      -6.185213999,       -7.27518285,      -7.271336538,      -12.07821803
          0,           0,         804,      -6.187204041,      -7.371125122,      -7.361431825,       -12.1159214
          0,           0,         805,      -6.188120225,      -7.459566074,      -7.413191826,      -12.15341465
          0,           0,         806,      -6.188739725,       -7.55566634,      -7.489094158,      -12.20775009
          0,           0,         807,      -6.189361275,      -7.642107847,      -7.553922418,      -12.24895591
          0,           0,         808,      -6.189998519,      -7.705627806,       -7.60663999,      -12.27122226
          0,           0,         809,      -6.190431151,      -7.750282689,      -7.639136082,      -12.28770403
          0,           0,         810,      -6.190950991,      -7.782373855,      -7.661292452,      -12.28984135
          0,           0,         811,      -6.191219929,      -7.815697511,      -7.691229807,      -12.28387194
          0,           0,         812,      -6.191410048,      -7.847458293,      -7.721006712,      -12.28555033
          0,           0,         813,       -6.19140374,      -7.868016995,      -7.737613143,      -12.29846137
          0,           0,         814,      -6.191659364,      -7.879512022,      -7.745138352,      -12.31825208
          0,           0,         815,      -6.191725485,      -7.888057503,      -7.752481321,       -12.3403226
          0,           0,         816,      -6.334025866,      -7.895244751,      -7.761063798,      -11.92291246
          0,           0,         817,       -6.16717168,      -6.944746586,      -7.024118157,      -12.07675755
          0,           0,         818,      -6.180076988,      -7.121798089,      -7.151317654,      -12.05953733
          0,           0,         819,      -6.185493536,      -7.234856963,      -7.231512078,      -12.04538509
          0,           0,         820,      -6.187370144,       -7.32724569,      -7.305468101,       -12.0616351
          0,           0,         821,        -6.1881187,      -7.410778803,       -7.34651914,      -12.07883973
          0,           0,         822,       -6.18869272,      -7.497964644,      -7.411206148,      -12.10563419
          0,           0,         823,      -6.189279633,      -7.572003136,      -7.463858777,      -12.12685738
          0,           0,         824,       -6.18992527,      -7.619841021,      -7.497146521,      -12.14473893
          0,           0,         825,       -6.19044535,       -7.64816341,       -7.51159877,      -12.16204586
          0,           0,         826,      -6.301092019,      -7.666348037,      -7.522415426,      -11.98478266
          0,           0,         827,      -6.176019044,      -7.099479535,      -7.146661169,      -12.05122166
          0,           0,         828,      -6.183806406,      -7.262120625,      -7.250436573,      -12.03537889
          0,           0,         829,      -6.187260609,       -7.35381364,      -7.314621633,      -12.03140931
          0,           0,         830,      -6.188512638,      -7.423297937,      -7.363725264,      -12.04770639
          0,           0,         831,      -6.188994464,      -7.486657352,       -7.39490769,      -12.06710294
          0,           0,         832,      -6.189487389,      -7.551627076,      -7.442325256,      -12.09184255
          0,           0,         833,      -6.189985633,      -7.604932202,      -7.482807606,      -12.11551009
          0,           0,         834,      -6.190432006,      -7.640955084,       -7.51159533,      -12.13634617
          0,           0,         835,      -6.190806594,      -7.668533709,      -7.532841458,      -12.15266903
          0,           0,         836,      -6.305386931,      -7.695193596,      -7.556224853,      -11.97227414
          0,           0,         837,      -6.175276302,      -7.082971856,      -7.138024449,      -12.05101045
          0,           0,         838,      -6.183545554,      -7.251241707,      -7.250314487,      -12.04324663
          0,           0,         839,      -6.187163389,      -7.351874857,      -7.323280439,      -12.04574361
          0,           0,         840,      -6.327189552,      -7.431332359,      -7.381134563,      -11.97983562
          0,           0,         841,      -6.167456454,      -7.008243383,      -7.065056239,      -12.11888207
          0,           0,         842,      -6.178961797,      -7.214512315,      -7.255736448,      -12.11340649
          0,           0,         843,      -6.184215532,      -7.318128815,      -7.314865625,      -12.09574766
          0,           0,         844,      -6.186422348,      -7.394531207,      -7.388768337,      -12.11258448
          0,           0,         845,      -6.187534406,      -7.469244665,      -7.420534301,      -12.12515851
          0,           0,         846,      -6.188314488,      -7.550144698,      -7.477862039,      -12.14250061
          0,           0,         847,       -6.33406819,      -7.623170095,      -7.524931999,      -11.85927221
          0,           0,         848,      -6.164786023,      -6.936077464,      -7.003162093,      -11.97573244
          0,           0,         849,      -6.178338581,      -7.112026195,      -7.120346328,      -11.97770657
          0,           0,         850,      -6.184238186,      -7.218300055,      -7.199028291,      -11.98406576
          0,           0,         851,      -6.331901109,      -7.305296416,       -7.27568632,        -11.974631
          0,           0,         852,      -6.164382669,      -6.987339449,      -7.037486308,      -12.10938137
          0,           0,         853,      -6.176953681,      -7.204541918,      -7.255101189,      -12.09773075
          0,           0,         854,      -6.182836898,      -7.302419867,      -7.297674462,       -12.0713128
          0,           0,         855,      -6.185452589,      -7.374336077,       -7.37613694,      -12.09118184
          0,           0,         856,      -6.186832232,      -7.448471238,      -7.408842137,      -12.11549181
          0,           0,         857,      -6.187791863,      -7.529367918,       -7.46724619,      -12.14380825
          0,           0,         858,      -6.188569701,      -7.603304784,      -7.511806137,       -12.1634556
          0,           0,         859,      -6.189496669,      -7.654634382,      -7.540547106,      -12.17019837
          0,           0,         860,      -6.190146439,      -7.690841575,      -7.561986298,      -12.17642742
          0,           0,         861,      -6.301883638,       -7.71484118,      -7.578109488,      -11.99280347
          0,           0,         862,      -6.175679868,      -7.099494928,      -7.152718604,       -12.0743056
          0,           0,         863,      -6.183609806,      -7.265318201,      -7.257828669,      -12.06186056
          0,           0,         864,      -6.187136009,       -7.35756879,      -7.321742207,      -12.05487028
          0,           0,         865,      -6.275465413,      -7.427174491,       -7.37120378,       -12.0749373
          0,           0,         866,      -6.178347787,      -7.233763099,      -7.238096196,      -12.12766923
          0,           0,         867,      -6.183982251,      -7.427070448,      -7.406469022,       -12.1298725
          0,           0,         868,      -6.186783461,      -7.500831491,       -7.45010227,      -12.12379875
          0,           0,         869,      -6.188209676,      -7.546937143,      -7.493733161,      -12.13355887
          0,           0,         870,      -6.188968001,      -7.591874437,       -7.51379659,      -12.14673512
          0,           0,         871,      -6.329246165,      -7.635808774,      -7.543898308,      -11.89407925
          0,           0,         872,      -6.385819529,      -6.963609591,      -7.028964128,      -11.70243618
          0,           0,         873,      -6.142237393,      -6.906671178,      -6.959609293,      -11.82284074
          0,           0,         874,      -6.394293582,      -6.904031922,      -6.921775422,      -11.85464608
          0,           0,         875,      -6.141489861,      -7.114678191,      -7.168190066,      -11.84182705
          0,           0,         876,      -6.351518341,       -7.03470702,      -7.066524626,      -11.91007447
          0,           0,         877,      -6.149049536,      -7.233872177,      -7.200949464,      -11.85930381
          0,           0,         878,      -6.165581421,       -7.13880643,      -7.145957063,      -11.79994712
          0,           0,         879,      -6.173988755,       -7.12525888,      -7.104931006,      -11.79060723
          0,           0,         880,       -6.17861601,      -7.156650189,       -7.11216748,      -11.80096067
          0,           0,         881,      -6.181514953,      -7.201930823,      -7.130435214,      -11.81502327
          0,           0,         882,      -6.183672596,      -7.249445068,      -7.153013177,      -11.82697652
          0,           0,         883,      -6.344376398,      -7.286902541,      -7.167835794,      -11.66877226
          0,           0,         884,      -6.153065756,      -6.823859268,      -6.867075674,      -11.72775404
          0,           0,         885,      -6.171753856,      -6.980346599,      -6.957305469,      -11.71773649
          0,           0,         886,      -6.180146295,      -7.055920332,      -6.997290444,      -11.71414969
          0,           0,         887,       -6.33395198,      -7.115134008,      -7.044887492,      -11.73290555
          0,           0,         888,      -6.160689449,      -6.934622121,      -6.939572652,      -11.77542952
          0,           0,         889,      -6.174182763,      -7.113510237,      -7.091477706,      -11.77936455
          0,           0,         890,      -6.308012398,      -7.176889525,      -7.113965756,      -11.79231383
          0,           0,         891,      -6.386181703,      -7.112941868,       -7.09976214,      -11.68934331
          0,           0,         892,      -6.139566179,      -6.956457319,      -6.978437901,      -11.77883259
          0,           0,         893,      -6.163014873,      -6.978352608,      -6.992083152,      -11.73509578
          0,           0,         894,      -6.363451272,      -7.021950963,      -7.009790924,      -11.80101617
          0,           0,         895,      -6.394915521,      -6.958964215,      -6.990229795,      -11.72879434
          0,           0,         896,      -6.128333049,      -7.031895686,      -7.025061071,      -11.83521231
          0,           0,         897,      -6.155595183,      -6.968168482,      -6.981382724,      -11.74037243
          0,           0,         898,       -6.16936487,      -6.990579462,      -6.991666908,      -11.72280861
          0,           0,         899,      -6.175774565,      -7.048094837,      -7.026706003,      -11.74127523
          0,           0,         900,      -6.179474535,      -7.110140721,       -7.05543518,      -11.76062911
          0,           0,         901,      -6.181874074,      -7.185018417,        -7.1156869,      -11.77839756
          0,           0,         902,      -6.183994494,      -7.249409669,      -7.157527468,      -11.78566507
          0,           0,         903,      -6.185855397,      -7.293700807,      -7.183092883,      -11.78904093
          0,           0,         904,      -6.187322261,      -7.322611919,      -7.201581927,      -11.79514232
          0,           0,         905,      -6.188370936,      -7.340883532,      -7.218843453,      -11.80649745
          0,           0,         906,      -6.189195569,       -7.35154988,      -7.232986382,      -11.82598998
          0,           0,         907,      -6.287823228,      -7.354815696,      -7.238396934,      -11.80968275
          0,           0,         908,      -6.177425072,      -7.098078783,      -7.095249791,      -11.84536412
          0,           0,         909,      -6.184037977,      -7.207680723,      -7.147974579,      -11.83713809
          0,           0,         910,      -6.348376973,       -7.25698772,      -7.180391698,      -11.75840168
          0,           0,         911,      -6.157412286,      -6.902472735,      -6.964959035,      -11.80555621
          0,           0,         912,      -6.174155541,      -7.061427028,      -7.090227624,       -11.7861209
          0,           0,         913,      -6.350524319,      -7.134912981,      -7.114663783,      -11.81149274
          0,           0,         914,      -6.374968018,        -6.9899181,      -7.042385002,      -11.74994548
          0,           0,         915,      -6.139976635,      -7.055736584,      -7.073717824,      -11.84736071
          0,           0,         916,      -6.284675256,      -6.979832454,      -7.000050794,      -11.86727794
          0,           0,         917,      -6.160069312,      -7.236462502,      -7.208046193,      -11.81327616
          0,           0,         918,      -6.171513946,      -7.121813927,      -7.120400185,      -11.78315576
          0,           0,         919,      -6.177195898,      -7.133296255,      -7.109554679,      -11.78449502
          0,           0,         920,      -6.180688465,      -7.174396916,       -7.12706116,      -11.79351908
          0,           0,         921,      -6.182979314,      -7.227983958,      -7.161853091,       -11.7986056
          0,           0,         922,      -6.184931724,      -7.277263889,      -7.191992755,      -11.80021314
          0,           0,         923,      -6.186509607,      -7.311345634,      -7.208672891,       -11.8035862
          0,           0,         924,      -6.187734852,      -7.329539684,      -7.217097973,      -11.81098114
          0,           0,         925,      -6.188719986,      -7.335433086,      -7.221583636,      -11.82292671
          0,           0,         926,      -6.189402394,      -7.332576295,      -7.221300239,      -11.83773132
          0,           0,         927,      -6.189885923,      -7.325779607,      -7.217097376,      -11.84845078
          0,           0,         928,      -6.190231275,      -7.321518139,      -7.214609836,      -11.84703069
          0,           0,         929,      -6.190482489,      -7.324642526,      -7.219441988,      -11.83340356
          0,           0,         930,      -6.290997958,      -7.336773823,       -7.23400582,      -11.77781195
          0,           0,         931,      -6.177645612,      -7.088615258,      -7.097495559,      -11.79109645
          0,           0,         932,      -6.184358478,      -7.214017968,      -7.175812949,      -11.79122223
          0,           0,         933,       -6.18736418,      -7.285309283,      -7.231268959,      -11.80492532
          0,           0,         934,      -6.188510115,      -7.335703849,      -7.270897123,      -11.83389187
          0,           0,         935,       -6.32156366,      -7.368884499,      -7.286115853,      -11.79426109
          0,           0,         936,      -6.168774299,       -6.97947515,      -7.019012879,      -11.87628198
          0,           0,         937,      -6.179695011,      -7.140885961,      -7.127896522,      -11.89028596
          0,           0,         938,      -6.184720827,      -7.219205454,       -7.17681407,      -11.88820441
          0,           0,         939,      -6.186706916,      -7.276143724,      -7.223427111,      -11.88757864
          0,           0,         940,      -6.187667392,       -7.32816263,       -7.25584553,      -11.88108106
          0,           0,         941,      -6.188272436,      -7.386988414,      -7.307835402,      -11.87912658
          0,           0,         942,      -6.188866072,      -7.447056183,      -7.361750872,      -11.88240362
          0,           0,         943,      -6.327093974,      -7.502348466,      -7.413537957,      -11.77569079
          0,           0,         944,       -6.16800273,      -6.966278255,      -7.024645587,      -11.84922713
          0,           0,         945,      -6.365110094,      -7.130828126,      -7.130602574,      -11.79784533
          0,           0,         946,      -6.154207301,      -7.012336452,      -7.094027035,      -11.86787677
          0,           0,         947,      -6.171959603,      -7.050584896,      -7.078048895,      -11.82396829
          0,           0,         948,       -6.34421209,      -7.093916956,      -7.079907253,      -11.90063696
          0,           0,         949,      -6.157504714,      -7.011238025,      -7.034504911,      -11.92525082
          0,           0,         950,      -6.335279207,      -7.181992038,      -7.214722892,      -11.89595995
          0,           0,         951,      -6.156750259,      -7.198288857,      -7.223130653,      -11.90728484
          0,           0,         952,       -6.17116345,      -7.185918076,       -7.21242947,      -11.86752729
          0,           0,         953,      -6.305500349,      -7.207619472,      -7.223458194,      -11.93031908
          0,           0,         954,      -6.165053936,      -7.141568677,      -7.152290677,      -11.98744875
          0,           0,         955,      -6.175310858,      -7.326094654,      -7.362239839,      -12.00809182
          0,           0,         956,      -6.350036163,      -7.360812797,      -7.351698315,      -11.90133097
          0,           0,         957,      -6.154492587,      -6.955270233,      -7.025048193,      -12.01824236
          0,           0,         958,      -6.171238751,      -7.148273359,      -7.192515254,      -11.96847465
          0,           0,         959,      -6.348929649,      -7.208678154,      -7.202051766,       -11.9738985
          0,           0,         960,      -6.155913088,      -7.021688911,      -7.089672468,      -12.03497281
          0,           0,         961,      -6.171515923,      -7.206809047,      -7.290448558,       -11.9683757
          0,           0,         962,        -6.1787446,      -7.243450993,      -7.252757794,      -11.94564619
          0,           0,         963,      -6.182442335,      -7.287833872,      -7.288297495,      -11.96189246
          0,           0,         964,       -6.18454722,      -7.348720863,      -7.311554042,      -11.98739521
          0,           0,         965,       -6.34501488,      -7.419550143,      -7.360327254,      -11.75681764
          0,           0,         966,       -6.35687416,      -6.843025866,      -6.909266043,       -11.6845805
          0,           0,         967,      -6.142255896,      -6.941080379,      -6.957049939,      -11.77393515
          0,           0,         968,      -6.165480501,      -6.904482306,      -6.900635554,      -11.72464124
          0,           0,         969,      -6.175678959,      -6.977287139,      -6.969388264,      -11.72785802
          0,           0,         970,      -6.349413649,      -7.054479376,      -7.012054297,      -11.75198592
          0,           0,         971,      -6.148508232,      -6.848844866,      -6.875707352,      -11.87306817
          0,           0,         972,      -6.167464557,      -7.089733023,      -7.120675844,       -11.9016626
          0,           0,         973,      -6.177118358,      -7.167133367,      -7.138187989,      -11.90178233
          0,           0,         974,      -6.181527492,      -7.239015146,      -7.233586607,      -11.93994138
          0,           0,         975,      -6.183964364,      -7.303932296,      -7.262471045,      -11.96537912
          0,           0,         976,      -6.185588977,      -7.379790009,      -7.321155684,      -11.98274503
          0,           0,         977,      -6.186975622,      -7.457523194,      -7.373881219,      -11.99580563
          0,           0,         978,      -6.188143461,      -7.515729785,      -7.414722764,      -12.00838964
          0,           0,         979,      -6.189214947,       -7.55587791,      -7.447861192,      -12.03172123
          0,           0,         980,      -6.189939573,      -7.577214638,       -7.46675468,       -12.0611953
          0,           0,         981,       -6.32774652,      -7.586730689,      -7.474890174,      -11.88296917
          0,           0,         982,      -6.168604492,      -6.971273397,      -7.034023743,      -11.97816279
          0,           0,         983,      -6.323595926,      -7.136360724,      -7.139004462,      -11.94825217
          0,           0,         984,      -6.314234469,      -7.197771747,      -7.240766617,      -11.92977135
          0,           0,         985,      -6.158857753,       -7.24853348,      -7.263444718,      -11.91444135
          0,           0,         986,      -6.173121979,      -7.079709423,      -7.092084778,      -11.83519212
          0,           0,         987,      -6.179475055,      -7.117852317,      -7.106240655,      -11.81774385
          0,           0,         988,      -6.182457433,      -7.168587412,      -7.120668109,      -11.82165551
          0,           0,         989,      -6.184157509,      -7.225610755,      -7.151051081,      -11.83088383
          0,           0,         990,       -6.18559741,      -7.279479492,      -7.185247663,      -11.84022938
          0,           0,         991,      -6.343009023,      -7.315840951,       -7.20275633,      -11.68575023
          0,           0,         992,      -6.156198387,      -6.841469367,      -6.887776183,      -11.75353659
          0,           0,         993,      -6.173638938,      -6.999119085,      -6.980295212,       -11.7517798
          0,           0,         994,      -6.181325093,      -7.084869456,      -7.032078124,      -11.75271926
          0,           0,         995,      -6.184286182,      -7.152670126,       -7.08969438,      -11.76968803
          0,           0,         996,      -6.185712776,      -7.213362816,      -7.123582408,      -11.78979358
          0,           0,         997,      -6.186656096,      -7.277440588,      -7.172286409,      -11.81112949
          0,           0,         998,      -6.187607797,      -7.335619777,      -7.218955893,      -11.82839215
          0,           0,         999,      -6.188501012,      -7.379782808,      -7.256622906,      -11.84863693
          0,           0,        1000,      -6.189205449,      -7.411222337,      -7.280494261,      -11.87523544
          0,           0,        1001,      -6.189766414,      -7.435756939,      -7.298966955,      -11.89924727
          0,           0,        1002,      -6.325512547,      -7.460494998,      -7.321494518,      -11.79959473
          0,           0,        1003,      -6.168891564,      -6.968842755,      -7.015513926,      -11.85720819
          0,           0,        1004,      -6.180320473,      -7.128481889,      -7.115528245,      -11.84916381
          0,           0,        1005,      -6.185255268,      -7.220219571,      -7.175623576,      -11.84570198
          0,           0,        1006,      -6.187062279,      -7.293194789,       -7.22842678,      -11.85939851
          0,           0,        1007,      -6.187729561,      -7.360642552,      -7.264378477,      -11.88356256
          0,           0,        1008,      -6.188336873,       -7.42682947,      -7.313960267,      -11.92155789
          0,           0,        1009,      -6.189064233,      -7.474864241,      -7.351609818,      -11.96111358
          0,           0,        1010,      -6.189682744,      -7.500831409,      -7.373903152,      -11.98893475
          0,           0,        1011,      -6.190205854,      -7.518927889,      -7.387837066,      -11.99820952
          0,           0,        1012,      -6.190585995,      -7.540913159,      -7.407342182,      -11.99324732
          0,           0,        1013,        -6.1909193,      -7.573416589,      -7.442067767,      -11.99134198
          0,           0,        1014,      -6.191147987,      -7.614233982,       -7.48947712,      -12.00692238
          0,           0,        1015,      -6.291733248,      -7.657310941,      -7.540107239,      -11.94796887
          0,           0,        1016,      -6.178280165,      -7.144836153,      -7.197179883,      -12.04011502
          0,           0,        1017,      -6.184960395,      -7.308199636,      -7.305698483,      -12.07123553
          0,           0,        1018,      -6.346354163,      -7.403842752,      -7.373696536,      -11.95154511
          0,           0,        1019,      -6.160909651,      -6.954878061,      -7.040677676,      -12.08053858
          0,           0,        1020,      -6.176012568,       -7.13258167,      -7.197166535,      -12.01378007
          0,           0,        1021,      -6.182531989,      -7.218784628,      -7.221835917,      -11.98268191
          0,           0,        1022,      -6.185156337,       -7.28825851,      -7.274679382,      -11.99622403
          0,           0,        1023,      -6.186475302,      -7.360697757,      -7.305972978,      -12.01675315
          0,           0,        1024,      -6.187403013,       -7.43768283,      -7.360803357,      -12.03780449
          0,           0,        1025,      -6.188209665,      -7.500825056,       -7.39884822,      -12.04875768
          0,           0,        1026,      -6.189189646,      -7.539665163,       -7.41619203,      -12.05401012
          0,           0,        1027,       -6.18988965,      -7.563258869,      -7.425036904,      -12.06016227
          0,           0,        1028,      -6.190364595,      -7.578790672,      -7.436289382,      -12.06618131
          0,           0,        1029,       -6.19078556,      -7.589922779,        -7.4513781,      -12.07289528
          0,           0,        1030,      -6.191015042,      -7.596811718,      -7.464032461,      -12.08001733
          0,           0,        1031,      -6.191129519,      -7.601761346,       -7.47280978,      -12.08396465
          0,           0,        1032,      -6.191365702,      -7.608827662,      -7.481619906,      -12.08365557
          0,           0,        1033,      -6.191455699,      -7.618779776,      -7.492537297,      -12.08266039
          0,           0,        1034,      -6.317675862,      -7.629485511,      -7.504734206,      -11.91186561
          0,           0,        1035,      -6.172556287,      -7.022433601,      -7.082712764,      -12.00196026
          0,           0,        1036,      -6.182391904,      -7.188522244,      -7.194627869,      -12.00247826
          0,           0,        1037,      -6.186588878,       -7.28873715,      -7.266100853,      -12.00438032
          0,           0,        1038,      -6.188030716,      -7.364568041,      -7.322563152,      -12.01826249
          0,           0,        1039,      -6.188693117,      -7.427211009,       -7.35214395,      -12.02629819
          0,           0,        1040,      -6.189121823,      -7.486285964,      -7.394181684,      -12.03513311
          0,           0,        1041,      -6.313281018,      -7.532450953,      -7.426699594,      -11.88223361
          0,           0,        1042,      -6.171950611,      -7.028874985,      -7.076285989,      -11.96389801
          0,           0,        1043,      -6.181635852,      -7.193282735,      -7.179692796,      -11.97638592
          0,           0,        1044,      -6.185973072,      -7.290836274,      -7.255599861,      -11.98792534
          0,           0,        1045,      -6.187665635,      -7.368484671,      -7.322936864,       -12.0063427
          0,           0,        1046,      -6.188444562,      -7.439667793,      -7.367060644,      -12.02304765
          0,           0,        1047,      -6.188971951,      -7.515396815,      -7.426948408,      -12.04429503
          0,           0,        1048,      -6.189575973,      -7.586115639,      -7.486605319,      -12.06571203
          0,           0,        1049,       -6.28860908,      -7.643206179,      -7.540806159,      -11.96767525
          0,           0,        1050,      -6.177811915,      -7.152328154,      -7.196174921,      -12.05532469
          0,           0,        1051,      -6.184470339,      -7.313273031,      -7.295834942,      -12.08147338
          0,           0,        1052,      -6.187571587,      -7.406333442,      -7.367878684,      -12.09807496
          0,           0,        1053,      -6.188723753,      -7.477602187,       -7.42529556,       -12.1167951
          0,           0,        1054,      -6.307417901,      -7.543667292,       -7.46265935,       -11.9893854
          0,           0,        1055,      -6.173013649,      -7.070252163,      -7.122631802,      -12.10548169
          0,           0,        1056,       -6.18192977,      -7.266504833,      -7.280053492,       -12.1134801
          0,           0,        1057,      -6.186089652,      -7.380647275,      -7.379528207,      -12.12841471
          0,           0,        1058,      -6.187802087,      -7.476480038,      -7.479866941,      -12.18133865
          0,           0,        1059,      -6.188628633,      -7.566316806,      -7.535581709,      -12.23822227
          0,           0,        1060,       -6.18920236,      -7.662357014,      -7.613377264,      -12.30458004
          0,           0,        1061,      -6.189778459,      -7.744043384,      -7.667239622,      -12.34745091
          0,           0,        1062,      -6.190331362,      -7.798202876,      -7.702912993,      -12.35771617
          0,           0,        1063,      -6.190780437,      -7.836933655,       -7.72874839,      -12.36248314
          0,           0,        1064,      -6.191074848,      -7.866694356,      -7.752627365,      -12.36619687
          0,           0,        1065,      -6.191264794,      -7.899130172,      -7.785711904,      -12.37199676
          0,           0,        1066,      -6.191363489,      -7.933914442,      -7.821080747,      -12.38673821
          0,           0,        1067,       -6.19149619,      -7.961628251,      -7.846002288,      -12.40935572
          0,           0,        1068,      -6.191745337,      -7.980002618,      -7.858937788,      -12.43273173
          0,           0,        1069,      -6.191770304,      -7.992289059,      -7.865321163,      -12.45100303
          0,           0,        1070,      -6.191729447,      -8.000837016,      -7.869907382,      -12.46358821
          0,           0,        1071,      -6.191871103,       -8.00750747,      -7.876097861,      -12.47272066
          0,           0,        1072,      -6.191887132,       -8.01501128,      -7.886234754,      -12.47934955
          0,           0,        1073,       -6.19179825,      -8.025638539,      -7.900655916,      -12.48294963
          0,           0,        1074,      -6.191917068,       -8.03995349,      -7.917006882,       -12.4836875
          0,           0,        1075,       -6.19192017,      -8.056751484,      -7.931529953,      -12.48361325
          0,           0,        1076,      -6.320708271,      -8.073434385,      -7.941881438,      -12.00139464
          0,           0,        1077,      -6.172195674,      -7.020326077,      -7.096594465,      -12.15436958
          0,           0,        1078,      -6.182369615,       -7.19810195,      -7.225336807,      -12.13903894
          0,           0,        1079,      -6.186701641,      -7.312148048,      -7.311925593,       -12.1313082
          0,           0,        1080,      -6.188133531,      -7.405531638,      -7.386180924,      -12.15443534
          0,           0,        1081,       -6.32933557,      -7.490777269,      -7.428236979,      -11.95141503
          0,           0,        1082,      -6.166372497,      -6.968845293,      -7.031803017,      -12.13156328
          0,           0,        1083,      -6.178651482,       -7.17168086,      -7.201310436,      -12.13721524
          0,           0,        1084,      -6.184267516,      -7.289485199,        -7.2932244,      -12.13442226
          0,           0,        1085,      -6.186591372,       -7.38761967,      -7.397320334,      -12.18129538
          0,           0,        1086,      -6.187698613,      -7.480495036,      -7.451269467,       -12.2238494
          0,           0,        1087,      -6.188444949,      -7.586747513,      -7.539479132,      -12.28626859
          0,           0,        1088,      -6.189088394,      -7.686083194,      -7.608469551,      -12.33311175
          0,           0,        1089,      -6.189782645,      -7.753997582,      -7.654892157,      -12.34513449
          0,           0,        1090,       -6.19047445,      -7.795513287,      -7.678648787,      -12.34948976
          0,           0,        1091,      -6.314296533,      -7.815383754,      -7.687891709,      -12.00119451
          0,           0,        1092,      -6.173084196,      -7.046703815,      -7.112039226,      -12.11193535
          0,           0,        1093,      -6.182519766,      -7.219242063,      -7.228600411,      -12.08691104
          0,           0,        1094,      -6.186638583,      -7.320377072,      -7.301274652,      -12.07297558
          0,           0,        1095,      -6.275927744,      -7.398891701,      -7.360177654,      -12.11127289
          0,           0,        1096,      -6.178082353,      -7.233608675,      -7.238280974,       -12.1674106
          0,           0,        1097,       -6.18370217,      -7.438986249,      -7.430818149,      -12.16769276
          0,           0,        1098,      -6.186614509,      -7.515902903,      -7.476892293,      -12.15995161
          0,           0,        1099,      -6.342558554,      -7.561796921,      -7.523395295,      -11.89674974
          0,           0,        1100,       -6.16025356,      -6.911671181,       -6.98728688,      -12.04790449
          0,           0,        1101,      -6.175779651,      -7.106733134,      -7.151275002,      -12.03141026
          0,           0,        1102,      -6.182623735,      -7.212237979,      -7.209271183,      -12.01743728
          0,           0,        1103,      -6.185363962,      -7.295380319,      -7.290618913,      -12.04624527
          0,           0,        1104,      -6.186714772,       -7.37796649,       -7.33174467,      -12.07714426
          0,           0,        1105,      -6.187624138,       -7.47249352,        -7.4050679,       -12.1116485
          0,           0,        1106,      -6.188511772,      -7.563904337,      -7.472174278,      -12.13290724
          0,           0,        1107,      -6.189359565,      -7.632018134,      -7.522517023,      -12.14576543
          0,           0,        1108,      -6.190023255,      -7.679188682,      -7.554648207,      -12.16215216
          0,           0,        1109,      -6.190567704,      -7.712352539,      -7.579419378,      -12.17727641
          0,           0,        1110,      -6.190936435,      -7.741273459,      -7.607052701,      -12.19358584
          0,           0,        1111,      -6.191197318,      -7.762134029,      -7.628054448,      -12.21814948
          0,           0,        1112,      -6.316877233,      -7.769130354,      -7.635867112,      -11.97660674
          0,           0,        1113,      -6.172750397,      -7.033643735,      -7.101117857,      -12.10109015
          0,           0,        1114,      -6.182496361,      -7.204598659,      -7.217178164,      -12.08423521
          0,           0,        1115,      -6.186677185,      -7.307470788,      -7.291050216,      -12.06643095
          0,           0,        1116,      -6.188007837,      -7.388656926,      -7.353219319,      -12.06955253
          0,           0,        1117,      -6.188780344,      -7.460368874,      -7.390507019,      -12.07710169
          0,           0,        1118,      -6.189248669,      -7.531717081,      -7.444826918,      -12.09587274
          0,           0,        1119,      -6.311350181,      -7.588763128,      -7.487282734,      -11.91937217
          0,           0,        1120,      -6.172585689,      -7.042969615,      -7.094866466,      -12.01735941
          0,           0,        1121,      -6.181981216,       -7.21187257,       -7.20262213,      -12.03102384
          0,           0,        1122,      -6.341191691,      -7.313302123,      -7.282614891,      -11.98834257
          0,           0,        1123,      -6.162940102,      -7.011249708,      -7.083150478,      -12.07795694
          0,           0,        1124,      -6.367045908,      -7.184652947,      -7.245495595,      -11.97207221
          0,           0,        1125,      -6.152367353,      -7.088703651,      -7.196042459,      -12.05380235
          0,           0,        1126,      -6.170228119,      -7.113552997,      -7.174411396,       -11.9313745
          0,           0,        1127,       -6.17816876,      -7.145219164,      -7.161789142,      -11.90386636
          0,           0,        1128,      -6.181869165,      -7.202860551,      -7.188251167,      -11.91752958
          0,           0,        1129,      -6.183957705,      -7.271365575,      -7.219146036,       -11.9411732
          0,           0,        1130,      -6.185475006,      -7.347846549,       -7.26999352,      -11.96667398
          0,           0,        1131,      -6.186876347,      -7.409395433,      -7.303982866,      -11.98285971
          0,           0,        1132,      -6.188113495,      -7.449191118,       -7.32354827,      -11.99231522
          0,           0,        1133,       -6.18909219,      -7.474619796,      -7.338754902,      -11.99519575
          0,           0,        1134,      -6.189776134,      -7.493009299,       -7.35598047,      -11.99243892
          0,           0,        1135,      -6.190335316,      -7.507848549,      -7.373487051,      -11.99144367
          0,           0,        1136,      -6.190573128,      -7.518975767,      -7.387363945,      -11.99575456
          0,           0,        1137,      -6.302216362,      -7.528674138,      -7.400199106,      -11.90537584
          0,           0,        1138,      -6.175823372,      -7.082632697,      -7.122863318,      -11.96775693
          0,           0,        1139,      -6.183706413,      -7.235009036,       -7.21709081,       -11.9685443
          0,           0,        1140,      -6.187172681,      -7.318187683,      -7.273900483,      -11.96785062
          0,           0,        1141,       -6.33021589,      -7.377189079,      -7.314306697,      -11.89922712
          0,           0,        1142,       -6.16623813,      -6.981327378,      -7.032529555,      -11.98394902
          0,           0,        1143,      -6.358997207,      -7.170827279,      -7.194500827,      -11.88612688
          0,           0,        1144,      -6.155751656,      -7.064053691,      -7.151992274,      -11.95369727
          0,           0,        1145,      -6.172351923,      -7.096021696,      -7.133059728,      -11.89005537
          0,           0,        1146,      -6.179490801,       -7.13881605,       -7.14397111,      -11.87806153
          0,           0,        1147,       -6.18274315,        -7.1952558,      -7.170768769,      -11.89024633
          0,           0,        1148,      -6.344906163,      -7.259923851,      -7.202676363,      -11.75479932
          0,           0,        1149,      -6.153822139,      -6.852086359,      -6.903710459,       -11.8671869
          0,           0,        1150,      -6.381948055,       -7.04845922,      -7.059544123,      -11.75643063
          0,           0,        1151,      -6.142353056,      -6.998750459,       -7.05484185,      -11.82332062
          0,           0,        1152,      -6.164821537,      -7.013971171,      -7.038349147,      -11.76397451
          0,           0,        1153,      -6.174980491,      -7.042076977,       -7.03980523,      -11.75534901
          0,           0,        1154,      -6.179648258,      -7.100699717,      -7.072685776,      -11.78223487
          0,           0,        1155,      -6.182241852,      -7.168551658,      -7.108981767,      -11.82149012
          0,           0,        1156,      -6.344999344,      -7.247700119,      -7.172050925,      -11.68709817
          0,           0,        1157,      -6.151335159,      -6.823127262,      -6.874175573,      -11.79388517
          0,           0,        1158,      -6.305704673,      -7.003353143,      -6.996499562,      -11.81463982
          0,           0,        1159,       -6.16303726,      -7.208068586,      -7.153739594,      -11.81949569
          0,           0,        1160,      -6.174713882,      -7.131678515,      -7.108147041,      -11.79496093
          0,           0,        1161,      -6.180162742,       -7.16606067,      -7.138670085,      -11.80550073
          0,           0,        1162,      -6.182945165,      -7.225235675,      -7.172520793,      -11.84186672
          0,           0,        1163,       -6.18478569,      -7.303370247,      -7.230838506,      -11.88848693
          0,           0,        1164,      -6.186310527,      -7.390252924,      -7.304217397,      -11.93321567
          0,           0,        1165,      -6.187628145,      -7.462807128,      -7.361955949,      -11.97937099
          0,           0,        1166,      -6.188724555,      -7.508141732,       -7.38899278,       -12.0239225
          0,           0,        1167,      -6.189579118,      -7.537837373,      -7.407430874,       -12.0509471
          0,           0,        1168,      -6.190212254,      -7.567462387,      -7.435918455,      -12.06292031
          0,           0,        1169,       -6.19066702,      -7.596918933,       -7.46855957,      -12.07748814
          0,           0,        1170,      -6.190828812,      -7.621683565,      -7.496843847,      -12.10107071
          0,           0,        1171,      -6.191246289,       -7.64431422,      -7.523751949,      -12.12844555
          0,           0,        1172,      -6.191391939,       -7.66962445,      -7.553283812,      -12.15427949
          0,           0,        1173,      -6.301067605,      -7.698068054,      -7.582909714,      -11.99897956
          0,           0,        1174,      -6.176647241,      -7.104914167,      -7.163870238,      -12.10372102
          0,           0,        1175,      -6.358446406,      -7.273947991,      -7.279654333,      -11.90848635
          0,           0,        1176,      -6.157764285,      -6.992747271,      -7.097825961,      -12.01678865
          0,           0,        1177,      -6.174496773,      -7.079521747,      -7.127293495,      -11.93782304
          0,           0,        1178,      -6.181435788,      -7.147128233,      -7.151552395,      -11.91517391
          0,           0,        1179,      -6.349231569,      -7.214875969,      -7.187351426,      -11.85008183
          0,           0,        1180,      -6.152084157,      -6.871105587,      -6.927361618,      -12.01128578
          0,           0,        1181,      -6.170539309,      -7.093309192,      -7.154824083,      -12.00081335
          0,           0,        1182,      -6.179284042,       -7.18174722,      -7.178151526,      -11.97630031
          0,           0,        1183,      -6.183016489,      -7.256760356,      -7.266002747,      -12.00316434
          0,           0,        1184,      -6.185052463,      -7.325322341,      -7.294487604,      -12.02590079
          0,           0,        1185,      -6.186377384,      -7.399658879,       -7.35237429,      -12.05227102
          0,           0,        1186,      -6.342188631,      -7.462469505,      -7.392702151,      -11.78940107
          0,           0,        1187,      -6.158757789,      -6.871971512,      -6.939188512,       -11.8929526
          0,           0,        1188,      -6.175162145,       -7.04223112,      -7.047975267,      -11.88573457
          0,           0,        1189,      -6.182365088,      -7.136358023,      -7.108548239,      -11.88210503
          0,           0,        1190,      -6.185164752,      -7.210529536,      -7.173742651,      -11.89740312
          0,           0,        1191,      -6.186508328,      -7.277565935,       -7.21005356,      -11.91539334
          0,           0,        1192,      -6.187364731,      -7.348542115,      -7.264857557,      -11.93730832
          0,           0,        1193,      -6.188251402,      -7.412381428,      -7.316954977,      -11.94838463
          0,           0,        1194,      -6.188970498,      -7.463290118,       -7.36411947,       -11.9556287
          0,           0,        1195,      -6.189839517,       -7.50329063,      -7.399878031,      -11.96809036
          0,           0,        1196,       -6.31701238,      -7.535112971,      -7.429190246,       -11.8546308
          0,           0,        1197,       -6.17177302,      -7.018042309,      -7.070742392,      -11.92202333
          0,           0,        1198,      -6.181738731,      -7.180287423,      -7.176248194,      -11.92909664
          0,           0,        1199,      -6.186102246,       -7.27089001,      -7.238294534,      -11.94393446
          0,           0,        1200,      -6.187725481,        -7.3374668,      -7.285184971,       -11.9726884
          0,           0,        1201,      -6.188415618,      -7.395975837,      -7.311211843,      -11.99512503
          0,           0,        1202,      -6.188945475,      -7.455734501,      -7.353858699,      -12.01274661
          0,           0,        1203,      -6.304530971,      -7.506910281,      -7.392844578,      -11.89136973
          0,           0,        1204,      -6.362361717,      -7.064465108,      -7.102951481,      -11.73692631
          0,           0,        1205,      -6.152525596,      -6.947471568,      -7.003457713,      -11.83171501
          0,           0,        1206,      -6.171775311,      -6.969705213,      -6.979530223,      -11.80011918
          0,           0,        1207,      -6.180057314,      -7.055986232,      -7.050659569,      -11.80726071
          0,           0,        1208,      -6.183282693,       -7.13955115,      -7.104676945,      -11.84081644
          0,           0,        1209,      -6.184925108,      -7.223354074,      -7.153644493,      -11.88356269
          0,           0,        1210,      -6.186095321,      -7.316561723,      -7.226003804,      -11.92542947
          0,           0,        1211,      -6.187309769,      -7.397424777,      -7.288302273,      -11.95098151
          0,           0,        1212,      -6.188436733,      -7.453645208,      -7.330763244,      -11.97482694
          0,           0,        1213,       -6.18933977,      -7.488958898,      -7.354652984,      -11.99866087
          0,           0,        1214,      -6.190020712,      -7.517305935,      -7.379816948,      -12.01406065
          0,           0,        1215,      -6.190513011,      -7.546631175,      -7.411016859,      -12.02968696
          0,           0,        1216,      -6.190862872,      -7.568474952,      -7.434358451,      -12.05354191
          0,           0,        1217,      -6.191061291,      -7.579166708,      -7.446760053,      -12.07824065
          0,           0,        1218,      -6.191304854,      -7.587066243,      -7.458869879,      -12.09271285
          0,           0,        1219,       -6.19143684,      -7.599294921,      -7.477410897,      -12.09794001
          0,           0,        1220,      -6.315666955,      -7.616223067,       -7.50162414,      -11.92640511
          0,           0,        1221,      -6.173178539,      -7.032095796,      -7.093046672,      -12.02049869
          0,           0,        1222,      -6.182659065,      -7.198794968,      -7.208210494,      -12.02016708
          0,           0,        1223,       -6.18672333,      -7.300186328,      -7.284172326,        -12.019991
          0,           0,        1224,      -6.188230056,      -7.377726308,      -7.345160375,      -12.03531861
          0,           0,        1225,      -6.188762118,      -7.441997377,      -7.378038196,      -12.05119051
          0,           0,        1226,      -6.296326322,      -7.500848481,      -7.423529776,      -11.94711029
          0,           0,        1227,      -6.363660741,      -7.097489067,      -7.137412292,      -11.75719781
          0,           0,        1228,      -6.152285656,      -6.938955877,      -7.001773356,      -11.87372607
          0,           0,        1229,      -6.307979672,      -6.974298206,      -6.988229181,      -11.92496375
          0,           0,        1230,      -6.163859911,      -7.254758715,       -7.24947541,      -11.89110356
          0,           0,        1231,      -6.175024654,      -7.153108424,      -7.161503297,      -11.85044618
          0,           0,        1232,      -6.180098044,      -7.177066707,      -7.158166214,      -11.85657401
          0,           0,        1233,      -6.182837914,      -7.229687689,      -7.178277209,      -11.88023745
          0,           0,        1234,      -6.184651454,      -7.298373871,      -7.223610441,      -11.90303265
          0,           0,        1235,      -6.186150256,      -7.364968413,      -7.270328384,      -11.92467931
          0,           0,        1236,      -6.187472021,        -7.4111132,      -7.296147886,       -11.9488435
          0,           0,        1237,      -6.188573271,       -7.43842851,      -7.309874312,      -11.96773987
          0,           0,        1238,      -6.189427208,      -7.459048341,      -7.327536566,      -11.97545575
          0,           0,        1239,      -6.190010795,      -7.476804977,      -7.349000315,      -11.97895218
          0,           0,        1240,      -6.190501931,      -7.489210134,      -7.366001861,      -11.98423628
          0,           0,        1241,      -6.190822858,      -7.498520285,      -7.378753502,      -11.99013624
          0,           0,        1242,       -6.19106004,      -7.510692233,      -7.394326409,      -11.99615547
          0,           0,        1243,      -6.191236041,      -7.527946145,      -7.415914903,      -12.00592368
          0,           0,        1244,      -6.191364788,      -7.547374593,      -7.440718211,      -12.02220864
          0,           0,        1245,      -6.191358951,      -7.564430681,      -7.463469765,      -12.04237791
          0,           0,        1246,      -6.328774985,       -7.57661306,      -7.480019048,      -11.86661407
          0,           0,        1247,      -6.169022519,      -6.963831494,      -7.030291937,      -11.96326261
          0,           0,        1248,      -6.180787311,      -7.129819719,      -7.143224619,       -11.9604112
          0,           0,        1249,      -6.185767466,      -7.229227892,      -7.212339689,      -11.96122759
          0,           0,        1250,      -6.345808703,       -7.30396386,      -7.269494637,      -11.87661041
          0,           0,        1251,       -6.15744099,      -6.891929101,      -6.959377032,      -12.01891021
          0,           0,        1252,      -6.174042004,      -7.093753133,      -7.153888173,      -11.99773198
          0,           0,        1253,      -6.360359423,      -7.189401836,      -7.188505773,      -11.93486614
          0,           0,        1254,       -6.38247236,       -6.94329004,      -7.029299837,      -11.80344251
          0,           0,        1255,      -6.135185019,      -7.055672653,       -7.08972125,      -11.92332903
          0,           0,        1256,      -6.160592355,      -6.955814392,      -6.984695245,      -11.78976672
          0,           0,        1257,      -6.353685819,      -6.998768662,      -7.016145926,      -11.93896731
          0,           0,        1258,      -6.150877688,      -7.007041135,      -7.022200408,       -11.9661366
          0,           0,        1259,      -6.297526761,      -7.222174348,      -7.310209847,      -12.00534112
          0,           0,        1260,      -6.400683083,       -7.36735557,      -7.334991582,      -11.82556066
          0,           0,        1261,      -6.132744995,      -7.043155825,      -7.069084244,      -11.97650411
          0,           0,        1262,      -6.158007753,      -7.043845927,      -7.071474457,      -11.85743175
          0,           0,        1263,      -6.170897416,      -7.050667285,      -7.064591729,      -11.83472355
          0,           0,        1264,      -6.354377643,      -7.106861815,      -7.110906832,      -11.83288186
          0,           0,        1265,      -6.144548995,      -6.853014955,      -6.893720156,      -11.98578752
          0,           0,        1266,      -6.164916057,      -7.117008252,      -7.190629017,      -11.98434124
          0,           0,        1267,      -6.175544554,      -7.174158162,      -7.171646646,      -11.96606089
          0,           0,        1268,      -6.180571939,      -7.243252444,      -7.286359028,       -12.0123163
          0,           0,        1269,      -6.183377478,       -7.31576615,      -7.324974246,      -12.05934962
          0,           0,        1270,      -6.185219441,      -7.408739084,      -7.412187867,      -12.10976981
          0,           0,        1271,      -6.186752367,      -7.506177618,      -7.489220374,      -12.14736206
          0,           0,        1272,      -6.188035161,      -7.573438809,      -7.532832995,      -12.16224631
          0,           0,        1273,      -6.189101606,      -7.608183716,      -7.551422471,      -12.17642487
          0,           0,        1274,      -6.189931156,      -7.615474928,      -7.550303406,      -12.19133339
          0,           0,        1275,      -6.190345924,      -7.609118555,      -7.543113474,      -12.20135978
          0,           0,        1276,      -6.190915526,      -7.598436351,      -7.532806694,      -12.20681122
          0,           0,        1277,      -6.191184215,      -7.587185445,      -7.520648997,      -12.20633157
          0,           0,        1278,      -6.191377499,      -7.579468884,      -7.511887244,      -12.19904045
          0,           0,        1279,      -6.191516551,      -7.577637272,      -7.509576052,      -12.18723118
          0,           0,        1280,      -6.322835311,      -7.581919238,      -7.513699597,      -11.93036504
          0,           0,        1281,      -6.171183918,      -6.996812483,       -7.06358954,      -12.03256493
          0,           0,        1282,      -6.368587732,      -7.162963686,      -7.178488185,        -11.858264
          0,           0,        1283,      -6.152296536,      -6.975384698,      -7.079015679,      -11.94843544
          0,           0,        1284,        -6.1716418,      -7.037780246,      -7.089420393,      -11.86564414
          0,           0,        1285,      -6.179642819,      -7.093778391,      -7.099644989,      -11.84251971
          0,           0,        1286,      -6.182917049,      -7.158972032,      -7.132696435,      -11.85213157
          0,           0,        1287,      -6.184664848,       -7.22793965,      -7.165886691,      -11.86833559
          0,           0,        1288,      -6.185906029,      -7.299907782,      -7.219459369,      -11.88509655
          0,           0,        1289,      -6.187132711,      -7.352852324,      -7.256356587,      -11.89776769
          0,           0,        1290,      -6.188263874,      -7.380215292,      -7.272237846,      -11.91105982
          0,           0,        1291,      -6.189177577,      -7.392048408,      -7.278411123,      -11.92198554
          0,           0,        1292,      -6.189862195,      -7.398055885,      -7.286020824,      -11.92793288
          0,           0,        1293,      -6.190351403,      -7.401205688,      -7.294029408,      -11.93457622
          0,           0,        1294,      -6.190663018,      -7.400930858,      -7.297618964,      -11.94370712
          0,           0,        1295,      -6.190892672,      -7.400768705,      -7.300072969,      -11.95012373
          0,           0,        1296,      -6.322499129,      -7.405984267,      -7.307863114,      -11.83232291
          0,           0,        1297,      -6.170773591,      -6.979580361,      -7.027236748,      -11.89133787
          0,           0,        1298,      -6.181438496,      -7.130875075,      -7.125011509,      -11.88016818
          0,           0,        1299,      -6.185996896,      -7.219673149,       -7.18824885,      -11.87080441
          0,           0,        1300,      -6.187613813,      -7.288600945,      -7.243183301,      -11.87411429
          0,           0,        1301,      -6.324251476,      -7.346721415,       -7.27757123,      -11.80742531
          0,           0,        1302,      -6.167348749,        -6.9725696,      -7.017807892,      -11.88467038
          0,           0,        1303,      -6.178841679,      -7.153523182,      -7.158346068,      -11.90328822
          0,           0,        1304,      -6.184167996,      -7.244702776,      -7.224233376,      -11.92129775
          0,           0,        1305,      -6.186423374,      -7.309134582,      -7.282753221,      -11.95384702
          0,           0,        1306,      -6.344433772,       -7.36090188,        -7.3052098,      -11.78501477
          0,           0,        1307,      -6.155100727,      -6.847187551,      -6.914634629,      -11.91381391
          0,           0,        1308,      -6.324536047,      -7.035553475,      -7.066107799,      -11.90334306
          0,           0,        1309,      -6.161851651,      -7.221588834,      -7.250027558,      -11.89579525
          0,           0,        1310,      -6.174635934,      -7.137946244,      -7.152476551,      -11.84649069
          0,           0,        1311,      -6.180230778,      -7.170624898,      -7.168808952,      -11.84232875
          0,           0,        1312,      -6.317669319,      -7.228592597,      -7.193299247,      -11.83850015
          0,           0,        1313,       -6.16494576,       -7.00724407,      -7.027688245,      -11.92879009
          0,           0,        1314,      -6.176260255,      -7.219280811,      -7.215679377,      -11.96517104
          0,           0,        1315,      -6.182028532,      -7.304923752,      -7.273990497,        -11.993093
          0,           0,        1316,      -6.184862223,      -7.366723468,      -7.346228291,      -12.03245932
          0,           0,        1317,      -6.186467444,      -7.425441054,      -7.379693209,      -12.04769679
          0,           0,        1318,        -6.1875837,      -7.494470486,      -7.435789499,      -12.05337576
          0,           0,        1319,      -6.295746499,      -7.562528942,      -7.487821899,      -11.92956312
          0,           0,        1320,      -6.174966784,       -7.10863136,      -7.155223423,      -11.99836224
          0,           0,        1321,       -6.18283402,      -7.276972238,      -7.259167815,      -12.01663414
          0,           0,        1322,      -6.186433375,      -7.368446357,       -7.33502079,      -12.04495584
          0,           0,        1323,      -6.323927559,      -7.437587033,      -7.393646158,      -11.98669538
          0,           0,        1324,      -6.361507785,       -7.01962143,      -7.074895393,      -11.81545988
          0,           0,        1325,      -6.149746153,      -6.994814162,      -7.058520538,      -11.95525166
          0,           0,        1326,      -6.169731416,      -6.984950779,      -7.006512689,      -11.86751906
          0,           0,        1327,      -6.354528317,      -7.059590745,      -7.069429268,      -11.99826872
          0,           0,        1328,      -6.153774981,      -6.993677324,      -7.036897444,      -12.05734671
          0,           0,        1329,      -6.170162858,      -7.194653865,      -7.304396997,       -11.9902984
          0,           0,        1330,      -6.177811181,      -7.224717552,      -7.235041574,      -11.96176287
          0,           0,        1331,      -6.181769115,      -7.259959733,      -7.263285948,      -11.96740448
          0,           0,        1332,      -6.184044849,      -7.310658593,      -7.275593752,      -11.97407654
          0,           0,        1333,      -6.185658497,       -7.36716109,      -7.304861551,      -11.97791977
          0,           0,        1334,      -6.344610472,      -7.415035959,      -7.323639504,      -11.72329247
          0,           0,        1335,      -6.153046727,      -6.824636427,      -6.888168167,      -11.81350093
          0,           0,        1336,      -6.172313287,      -6.992817127,      -6.995891562,      -11.80103786
          0,           0,        1337,      -6.180804645,      -7.081494703,      -7.046432293,      -11.79624014
          0,           0,        1338,      -6.184034867,      -7.154563598,      -7.109225533,      -11.81474135
          0,           0,        1339,      -6.185569221,      -7.219113702,       -7.14220995,      -11.83689263
          0,           0,        1340,      -6.186590419,       -7.28795984,      -7.194581155,      -11.86343552
          0,           0,        1341,       -6.18756413,      -7.348709415,      -7.242072764,      -11.88373046
          0,           0,        1342,      -6.188526806,      -7.393150495,      -7.278865127,      -11.90110739
          0,           0,        1343,      -6.189276074,       -7.42588112,      -7.303344785,      -11.91861587
          0,           0,        1344,      -6.189928036,       -7.45403303,      -7.325759166,      -11.92951509
          0,           0,        1345,       -6.19029196,      -7.485287162,       -7.35572227,      -11.93667445
          0,           0,        1346,      -6.190735124,      -7.517585256,      -7.387967575,      -11.94981368
          0,           0,        1347,      -6.190961389,      -7.545157461,      -7.414054979,      -11.97236633
          0,           0,        1348,      -6.191130231,      -7.567226279,      -7.433045664,      -12.00059702
          0,           0,        1349,      -6.191255964,       -7.58487294,      -7.447853522,      -12.02786399
          0,           0,        1350,      -6.191349472,      -7.597633332,      -7.460641754,      -12.04767919
          0,           0,        1351,      -6.191422041,      -7.606441284,      -7.473593703,      -12.05597087
          0,           0,        1352,      -6.191483966,      -7.616405483,      -7.489776044,      -12.05400424
          0,           0,        1353,      -6.191438148,      -7.634611197,      -7.512704416,      -12.04947339
          0,           0,        1354,      -6.191605393,      -7.665529964,      -7.545733502,      -12.05285668
          0,           0,        1355,      -6.191650965,      -7.707578529,      -7.590325265,      -12.07266783
          0,           0,        1356,      -6.191690866,      -7.751992394,      -7.641716254,      -12.11279981
          0,           0,        1357,      -6.319448199,      -7.786715747,       -7.68520298,      -11.93900176
          0,           0,        1358,      -6.172305851,       -7.02061283,      -7.091942313,      -12.06937686
          0,           0,        1359,      -6.182345788,      -7.193205102,      -7.212940552,       -12.0718339
          0,           0,        1360,      -6.186635467,      -7.301236013,      -7.290780966,      -12.06272374
          0,           0,        1361,      -6.188151305,      -7.387836878,       -7.35656136,      -12.07043225
          0,           0,        1362,      -6.188784889,      -7.465945919,      -7.397346064,      -12.08421287
          0,           0,        1363,      -6.318626543,      -7.546658198,      -7.461375012,      -11.91562503
          0,           0,        1364,      -6.170069537,      -7.009107986,      -7.066632404,      -12.05142426
          0,           0,        1365,      -6.180646505,      -7.192052733,        -7.1976606,      -12.08181476
          0,           0,        1366,      -6.185466369,       -7.30235589,      -7.291380363,      -12.10477448
          0,           0,        1367,      -6.187379737,      -7.394564189,      -7.381515536,      -12.13733472
          0,           0,        1368,      -6.188287536,      -7.481428998,      -7.438786425,      -12.16314948
          0,           0,        1369,      -6.188905688,      -7.579524074,      -7.520619814,      -12.20858904
          0,           0,        1370,      -6.303602855,      -7.672571709,      -7.594606378,      -11.99175936
          0,           0,        1371,      -6.174224984,      -7.085116883,       -7.14380381,      -12.11215196
          0,           0,        1372,      -6.182742308,       -7.26185272,      -7.261602157,      -12.12371945
          0,           0,        1373,      -6.352998825,      -7.369157721,      -7.354388737,      -11.92615638
          0,           0,        1374,      -6.153897338,       -6.90388976,      -6.996845526,      -12.09113587
          0,           0,        1375,      -6.172543843,      -7.085314026,      -7.168119171,      -12.00103657
          0,           0,        1376,       -6.18057644,      -7.163599602,      -7.172428467,      -11.96181804
          0,           0,        1377,      -6.183835048,      -7.233100335,      -7.225893685,      -11.97580893
          0,           0,        1378,      -6.185485127,      -7.306037724,      -7.254583735,      -11.99437766
          0,           0,        1379,      -6.186571985,      -7.387445819,      -7.315607855,      -12.01817625
          0,           0,        1380,      -6.187706351,      -7.457181048,      -7.362961239,      -12.03940404
          0,           0,        1381,      -6.322345515,      -7.501812236,      -7.388413239,      -11.85797612
          0,           0,        1382,      -6.168788266,      -6.987547536,      -7.032475541,      -11.93353233
          0,           0,        1383,      -6.335795235,      -7.149772563,      -7.129376198,      -11.88568105
          0,           0,        1384,       -6.16338145,      -7.133375443,      -7.173158397,      -11.90615401
          0,           0,        1385,      -6.363206977,      -7.139403462,      -7.138171797,      -11.91292601
          0,           0,        1386,       -6.15315554,      -7.094102982,      -7.154587936,        -11.939543
          0,           0,        1387,      -6.170144163,       -7.12661593,      -7.161747067,      -11.86188783
          0,           0,        1388,      -6.177808168,      -7.145859859,      -7.132871036,      -11.83926923
          0,           0,        1389,      -6.181509354,      -7.191242464,      -7.152834207,      -11.84723333
          0,           0,        1390,      -6.183651171,      -7.247233909,       -7.17756633,       -11.8634995
          0,           0,        1391,      -6.185223446,       -7.30677897,       -7.21519033,      -11.88216263
          0,           0,        1392,      -6.186604149,      -7.354552477,      -7.240550753,      -11.89619876
          0,           0,        1393,      -6.187891261,      -7.388744487,      -7.258787513,      -11.90505035
          0,           0,        1394,      -6.188872603,       -7.41521258,      -7.277438938,      -11.91074269
          0,           0,        1395,      -6.189598089,      -7.436251975,      -7.296657671,      -11.91604312
          0,           0,        1396,      -6.190089354,      -7.452432781,      -7.312659307,      -11.92392066
          0,           0,        1397,      -6.296623944,       -7.46455974,      -7.324300694,      -11.86590001
          0,           0,        1398,      -6.352258554,      -7.094722485,      -7.114574487,      -11.74925319
          0,           0,        1399,      -6.156602191,      -6.963630205,      -7.020473498,      -11.82556604
          0,           0,        1400,      -6.349867821,      -6.986685257,      -6.989136624,      -11.85301805
          0,           0,        1401,      -6.157269014,      -7.148438597,      -7.178319737,      -11.83659586
          0,           0,        1402,      -6.172120562,      -7.097821666,      -7.105078144,      -11.77944823
          0,           0,        1403,      -6.357730967,      -7.114313842,       -7.08577584,      -11.77988044
          0,           0,        1404,      -6.148105858,      -6.909064845,      -6.946213722,      -11.85074525
          0,           0,        1405,      -6.387510991,      -7.106341604,      -7.136724327,      -11.76883059
          0,           0,        1406,       -6.13828179,      -7.035741279,      -7.070601074,       -11.8379484
          0,           0,        1407,       -6.39881031,       -7.04953142,      -7.067650661,      -11.83094476
          0,           0,        1408,      -6.294341128,       -7.11711848,       -7.14789208,       -11.8534936
          0,           0,        1409,      -6.434308264,      -7.297456419,      -7.244249805,      -11.80865591
          0,           0,        1410,      -6.116015251,      -7.217619087,       -7.19227159,      -11.81184954
          0,           0,        1411,      -6.148331041,      -6.971832232,      -7.056253352,      -11.69030089
          0,           0,        1412,      -6.164852068,      -6.959398447,      -6.962267256,      -11.67205831
          0,           0,        1413,      -6.172840395,      -7.008723257,      -6.979153984,      -11.69245147
          0,           0,        1414,      -6.177342059,      -7.066692208,      -7.004228252,      -11.71648152
          0,           0,        1415,      -6.180202979,      -7.134678963,      -7.059076772,      -11.73860157
          0,           0,        1416,       -6.18273243,      -7.191597404,       -7.09392033,      -11.75547586
          0,           0,        1417,      -6.184896737,      -7.229561176,      -7.111434256,      -11.76820374
          0,           0,        1418,      -6.186573122,      -7.254069937,      -7.125235896,      -11.77373351
          0,           0,        1419,      -6.187797834,      -7.270267575,      -7.139901317,      -11.77152205
          0,           0,        1420,      -6.188662419,      -7.280810778,      -7.152989169,      -11.76666269
          0,           0,        1421,      -6.189362113,      -7.288632703,      -7.163762446,      -11.76336254
          0,           0,        1422,      -6.189846459,      -7.298385369,      -7.177115878,      -11.76483776
          0,           0,        1423,      -6.190212316,       -7.31164086,      -7.195915327,      -11.77446984
          0,           0,        1424,       -6.19039557,      -7.324510819,      -7.216277799,      -11.79302472
          0,           0,        1425,      -6.190603441,      -7.331713606,      -7.230992012,      -11.81609899
          0,           0,        1426,      -6.190831098,      -7.331840056,      -7.236290353,      -11.83587386
          0,           0,        1427,      -6.190934706,      -7.327727704,      -7.234818394,       -11.8473498
          0,           0,        1428,      -6.323168379,      -7.323226682,      -7.232280306,      -11.76456422
          0,           0,        1429,       -6.29693675,      -6.957270119,      -6.994297299,      -11.73832345
          0,           0,        1430,      -6.164226145,      -7.039069425,      -7.052590378,      -11.77465766
          0,           0,        1431,       -6.17731682,      -7.012649267,      -6.998363035,      -11.75404492
          0,           0,        1432,      -6.182665714,      -7.081282509,      -7.058175755,      -11.75527148
          0,           0,        1433,      -6.184751296,      -7.146052041,      -7.091268391,      -11.76054685
          0,           0,        1434,      -6.185918355,      -7.211292106,      -7.135008617,      -11.76678908
          0,           0,        1435,      -6.186827855,      -7.275380187,      -7.186163021,      -11.77353419
          0,           0,        1436,      -6.187768299,      -7.323362473,      -7.225621091,      -11.78163822
          0,           0,        1437,      -6.188543429,      -7.352940371,      -7.250064582,      -11.79789471
          0,           0,        1438,      -6.189444895,       -7.36707101,      -7.262696502,      -11.82111235
          0,           0,        1439,      -6.302187992,      -7.371585006,      -7.271969001,      -11.78830315
          0,           0,        1440,      -6.174780134,      -7.048221932,      -7.069820092,      -11.83665368
          0,           0,        1441,       -6.18293345,      -7.169023014,      -7.136261033,      -11.84688884
          0,           0,        1442,      -6.186549912,       -7.22210282,      -7.167953673,      -11.84909273
          0,           0,        1443,      -6.296315455,      -7.259048303,      -7.192605092,      -11.83986411
          0,           0,        1444,      -6.174124305,      -7.084644581,      -7.086136486,      -11.85541848
          0,           0,        1445,      -6.181816063,       -7.23480333,      -7.211887754,      -11.84803659
          0,           0,        1446,      -6.185520104,      -7.305380476,      -7.267260112,      -11.85136446
          0,           0,        1447,      -6.187255738,      -7.365177448,      -7.332314394,      -11.87618125
          0,           0,        1448,      -6.188182112,      -7.427098889,      -7.379465386,      -11.91255442
          0,           0,        1449,      -6.188824124,      -7.485681429,      -7.425732646,      -11.95295704
          0,           0,        1450,       -6.18934105,       -7.52695841,      -7.450812968,       -11.9865519
          0,           0,        1451,      -6.190063797,      -7.544981452,      -7.458619805,      -12.00887746
          0,           0,        1452,      -6.190520685,      -7.551232787,      -7.461694784,      -12.02559409
          0,           0,        1453,      -6.190861496,      -7.556747982,      -7.468781476,       -12.0410608
          0,           0,        1454,       -6.19110551,      -7.567896147,      -7.483777859,      -12.05420314
          0,           0,        1455,      -6.191277664,      -7.586182122,      -7.504526645,      -12.06128983
          0,           0,        1456,      -6.191400466,      -7.610994492,      -7.526629226,      -12.06208638
          0,           0,        1457,      -6.191490158,      -7.641495871,      -7.547336522,      -12.06303726
          0,           0,        1458,      -6.191557012,      -7.675031516,      -7.566230918,      -12.07252621
          0,           0,        1459,      -6.191607454,      -7.706080676,      -7.583822943,      -12.09490613
          0,           0,        1460,       -6.19164569,      -7.729001916,      -7.599902839,      -12.12793408
          0,           0,        1461,      -6.191674457,      -7.742782138,       -7.61322173,      -12.16209924
          0,           0,        1462,      -6.298157247,      -7.751819022,      -7.623078185,      -12.00714226
          0,           0,        1463,      -6.369916855,      -7.119499347,      -7.177321171,      -11.76774671
          0,           0,        1464,      -6.344335577,      -6.923709713,      -7.004459989,        -11.756642
          0,           0,        1465,      -6.145648366,      -7.016661031,      -7.043991798,       -11.7863825
          0,           0,        1466,      -6.167113282,       -6.90764151,      -6.918333973,      -11.71674148
          0,           0,        1467,      -6.176053071,      -6.971617149,      -6.969043676,      -11.71806588
          0,           0,        1468,      -6.180058644,      -7.042353649,      -6.992840389,      -11.74126704
          0,           0,        1469,      -6.182193844,      -7.117998112,      -7.039261056,      -11.77052347
          0,           0,        1470,      -6.183934928,      -7.194344948,      -7.096303481,      -11.79120421
          0,           0,        1471,      -6.185570658,      -7.251245744,      -7.134621658,      -11.80163548
          0,           0,        1472,      -6.187010167,      -7.288285682,      -7.155286696,      -11.81202416
          0,           0,        1473,      -6.188240154,      -7.314702185,       -7.17145004,      -11.81909282
          0,           0,        1474,       -6.32491065,      -7.339042777,      -7.194064013,      -11.74134363
          0,           0,        1475,      -6.168078062,      -6.955148742,      -6.978679207,      -11.78408942
          0,           0,        1476,      -6.179605478,      -7.096021521,      -7.055753897,      -11.78489074
          0,           0,        1477,      -6.184647574,      -7.162644476,      -7.092183342,      -11.78685637
          0,           0,        1478,      -6.186539952,      -7.209168201,      -7.122117813,      -11.79356006
          0,           0,        1479,      -6.187397699,      -7.250888856,      -7.144383453,      -11.79847074
          0,           0,        1480,      -6.187988366,      -7.292714681,      -7.179177637,       -11.8072013
          0,           0,        1481,      -6.322481986,      -7.327553464,      -7.211272896,      -11.73213128
          0,           0,        1482,      -6.168146561,      -6.959936421,      -6.989089915,      -11.78664538
          0,           0,        1483,      -6.361991412,      -7.110169749,       -7.07882172,      -11.73623708
          0,           0,        1484,      -6.154506606,      -6.997019193,      -7.050372966,      -11.78068748
          0,           0,        1485,      -6.171935762,      -7.042436887,      -7.052171372,      -11.75297842
          0,           0,        1486,      -6.179272432,      -7.088961765,      -7.065389256,      -11.75356669
          0,           0,        1487,      -6.347651107,      -7.143420099,      -7.090525154,      -11.73994909
          0,           0,        1488,      -6.151859147,      -6.867862404,      -6.903403372,      -11.83534959
          0,           0,        1489,      -6.169797831,      -7.078580724,      -7.097956421,      -11.84441056
          0,           0,        1490,      -6.178519899,      -7.157226579,      -7.124132084,      -11.84186203
          0,           0,        1491,      -6.182381041,      -7.223954682,      -7.198687643,      -11.85944593
          0,           0,        1492,      -6.184484318,      -7.287182712,      -7.231165749,      -11.86931959
          0,           0,        1493,      -6.185902107,      -7.359951927,      -7.288256988,      -11.88136855
          0,           0,        1494,      -6.187128384,      -7.429838739,      -7.339920062,      -11.89831604
          0,           0,        1495,      -6.188303321,      -7.479380178,      -7.381754168,       -11.9235671
          0,           0,        1496,      -6.189219982,      -7.508689964,      -7.410784637,      -11.96146996
          0,           0,        1497,      -6.189899936,      -7.520293359,      -7.421782078,       -12.0021835
          0,           0,        1498,      -6.334033252,      -7.523843737,      -7.422678622,      -11.83602236
          0,           0,        1499,      -6.367932523,      -6.930478354,      -6.995353587,      -11.71639229
          0,           0,        1500,       -6.14783854,       -6.94153327,      -6.989861965,      -11.79331735
          0,           0,        1501,      -6.169171053,      -6.918407009,      -6.927023266,      -11.73519768
          0,           0,        1502,      -6.178325495,       -6.99293558,       -6.98404311,      -11.72844433
          0,           0,        1503,      -6.181920286,      -7.067426012,      -7.021796541,      -11.74492718
          0,           0,        1504,      -6.183733381,      -7.139326442,      -7.062861066,      -11.76855374
          0,           0,        1505,      -6.185013053,      -7.212110954,      -7.118711707,      -11.79228632
          0,           0,        1506,      -6.291844852,      -7.265565284,      -7.156871405,      -11.74655577
          0,           0,        1507,      -6.173416502,      -7.048572343,      -7.031534495,      -11.78397717
          0,           0,        1508,      -6.181412754,      -7.170032485,      -7.088141418,      -11.79890508
          0,           0,        1509,      -6.185255601,      -7.232499844,      -7.137394816,      -11.81177988
          0,           0,        1510,      -6.187058416,      -7.281366592,      -7.183490119,       -11.8287429
          0,           0,        1511,      -6.187919738,      -7.325750803,      -7.217317031,      -11.84830879
          0,           0,        1512,      -6.188547612,       -7.36970518,      -7.252400679,      -11.86570929
          0,           0,        1513,      -6.189183143,      -7.411010052,      -7.287176829,      -11.87706263
          0,           0,        1514,      -6.189737448,      -7.446758305,      -7.319319998,      -11.88986621
          0,           0,        1515,      -6.190184863,       -7.47346523,      -7.342085327,      -11.90937195
          0,           0,        1516,      -6.300454682,      -7.492097034,      -7.357410777,      -11.85374532
          0,           0,        1517,      -6.175651703,      -7.082263063,      -7.110286556,      -11.90850427
          0,           0,        1518,      -6.183426059,      -7.231205701,      -7.198267316,      -11.91345467
          0,           0,        1519,      -6.186916982,       -7.31356631,      -7.252826045,      -11.91410429
          0,           0,        1520,      -6.316339997,       -7.37447106,      -7.295031356,      -11.88025013
          0,           0,        1521,      -6.170026048,      -7.042024151,      -7.075662836,      -11.92895344
          0,           0,        1522,      -6.179973414,      -7.232882501,      -7.235437313,      -11.92426718
          0,           0,        1523,      -6.184580753,      -7.324989647,      -7.288449436,      -11.92862462
          0,           0,        1524,      -6.186612408,      -7.391274764,         -7.347635,      -11.96136214
          0,           0,        1525,      -6.187635899,      -7.450350251,      -7.374765558,      -12.00278303
          0,           0,        1526,      -6.188278199,      -7.503173206,      -7.409186291,      -12.03943086
          0,           0,        1527,      -6.324379035,      -7.542050506,      -7.429492296,       -11.8567505
          0,           0,        1528,      -6.168319875,      -6.978757389,      -7.032066264,      -11.92862089
          0,           0,        1529,      -6.179847982,      -7.147469232,       -7.13955116,      -11.91495658
          0,           0,        1530,      -6.184945937,      -7.248832996,      -7.218540085,      -11.91495482
          0,           0,        1531,      -6.186982064,      -7.333597618,       -7.29555375,      -11.94460821
          0,           0,        1532,      -6.187919809,      -7.415177933,      -7.347198037,       -11.9943357
          0,           0,        1533,      -6.188564155,      -7.501767015,      -7.413741094,      -12.06105243
          0,           0,        1534,      -6.320123117,      -7.575208594,      -7.467405504,      -11.89507931
          0,           0,        1535,       -6.16981462,      -7.003118193,      -7.059245898,       -12.0052561
          0,           0,        1536,      -6.180596464,      -7.176302268,      -7.171058579,      -12.01069426
          0,           0,        1537,      -6.185369263,      -7.282916945,      -7.255991869,      -12.01568526
          0,           0,        1538,      -6.187362498,      -7.373824164,      -7.340979969,      -12.04460605
          0,           0,        1539,      -6.337902674,      -7.464072884,      -7.402214491,      -11.88449151
          0,           0,        1540,      -6.162169599,      -6.919830995,      -6.989992796,      -12.06682009
          0,           0,        1541,      -6.176647514,        -7.1228351,      -7.160919764,      -12.08168099
          0,           0,        1542,      -6.358567306,      -7.239535983,      -7.244532198,      -11.97154352
          0,           0,        1543,      -6.150293702,      -6.926901795,      -7.022566993,      -12.18761575
          0,           0,        1544,      -6.169975421,      -7.113769892,      -7.229042695,      -12.04233753
          0,           0,        1545,      -6.178697796,      -7.172582275,      -7.194861452,      -11.99115314
          0,           0,        1546,      -6.182510326,      -7.235454649,      -7.246392689,      -12.01051855
          0,           0,        1547,      -6.346794932,      -7.308979542,      -7.273475012,      -11.81136264
          0,           0,        1548,       -6.15225813,      -6.849657266,      -6.910920473,      -11.98271336
          0,           0,        1549,      -6.170881667,      -7.061937204,      -7.094908112,      -11.99346595
          0,           0,        1550,       -6.36261138,      -7.163566574,      -7.152267703,      -11.95372555
          0,           0,        1551,      -6.147785354,      -6.942807507,      -7.028134307,      -12.09795998
          0,           0,        1552,      -6.167949812,       -7.12962957,      -7.238176822,      -11.97878928
          0,           0,        1553,      -6.177143648,      -7.166885468,       -7.18101983,      -11.94216533
          0,           0,        1554,      -6.338171471,      -7.221072196,      -7.223963705,      -11.94805566
          0,           0,        1555,      -6.158260074,      -6.961755175,      -7.003002396,      -12.09518287
          0,           0,        1556,      -6.172762428,      -7.203721704,      -7.265684562,      -12.10089195
          0,           0,        1557,      -6.179959922,      -7.291669384,      -7.293213858,       -12.0937774
          0,           0,        1558,        -6.1834251,      -7.360430712,      -7.391362002,       -12.1402885
          0,           0,        1559,      -6.185475818,      -7.438289652,      -7.433465487,      -12.18589759
          0,           0,        1560,      -6.186842592,      -7.536404917,      -7.514697077,       -12.2339908
          0,           0,        1561,      -6.187983786,      -7.639668545,      -7.586198393,      -12.26863053
          0,           0,        1562,      -6.189039432,       -7.71702452,      -7.632712767,      -12.28352357
          0,           0,        1563,      -6.189844055,      -7.764021674,      -7.657090348,      -12.29581558
          0,           0,        1564,      -6.190433222,      -7.785202263,      -7.664085597,      -12.30412373
          0,           0,        1565,      -6.190804909,      -7.795288948,      -7.668431719,      -12.30735249
          0,           0,        1566,      -6.301949278,      -7.800074418,      -7.672596466,      -12.04703506
          0,           0,        1567,      -6.176145132,      -7.104922042,      -7.167762772,      -12.16175075
          0,           0,        1568,      -6.183966753,      -7.275146689,      -7.280055026,      -12.14078975
          0,           0,        1569,      -6.187415216,      -7.372100152,      -7.349318117,      -12.12297965
          0,           0,        1570,      -6.188695509,      -7.444283208,      -7.401056259,      -12.12492734
          0,           0,        1571,      -6.189145956,      -7.504639941,      -7.428724648,      -12.12840414
          0,           0,        1572,      -6.189623222,      -7.560718728,      -7.470147274,      -12.13941177
          0,           0,        1573,      -6.318426989,      -7.601782397,       -7.50143133,      -11.91489869
          0,           0,        1574,      -6.171058499,      -7.013181363,      -7.070818164,      -12.01563123
          0,           0,        1575,      -6.181364215,      -7.183235503,      -7.182705974,      -12.01791285
          0,           0,        1576,       -6.18591997,      -7.287075972,      -7.264466846,      -12.02164735
          0,           0,        1577,      -6.187569154,      -7.371446019,      -7.338585394,      -12.04273198
          0,           0,        1578,      -6.188404643,      -7.448742486,      -7.384650117,      -12.06871606
          0,           0,        1579,      -6.188864748,      -7.529090123,      -7.446846588,      -12.10188969
          0,           0,        1580,      -6.315828434,       -7.59776824,      -7.502020086,      -11.91316734
          0,           0,        1581,      -6.171232345,      -7.024404023,      -7.082051036,      -12.01842278
          0,           0,        1582,      -6.181388265,      -7.196066629,      -7.194940355,      -12.03244457
          0,           0,        1583,      -6.185888498,      -7.299466191,      -7.278330281,      -12.04684523
          0,           0,        1584,      -6.331132284,      -7.383108407,      -7.353639315,      -11.98678272
          0,           0,        1585,      -6.365996693,      -6.989507413,      -7.049001337,      -11.81219437
          0,           0,        1586,       -6.14725852,      -6.994004173,      -7.055867713,       -11.9713853
          0,           0,        1587,      -6.308766509,      -6.976046651,      -7.001155822,      -12.02838021
          0,           0,        1588,      -6.161186407,      -7.295611828,      -7.328327433,      -11.94718566
          0,           0,        1589,      -6.173155711,      -7.165987683,      -7.195883745,      -11.88430177
          0,           0,        1590,      -6.178764084,      -7.182997146,        -7.1811952,      -11.88416094
          0,           0,        1591,      -6.302762471,      -7.233906456,      -7.197972508,      -11.87277358
          0,           0,        1592,      -6.167224776,      -7.046892839,      -7.050814617,      -11.95354659
          0,           0,        1593,      -6.177113493,      -7.246535904,      -7.206905754,      -11.98160737
          0,           0,        1594,       -6.18231728,      -7.321481357,      -7.261748118,      -12.00132559
          0,           0,        1595,      -6.185118808,      -7.376919235,      -7.323402121,      -12.02448628
          0,           0,        1596,      -6.186630434,      -7.432719491,      -7.361473624,      -12.03624058
          0,           0,        1597,      -6.187808117,      -7.495337047,       -7.41059035,      -12.05213377
          0,           0,        1598,      -6.188734634,      -7.548521887,      -7.448162977,      -12.06636215
          0,           0,        1599,       -6.18952831,      -7.584261914,      -7.476184112,      -12.07561473
          0,           0,        1600,      -6.190145456,      -7.607267419,      -7.494515742,      -12.08528466
          0,           0,        1601,      -6.190454411,      -7.619329596,      -7.502188908,      -12.09471855
          0,           0,        1602,      -6.190927118,      -7.625439567,      -7.505394832,      -12.10145129
          0,           0,        1603,      -6.327126223,      -7.628907477,      -7.507948283,       -11.8924729
          0,           0,        1604,      -6.169357531,      -6.976090096,      -7.041599317,      -11.99017138
          0,           0,        1605,      -6.300077433,      -7.144060871,      -7.153141993,      -11.98661712
          0,           0,        1606,      -6.171186904,      -7.293925566,      -7.315555019,      -11.98361288
          0,           0,        1607,      -6.180133297,      -7.228279793,      -7.225607753,      -11.93606613
          0,           0,        1608,      -6.183908212,      -7.257057459,      -7.230275479,      -11.92525125
          0,           0,        1609,       -6.18571859,      -7.300855407,      -7.240315454,      -11.93053434
          0,           0,        1610,      -6.186745184,      -7.351449567,      -7.266106247,      -11.93982116
          0,           0,        1611,      -6.187706699,        -7.3970034,      -7.295613328,      -11.94534745
          0,           0,        1612,      -6.188538834,      -7.428035144,      -7.315456776,      -11.94614384
          0,           0,        1613,      -6.189382237,      -7.449259776,      -7.329454718,      -11.94294075
          0,           0,        1614,      -6.321459289,      -7.468768798,      -7.346494407,      -11.81620925
          0,           0,        1615,      -6.170113247,      -6.989771912,      -7.034592889,      -11.86221072
          0,           0,        1616,      -6.180781296,        -7.1455788,      -7.131774926,      -11.85715676
          0,           0,        1617,      -6.185540285,      -7.230559557,      -7.188605088,       -11.8654694
          0,           0,        1618,      -6.187288408,      -7.292720939,      -7.233153353,      -11.89273616
          0,           0,        1619,      -6.188069008,      -7.345983617,      -7.258138174,      -11.92263258
          0,           0,        1620,      -6.188501421,      -7.397112308,      -7.295164216,      -11.95027089
          0,           0,        1621,      -6.189145011,      -7.438070655,      -7.326715857,      -11.96582019
          0,           0,        1622,      -6.189808662,      -7.469382915,      -7.352664621,      -11.97137785
          0,           0,        1623,      -6.190302114,      -7.500516167,      -7.377973071,      -11.97469082
          0,           0,        1624,      -6.190573023,       -7.53680349,      -7.409675306,      -11.98033169
          0,           0,        1625,      -6.190977703,       -7.57914472,      -7.449571917,      -11.99376812
          0,           0,        1626,      -6.191182933,      -7.621091678,      -7.489017929,      -12.01809787
          0,           0,        1627,      -6.298478387,       -7.65489641,      -7.518745585,      -11.93893924
          0,           0,        1628,      -6.176949417,       -7.11234112,      -7.162270485,      -12.02251097
          0,           0,        1629,      -6.184332045,      -7.274811725,      -7.267053302,      -12.03688702
          0,           0,        1630,      -6.187576315,      -7.369261531,      -7.334102007,      -12.04665571
          0,           0,        1631,      -6.188769996,      -7.440343648,      -7.385716537,      -12.06101861
          0,           0,        1632,      -6.189240641,      -7.501737897,      -7.416485785,      -12.06766249
          0,           0,        1633,      -6.189632059,      -7.563337386,      -7.459278906,      -12.07351202
          0,           0,        1634,       -6.31038461,      -7.617289245,      -7.497157671,      -11.90985243
          0,           0,        1635,       -6.17300905,      -7.050558653,      -7.103098765,      -11.99722854
          0,           0,        1636,      -6.182294044,      -7.221310674,      -7.215823886,       -12.0161764
          0,           0,        1637,      -6.186395783,      -7.326423997,      -7.301331717,      -12.04157811
          0,           0,        1638,      -6.187981763,      -7.411956016,      -7.376212197,      -12.08031024
          0,           0,        1639,      -6.322417063,      -7.491774573,      -7.422176253,      -11.94656893
          0,           0,        1640,      -6.168489027,      -7.000469827,       -7.05781993,      -12.08951641
          0,           0,        1641,      -6.179553702,      -7.199999967,      -7.219274089,      -12.09049539
          0,           0,        1642,      -6.184788425,      -7.312859264,      -7.310148423,      -12.09230573
          0,           0,        1643,      -6.338294659,      -7.405970819,       -7.40735746,      -11.98922377
          0,           0,        1644,      -6.162260633,      -6.958427506,      -7.027716362,      -12.18953236
          0,           0,        1645,      -6.375930222,      -7.175129841,      -7.247868654,      -11.92186853
          0,           0,        1646,      -6.146600192,      -7.013910865,      -7.126060179,       -12.0756661
          0,           0,        1647,      -6.339181056,      -7.061155117,       -7.12555115,      -12.14865747
          0,           0,        1648,      -6.155195493,      -7.341783084,       -7.45339766,      -12.03303574
          0,           0,        1649,      -6.170097701,      -7.166822554,      -7.231792169,      -11.92086976
          0,           0,        1650,      -6.177048845,      -7.172363548,      -7.191118039,      -11.91094093
          0,           0,        1651,      -6.315724779,      -7.218772153,      -7.199930366,      -11.89372966
          0,           0,        1652,       -6.16358626,      -7.011171833,      -7.025627023,      -11.98473728
          0,           0,        1653,       -6.17509783,      -7.228890488,      -7.215505883,      -12.00628771
          0,           0,        1654,      -6.181135938,      -7.310101744,      -7.265129532,      -12.01940647
          0,           0,        1655,      -6.184265763,      -7.372168345,       -7.33898895,       -12.0504066
          0,           0,        1656,      -6.186083638,      -7.436249766,      -7.377904319,      -12.07440214
          0,           0,        1657,      -6.187335657,      -7.508331955,      -7.430606329,      -12.10127961
          0,           0,        1658,      -6.188389486,      -7.568938186,      -7.468829155,      -12.12004428
          0,           0,        1659,      -6.189205298,      -7.605013775,      -7.494370724,      -12.12658208
          0,           0,        1660,      -6.190000468,       -7.62501801,      -7.510572004,        -12.131437
          0,           0,        1661,       -6.19050622,      -7.634314266,      -7.517947592,      -12.13585017
          0,           0,        1662,      -6.190863626,      -7.638736407,      -7.522273932,      -12.13727677
          0,           0,        1663,      -6.191116279,      -7.640407134,      -7.525194232,      -12.13578979
          0,           0,        1664,      -6.191296766,      -7.639286299,       -7.52647643,      -12.13323632
          0,           0,        1665,        -6.1914258,       -7.63638711,      -7.527321919,       -12.1320708
          0,           0,        1666,      -6.319949155,      -7.632502847,      -7.527987951,      -11.92482634
          0,           0,        1667,      -6.171977188,        -7.0118325,      -7.075328377,      -12.02327927
          0,           0,        1668,      -6.363983061,       -7.17666965,      -7.185278249,      -11.87804413
          0,           0,        1669,      -6.155456979,      -7.000831677,      -7.098670642,      -11.95831302
          0,           0,        1670,      -6.173063455,      -7.058462703,       -7.09947193,      -11.88003617
          0,           0,        1671,      -6.180326517,      -7.113160537,      -7.110828743,      -11.85645562
          0,           0,        1672,      -6.183360871,      -7.174062397,      -7.139000795,      -11.86096201
          0,           0,        1673,      -6.184963384,       -7.23978501,      -7.170579672,      -11.86954858
          0,           0,        1674,      -6.186146007,       -7.30954912,        -7.2215769,      -11.87724787
          0,           0,        1675,       -6.18731933,      -7.365166926,      -7.261189369,      -11.88276728
          0,           0,        1676,      -6.188398675,      -7.401212073,      -7.285692982,      -11.89299847
          0,           0,        1677,      -6.189188626,       -7.42422936,      -7.302910636,      -11.90734434
          0,           0,        1678,      -6.189888532,      -7.440000092,      -7.320530106,      -11.92366534
          0,           0,        1679,      -6.190353853,      -7.448636525,       -7.33461251,      -11.94400042
          0,           0,        1680,      -6.190734511,      -7.448468346,      -7.338560048,      -11.96553048
          0,           0,        1681,      -6.190898358,      -7.444535915,      -7.337087895,      -11.97921738
          0,           0,        1682,       -6.19115531,      -7.444622565,      -7.339698806,      -11.98072933
          0,           0,        1683,      -6.327743182,      -7.452935261,      -7.351299525,      -11.83263165
          0,           0,        1684,      -6.169143881,      -6.960245481,      -7.016908745,      -11.90287151
          0,           0,        1685,      -6.180730988,      -7.120581956,      -7.124844884,      -11.89589821
          0,           0,        1686,      -6.185704915,       -7.21921121,      -7.196185429,      -11.89291014
          0,           0,        1687,      -6.187438781,      -7.298010423,      -7.259228317,      -11.90520536
          0,           0,        1688,      -6.188114856,      -7.365363386,      -7.295763072,      -11.92059562
          0,           0,        1689,      -6.188641344,      -7.426574964,      -7.341013295,      -11.94271992
          0,           0,        1690,      -6.189087542,      -7.468699609,      -7.369677555,      -11.96516697
          0,           0,        1691,      -6.189841509,      -7.489080227,      -7.381558903,      -11.98738951
          0,           0,        1692,      -6.190324868,      -7.498251479,      -7.383789642,      -12.00761606
          0,           0,        1693,      -6.190579463,      -7.505456739,      -7.388631391,      -12.01705051
          0,           0,        1694,      -6.190891965,      -7.517501974,      -7.402752471,      -12.01433363
          0,           0,        1695,      -6.191102244,      -7.535312405,      -7.422790041,      -12.00608724
          0,           0,        1696,      -6.191271513,      -7.558035748,      -7.444967105,      -11.99889116
          0,           0,        1697,      -6.191334341,      -7.585458696,      -7.469194009,      -11.99828805
          0,           0,        1698,       -6.19137409,      -7.615338785,       -7.49477367,      -12.00925698
          0,           0,        1699,      -6.327362349,      -7.642376453,      -7.517619963,      -11.86096118
          0,           0,        1700,      -6.169492692,      -6.974586028,       -7.04133102,      -11.96793932
          0,           0,        1701,      -6.180984281,      -7.144063455,       -7.15642234,      -11.98093868
          0,           0,        1702,       -6.18579587,      -7.247751712,      -7.226689604,      -11.98477962
          0,           0,        1703,      -6.187560328,      -7.328141795,      -7.284710622,      -11.99322703
          0,           0,        1704,      -6.188157888,      -7.398909135,      -7.318352966,      -11.99203668
          0,           0,        1705,      -6.188748384,      -7.472407371,      -7.373202322,      -11.99656235
          0,           0,        1706,      -6.189353821,      -7.538516357,      -7.424596131,      -12.00872062
          0,           0,        1707,      -6.189943389,      -7.588985306,      -7.465582391,      -12.03505317
          0,           0,        1708,      -6.319109627,      -7.624012972,      -7.489470884,      -11.88953606
          0,           0,        1709,       -6.17127343,      -7.013345622,        -7.0670947,      -11.97988772
          0,           0,        1710,       -6.18153637,      -7.178497447,      -7.172378765,      -11.97624914
          0,           0,        1711,      -6.186009238,      -7.275096284,      -7.238350996,      -11.97032192
          0,           0,        1712,      -6.187652102,      -7.349481265,        -7.2935741,      -11.98105093
          0,           0,        1713,      -6.188409491,      -7.419345521,      -7.329892566,      -11.99612587
          0,           0,        1714,      -6.188855813,      -7.496231663,       -7.38873734,      -12.02060773
          0,           0,        1715,      -6.189507445,      -7.567820816,      -7.446609158,      -12.05114153
          0,           0,        1716,      -6.312603888,      -7.620681158,      -7.490629059,      -11.90739148
          0,           0,        1717,      -6.172659521,      -7.042288585,      -7.092929901,      -12.00522601
          0,           0,        1718,      -6.182034938,       -7.20990186,      -7.199564427,      -12.01555124
          0,           0,        1719,      -6.186302657,      -7.311834873,      -7.276772542,      -12.02112399
          0,           0,        1720,      -6.187907965,      -7.393813793,       -7.34531491,      -12.04237884
          0,           0,        1721,       -6.32334005,      -7.471460635,      -7.390336822,      -11.92353841
          0,           0,        1722,      -6.387333832,      -6.995051417,      -7.050690162,      -11.71251069
          0,           0,        1723,      -6.140729575,      -6.901954568,      -6.961571121,      -11.87370921
          0,           0,        1724,      -6.165552232,      -6.916344985,      -6.942780444,       -11.8135971
          0,           0,        1725,      -6.176642653,      -6.995198006,      -7.003418903,      -11.81268993
          0,           0,        1726,      -6.181049618,      -7.081713148,       -7.06266075,      -11.84412403
          0,           0,        1727,      -6.183307912,      -7.165457293,       -7.10935216,      -11.88141404
          0,           0,        1728,      -6.184798456,      -7.261152563,       -7.18542424,      -11.92207984
          0,           0,        1729,      -6.186298034,      -7.345263523,      -7.246753543,      -11.94235148
          0,           0,        1730,      -6.344179217,      -7.405845845,      -7.288621624,      -11.71530756
          0,           0,        1731,      -6.154188153,      -6.828608131,       -6.88868506,      -11.80659087
          0,           0,        1732,      -6.316723422,      -6.993965796,        -6.9933456,      -11.81529549
          0,           0,        1733,      -6.373915133,      -7.194716178,      -7.154625745,      -11.79549161
          0,           0,        1734,        -6.1456665,      -7.156633985,      -7.133874015,      -11.80339636
          0,           0,        1735,      -6.165734832,       -7.01807039,      -7.027369185,      -11.73542168
          0,           0,        1736,      -6.174914912,      -7.036845558,      -7.011516574,      -11.72223821
          0,           0,        1737,      -6.179296426,      -7.084973161,      -7.028590376,      -11.73237069
          0,           0,        1738,      -6.335663089,      -7.143230998,      -7.060072528,       -11.6816138
          0,           0,        1739,      -6.157103769,      -6.882242581,      -6.895463847,      -11.75190088
          0,           0,        1740,      -6.172219708,       -7.06610239,      -7.025141437,      -11.77732874
          0,           0,        1741,      -6.179807611,      -7.149856469,       -7.07798823,      -11.79706007
          0,           0,        1742,      -6.183289046,      -7.219707271,       -7.15157333,      -11.82442922
          0,           0,        1743,      -6.185133857,      -7.284257397,       -7.19757249,      -11.85106056
          0,           0,        1744,      -6.186486376,      -7.353264955,      -7.252214049,       -11.8849656
          0,           0,        1745,      -6.187578183,       -7.41447982,      -7.296543223,      -11.91383267
          0,           0,        1746,      -6.188619421,      -7.461578365,      -7.334874329,      -11.93342097
          0,           0,        1747,      -6.189331283,      -7.498095363,      -7.366437378,      -11.95205024
          0,           0,        1748,      -6.190010847,      -7.523664454,      -7.389975585,      -11.96974732
          0,           0,        1749,      -6.319629749,      -7.543769424,      -7.410098123,       -11.8541407
          0,           0,        1750,      -6.170976121,       -7.00578646,      -7.057298552,      -11.92158858
          0,           0,        1751,      -6.181354182,      -7.169340093,       -7.15920472,      -11.91573858
          0,           0,        1752,      -6.185850986,      -7.262315281,      -7.219492655,      -11.91516683
          0,           0,        1753,      -6.187462076,      -7.331257881,      -7.268500705,      -11.93019928
          0,           0,        1754,      -6.293408865,       -7.38832051,      -7.296330644,      -11.89928379
          0,           0,        1755,      -6.174649473,      -7.102915758,      -7.118648988,      -11.96459823
          0,           0,        1756,      -6.182157721,      -7.280717662,      -7.246796411,      -11.97425477
          0,           0,        1757,      -6.185871512,      -7.365189358,      -7.310475276,      -11.97618183
          0,           0,        1758,      -6.187571543,      -7.427305171,      -7.368128042,      -11.99013911
          0,           0,        1759,      -6.328567247,       -7.47979146,      -7.401086032,      -11.86248824
          0,           0,        1760,      -6.166241092,      -6.965100993,      -7.022479527,      -11.96512383
          0,           0,        1761,      -6.178429962,      -7.151876678,      -7.163832621,       -11.9699249
          0,           0,        1762,      -6.184124925,      -7.252120293,       -7.23417099,      -11.96546282
          0,           0,        1763,      -6.186367484,      -7.331399416,      -7.308094894,      -11.97685753
          0,           0,        1764,      -6.187411402,      -7.405246787,      -7.350118835,      -11.98879114
          0,           0,        1765,      -6.188196883,      -7.487179439,      -7.418423031,      -12.01973507
          0,           0,        1766,      -6.188985542,      -7.561682118,      -7.477323442,      -12.06677033
          0,           0,        1767,      -6.189680661,      -7.613322722,      -7.517567309,      -12.12120384
          0,           0,        1768,      -6.190200257,      -7.645368174,      -7.536828127,      -12.16659329
          0,           0,        1769,       -6.19073916,      -7.664334119,      -7.546485754,      -12.17708082
          0,           0,        1770,      -6.191054702,      -7.684682226,      -7.564199662,      -12.16271476
          0,           0,        1771,      -6.191287267,       -7.71398561,       -7.59446283,       -12.1551348
          0,           0,        1772,      -6.325891329,      -7.753150831,      -7.636316823,       -11.9200642
          0,           0,        1773,      -6.391391087,      -6.989596317,      -7.063318237,      -11.69271698
          0,           0,        1774,      -6.396096149,       -6.87586671,      -6.945918299,      -11.68074873
          0,           0,        1775,       -6.12914083,      -6.956248799,      -6.967059118,      -11.73023465
          0,           0,        1776,      -6.158104114,      -6.827143776,      -6.835482335,      -11.64134034
          0,           0,        1777,      -6.310796314,      -6.881919435,      -6.878894246,      -11.73754358
          0,           0,        1778,      -6.158756918,      -6.984037155,      -6.916995269,      -11.73928962
          0,           0,        1779,      -6.170256823,      -7.110478673,      -7.054862773,      -11.74812521
          0,           0,        1780,      -6.342317452,      -7.147507383,      -7.067750379,      -11.70940578
          0,           0,        1781,      -6.153734016,      -6.934749299,      -6.941022869,      -11.75513876
          0,           0,        1782,      -6.169537718,      -7.092226978,       -7.04426506,      -11.76131496
          0,           0,        1783,       -6.17747789,      -7.135205755,      -7.064906484,      -11.76718121
          0,           0,        1784,      -6.344502601,      -7.179172246,      -7.112863023,        -11.735331
          0,           0,        1785,        -6.3256496,       -6.89452107,      -6.923242325,      -11.69749972
          0,           0,        1786,      -6.146869132,      -7.016445473,      -7.008695068,      -11.75136687
          0,           0,        1787,      -6.166678124,      -6.970576249,      -6.951500105,      -11.71110414
          0,           0,        1788,      -6.175822291,       -7.02147397,      -7.000598891,      -11.71064246
          0,           0,        1789,      -6.180027118,      -7.079497684,      -7.030653031,      -11.72522492
          0,           0,        1790,       -6.18239527,      -7.139394458,       -7.06634012,      -11.74415096
          0,           0,        1791,      -6.184082895,      -7.203786118,      -7.115202238,      -11.76455659
          0,           0,        1792,      -6.185678188,      -7.255352551,      -7.151442738,      -11.77739904
          0,           0,        1793,       -6.18707453,      -7.294199774,      -7.178714342,      -11.78746167
          0,           0,        1794,      -6.310376527,      -7.324739804,      -7.200732092,      -11.73377881
          0,           0,        1795,      -6.171169989,      -7.009544241,      -7.019802259,      -11.76447465
          0,           0,        1796,      -6.180774076,       -7.14590692,       -7.09379038,      -11.76671859
          0,           0,        1797,      -6.185081474,      -7.213812406,        -7.1360922,      -11.77605998
          0,           0,        1798,       -6.18680519,      -7.261277889,      -7.167966318,      -11.79667189
          0,           0,        1799,      -6.187453018,      -7.302577147,      -7.188779045,      -11.81870119
          0,           0,        1800,      -6.327802008,      -7.341742851,      -7.219071736,      -11.74509915
          0,           0,        1801,      -6.338674198,      -6.938591591,      -6.974846031,      -11.68976966
          0,           0,        1802,      -6.153229547,      -6.976954091,      -6.999936024,      -11.75215084
          0,           0,        1803,      -6.171469006,      -6.961970578,      -6.954334004,      -11.72680899
          0,           0,        1804,      -6.358277419,      -7.042973417,      -7.029554399,       -11.7880322
          0,           0,        1805,      -6.344778934,      -6.926726912,      -6.969611569,      -11.76840054
          0,           0,        1806,      -6.140415571,      -7.104025959,      -7.126944925,      -11.87178235
          0,           0,        1807,      -6.162790424,      -7.005677973,      -7.028140863,      -11.80080214
          0,           0,        1808,      -6.173553622,      -7.045384684,      -7.061831469,      -11.79933131
          0,           0,        1809,      -6.178605222,      -7.108059697,      -7.091136388,      -11.82013512
          0,           0,        1810,      -6.181496936,       -7.17455899,      -7.123470935,      -11.83483147
          0,           0,        1811,      -6.183517647,      -7.250288268,      -7.179504471,      -11.85092567
          0,           0,        1812,      -6.185371474,      -7.308914997,      -7.213522797,      -11.86525673
          0,           0,        1813,      -6.186992907,      -7.343879469,      -7.231981403,      -11.88333022
          0,           0,        1814,       -6.18825423,       -7.36134024,      -7.242248984,      -11.90059452
          0,           0,        1815,      -6.189136483,      -7.367780858,      -7.250150206,      -11.90622699
          0,           0,        1816,      -6.189799722,      -7.370258704,      -7.257541031,      -11.90159461
          0,           0,        1817,      -6.327985485,      -7.372611762,      -7.263899661,      -11.78848193
          0,           0,        1818,       -6.16808341,      -6.948034888,      -6.992804984,      -11.83970419
          0,           0,        1819,      -6.179991947,      -7.095531024,      -7.081443599,      -11.82886091
          0,           0,        1820,      -6.185074034,      -7.174227981,       -7.13142474,      -11.82062426
          0,           0,        1821,      -6.336296901,      -7.230745616,      -7.172753867,      -11.79088807
          0,           0,        1822,      -6.162593282,      -6.937757947,      -6.977647333,      -11.84340383
          0,           0,        1823,      -6.299721477,      -7.119293127,      -7.136356907,      -11.84620528
          0,           0,        1824,      -6.167035154,      -7.261851708,       -7.25024934,       -11.8553652
          0,           0,        1825,      -6.369159125,       -7.18860676,      -7.180659995,      -11.82169254
          0,           0,        1826,      -6.333508129,      -6.978140576,      -7.045355678,      -11.80418646
          0,           0,        1827,       -6.14176072,      -7.128106335,      -7.139267071,      -11.84536951
          0,           0,        1828,      -6.376025521,       -6.98072747,      -6.993462874,       -11.8936974
          0,           0,        1829,      -6.143965398,      -7.158249274,      -7.201112919,      -11.85429594
          0,           0,        1830,      -6.163295033,      -7.119995295,       -7.15488324,      -11.77731092
          0,           0,        1831,      -6.172710568,      -7.097733084,      -7.101228437,      -11.76172382
          0,           0,        1832,      -6.177831289,      -7.132969674,      -7.110397674,      -11.77140268
          0,           0,        1833,      -6.180908634,      -7.186081474,       -7.13877497,      -11.78661294
          0,           0,        1834,      -6.183241288,      -7.244742339,      -7.177943215,      -11.80434676
          0,           0,        1835,      -6.185161232,      -7.288743146,      -7.200111099,       -11.8228505
          0,           0,        1836,      -6.186765702,      -7.311967764,      -7.208935946,      -11.83934677
          0,           0,        1837,      -6.188013901,      -7.320786323,      -7.213386082,      -11.84939371
          0,           0,        1838,      -6.188931616,      -7.322520749,      -7.216252171,       -11.8508034
          0,           0,        1839,      -6.326720961,      -7.322775964,      -7.218467426,      -11.75781277
          0,           0,        1840,      -6.167911143,       -6.94440331,      -6.980892093,      -11.79355716
          0,           0,        1841,      -6.324888353,      -7.084609091,      -7.062243321,       -11.7726287
          0,           0,        1842,      -6.165558555,      -7.130191619,      -7.137050114,      -11.77677586
          0,           0,        1843,      -6.177205842,      -7.115008284,       -7.09995521,      -11.75559213
          0,           0,        1844,      -6.182051228,       -7.14561125,      -7.112886625,      -11.75813182
          0,           0,        1845,      -6.184319274,      -7.183029035,      -7.126731462,      -11.77204868
          0,           0,        1846,      -6.185620757,      -7.219939495,      -7.144914633,      -11.78690569
          0,           0,        1847,      -6.186670137,      -7.249314556,      -7.162996141,      -11.79764953
          0,           0,        1848,      -6.187682119,      -7.266241668,      -7.171873645,      -11.80475785
          0,           0,        1849,      -6.188577897,      -7.276638649,      -7.176924608,      -11.81023262
          0,           0,        1850,      -6.189290479,      -7.288145843,      -7.185780982,       -11.8121356
          0,           0,        1851,      -6.189794334,      -7.304963364,      -7.202195762,       -11.8101848
          0,           0,        1852,      -6.190191953,      -7.327049381,      -7.224019759,      -11.80728869
          0,           0,        1853,       -6.19031953,      -7.352364893,      -7.247460524,       -11.8062529
          0,           0,        1854,      -6.326361858,      -7.379233616,      -7.270665038,      -11.73268028
          0,           0,        1855,      -6.168776128,      -6.955696565,      -7.001092319,       -11.7833048
          0,           0,        1856,      -6.180307663,      -7.108397056,      -7.095760724,      -11.79422707
          0,           0,        1857,      -6.185224326,      -7.194891964,      -7.149795545,      -11.81064371
          0,           0,        1858,      -6.186925633,      -7.257004856,      -7.191120807,      -11.83614956
          0,           0,        1859,      -6.312713084,      -7.305319471,      -7.211594917,      -11.80545872
          0,           0,        1860,      -6.350186023,      -7.007767847,      -7.026764151,      -11.71601222
          0,           0,        1861,      -6.152442937,      -6.970709409,      -7.005179416,      -11.79147204
          0,           0,        1862,      -6.171005998,      -6.980249866,      -6.978139318,      -11.75695606
          0,           0,        1863,      -6.179183708,      -7.061595716,      -7.051259849,       -11.7570353
          0,           0,        1864,      -6.182570267,      -7.142279158,       -7.10509668,      -11.77903966
          0,           0,        1865,      -6.184376714,       -7.22331689,      -7.156525542,      -11.81810501
          0,           0,        1866,      -6.185662777,      -7.310977111,      -7.223463091,        -11.871774
          0,           0,        1867,      -6.186952075,      -7.380193527,      -7.271494746,      -11.91482904
          0,           0,        1868,      -6.313417001,      -7.423297875,      -7.299112581,      -11.81655474
          0,           0,        1869,      -6.301705943,      -7.013504225,      -7.038591813,       -11.7632525
          0,           0,        1870,      -6.406283711,      -7.069613495,      -7.068004151,      -11.65547495
          0,           0,        1871,      -6.135236945,      -6.970671486,      -6.978557493,      -11.70497359
          0,           0,        1872,      -6.161415253,      -6.897893297,      -6.903331899,      -11.64699655
          0,           0,        1873,      -6.173171491,      -6.938952289,      -6.920915415,      -11.64443422
          0,           0,        1874,       -6.17818751,      -7.001599852,       -6.94673581,      -11.66767003
          0,           0,        1875,      -6.180881452,       -7.06717315,       -6.98007796,      -11.69245223
          0,           0,        1876,      -6.182702426,      -7.138064204,      -7.034864796,      -11.71206124
          0,           0,        1877,      -6.184553839,       -7.19494887,      -7.076557828,      -11.72609906
          0,           0,        1878,      -6.186192571,      -7.234562771,      -7.102957282,      -11.74233245
          0,           0,        1879,      -6.304373639,      -7.266105553,      -7.125267766,      -11.70748704
          0,           0,        1880,      -6.172066256,      -7.015024101,      -6.999304416,      -11.73736279
          0,           0,        1881,       -6.18103288,      -7.140700491,      -7.066900298,      -11.74712685
          0,           0,        1882,       -6.18515379,      -7.201261174,      -7.107754174,      -11.76269551
          0,           0,        1883,       -6.33554879,      -7.243708673,      -7.138592395,      -11.74569669
          0,           0,        1884,      -6.162383183,      -6.928869887,      -6.957760039,      -11.80459679
          0,           0,        1885,      -6.176086708,       -7.10394115,      -7.091449876,      -11.80621299
          0,           0,        1886,      -6.182295939,      -7.184767569,      -7.130986951,      -11.80619901
          0,           0,        1887,      -6.184896785,        -7.2422548,      -7.180597465,      -11.82143993
          0,           0,        1888,      -6.186228824,       -7.29331979,      -7.203889676,      -11.83743375
          0,           0,        1889,      -6.187100997,      -7.342611011,      -7.236587665,      -11.85491328
          0,           0,        1890,      -6.188035919,      -7.383003194,      -7.263792243,      -11.87103609
          0,           0,        1891,      -6.310515703,      -7.410306907,      -7.287124539,      -11.79432555
          0,           0,        1892,      -6.171858677,      -7.023615632,      -7.049599973,      -11.84251704
          0,           0,        1893,      -6.181296357,      -7.169702664,      -7.132229637,      -11.84495447
          0,           0,        1894,      -6.352016715,      -7.250950855,      -7.187335362,      -11.78965394
          0,           0,        1895,      -6.373100331,      -6.908685298,      -6.976123913,      -11.71746102
          0,           0,        1896,      -6.139933471,      -7.009156152,       -7.03612018,      -11.79304755
          0,           0,        1897,      -6.163700237,      -6.928319896,       -6.94105765,      -11.71911233
          0,           0,        1898,      -6.174479528,      -6.981448336,      -6.976353761,      -11.70793233
          0,           0,        1899,      -6.179103966,      -7.047486458,      -7.005246193,      -11.72086866
          0,           0,        1900,      -6.338674912,      -7.114874435,      -7.040477534,       -11.6748193
          0,           0,        1901,      -6.155156866,      -6.864220519,      -6.881859326,      -11.74835681
          0,           0,        1902,      -6.171162956,      -7.057281221,      -7.026156514,      -11.77148648
          0,           0,        1903,       -6.17924224,      -7.143025502,      -7.079810218,      -11.79429214
          0,           0,        1904,      -6.182897171,      -7.214114271,      -7.154345039,      -11.82881133
          0,           0,        1905,      -6.184911608,      -7.275247132,      -7.194024158,      -11.85319273
          0,           0,        1906,        -6.3433618,       -7.34066032,      -7.245099395,      -11.69953438
          0,           0,        1907,       -6.15135469,      -6.816444727,      -6.879305332,      -11.80137196
          0,           0,        1908,       -6.17119131,      -6.994674901,      -7.005243426,       -11.8010321
          0,           0,        1909,      -6.180153421,      -7.087212712,      -7.060235639,      -11.80753272
          0,           0,        1910,      -6.183611083,      -7.168668784,      -7.135780016,      -11.83668638
          0,           0,        1911,      -6.185310157,      -7.239913974,      -7.174342327,      -11.86153741
          0,           0,        1912,      -6.186387477,      -7.315566126,      -7.231845059,      -11.88544476
          0,           0,        1913,      -6.187440539,      -7.381234758,      -7.278128649,      -11.89733473
          0,           0,        1914,      -6.316200063,      -7.429864498,       -7.31504744,      -11.79589192
          0,           0,        1915,      -6.170094512,      -7.005277764,      -7.040193741,      -11.85781664
          0,           0,        1916,      -6.180502214,      -7.160325078,      -7.129898218,      -11.87263245
          0,           0,        1917,        -6.1851515,      -7.247558895,      -7.193367667,      -11.88449598
          0,           0,        1918,      -6.187009165,      -7.313601303,      -7.247863063,      -11.90384033
          0,           0,        1919,      -6.187888213,      -7.373938977,      -7.281343191,      -11.92580395
          0,           0,        1920,      -6.188509005,       -7.43735352,      -7.327343492,      -11.95143822
          0,           0,        1921,      -6.189127298,      -7.496026929,      -7.373743232,      -11.97545712
          0,           0,        1922,      -6.189771638,      -7.541238522,      -7.413019722,      -11.99809909
          0,           0,        1923,      -6.190282106,      -7.573380967,       -7.43970195,      -12.01556213
          0,           0,        1924,      -6.190654924,      -7.601946263,      -7.465074731,       -12.0226917
          0,           0,        1925,      -6.190975915,      -7.638909812,        -7.5027796,      -12.02902735
          0,           0,        1926,      -6.303830612,      -7.685620772,      -7.552768351,      -11.92709921
          0,           0,        1927,      -6.175718558,      -7.090799031,      -7.149701753,      -12.01949416
          0,           0,        1928,      -6.183765747,      -7.260637852,      -7.265633037,      -12.05015534
          0,           0,        1929,       -6.18729758,      -7.361764833,      -7.339147891,      -12.07559079
          0,           0,        1930,       -6.18859968,      -7.439646328,      -7.394009696,      -12.09691053
          0,           0,        1931,      -6.189150911,      -7.508337679,      -7.426555743,      -12.10109311
          0,           0,        1932,      -6.189546898,      -7.578623143,      -7.479887959,      -12.10890769
          0,           0,        1933,      -6.189849976,      -7.641079622,      -7.531753383,      -12.12667658
          0,           0,        1934,      -6.190482247,      -7.691870535,      -7.576729157,      -12.16036501
          0,           0,        1935,      -6.309042149,      -7.733252131,       -7.60830725,      -11.97203622
          0,           0,        1936,      -6.174288614,      -7.067070962,      -7.125370787,      -12.07488217
          0,           0,        1937,      -6.183047662,      -7.237184294,      -7.238659878,      -12.06782052
          0,           0,        1938,      -6.347039203,      -7.339817945,      -7.314340858,      -11.98055216
          0,           0,        1939,        -6.1607257,       -6.97392923,      -7.058156024,      -12.10394861
          0,           0,        1940,      -6.175728786,      -7.151458853,      -7.223046442,      -12.03266368
          0,           0,        1941,      -6.358862324,      -7.230079309,       -7.23371558,      -11.98178735
          0,           0,        1942,      -6.151307881,       -6.94568534,      -7.031877363,      -12.16557893
          0,           0,        1943,      -6.169999596,       -7.13965334,      -7.249157946,      -12.03984497
          0,           0,        1944,      -6.178491143,      -7.192547263,      -7.212502275,       -11.9897499
          0,           0,        1945,      -6.321170123,      -7.251744859,      -7.263162226,      -12.00051686
          0,           0,        1946,      -6.367378973,      -7.029478123,      -7.057555816,      -11.80386046
          0,           0,        1947,       -6.14445642,      -6.999194664,      -7.034184344,      -11.97241121
          0,           0,        1948,      -6.380510715,      -7.010561563,      -7.027302137,      -11.96506972
          0,           0,        1949,      -6.144697062,      -7.176147017,      -7.265083119,       -11.9663163
          0,           0,        1950,      -6.164751041,      -7.110888735,        -7.1659768,      -11.85292823
          0,           0,        1951,      -6.354451122,      -7.104259332,      -7.121600783,      -11.94665731
          0,           0,        1952,      -6.150181675,      -6.989556387,      -7.026836411,      -12.04388716
          0,           0,        1953,      -6.167215419,      -7.224132058,      -7.311343634,      -12.00672038
          0,           0,        1954,      -6.175958796,      -7.241730289,      -7.255725525,      -11.99042314
          0,           0,        1955,          -6.18054,      -7.286310132,      -7.312009356,      -12.02145943
          0,           0,        1956,      -6.183260053,      -7.346508937,      -7.333020605,      -12.05377601
          0,           0,        1957,      -6.185155068,      -7.423782839,      -7.383710636,      -12.07995893
          0,           0,        1958,      -6.186728313,      -7.499729249,      -7.425015472,      -12.09286574
          0,           0,        1959,      -6.325316583,      -7.552317862,      -7.450498759,      -11.87185451
          0,           0,        1960,      -6.167445355,      -6.979651162,      -7.034235539,      -11.94927158
          0,           0,        1961,       -6.17924218,      -7.144548503,      -7.129594856,      -11.93481159
          0,           0,        1962,      -6.184520891,      -7.230338076,      -7.185673622,       -11.9251458
          0,           0,        1963,      -6.186574601,       -7.29272808,      -7.233466364,      -11.93354897
          0,           0,        1964,      -6.187602971,      -7.348159122,      -7.260181275,      -11.94680121
          0,           0,        1965,      -6.188281217,      -7.402967608,      -7.301438274,      -11.96488783
          0,           0,        1966,       -6.18897547,      -7.446062006,      -7.337823588,      -11.97999493
          0,           0,        1967,      -6.189554563,      -7.473499413,      -7.364419247,      -11.99408044
          0,           0,        1968,      -6.298334173,      -7.491805422,      -7.381611112,      -11.89988986
          0,           0,        1969,      -6.175938979,      -7.090811898,      -7.121927916,      -11.95274702
          0,           0,        1970,       -6.33736155,      -7.239373687,      -7.212501151,      -11.88125317
          0,           0,        1971,        -6.1646475,      -7.086087719,      -7.148484056,      -11.92578834
          0,           0,        1972,      -6.177428308,      -7.141853526,      -7.152026054,      -11.88755171
          0,           0,        1973,      -6.182705128,      -7.196125222,      -7.176632021,      -11.87964198
          0,           0,        1974,      -6.185072335,      -7.254411065,      -7.204890424,      -11.88826374
          0,           0,        1975,      -6.186305494,      -7.320606229,      -7.241152317,      -11.90119843
          0,           0,        1976,      -6.305927958,      -7.389030333,       -7.29133333,       -11.8232687
          0,           0,        1977,      -6.171278067,      -7.037246399,      -7.061422962,      -11.89018682
          0,           0,        1978,      -6.180631455,      -7.202882531,      -7.162515694,      -11.91213469
          0,           0,        1979,      -6.185106029,      -7.292137616,      -7.234484711,      -11.93488065
          0,           0,        1980,      -6.311877317,      -7.361917226,      -7.301416119,      -11.92992502
          0,           0,        1981,      -6.170222263,      -7.062581123,      -7.094464411,      -12.00845635
          0,           0,        1982,      -6.179873475,       -7.25459058,      -7.261638349,      -12.01730573
          0,           0,        1983,      -6.184463948,      -7.333806115,      -7.304576574,      -12.01170656
          0,           0,        1984,      -6.334751553,      -7.391508319,      -7.360487283,      -11.91273001
          0,           0,        1985,      -6.370639716,      -6.966884625,      -7.026641074,      -11.76050234
          0,           0,        1986,      -6.144702775,      -6.981492339,      -7.030538856,      -11.89225759
          0,           0,        1987,       -6.16678672,      -6.961806464,      -6.982733981,      -11.82260893
          0,           0,        1988,      -6.176847773,      -7.033148915,      -7.045191128,      -11.82134287
          0,           0,        1989,      -6.181057938,      -7.113933301,      -7.096631237,      -11.85315411
          0,           0,        1990,      -6.183318793,      -7.195824856,       -7.14362704,      -11.88955898
          0,           0,        1991,      -6.184873696,      -7.290524697,      -7.219909603,      -11.92701343
          0,           0,        1992,       -6.18639291,      -7.371479275,      -7.278541221,      -11.94955845
          0,           0,        1993,      -6.187767039,      -7.426859998,      -7.314187613,      -11.97083535
          0,           0,        1994,       -6.18885007,      -7.462133594,      -7.332997455,      -11.99112353
          0,           0,        1995,      -6.189610532,      -7.488522776,      -7.353628584,      -11.99866566
          0,           0,        1996,      -6.190220956,      -7.513676813,      -7.380267783,      -12.00032339
          0,           0,        1997,      -6.190615373,      -7.533169466,      -7.400690061,       -12.0057119
          0,           0,        1998,      -6.324913113,      -7.546456704,      -7.412262701,      -11.86219801
          0,           0,        1999,      -6.169844942,      -6.982725216,      -7.039702005,      -11.94554898
          0,           0,        2000,      -6.180985691,      -7.146159261,      -7.143473557,      -11.94090487
          0,           0,        2001,      -6.185756525,      -7.240328732,      -7.204543223,      -11.93705666
          0,           0,        2002,      -6.187427717,      -7.310629095,        -7.2537873,        -11.946826
          0,           0,        2003,      -6.188184668,      -7.367805784,      -7.279127005,      -11.95605724
          0,           0,        2004,      -6.188547072,       -7.41923915,      -7.314273072,       -11.9666299
          0,           0,        2005,      -6.189244767,      -7.457116347,      -7.341069692,      -11.97087242
          0,           0,        2006,       -6.30777958,      -7.481326444,      -7.360811319,      -11.85527047
          0,           0,        2007,       -6.17346758,      -7.047191164,       -7.08039413,      -11.90786449
          0,           0,        2008,      -6.182326184,      -7.198813049,      -7.169708517,      -11.90963359
          0,           0,        2009,      -6.338569221,        -7.2863334,      -7.231838904,      -11.88798415
          0,           0,        2010,      -6.163651455,      -7.009559864,      -7.065490542,      -11.94582127
          0,           0,        2011,      -6.374961444,      -7.171739542,      -7.201127255,      -11.84507176
          0,           0,        2012,      -6.146525927,       -7.00535764,      -7.093853389,      -11.92852829
          0,           0,        2013,      -6.167355635,      -7.056767481,      -7.107586451,      -11.83790872
          0,           0,        2014,      -6.176728198,      -7.089230665,      -7.093228656,       -11.8123442
          0,           0,        2015,      -6.349234707,      -7.147870545,      -7.125217914,      -11.79653735
          0,           0,        2016,      -6.151457447,      -6.883948979,      -6.921462389,      -11.90708225
          0,           0,        2017,       -6.16916417,      -7.116231263,      -7.155922744,      -11.92361594
          0,           0,        2018,       -6.35454153,       -7.19107327,      -7.167104157,      -11.91236074
          0,           0,        2019,      -6.153019726,      -6.999622022,      -7.063239857,      -11.98864129
          0,           0,        2020,      -6.169867897,      -7.177641066,      -7.236392949,      -11.92959909
          0,           0,        2021,      -6.177857759,      -7.211117579,      -7.208383449,      -11.90700215
          0,           0,        2022,      -6.342309384,      -7.259231277,      -7.250308647,      -11.86644075
          0,           0,        2023,      -6.156655047,       -6.93550854,      -6.984652828,      -11.98365358
          0,           0,        2024,      -6.366268236,      -7.164126016,      -7.212559788,      -11.89185893
          0,           0,        2025,      -6.149852205,      -7.095193358,      -7.176268296,      -11.98357461
          0,           0,        2026,       -6.32187528,      -7.110475232,      -7.149020038,      -12.05425432
          0,           0,        2027,      -6.157650464,      -7.348901768,      -7.389656605,      -11.98890283
          0,           0,        2028,      -6.171144009,      -7.207925978,      -7.257885419,      -11.90955458
          0,           0,        2029,      -6.177637011,      -7.209785376,      -7.223209355,      -11.90229971
          0,           0,        2030,      -6.181277441,      -7.252018488,      -7.234384094,      -11.92334962
          0,           0,        2031,      -6.324696814,      -7.316975528,      -7.272691178,      -11.82225081
          0,           0,        2032,      -6.358928155,      -6.961926478,      -6.997855729,      -11.71044953
          0,           0,        2033,      -6.146320453,      -6.964076437,      -6.978865477,      -11.81179315
          0,           0,        2034,      -6.380636818,      -6.962938168,      -6.952321829,       -11.8320783
          0,           0,        2035,      -6.145003183,      -7.114178733,      -7.147316442,      -11.83115105
          0,           0,        2036,       -6.16498448,      -7.073760748,      -7.094214809,      -11.76398027
          0,           0,        2037,      -6.174146517,      -7.073054674,        -7.0587287,      -11.75931183
          0,           0,        2038,      -6.178828896,      -7.118075403,      -7.072254059,      -11.78151436
          0,           0,        2039,       -6.18162711,      -7.181006195,       -7.10844023,      -11.80407292
          0,           0,        2040,      -6.183688432,      -7.253596018,      -7.163749205,      -11.82514897
          0,           0,        2041,      -6.185493475,      -7.314542192,      -7.203613727,      -11.84875808
          0,           0,        2042,      -6.187044711,      -7.358758005,       -7.22848115,      -11.87266815
          0,           0,        2043,      -6.188275955,      -7.396383619,      -7.254738244,      -11.89128442
          0,           0,        2044,       -6.28397592,      -7.431474729,      -7.286323243,      -11.85526389
          0,           0,        2045,      -6.177730215,      -7.138609175,      -7.135409292,      -11.89304414
          0,           0,        2046,       -6.18413867,      -7.267295905,      -7.199869191,      -11.89993301
          0,           0,        2047,      -6.349740753,      -7.323005231,      -7.234051434,      -11.79033879
          0,           0,        2048,      -6.153089166,      -6.871011146,      -6.944581778,      -11.88760607
          0,           0,        2049,      -6.172233557,      -7.038845318,      -7.077412991,      -11.85406187
          0,           0,        2050,       -6.18043144,      -7.114627926,      -7.095053596,      -11.83394721
          0,           0,        2051,      -6.183640042,      -7.178533234,       -7.14368883,      -11.84152361
          0,           0,        2052,      -6.185220754,      -7.237988064,      -7.167459883,       -11.8508278
          0,           0,        2053,      -6.186286822,      -7.298418582,      -7.209300036,      -11.86225783
          0,           0,        2054,      -6.187332432,      -7.346954532,      -7.240744564,      -11.87148191
          0,           0,        2055,      -6.188334993,      -7.377300428,       -7.25978846,      -11.88045472
          0,           0,        2056,      -6.189158153,       -7.39709994,       -7.27168255,      -11.88987156
          0,           0,        2057,      -6.189777571,      -7.413068831,       -7.28306109,       -11.8962824
          0,           0,        2058,      -6.312608532,      -7.429030207,      -7.297419231,      -11.81616317
          0,           0,        2059,      -6.172588748,      -7.022361338,      -7.053178918,      -11.86039029
          0,           0,        2060,      -6.181912851,      -7.167564381,      -7.137259628,      -11.85606277
          0,           0,        2061,      -6.185980946,      -7.242960217,      -7.184207457,      -11.85441578
          0,           0,        2062,      -6.187563279,      -7.297942244,      -7.220030784,      -11.86160346
          0,           0,        2063,      -6.188215829,      -7.345564262,      -7.242208074,      -11.86992472
          0,           0,        2064,       -6.18867673,      -7.390919257,       -7.27322556,      -11.88214804
          0,           0,        2065,      -6.189194322,      -7.426693205,      -7.299141899,      -11.89513562
          0,           0,        2066,      -6.189719791,      -7.452186193,      -7.319745161,      -11.90857161
          0,           0,        2067,      -6.328759951,      -7.472473227,      -7.336611339,      -11.78934528
          0,           0,        2068,      -6.167619544,      -6.952684792,      -7.001145401,      -11.85058873
          0,           0,        2069,      -6.310586517,      -7.112874658,      -7.101591991,      -11.84432553
          0,           0,        2070,      -6.168414142,      -7.227663337,      -7.224688477,      -11.84646316
          0,           0,        2071,      -6.178540809,      -7.183705239,      -7.165796357,      -11.82425757
          0,           0,        2072,      -6.182827134,      -7.217936294,      -7.178636023,      -11.83384831
          0,           0,        2073,      -6.343160268,      -7.268794639,      -7.198477167,      -11.78159829
          0,           0,        2074,      -6.156817646,      -6.894454955,      -6.942490635,      -11.89689262
          0,           0,        2075,      -6.172992001,      -7.097291338,      -7.117287352,      -11.90907563
          0,           0,        2076,      -6.180614772,      -7.191930723,      -7.166360007,      -11.90433652
          0,           0,        2077,       -6.18385314,      -7.270515397,      -7.249213774,      -11.92175156
          0,           0,        2078,      -6.185669952,      -7.347990721,      -7.295335196,      -11.94524317
          0,           0,        2079,        -6.1868504,      -7.438853677,      -7.371785288,      -11.99125418
          0,           0,        2080,      -6.187925004,      -7.524686122,      -7.437289549,       -12.0470243
          0,           0,        2081,       -6.18888258,      -7.581999245,      -7.480132417,      -12.08931937
          0,           0,        2082,      -6.189561927,      -7.613859644,       -7.49916334,      -12.10666631
          0,           0,        2083,       -6.19030678,      -7.630137671,      -7.506044147,      -12.10089612
          0,           0,        2084,      -6.190649021,      -7.646246391,      -7.519651868,       -12.0936883
          0,           0,        2085,      -6.190877618,      -7.665656768,      -7.541141278,      -12.10342964
          0,           0,        2086,      -6.191234973,      -7.683780339,      -7.562900833,      -12.13106867
          0,           0,        2087,      -6.191432933,      -7.699107808,      -7.581253957,      -12.16387861
          0,           0,        2088,      -6.191539745,      -7.711894778,      -7.596361358,      -12.18453668
          0,           0,        2089,      -6.306064907,      -7.721819672,      -7.608398413,      -11.98783383
          0,           0,        2090,      -6.175608384,      -7.081939927,      -7.143691875,      -12.07953554
          0,           0,        2091,      -6.183806733,      -7.249852746,      -7.257572718,      -12.07181973
          0,           0,        2092,      -6.187369379,      -7.350744555,      -7.330909493,      -12.07252575
          0,           0,        2093,      -6.188653614,      -7.426049398,      -7.385822468,      -12.09335226
          0,           0,        2094,      -6.189135483,       -7.48697765,      -7.413140359,      -12.11100411
          0,           0,        2095,      -6.189556107,       -7.54349905,      -7.453347091,      -12.12478163
          0,           0,        2096,      -6.189987602,      -7.587523109,      -7.485283843,      -12.12623035
          0,           0,        2097,      -6.319371102,      -7.618061549,      -7.508583059,      -11.90408096
          0,           0,        2098,      -6.171196274,      -7.011729226,      -7.068983046,      -11.98534108
          0,           0,        2099,      -6.313605904,      -7.178884036,      -7.178649549,      -11.95389656
          0,           0,        2100,      -6.169020371,      -7.236252341,      -7.280929775,      -11.96412114
          0,           0,        2101,       -6.17922354,      -7.214712009,       -7.22416791,      -11.92363425
          0,           0,        2102,       -6.18349261,      -7.254594966,      -7.240615459,       -11.9278365
          0,           0,        2103,        -6.1855532,      -7.309558842,      -7.260851485,      -11.95499323
          0,           0,        2104,       -6.33949048,       -7.37706295,      -7.299389029,      -11.81040212
          0,           0,        2105,      -6.398504196,      -6.897026479,      -6.954372877,      -11.64717161
          0,           0,        2106,       -6.27529888,      -6.881536071,      -6.908586933,      -11.72879432
          0,           0,        2107,      -6.142077737,      -6.961638454,      -6.953090646,      -11.72012964
          0,           0,        2108,      -6.164044342,      -6.882318048,      -6.878574685,      -11.67129953
          0,           0,        2109,      -6.173397405,      -6.946790071,       -6.94075737,      -11.68730669
          0,           0,        2110,      -6.178161886,      -7.018971558,      -6.966179738,      -11.72371503
          0,           0,        2111,      -6.334091884,      -7.104437111,      -7.029088163,      -11.69195497
          0,           0,        2112,      -6.156791999,      -6.878359345,      -6.892742803,      -11.78089369
          0,           0,        2113,      -6.172010364,       -7.07132284,      -7.030558399,      -11.82078086
          0,           0,        2114,       -6.34229699,       -7.16401321,      -7.096013778,      -11.84354184
          0,           0,        2115,      -6.158181361,      -7.009654943,      -7.036894554,      -11.89188712
          0,           0,        2116,      -6.172892564,      -7.167203432,      -7.175528487,       -11.8637754
          0,           0,        2117,      -6.179529749,      -7.215541192,      -7.179851039,       -11.8638727
          0,           0,        2118,      -6.182960959,      -7.259349717,      -7.214322789,      -11.89052043
          0,           0,        2119,      -6.184906083,      -7.320849373,      -7.247891887,      -11.91880995
          0,           0,        2120,      -6.344519026,      -7.395784449,      -7.307463897,      -11.72297352
          0,           0,        2121,      -6.152080944,      -6.825751804,       -6.89214073,      -11.84863896
          0,           0,        2122,      -6.171601555,      -7.008738312,      -7.022550414,      -11.86277182
          0,           0,        2123,       -6.36175067,      -7.108027816,      -7.084238905,      -11.88252318
          0,           0,        2124,      -6.148172934,      -6.935908693,      -7.008734623,      -11.96945267
          0,           0,        2125,      -6.301509783,      -7.110485406,      -7.195703034,      -12.00508644
          0,           0,        2126,      -6.161283982,      -7.427027155,      -7.390045161,      -11.95217794
          0,           0,        2127,       -6.17306746,      -7.200128571,      -7.215048448,      -11.89629785
          0,           0,        2128,       -6.17880203,      -7.205906199,      -7.201202908,      -11.89258483
          0,           0,        2129,      -6.182011074,       -7.24787945,      -7.211239495,      -11.90569377
          0,           0,        2130,      -6.325382231,       -7.30506356,      -7.241652724,      -11.80040077
          0,           0,        2131,      -6.163367329,      -6.952667295,      -6.982609329,      -11.87686093
          0,           0,        2132,      -6.176064943,      -7.133673818,      -7.102433985,      -11.88301589
          0,           0,        2133,       -6.18226179,      -7.221668091,      -7.167730435,      -11.88662201
          0,           0,        2134,      -6.185061513,      -7.291989651,      -7.242334706,      -11.90588718
          0,           0,        2135,      -6.186555557,      -7.358129568,      -7.287732034,      -11.93118358
          0,           0,        2136,      -6.187568814,      -7.429705282,      -7.345748682,      -11.96732089
          0,           0,        2137,      -6.188495677,      -7.492254901,      -7.395564984,      -12.00250131
          0,           0,        2138,      -6.326001524,      -7.536203475,      -7.435596964,      -11.85057613
          0,           0,        2139,      -6.168206363,      -6.975213872,      -7.033165391,      -11.95031529
          0,           0,        2140,      -6.179904634,      -7.141160836,      -7.137569402,       -11.9573084
          0,           0,        2141,       -6.18504558,      -7.238354337,      -7.207316212,      -11.95509701
          0,           0,        2142,      -6.187007775,      -7.315275117,      -7.271796105,      -11.96496769
          0,           0,        2143,      -6.342950975,       -7.38690586,      -7.312667956,      -11.80875343
          0,           0,        2144,      -6.157827103,      -6.873055845,      -6.941659807,      -11.94658965
          0,           0,        2145,      -6.174535733,      -7.070087984,      -7.105339783,      -11.95595502
          0,           0,        2146,      -6.182054611,      -7.179675498,      -7.175701586,      -11.96172439
          0,           0,        2147,      -6.184996389,      -7.270808961,      -7.267933993,      -12.00135789
          0,           0,        2148,      -6.186445856,      -7.351159739,      -7.308645287,      -12.03502651
          0,           0,        2149,      -6.187392088,      -7.435989015,      -7.374482743,      -12.07415545
          0,           0,        2150,      -6.188313224,      -7.508924356,      -7.423530209,      -12.09575463
          0,           0,        2151,        -6.1892012,      -7.559409333,      -7.459762973,      -12.09700836
          0,           0,        2152,      -6.189920543,      -7.597324659,      -7.487635711,      -12.09614218
          0,           0,        2153,      -6.314208031,      -7.626097709,      -7.511691041,      -11.91880249
          0,           0,        2154,       -6.17265837,      -7.038372855,      -7.095010145,      -11.99054215
          0,           0,        2155,      -6.182132188,        -7.2042122,      -7.203546102,      -11.98433628
          0,           0,        2156,      -6.186356218,      -7.297062612,      -7.267438762,      -11.98959584
          0,           0,        2157,      -6.187909662,      -7.365981497,      -7.315069627,      -12.01326418
          0,           0,        2158,      -6.188589195,      -7.426042552,      -7.339535851,      -12.03083199
          0,           0,        2159,      -6.189067153,      -7.486448496,      -7.381120955,      -12.04208487
          0,           0,        2160,      -6.304901296,      -7.537262909,      -7.419578556,      -11.90328974
          0,           0,        2161,      -6.173919615,      -7.066499869,      -7.108041798,      -11.97568637
          0,           0,        2162,      -6.182511814,      -7.232760927,      -7.213384897,      -11.98789108
          0,           0,        2163,      -6.186468058,      -7.334989475,      -7.297278938,      -12.00740044
          0,           0,        2164,      -6.188029925,      -7.420278248,      -7.373341225,      -12.04388845
          0,           0,        2165,      -6.308418567,      -7.499410814,      -7.421809161,      -11.96816793
          0,           0,        2166,      -6.172176497,      -7.062327665,      -7.109801763,      -12.10295088
          0,           0,        2167,       -6.18127266,      -7.260196175,      -7.265148255,       -12.1214045
          0,           0,        2168,      -6.185655512,      -7.367526246,      -7.352363825,      -12.12532836
          0,           0,        2169,      -6.187473466,      -7.454527072,      -7.438785404,      -12.15124446
          0,           0,        2170,      -6.316773069,      -7.536168919,      -7.487232043,       -11.9808742
          0,           0,        2171,      -6.388914279,       -7.02942817,      -7.087109264,      -11.70628017
          0,           0,        2172,      -6.138745774,      -6.880859152,      -6.943025865,      -11.86914719
          0,           0,        2173,      -6.164578272,      -6.909314535,      -6.937038581,      -11.80270546
          0,           0,        2174,      -6.176230634,      -6.985513419,      -6.990486723,      -11.79749034
          0,           0,        2175,       -6.18077509,      -7.071582422,      -7.049931394,      -11.82819209
          0,           0,        2176,      -6.183108378,      -7.154756507,      -7.094315119,      -11.86384729
          0,           0,        2177,      -6.184619264,      -7.250941322,      -7.171204832,      -11.90305535
          0,           0,        2178,      -6.186133271,      -7.336325297,      -7.234355225,      -11.92324841
          0,           0,        2179,      -6.187549056,      -7.398634674,       -7.27762941,      -11.94091514
          0,           0,        2180,       -6.18868162,      -7.440437821,       -7.30152522,       -11.9627385
          0,           0,        2181,      -6.189532653,        -7.4711607,      -7.323717025,      -11.97706322
          0,           0,        2182,      -6.190143222,      -7.499769976,      -7.352229888,      -11.98859394
          0,           0,        2183,      -6.190460521,      -7.519750326,      -7.374962264,      -12.00456887
          0,           0,        2184,      -6.190885296,      -7.528873248,      -7.387601038,      -12.01955904
          0,           0,        2185,      -6.191101678,      -7.536375486,      -7.399183096,       -12.0274211
          0,           0,        2186,      -6.191258299,      -7.547717879,      -7.415049885,      -12.03181372
          0,           0,        2187,      -6.191371448,      -7.560628522,      -7.432814547,      -12.03969199
          0,           0,        2188,      -6.191427733,      -7.571188923,      -7.448393647,      -12.05227413
          0,           0,        2189,      -6.191419873,      -7.578392516,      -7.460422306,      -12.06527236
          0,           0,        2190,      -6.191575131,      -7.583601459,      -7.470152418,      -12.07502095
          0,           0,        2191,       -6.19160589,      -7.587984688,       -7.47947927,      -12.08211385
          0,           0,        2192,      -6.191529671,      -7.591911572,      -7.489230113,      -12.08883328
          0,           0,        2193,      -6.191653946,      -7.596290061,      -7.498504022,      -12.09537812
          0,           0,        2194,      -6.191663817,      -7.603185161,      -7.506183236,      -12.09970039
          0,           0,        2195,      -6.191672962,      -7.614330861,      -7.513425976,       -12.1002413
          0,           0,        2196,      -6.191635042,       -7.62941436,      -7.523474779,      -12.09780238
          0,           0,        2197,      -6.191667798,       -7.64656439,      -7.538735533,      -12.09462498
          0,           0,        2198,      -6.191677799,      -7.664735581,      -7.559094397,      -12.09279233
          0,           0,        2199,      -6.316147328,      -7.684892013,      -7.583066456,       -11.9188103
          0,           0,        2200,      -6.173194206,      -7.032866668,      -7.099110449,      -12.00424424
          0,           0,        2201,      -6.182656846,      -7.202644722,      -7.218864441,      -12.00510006
          0,           0,        2202,      -6.186752048,      -7.308461427,      -7.298424469,       -12.0149608
          0,           0,        2203,      -6.188269956,      -7.392028473,      -7.363191708,      -12.04754569
          0,           0,        2204,      -6.188843339,      -7.463845008,      -7.397626636,      -12.08326648
          0,           0,        2205,      -6.189281751,      -7.532236388,      -7.445783105,      -12.11889447
          0,           0,        2206,      -6.189770153,       -7.58536135,      -7.482090546,      -12.13448746
          0,           0,        2207,      -6.190278012,      -7.621621739,      -7.508720599,       -12.1328102
          0,           0,        2208,      -6.291955026,      -7.652351313,      -7.531334847,      -11.98397812
          0,           0,        2209,      -6.177726846,      -7.139965128,      -7.183386516,      -12.04467029
          0,           0,        2210,      -6.184592988,      -7.303058331,      -7.289920101,      -12.04974752
          0,           0,        2211,      -6.187689724,      -7.401201439,       -7.36617082,      -12.07089803
          0,           0,        2212,      -6.296972557,      -7.477699916,      -7.426640232,      -12.07078011
          0,           0,        2213,      -6.175060063,      -7.144676325,        -7.1835181,       -12.1854365
          0,           0,        2214,      -6.182556312,      -7.349126734,      -7.370342606,      -12.17800593
          0,           0,        2215,      -6.186188003,       -7.44533416,      -7.434639433,      -12.15701826
          0,           0,        2216,      -6.187806419,      -7.516500988,      -7.504605506,      -12.17040155
          0,           0,        2217,      -6.293394566,      -7.587367497,      -7.538074119,      -12.04755688
          0,           0,        2218,      -6.175274618,      -7.134018372,      -7.179781352,      -12.17073929
          0,           0,        2219,      -6.182769665,      -7.333566035,      -7.335934152,      -12.18586609
          0,           0,        2220,      -6.186414589,      -7.437916069,      -7.424803842,      -12.19150901
          0,           0,        2221,      -6.188020874,      -7.520079414,      -7.510771701,      -12.22457135
          0,           0,        2222,      -6.188828551,       -7.59909817,      -7.557705155,      -12.25453171
          0,           0,        2223,      -6.189395303,      -7.691176278,      -7.630631503,      -12.29213737
          0,           0,        2224,      -6.189942163,      -7.781514911,      -7.695602563,      -12.32241122
          0,           0,        2225,      -6.190392043,      -7.851593166,      -7.748879446,      -12.34259729
          0,           0,        2226,      -6.190869718,      -7.902112156,      -7.786589603,      -12.36458321
          0,           0,        2227,      -6.191141561,      -7.935002346,      -7.810834009,      -12.38371846
          0,           0,        2228,      -6.191389565,      -7.964073767,      -7.834805274,      -12.39693701
          0,           0,        2229,      -6.325628316,      -7.992966661,      -7.857359788,      -11.97281459
          0,           0,        2230,      -6.170341539,       -6.99478129,      -7.071638713,      -12.12258062
          0,           0,        2231,      -6.181361606,      -7.172379183,      -7.197599717,      -12.10351319
          0,           0,        2232,      -6.186182451,      -7.282671013,      -7.277493105,      -12.09180921
          0,           0,        2233,      -6.187847941,      -7.371921448,      -7.346109433,      -12.10942251
          0,           0,        2234,      -6.188544904,      -7.452115234,      -7.383988326,      -12.12512082
          0,           0,        2235,      -6.189021734,      -7.534278709,      -7.444390573,      -12.14646216
          0,           0,        2236,      -6.189570164,      -7.602271379,      -7.494269759,      -12.15925906
          0,           0,        2237,      -6.190134132,      -7.647933432,      -7.529468126,       -12.1697887
          0,           0,        2238,      -6.289377418,      -7.679703592,      -7.550175745,      -12.01480351
          0,           0,        2239,       -6.17811142,      -7.153191279,      -7.193969982,      -12.08357001
          0,           0,        2240,      -6.184730481,      -7.314215601,      -7.294346729,      -12.07630269
          0,           0,        2241,       -6.18772868,      -7.406783558,      -7.362155926,      -12.07623142
          0,           0,        2242,      -6.188774479,       -7.47649238,      -7.414010321,      -12.09492186
          0,           0,        2243,      -6.293400614,      -7.540912356,      -7.447850999,      -12.01657748
          0,           0,        2244,      -6.175992792,      -7.131166745,      -7.171293756,      -12.12795473
          0,           0,        2245,      -6.183270859,      -7.324630393,       -7.32182768,      -12.14959647
          0,           0,        2246,      -6.186762523,      -7.430647485,      -7.410739862,      -12.16502658
          0,           0,        2247,      -6.188251287,      -7.515268403,      -7.490782798,      -12.19865375
          0,           0,        2248,      -6.326486285,      -7.592327435,      -7.533543506,      -11.96035724
          0,           0,        2249,      -6.167595147,      -6.986254052,      -7.051498054,      -12.11842181
          0,           0,        2250,      -6.179330854,      -7.183723576,      -7.208862497,      -12.11267173
          0,           0,        2251,      -6.354969412,      -7.296775914,      -7.295950712,      -11.98441698
          0,           0,        2252,      -6.154902526,      -6.947241371,       -7.03973005,      -12.15685589
          0,           0,        2253,      -6.172507626,      -7.131406282,      -7.229692557,      -12.04173369
          0,           0,        2254,      -6.180188147,       -7.20119069,      -7.218101571,       -11.9985325
          0,           0,        2255,      -6.183521031,      -7.265812135,      -7.269285179,      -12.01708419
          0,           0,        2256,      -6.185285872,      -7.340146273,      -7.298380939,      -12.04594698
          0,           0,        2257,      -6.186462254,      -7.426423381,      -7.360411435,      -12.07621824
          0,           0,        2258,      -6.187605342,      -7.504137593,      -7.409643166,      -12.09589797
          0,           0,        2259,      -6.188739164,      -7.556594156,      -7.437493414,      -12.10627574
          0,           0,        2260,      -6.189586363,      -7.591919299,      -7.457443737,      -12.11143901
          0,           0,        2261,      -6.326798308,      -7.619511844,      -7.480927478,      -11.88990347
          0,           0,        2262,      -6.168783058,      -6.978309596,      -7.038837809,      -11.97540072
          0,           0,        2263,      -6.180360995,      -7.145564353,      -7.146172959,      -11.96133889
          0,           0,        2264,      -6.185375246,      -7.238796732,      -7.205517021,      -11.95413274
          0,           0,        2265,      -6.187217611,      -7.309262272,      -7.254470876,      -11.96466457
          0,           0,        2266,      -6.187991781,      -7.372837233,       -7.28334952,      -11.97433273
          0,           0,        2267,      -6.188598104,       -7.43756524,      -7.331139566,      -11.98958212
          0,           0,        2268,      -6.189210513,      -7.490661935,      -7.373210617,      -12.00623504
          0,           0,        2269,      -6.303971565,      -7.527005648,      -7.404722328,      -11.89293567
          0,           0,        2270,       -6.17436665,      -7.070532516,       -7.10685837,      -11.96317048
          0,           0,        2271,      -6.182821256,      -7.228073777,      -7.202356736,      -11.97175939
          0,           0,        2272,       -6.18659963,      -7.321116911,      -7.272480655,      -11.98135384
          0,           0,        2273,      -6.330138236,      -7.393370253,      -7.330752778,       -11.9261192
          0,           0,        2274,       -6.16606937,      -6.987389428,      -7.041269666,      -12.03976799
          0,           0,        2275,      -6.178161296,      -7.187527455,      -7.218285949,      -12.03418464
          0,           0,        2276,      -6.183763129,      -7.286523029,       -7.27216717,      -12.01962066
          0,           0,        2277,      -6.186079065,      -7.361699701,      -7.343749374,      -12.03409799
          0,           0,        2278,      -6.187246415,      -7.434751258,      -7.378288924,      -12.04879884
          0,           0,        2279,      -6.188060813,       -7.51144422,      -7.432971887,      -12.06824547
          0,           0,        2280,      -6.188848491,      -7.578300656,      -7.473494673,      -12.08542994
          0,           0,        2281,      -6.189453526,      -7.624090613,      -7.501361657,      -12.10069884
          0,           0,        2282,      -6.190210784,      -7.654897765,      -7.523589414,      -12.12055636
          0,           0,        2283,      -6.190655601,      -7.673024726,      -7.541495154,      -12.14109952
          0,           0,        2284,      -6.324048113,      -7.685056884,      -7.556428268,      -11.91987916
          0,           0,        2285,      -6.170287533,       -6.99446771,      -7.060044115,      -12.01942354
          0,           0,        2286,      -6.181237164,      -7.163804955,      -7.172690002,      -11.99966524
          0,           0,        2287,      -6.350558696,      -7.263571042,      -7.241308918,       -11.9504243
          0,           0,        2288,      -6.158718136,      -6.966833653,      -7.047984036,      -12.04854556
          0,           0,        2289,        -6.1744935,      -7.140748568,      -7.215755349,      -11.98171798
          0,           0,        2290,       -6.35009727,      -7.210382316,      -7.211807107,      -11.99887455
          0,           0,        2291,      -6.156875579,       -7.01132399,      -7.082340631,      -12.09825623
          0,           0,        2292,      -6.172363549,      -7.196017382,      -7.285966192,      -12.01922458
          0,           0,        2293,       -6.17947927,      -7.241557129,      -7.253731728,      -11.98532469
          0,           0,        2294,      -6.182930704,      -7.287978883,      -7.288520023,      -11.99478309
          0,           0,        2295,      -6.346084346,      -7.346033789,       -7.30650948,      -11.76326222
          0,           0,        2296,      -6.149227843,      -6.820960885,      -6.885563581,      -11.90782191
          0,           0,        2297,      -6.169520647,      -7.019512218,      -7.047505786,      -11.90183192
          0,           0,        2298,      -6.179117741,      -7.111744024,      -7.093140519,      -11.89078721
          0,           0,        2299,      -6.183029157,      -7.196806734,      -7.183911677,      -11.91671161
          0,           0,        2300,      -6.184991711,      -7.275098771,      -7.225492681,      -11.94313403
          0,           0,        2301,      -6.186246103,      -7.365356426,      -7.297728845,      -11.98067159
          0,           0,        2302,      -6.187409582,      -7.450809958,      -7.360982183,      -12.01158729
          0,           0,        2303,      -6.188509347,      -7.512458667,      -7.408514439,      -12.03334143
          0,           0,        2304,      -6.189395183,      -7.554092498,      -7.437607521,      -12.05695466
          0,           0,        2305,      -6.324563281,      -7.581432119,        -7.4553075,      -11.88016569
          0,           0,        2306,      -6.372836838,      -6.986626352,      -7.043490233,      -11.72429553
          0,           0,        2307,      -6.147911983,      -6.935627705,      -6.989604298,      -11.81295622
          0,           0,        2308,      -6.388180482,      -6.929716446,      -6.940017496,      -11.83237317
          0,           0,        2309,      -6.143988791,      -7.094163066,      -7.145156036,      -11.82268724
          0,           0,        2310,      -6.164969811,      -7.040179244,      -7.064317509,      -11.74003254
          0,           0,        2311,      -6.174251584,      -7.041354681,       -7.02233705,      -11.72187278
          0,           0,        2312,      -6.178795266,      -7.083160278,      -7.031106932,      -11.73289247
          0,           0,        2313,      -6.312944423,      -7.133933787,      -7.054869092,      -11.70581873
          0,           0,        2314,       -6.16386172,      -6.952235622,      -6.937877892,      -11.75386193
          0,           0,        2315,      -6.175261876,      -7.112577282,       -7.04166792,      -11.77011113
          0,           0,        2316,      -6.181226636,      -7.176924298,       -7.08575959,      -11.77926009
          0,           0,        2317,      -6.184199826,       -7.22735128,      -7.139161288,      -11.79089609
          0,           0,        2318,      -6.185887941,       -7.27486257,      -7.178255856,      -11.80524236
          0,           0,        2319,       -6.18703805,      -7.323090571,      -7.220060127,       -11.8284983
          0,           0,        2320,       -6.18801005,      -7.362563392,      -7.252361744,      -11.85247703
          0,           0,        2321,      -6.188835638,      -7.390136161,      -7.277425699,      -11.87243491
          0,           0,        2322,       -6.18958307,      -7.408319507,      -7.294312751,       -11.8904174
          0,           0,        2323,      -6.190025674,      -7.419233347,      -7.303774139,       -11.9053058
          0,           0,        2324,      -6.190441446,      -7.428682017,      -7.311916938,      -11.91471823
          0,           0,        2325,      -6.190697328,      -7.440920242,      -7.322732622,      -11.91866011
          0,           0,        2326,      -6.190881725,      -7.456647301,      -7.337657685,      -11.91902608
          0,           0,        2327,      -6.285591908,      -7.474522522,      -7.356668159,      -11.86501427
          0,           0,        2328,      -6.178996532,      -7.143518228,      -7.164169907,      -11.89491135
          0,           0,        2329,      -6.185027731,      -7.280600914,      -7.245343911,      -11.89533509
          0,           0,        2330,      -6.187816413,      -7.354471293,      -7.293359987,      -11.90125466
          0,           0,        2331,      -6.188848557,      -7.405233415,      -7.324473975,      -11.91845573
          0,           0,        2332,      -6.189280523,      -7.441263198,      -7.339643601,      -11.94120958
          0,           0,        2333,      -6.189597535,      -7.467799427,      -7.358148277,      -11.96469408
          0,           0,        2334,      -6.189965994,      -7.484601259,        -7.3718126,      -11.97660593
          0,           0,        2335,      -6.190256997,      -7.498064291,      -7.384210127,      -11.97208372
          0,           0,        2336,      -6.190677103,      -7.516014297,      -7.401014055,        -11.957545
          0,           0,        2337,       -6.32567305,      -7.542512671,      -7.428926447,      -11.81623888
          0,           0,        2338,      -6.389325556,      -6.977250518,      -7.038024128,      -11.65288366
          0,           0,        2339,      -6.140689862,       -6.87967285,       -6.94168655,      -11.75815689
          0,           0,        2340,      -6.165913157,      -6.885238906,       -6.90963912,      -11.72115097
          0,           0,        2341,       -6.17696016,      -6.961219481,      -6.958091781,      -11.72683087
          0,           0,        2342,      -6.181065718,      -7.040483155,      -7.000904903,      -11.75360668
          0,           0,        2343,      -6.183131039,      -7.114675294,      -7.037019968,      -11.77640324
          0,           0,        2344,       -6.18444481,      -7.194066475,      -7.096725451,      -11.79485571
          0,           0,        2345,      -6.185972438,      -7.259704073,      -7.145117762,      -11.80551307
          0,           0,        2346,      -6.187350478,      -7.307153671,      -7.179462951,      -11.82304745
          0,           0,        2347,      -6.188468324,      -7.342793023,      -7.203735515,      -11.84680127
          0,           0,        2348,      -6.327649761,      -7.373461864,      -7.229609007,      -11.76142206
          0,           0,        2349,      -6.378312584,      -6.949361675,      -6.982009856,       -11.6530689
          0,           0,        2350,      -6.144885128,      -6.908314112,      -6.939841018,      -11.72304595
          0,           0,        2351,      -6.167556027,      -6.899122178,      -6.897356072,      -11.68275812
          0,           0,        2352,      -6.177353912,      -6.966369261,      -6.941453192,       -11.6780552
          0,           0,        2353,       -6.18113316,      -7.035047099,      -6.976358344,      -11.69054493
          0,           0,        2354,      -6.183064385,      -7.101299889,      -7.012741035,      -11.70703903
          0,           0,        2355,      -6.184403164,      -7.169708116,      -7.065006877,      -11.72672356
          0,           0,        2356,      -6.185803422,      -7.222622818,      -7.103994686,         -11.74301
          0,           0,        2357,      -6.187116295,       -7.25902479,      -7.129970896,      -11.76076502
          0,           0,        2358,      -6.188174176,      -7.286173632,      -7.150093482,      -11.77861984
          0,           0,        2359,      -6.188973946,      -7.310408132,      -7.174141396,      -11.79247685
          0,           0,        2360,      -6.189553977,       -7.33436795,      -7.201690741,      -11.80562671
          0,           0,        2361,      -6.189872252,      -7.355786433,      -7.224518568,      -11.82007742
          0,           0,        2362,      -6.190181132,      -7.375659594,      -7.241661417,      -11.83304133
          0,           0,        2363,      -6.190531435,      -7.397399935,      -7.259222028,      -11.84367401
          0,           0,        2364,      -6.190700574,      -7.420545992,      -7.280397867,       -11.8552752
          0,           0,        2365,      -6.190831372,      -7.441751921,      -7.303032722,      -11.87042707
          0,           0,        2366,       -6.19093821,      -7.460170323,      -7.323549503,      -11.88741743
          0,           0,        2367,      -6.191028892,      -7.478633434,      -7.341192347,      -11.90237615
          0,           0,        2368,      -6.191037872,      -7.499562303,      -7.358605598,      -11.91426294
          0,           0,        2369,      -6.191177433,      -7.521736428,       -7.37852876,      -11.92634299
          0,           0,        2370,      -6.191156726,      -7.541738819,      -7.400296329,      -11.94237141
          0,           0,        2371,      -6.191286051,      -7.558050207,       -7.41991431,      -11.96211604
          0,           0,        2372,      -6.324599835,      -7.572668018,      -7.434660628,      -11.83951637
          0,           0,        2373,      -6.383860885,       -6.98221903,      -7.040010981,      -11.68208543
          0,           0,        2374,      -6.143960937,      -6.897994359,      -6.959076394,       -11.7829245
          0,           0,        2375,      -6.167634511,      -6.901039619,       -6.92155429,      -11.73423607
          0,           0,        2376,      -6.177777036,      -6.980709366,      -6.977066869,      -11.73106494
          0,           0,        2377,      -6.181572785,      -7.061362818,      -7.021984683,      -11.75321101
          0,           0,        2378,      -6.183478717,      -7.137732889,      -7.061673935,      -11.77928481
          0,           0,        2379,        -6.1847816,      -7.218587825,      -7.122167993,      -11.80287191
          0,           0,        2380,      -6.186163734,      -7.283565827,      -7.168888585,      -11.81432363
          0,           0,        2381,      -6.187402413,      -7.327831412,      -7.199609453,      -11.82812801
          0,           0,        2382,      -6.188545632,      -7.358493964,      -7.219455413,       -11.8487016
          0,           0,        2383,       -6.18934903,      -7.383494131,      -7.240972163,      -11.86940203
          0,           0,        2384,      -6.284178062,      -7.405034862,      -7.264849766,       -11.8423506
          0,           0,        2385,      -6.178298385,      -7.128614968,      -7.122434287,      -11.87515174
          0,           0,        2386,      -6.184534009,      -7.245966735,      -7.181623679,      -11.87158894
          0,           0,        2387,      -6.187403179,      -7.299115824,      -7.215721189,      -11.86727415
          0,           0,        2388,      -6.188562397,      -7.340876431,      -7.247027482,      -11.87298963
          0,           0,        2389,      -6.189087846,      -7.382079535,      -7.276871725,      -11.88751404
          0,           0,        2390,       -6.18944406,      -7.422562301,      -7.313525446,      -11.90864568
          0,           0,        2391,      -6.189878553,      -7.454556099,      -7.342871535,      -11.92698158
          0,           0,        2392,      -6.326540152,      -7.477658318,       -7.36304857,      -11.80385156
          0,           0,        2393,        -6.1686235,      -6.965229695,      -7.016215518,      -11.87179282
          0,           0,        2394,      -6.180237946,      -7.124922085,      -7.117004264,       -11.8766677
          0,           0,        2395,      -6.185249052,      -7.218462524,      -7.181119881,      -11.88670644
          0,           0,        2396,      -6.187087636,      -7.288998947,      -7.234511904,       -11.9107876
          0,           0,        2397,      -6.187899925,      -7.350800859,      -7.264872323,      -11.93385734
          0,           0,        2398,      -6.188295853,      -7.413606276,      -7.309144784,      -11.95432035
          0,           0,        2399,      -6.189089444,      -7.468475593,      -7.350756339,      -11.96532446
          0,           0,        2400,      -6.189675606,      -7.509604739,      -7.386085792,      -11.97150057
          0,           0,        2401,      -6.190214881,      -7.541574921,      -7.413005196,      -11.97690532
          0,           0,        2402,      -6.190551256,      -7.570947737,      -7.438810391,      -11.98099071
          0,           0,        2403,      -6.190907803,      -7.603613638,       -7.47132347,      -11.98994716
          0,           0,        2404,      -6.191124205,      -7.635631723,      -7.506740804,      -12.01246435
          0,           0,        2405,       -6.28398964,      -7.659226461,      -7.536295184,       -11.9663143
          0,           0,        2406,      -6.179640216,      -7.178863184,      -7.223179091,      -12.05080549
          0,           0,        2407,      -6.356697771,      -7.332574345,      -7.319274599,      -11.87168232
          0,           0,        2408,      -6.157492851,      -6.958494159,       -7.05502809,      -11.98024182
          0,           0,        2409,      -6.174533685,      -7.064375786,      -7.105735432,      -11.91059778
          0,           0,        2410,      -6.181507983,       -7.13784412,      -7.137116734,       -11.8834288
          0,           0,        2411,      -6.184391829,       -7.20839379,      -7.181059751,        -11.891916
          0,           0,        2412,      -6.185798667,      -7.282314802,      -7.218946024,      -11.91506801
          0,           0,        2413,      -6.186756976,      -7.362086629,      -7.278577019,      -11.94749246
          0,           0,        2414,      -6.187838564,      -7.426822511,      -7.322283896,      -11.97437747
          0,           0,        2415,      -6.188802364,      -7.466313623,       -7.34294616,      -11.99312573
          0,           0,        2416,      -6.189586302,      -7.489211976,      -7.351251204,      -12.00155581
          0,           0,        2417,      -6.320325882,      -7.507113754,      -7.363583786,      -11.85772176
          0,           0,        2418,      -6.170672299,      -6.999587529,      -7.043397089,       -11.9158399
          0,           0,        2419,      -6.181160889,      -7.156961919,      -7.139956356,      -11.90748037
          0,           0,        2420,      -6.185729215,      -7.242065422,      -7.194707122,      -11.90601916
          0,           0,        2421,      -6.187416421,      -7.305479062,       -7.23839905,      -11.91709865
          0,           0,        2422,      -6.188097023,      -7.362558045,      -7.265361634,      -11.92743175
          0,           0,        2423,      -6.188577875,      -7.419522531,      -7.305733346,      -11.94240967
          0,           0,        2424,      -6.189254757,      -7.464834508,      -7.339466109,      -11.95905857
          0,           0,        2425,      -6.189783842,      -7.494951007,      -7.364344031,      -11.97656264
          0,           0,        2426,      -6.190172656,      -7.517730066,      -7.384004616,      -11.99274308
          0,           0,        2427,      -6.190670091,      -7.538700865,      -7.404699436,      -12.00272994
          0,           0,        2428,      -6.190926071,      -7.561065054,      -7.428611561,      -12.00854615
          0,           0,        2429,      -6.191112461,      -7.583352463,      -7.450861003,      -12.01580284
          0,           0,        2430,        -6.1912525,      -7.604395025,      -7.468706085,      -12.02739256
          0,           0,        2431,      -6.191321698,      -7.625724349,       -7.48535529,      -12.04430582
          0,           0,        2432,      -6.191442828,      -7.647135462,      -7.504093515,      -12.06634933
          0,           0,        2433,      -6.191501141,      -7.665611061,      -7.524195127,      -12.08951726
          0,           0,        2434,      -6.191547287,      -7.680118636,      -7.542728614,       -12.1052761
          0,           0,        2435,      -6.191495769,        -7.6950138,      -7.559268984,      -12.10802957
          0,           0,        2436,      -6.191637399,      -7.716881551,      -7.578264389,      -12.10409676
          0,           0,        2437,      -6.191673819,      -7.749060282,      -7.605977967,      -12.10762032
          0,           0,        2438,      -6.191645894,      -7.788684482,      -7.644817503,      -12.13021668
          0,           0,        2439,      -6.191747565,      -7.827270581,      -7.688916193,      -12.17588292
          0,           0,        2440,       -6.29053151,      -7.855838565,      -7.724827508,      -12.05194829
          0,           0,        2441,       -6.35576974,      -7.161149857,      -7.222585495,      -11.82545647
          0,           0,        2442,      -6.157269984,      -6.965259591,      -7.052059956,      -11.94656186
          0,           0,        2443,      -6.310791764,       -7.00393609,      -7.027140977,      -12.00188611
          0,           0,        2444,      -6.400084793,      -7.289994215,      -7.312902308,      -11.92403323
          0,           0,        2445,      -6.138936867,      -7.117027585,      -7.159744072,      -12.01215654
          0,           0,        2446,      -6.355215453,      -7.036660909,      -7.099286739,      -12.08217465
          0,           0,        2447,      -6.148842677,      -7.336377505,      -7.390391555,      -11.97291084
          0,           0,        2448,      -6.165990587,      -7.144201573,      -7.191898448,       -11.8632923
          0,           0,        2449,      -6.174313276,      -7.129073831,      -7.137252266,      -11.84604916
          0,           0,        2450,      -6.178876083,      -7.163925675,      -7.135439883,      -11.85599282
          0,           0,        2451,      -6.346068875,       -7.21542489,      -7.156252743,      -11.71684096
          0,           0,        2452,       -6.15159038,      -6.843397844,      -6.879498622,      -11.80176145
          0,           0,        2453,      -6.380055964,      -7.030714645,      -7.008677051,      -11.72076833
          0,           0,        2454,      -6.143264746,      -6.999418666,      -7.013213774,      -11.75597623
          0,           0,        2455,      -6.164747461,      -7.005116185,      -6.995656696,      -11.70710395
          0,           0,        2456,      -6.174609535,      -7.025656919,      -6.996855356,      -11.69984298
          0,           0,        2457,       -6.17924514,      -7.074498249,      -7.022288055,      -11.71872719
          0,           0,        2458,      -6.338788983,      -7.133722481,       -7.05555657,      -11.68195368
          0,           0,        2459,        -6.1556775,       -6.87155073,      -6.893617906,         -11.75922
          0,           0,        2460,      -6.171673736,      -7.062733904,      -7.038637824,      -11.78292648
          0,           0,        2461,      -6.179544414,      -7.147965977,      -7.093655687,      -11.80335512
          0,           0,        2462,      -6.183144227,      -7.217943746,      -7.170057076,      -11.83228915
          0,           0,        2463,      -6.185093368,      -7.280805715,      -7.213938549,      -11.85563855
          0,           0,        2464,      -6.325297732,      -7.347493287,      -7.269822789,      -11.77977372
          0,           0,        2465,      -6.165291063,      -6.954606177,      -6.997365392,      -11.86158232
          0,           0,        2466,      -6.177638172,      -7.126870642,      -7.108657662,      -11.87572366
          0,           0,        2467,       -6.18340688,      -7.214905088,       -7.17370765,      -11.88883073
          0,           0,        2468,      -6.185784812,       -7.28326988,       -7.23384046,      -11.91050716
          0,           0,        2469,      -6.187026205,      -7.343685427,      -7.268421723,      -11.92736587
          0,           0,        2470,      -6.187842658,      -7.406190427,      -7.316060852,      -11.94369361
          0,           0,        2471,      -6.188521521,      -7.460713106,      -7.357103397,      -11.94870573
          0,           0,        2472,      -6.326177738,      -7.508689883,      -7.397754408,      -11.80609904
          0,           0,        2473,       -6.16811309,      -6.971890281,      -7.027403923,      -11.87462267
          0,           0,        2474,      -6.179870084,      -7.141213413,      -7.138467819,      -11.88669623
          0,           0,        2475,      -6.185036655,      -7.245971533,      -7.219541183,      -11.91013805
          0,           0,        2476,      -6.336074812,      -7.331328841,      -7.295868714,      -11.90327989
          0,           0,        2477,      -6.163032726,      -6.962634368,       -7.02139907,      -12.04632603
          0,           0,        2478,      -6.176499468,       -7.17374424,      -7.226340726,      -12.05045282
          0,           0,        2479,      -6.182652641,      -7.273141752,      -7.270032628,      -12.02187666
          0,           0,        2480,      -6.185359876,      -7.346493864,      -7.347183081,      -12.02537884
          0,           0,        2481,      -6.186737553,      -7.420257678,      -7.382130619,      -12.03935752
          0,           0,        2482,      -6.187693996,      -7.500249227,      -7.443721742,      -12.07490458
          0,           0,        2483,       -6.18855854,       -7.57056811,      -7.487827791,      -12.11911308
          0,           0,        2484,      -6.189382575,      -7.614268873,      -7.510000094,      -12.15081054
          0,           0,        2485,      -6.190105185,      -7.638884292,      -7.520708072,      -12.16244415
          0,           0,        2486,      -6.190601994,       -7.65178785,      -7.528455097,      -12.15876292
          0,           0,        2487,      -6.326274554,      -7.662338716,      -7.540916984,      -11.91283527
          0,           0,        2488,      -6.368866476,       -6.98324166,      -7.049904077,      -11.75186445
          0,           0,        2489,      -6.149558302,      -6.946836809,      -7.009996572,      -11.85390435
          0,           0,        2490,      -6.170376324,      -6.936612623,      -6.952119597,      -11.79147008
          0,           0,        2491,      -6.179167851,      -7.014990179,      -7.011086346,      -11.78078528
          0,           0,        2492,      -6.182556652,      -7.091662966,      -7.050096697,      -11.79212997
          0,           0,        2493,      -6.184227463,      -7.165772889,      -7.090026794,       -11.8099649
          0,           0,        2494,      -6.185463541,      -7.242651477,      -7.147362866,      -11.83191137
          0,           0,        2495,      -6.186738061,      -7.301407651,      -7.189237465,      -11.84796288
          0,           0,        2496,      -6.187928482,      -7.338671298,      -7.214265627,      -11.86508001
          0,           0,        2497,      -6.299623093,      -7.362481468,      -7.229215517,      -11.80653797
          0,           0,        2498,      -6.174427827,      -7.057885329,      -7.058199366,      -11.83719116
          0,           0,        2499,       -6.34226785,      -7.189194724,      -7.130432237,       -11.7859208
          0,           0,        2500,      -6.162293615,      -7.043875786,      -7.078255369,      -11.81482643
          0,           0,        2501,      -6.175888174,      -7.096131449,      -7.081912545,       -11.7881899
          0,           0,        2502,      -6.181658112,      -7.142016914,      -7.098717944,      -11.78350914
          0,           0,        2503,      -6.184222072,      -7.192413998,      -7.122409402,       -11.7923786
          0,           0,        2504,      -6.185564953,      -7.248290436,      -7.151945917,      -11.80622582
          0,           0,        2505,      -6.186591561,      -7.303962611,      -7.191117965,      -11.82348579
          0,           0,        2506,      -6.187609181,      -7.346572013,      -7.220566203,       -11.8407019
          0,           0,        2507,      -6.188539738,      -7.377504864,      -7.242239631,      -11.85804764
          0,           0,        2508,      -6.311087502,      -7.403935491,      -7.263475266,      -11.79030626
          0,           0,        2509,       -6.17214017,      -7.023084127,      -7.043948319,      -11.83326186
          0,           0,        2510,       -6.18151685,      -7.169450152,      -7.128450971,       -11.8343978
          0,           0,        2511,      -6.185696078,      -7.248508789,      -7.179787342,      -11.83910819
          0,           0,        2512,       -6.34129143,      -7.308405685,      -7.220807796,      -11.79206605
          0,           0,        2513,      -6.159966158,       -6.91062655,      -6.963744722,      -11.87687297
          0,           0,        2514,      -6.175156933,      -7.103418085,      -7.127387244,      -11.88142938
          0,           0,        2515,       -6.18195101,      -7.197255502,      -7.169390975,      -11.88170701
          0,           0,        2516,      -6.320181622,       -7.26596974,       -7.23192291,      -11.88872947
          0,           0,        2517,      -6.166156572,      -7.027209151,      -7.050711694,       -11.9474057
          0,           0,        2518,      -6.177174638,      -7.235534742,      -7.247873359,      -11.94519034
          0,           0,        2519,      -6.182598707,      -7.320033702,      -7.286964311,      -11.94293107
          0,           0,        2520,      -6.185196164,      -7.379116238,      -7.353823041,      -11.96883216
          0,           0,        2521,      -6.186638277,      -7.442033063,      -7.386968861,      -12.00451655
          0,           0,        2522,      -6.187659547,      -7.508313118,       -7.43213482,      -12.04038676
          0,           0,        2523,      -6.188567063,      -7.565481917,      -7.462341874,      -12.05991641
          0,           0,        2524,      -6.189311682,       -7.60241819,      -7.480218727,      -12.06033981
          0,           0,        2525,      -6.189983534,      -7.627264071,      -7.496148466,      -12.05907731
          0,           0,        2526,      -6.190516513,      -7.645544182,       -7.51253764,       -12.0694184
          0,           0,        2527,      -6.190710185,      -7.660230002,      -7.528248464,      -12.09357071
          0,           0,        2528,      -6.191093577,      -7.670994389,      -7.540019675,      -12.12166663
          0,           0,        2529,      -6.191293772,      -7.678137321,      -7.548589252,      -12.13661356
          0,           0,        2530,      -6.191416792,       -7.68571011,      -7.558416391,      -12.13377061
          0,           0,        2531,      -6.191508482,      -7.697289369,      -7.571636573,      -12.12789518
          0,           0,        2532,      -6.191548767,      -7.711895882,      -7.585939401,      -12.13371263
          0,           0,        2533,      -6.191632004,        -7.7242451,      -7.597286962,      -12.15229856
          0,           0,        2534,      -6.191669917,      -7.729550508,      -7.604029077,      -12.17184343
          0,           0,        2535,      -6.322157714,      -7.729082994,      -7.608657361,      -11.93250811
          0,           0,        2536,      -6.171473246,       -7.00516576,      -7.073760089,      -12.03670682
          0,           0,        2537,      -6.181950842,      -7.176028846,      -7.192972165,      -12.02851807
          0,           0,        2538,      -6.186361914,      -7.282577667,      -7.270396967,      -12.03005913
          0,           0,        2539,      -6.187982263,      -7.367199131,      -7.334438369,      -12.05381169
          0,           0,        2540,      -6.188542876,      -7.441774555,      -7.369476874,      -12.07066698
          0,           0,        2541,      -6.189090178,      -7.516013536,       -7.42259005,      -12.08184564
          0,           0,        2542,      -6.189618935,       -7.57823879,       -7.46927345,        -12.084083
          0,           0,        2543,      -6.328357645,      -7.624425365,      -7.509621461,      -11.86308171
          0,           0,        2544,      -6.168110037,      -6.968309097,      -7.031041706,      -11.96233607
          0,           0,        2545,      -6.362262713,      -7.138756766,      -7.144764692,      -11.87413026
          0,           0,        2546,      -6.156062607,      -7.039444651,      -7.130167308,      -11.93879407
          0,           0,        2547,      -6.380480629,      -7.073916827,      -7.108794598,      -11.94982491
          0,           0,        2548,      -6.146652167,      -7.097124655,      -7.181918801,      -11.97989622
          0,           0,        2549,       -6.16650424,      -7.091710566,      -7.146177986,       -11.8568889
          0,           0,        2550,      -6.175657861,      -7.097764674,       -7.09630307,      -11.82413434
          0,           0,        2551,      -6.180019283,      -7.144417325,      -7.113440581,       -11.8304066
          0,           0,        2552,      -6.182524818,      -7.203387711,      -7.139916471,      -11.84565231
          0,           0,        2553,      -6.323685052,      -7.268931057,      -7.183483227,      -11.75220453
          0,           0,        2554,      -6.163950975,      -6.943602116,      -6.962307248,      -11.81648823
          0,           0,        2555,      -6.338156179,      -7.109191488,      -7.057767437,      -11.78106604
          0,           0,        2556,      -6.159806164,      -7.092432768,      -7.090520842,      -11.80426863
          0,           0,        2557,      -6.307365269,      -7.104568704,      -7.076377696,      -11.83387567
          0,           0,        2558,      -6.163554579,      -7.243527883,      -7.183705808,      -11.82385858
          0,           0,        2559,      -6.174487589,      -7.187313427,       -7.15253545,      -11.80415413
          0,           0,        2560,      -6.355158799,      -7.197650243,      -7.147065694,      -11.76781056
          0,           0,        2561,      -6.148409581,      -6.892773441,      -6.941628996,      -11.86300447
          0,           0,        2562,      -6.167742152,       -7.09454263,        -7.1281199,       -11.8532456
          0,           0,        2563,      -6.177080465,      -7.149830027,      -7.128776862,      -11.84968095
          0,           0,        2564,      -6.181367852,      -7.208114706,      -7.191965398,      -11.87454992
          0,           0,        2565,      -6.183733373,      -7.268502346,      -7.219975392,      -11.89999788
          0,           0,        2566,      -6.185325844,       -7.33899268,      -7.274157267,      -11.92824338
          0,           0,        2567,      -6.186717843,      -7.402714889,        -7.3190081,      -11.94967888
          0,           0,        2568,      -6.342969797,      -7.446856985,      -7.348339223,      -11.71332504
          0,           0,        2569,      -6.377967675,      -6.815974048,      -6.885960618,      -11.63293457
          0,           0,        2570,      -6.137651232,      -6.902321827,      -6.917808889,      -11.70620986
          0,           0,        2571,      -6.163281636,      -6.859213604,      -6.856262582,      -11.65443409
          0,           0,        2572,      -6.174474597,      -6.926442958,      -6.909922517,      -11.65261292
          0,           0,        2573,      -6.349091037,      -6.998325731,      -6.943881583,      -11.68011919
          0,           0,        2574,      -6.146140594,      -6.825320269,       -6.83768522,      -11.76448773
          0,           0,        2575,      -6.165821842,      -7.053410032,      -7.055894546,      -11.78036325
          0,           0,        2576,       -6.17595443,      -7.120047278,      -7.068829341,      -11.78018593
          0,           0,        2577,      -6.305751474,      -7.182647571,      -7.145085464,      -11.81138244
          0,           0,        2578,      -6.330432949,      -7.053162248,      -7.037571558,      -11.75314008
          0,           0,        2579,       -6.15277546,      -7.053343272,      -7.052507538,      -11.82296652
          0,           0,        2580,      -6.169651808,      -7.061094888,      -7.044756941,      -11.79840119
          0,           0,        2581,      -6.177780992,      -7.117512177,      -7.098145476,      -11.80316552
          0,           0,        2582,      -6.181535769,      -7.181520993,      -7.143297663,      -11.82590007
          0,           0,        2583,      -6.183775668,      -7.249901509,      -7.183415294,      -11.85060597
          0,           0,        2584,      -6.185329869,      -7.330806168,      -7.246101221,      -11.88200713
          0,           0,        2585,      -6.186756268,      -7.400262745,      -7.296376067,      -11.91281264
          0,           0,        2586,      -6.188005801,      -7.447828333,      -7.329862978,       -11.9407113
          0,           0,        2587,      -6.320797476,      -7.480644855,      -7.350569815,      -11.82730688
          0,           0,        2588,      -6.169439188,      -6.993965486,      -7.035606724,      -11.88331387
          0,           0,        2589,      -6.180297978,       -7.15461191,      -7.131419416,      -11.87531944
          0,           0,        2590,       -6.18510718,      -7.242779978,      -7.189925144,      -11.87662504
          0,           0,        2591,      -6.186961434,      -7.307367101,      -7.238882201,      -11.89512146
          0,           0,        2592,      -6.187818904,      -7.364317699,      -7.267889432,      -11.91240616
          0,           0,        2593,        -6.1884238,      -7.421783224,      -7.311102022,      -11.92612279
          0,           0,        2594,      -6.189065514,       -7.47005765,      -7.350862216,      -11.93751058
          0,           0,        2595,      -6.189701046,      -7.503542301,      -7.382711684,      -11.95629107
          0,           0,        2596,      -6.280156955,      -7.527547779,      -7.406469804,      -11.91494388
          0,           0,        2597,      -6.179255411,      -7.173914488,       -7.19162388,      -11.97355498
          0,           0,        2598,      -6.185184703,      -7.314793368,      -7.274208442,      -11.99054111
          0,           0,        2599,      -6.345844481,       -7.39123207,      -7.330242364,      -11.88156188
          0,           0,        2600,      -6.160415999,      -6.938407162,      -7.017216004,      -11.97295543
          0,           0,        2601,      -6.175869779,      -7.111773033,      -7.160356757,      -11.93292966
          0,           0,        2602,      -6.182429008,      -7.198621076,      -7.192438264,      -11.91679404
          0,           0,        2603,      -6.185087085,      -7.270347776,      -7.248559492,      -11.93792111
          0,           0,        2604,      -6.186392151,      -7.344132029,      -7.282636121,       -11.9698907
          0,           0,        2605,      -6.187354771,      -7.419852938,      -7.336215708,      -12.00562383
          0,           0,        2606,      -6.313116527,      -7.479507258,      -7.374058091,      -11.86678399
          0,           0,        2607,      -6.170768157,      -7.021473976,      -7.059986623,       -11.9429528
          0,           0,        2608,      -6.180774583,      -7.184871747,       -7.15717784,       -11.9500907
          0,           0,        2609,      -6.185366366,      -7.278411721,      -7.231626116,       -11.9611061
          0,           0,        2610,      -6.187249556,      -7.353261679,      -7.299577007,      -11.98775328
          0,           0,        2611,      -6.188158376,      -7.423269955,      -7.343763505,      -12.01984928
          0,           0,        2612,      -6.304424241,       -7.49832367,      -7.401257068,      -11.92433595
          0,           0,        2613,      -6.173162998,      -7.066780431,       -7.11097274,      -12.02519365
          0,           0,        2614,      -6.181952793,      -7.246441871,      -7.235905789,      -12.04609158
          0,           0,        2615,      -6.347881189,      -7.350421939,      -7.327862564,      -11.95174176
          0,           0,        2616,      -6.159485007,      -6.964545829,      -7.049630538,      -12.07799652
          0,           0,        2617,      -6.359646164,      -7.145099583,      -7.218458513,      -12.01400088
          0,           0,        2618,      -6.154605652,      -7.158225832,      -7.276885728,      -12.05523194
          0,           0,        2619,      -6.383424674,      -7.134763239,      -7.194372193,      -12.02172483
          0,           0,        2620,      -6.143287453,      -7.098218878,      -7.202672077,      -12.10472265
          0,           0,        2621,      -6.339818972,      -7.129880728,      -7.221045414,      -12.16176014
          0,           0,        2622,      -6.152024455,      -7.382865994,      -7.468428625,      -12.05283746
          0,           0,        2623,      -6.167694943,      -7.194125766,      -7.268943388,       -11.9352652
          0,           0,        2624,      -6.175521975,      -7.180448618,      -7.211085527,      -11.92222774
          0,           0,        2625,      -6.179830611,      -7.217584037,      -7.212272856,      -11.93888546
          0,           0,        2626,      -6.182536272,      -7.276547054,      -7.239430519,      -11.95666227
          0,           0,        2627,      -6.184517699,      -7.342509693,      -7.276793088,      -11.96712043
          0,           0,        2628,        -6.1862954,      -7.393564858,      -7.298442732,      -11.96763483
          0,           0,        2629,      -6.311241952,       -7.42332876,       -7.30979942,      -11.84080687
          0,           0,        2630,      -6.386726077,      -7.023464394,       -7.04964061,      -11.64885148
          0,           0,        2631,      -6.139685204,      -6.862835008,      -6.905206938,      -11.73385782
          0,           0,        2632,      -6.164904036,      -6.886324047,      -6.891549044,      -11.68533192
          0,           0,        2633,      -6.344757088,      -6.949387709,      -6.924483145,      -11.76689292
          0,           0,        2634,      -6.155909058,      -6.992552597,      -6.968236346,      -11.76487875
          0,           0,        2635,      -6.170397134,      -7.118747818,      -7.091556563,      -11.74231109
          0,           0,        2636,      -6.177123684,       -7.13681013,      -7.072816936,      -11.73247559
          0,           0,        2637,      -6.180930891,      -7.159884686,      -7.090522642,      -11.73495677
          0,           0,        2638,      -6.183186935,      -7.191897021,      -7.105949841,      -11.74409702
          0,           0,        2639,      -6.184840108,      -7.222888998,      -7.122918165,      -11.75563224
          0,           0,        2640,       -6.18624849,      -7.249138861,      -7.136037766,      -11.76499774
          0,           0,        2641,      -6.187386761,      -7.270275825,       -7.14825224,      -11.77126357
          0,           0,        2642,      -6.188392373,      -7.287922057,      -7.161124771,      -11.77630477
          0,           0,        2643,      -6.189080811,      -7.302832991,      -7.173627557,      -11.78077292
          0,           0,        2644,      -6.189572959,      -7.316662467,      -7.186264509,      -11.78395626
          0,           0,        2645,      -6.292847871,      -7.331496057,      -7.200787995,      -11.75095092
          0,           0,        2646,      -6.176516393,      -7.077051142,      -7.071458282,      -11.77369493
          0,           0,        2647,      -6.359859624,      -7.198094515,      -7.136373746,      -11.69713539
          0,           0,        2648,      -6.152990947,      -6.921019202,      -6.985063393,      -11.75328559
          0,           0,        2649,      -6.171810707,       -7.01220297,      -7.023653678,      -11.73343657
          0,           0,        2650,      -6.179590229,      -7.071905129,      -7.041414569,      -11.73238306
          0,           0,        2651,      -6.182787383,      -7.129023575,      -7.071502038,      -11.74638983
          0,           0,        2652,       -6.18436161,      -7.182968455,      -7.094669895,      -11.75822812
          0,           0,        2653,      -6.185477388,      -7.236206744,      -7.131028687,      -11.76357657
          0,           0,        2654,      -6.186611794,      -7.277817672,      -7.158153056,      -11.76202694
          0,           0,        2655,      -6.187652238,      -7.307347387,      -7.176331951,      -11.76349016
          0,           0,        2656,      -6.188544289,      -7.330412947,      -7.191567537,      -11.77370558
          0,           0,        2657,      -6.189279255,      -7.349523008,      -7.209096577,      -11.79258027
          0,           0,        2658,      -6.189772365,      -7.363830981,      -7.226786866,      -11.81731055
          0,           0,        2659,      -6.190122296,      -7.371437834,      -7.239102005,      -11.83891849
          0,           0,        2660,      -6.190330305,      -7.375881684,      -7.247562736,      -11.84627474
          0,           0,        2661,      -6.190578381,      -7.384053743,      -7.258782917,      -11.84014329
          0,           0,        2662,      -6.190736854,      -7.399865749,      -7.276494485,      -11.83419501
          0,           0,        2663,      -6.290362789,       -7.42235457,      -7.299175874,      -11.79839806
          0,           0,        2664,      -6.177900415,      -7.112872029,      -7.126547589,      -11.84508633
          0,           0,        2665,       -6.18455509,      -7.248451691,      -7.205268966,      -11.87335382
          0,           0,        2666,      -6.187491703,      -7.321342386,      -7.251912946,      -11.89540106
          0,           0,        2667,      -6.188598611,      -7.369800698,      -7.283678518,      -11.90443177
          0,           0,        2668,      -6.310532292,      -7.408356884,      -7.305361066,      -11.83343598
          0,           0,        2669,      -6.383816434,      -7.034211057,      -7.067985219,      -11.65963019
          0,           0,        2670,      -6.141489839,      -6.876634265,      -6.935546064,      -11.77466316
          0,           0,        2671,      -6.166086981,      -6.909262482,      -6.932442332,      -11.74700715
          0,           0,        2672,      -6.177029156,      -6.988672017,      -6.987643805,      -11.75832912
          0,           0,        2673,      -6.181230558,      -7.072032362,      -7.043398312,      -11.79359594
          0,           0,        2674,      -6.183372941,      -7.149425767,      -7.084071028,      -11.82614905
          0,           0,        2675,      -6.184787811,      -7.234382804,      -7.150285581,      -11.85268545
          0,           0,        2676,      -6.186232384,      -7.307929364,      -7.205597803,      -11.86114506
          0,           0,        2677,      -6.187591594,      -7.363586693,      -7.248013737,      -11.87097967
          0,           0,        2678,      -6.188680528,      -7.404335417,      -7.276802318,      -11.89022964
          0,           0,        2679,      -6.189424597,      -7.435022785,      -7.302991853,      -11.91107162
          0,           0,        2680,      -6.190089012,      -7.459374465,      -7.329956865,      -11.93342292
          0,           0,        2681,      -6.190498655,      -7.471410831,      -7.345867574,      -11.95753067
          0,           0,        2682,      -6.190724599,      -7.472509112,      -7.349838584,      -11.97475925
          0,           0,        2683,      -6.190989683,       -7.47383794,      -7.354353255,       -11.9789353
          0,           0,        2684,      -6.191197983,      -7.482639567,       -7.36779785,       -11.9765251
          0,           0,        2685,      -6.191323795,      -7.499268856,       -7.39058693,      -11.97856963
          0,           0,        2686,      -6.191418681,      -7.520895006,      -7.419257688,      -11.99029656
          0,           0,        2687,       -6.31683556,      -7.543873461,      -7.448672007,      -11.87526177
          0,           0,        2688,       -6.38575385,      -7.020458305,      -7.078725718,      -11.68379136
          0,           0,        2689,      -6.142671007,      -6.876125304,      -6.945115173,      -11.80402279
          0,           0,        2690,      -6.167197662,      -6.895485929,      -6.921844221,      -11.75462479
          0,           0,        2691,       -6.35807676,      -6.974071053,      -6.971480132,      -11.88564483
          0,           0,        2692,      -6.152516415,       -6.97934496,      -6.997528791,      -11.90685427
          0,           0,        2693,      -6.169265056,      -7.149651166,      -7.195420985,      -11.86395649
          0,           0,        2694,      -6.351802638,      -7.171130396,      -7.144127987,      -11.85072257
          0,           0,        2695,      -6.152703386,      -6.982081142,      -7.022634957,      -11.90415941
          0,           0,        2696,        -6.1692716,      -7.163705919,      -7.190203012,       -11.8728823
          0,           0,        2697,      -6.177268316,      -7.195340251,      -7.177899504,      -11.86063877
          0,           0,        2698,      -6.181425268,      -7.238730008,      -7.221009096,      -11.87187816
          0,           0,        2699,       -6.18374939,      -7.292997733,      -7.248159148,      -11.89012862
          0,           0,        2700,      -6.185493233,      -7.353921553,      -7.292260379,      -11.91590228
          0,           0,        2701,       -6.18691989,       -7.40010765,      -7.322151358,      -11.94133705
          0,           0,        2702,      -6.188073417,      -7.421041161,      -7.333501238,      -11.96159853
          0,           0,        2703,      -6.189104849,      -7.425122736,      -7.332261318,      -11.97244044
          0,           0,        2704,      -6.189802148,      -7.423576179,       -7.32810501,      -11.96900383
          0,           0,        2705,      -6.190299322,      -7.424734226,      -7.329025131,       -11.9552321
          0,           0,        2706,      -6.293734913,      -7.431823142,      -7.337237615,      -11.87400525
          0,           0,        2707,      -6.177252539,      -7.102018801,      -7.130652895,      -11.90194139
          0,           0,        2708,      -6.184274401,      -7.239859643,      -7.214674192,       -11.8947314
          0,           0,        2709,      -6.187326032,      -7.313587418,      -7.269108885,      -11.89539986
          0,           0,        2710,      -6.304792171,      -7.365251033,      -7.308453413,      -11.88154535
          0,           0,        2711,      -6.173117844,      -7.082920412,      -7.111933001,      -11.93544416
          0,           0,        2712,      -6.181512794,      -7.251101145,      -7.247820219,      -11.94659423
          0,           0,        2713,      -6.185468289,      -7.313546749,      -7.276205686,      -11.95365317
          0,           0,        2714,      -6.187209102,      -7.347193916,       -7.30057799,      -11.96864584
          0,           0,        2715,       -6.18809458,      -7.374671367,      -7.307004109,      -11.97423982
          0,           0,        2716,      -6.188631512,      -7.402525771,      -7.326078246,      -11.96919194
          0,           0,        2717,      -6.189348395,      -7.430164898,      -7.347294905,      -11.95426434
          0,           0,        2718,      -6.189801838,      -7.458378492,      -7.372798201,      -11.93731859
          0,           0,        2719,      -6.190309211,      -7.490462159,      -7.404292001,      -11.92826272
          0,           0,        2720,      -6.190748894,      -7.524332356,      -7.439296517,      -11.93255415
          0,           0,        2721,      -6.190978238,      -7.555148638,      -7.471861911,      -11.95314328
          0,           0,        2722,      -6.191142156,      -7.575982056,      -7.492126977,       -11.9900365
          0,           0,        2723,      -6.191327466,      -7.582561327,      -7.494707077,      -12.03682249
          0,           0,        2724,      -6.191424906,      -7.578209599,      -7.485165767,      -12.07759679
          0,           0,        2725,      -6.191349336,      -7.571260434,      -7.474589976,      -12.09312132
          0,           0,        2726,      -6.191515098,      -7.570181842,       -7.47268967,      -12.08091372
          0,           0,        2727,       -6.29520116,      -7.581281302,      -7.485817951,      -11.94920787
          0,           0,        2728,      -6.177857301,      -7.120854139,       -7.17056866,      -11.99515225
          0,           0,        2729,      -6.184827856,      -7.282530231,      -7.284186873,      -11.99358968
          0,           0,        2730,      -6.187873025,      -7.387618158,      -7.370593895,      -12.00888527
          0,           0,        2731,       -6.18903539,      -7.475709246,      -7.443650817,      -12.04775069
          0,           0,        2732,      -6.189498556,       -7.55422316,      -7.486322485,      -12.09639415
          0,           0,        2733,      -6.301296277,       -7.62562003,      -7.532948762,      -11.97658679
          0,           0,        2734,      -6.174816583,      -7.091346418,      -7.142357027,      -12.09642418
          0,           0,        2735,      -6.182958382,      -7.269046877,      -7.263747046,      -12.10824956
          0,           0,        2736,      -6.186715198,      -7.373746831,      -7.351596472,      -12.10972278
          0,           0,        2737,       -6.18822716,      -7.461187155,      -7.433094591,      -12.12130969
          0,           0,        2738,      -6.314495026,      -7.546286242,      -7.491845794,       -11.9748166
          0,           0,        2739,      -6.170935041,      -7.040831811,      -7.100226141,      -12.11196349
          0,           0,        2740,      -6.180824449,      -7.243162364,      -7.267000157,      -12.13099178
          0,           0,        2741,      -6.185452094,      -7.357847302,      -7.363239347,       -12.1497665
          0,           0,        2742,      -6.187354314,      -7.451751865,      -7.458895825,      -12.20573981
          0,           0,        2743,      -6.188210385,      -7.538896019,      -7.503277346,       -12.2483934
          0,           0,        2744,      -6.294867615,      -7.635750497,      -7.576091228,      -12.04805831
          0,           0,        2745,      -6.175311244,      -7.120840668,      -7.172587793,      -12.18017934
          0,           0,        2746,      -6.182998227,      -7.310172307,       -7.30521891,      -12.17966436
          0,           0,        2747,        -6.1866618,      -7.420791585,        -7.4082288,      -12.18794658
          0,           0,        2748,      -6.188168368,      -7.516027631,      -7.506605581,      -12.22473409
          0,           0,        2749,      -6.321038346,      -7.610462071,      -7.574411981,       -12.0029346
          0,           0,        2750,      -6.169278778,      -7.015474573,      -7.082566366,      -12.20301098
          0,           0,        2751,      -6.180111495,      -7.218726258,       -7.24944245,      -12.20815796
          0,           0,        2752,      -6.185128907,      -7.334462489,      -7.343824647,      -12.20021905
          0,           0,        2753,      -6.187145256,       -7.42990689,      -7.442257182,      -12.24221718
          0,           0,        2754,       -6.18812106,      -7.520219458,      -7.490593783,      -12.27469795
          0,           0,        2755,      -6.188787397,      -7.623959277,      -7.574128358,      -12.32245137
          0,           0,        2756,      -6.189451994,      -7.721789331,      -7.642709839,      -12.35556081
          0,           0,        2757,       -6.19009078,      -7.793815724,      -7.695199431,      -12.36792689
          0,           0,        2758,        -6.1905865,      -7.847738645,      -7.733154174,      -12.38499573
          0,           0,        2759,      -6.302929865,      -7.885603111,      -7.761752493,      -12.05410772
          0,           0,        2760,      -6.175822762,      -7.102599654,      -7.167207989,      -12.16982234
          0,           0,        2761,      -6.183792575,      -7.276868073,      -7.285788858,      -12.14995318
          0,           0,        2762,       -6.34113231,      -7.379483254,      -7.361030127,      -12.04675771
          0,           0,        2763,      -6.356140202,      -7.008825069,      -7.090878529,      -11.88654123
          0,           0,        2764,      -6.149316843,      -7.067895414,      -7.138082164,      -12.01451176
          0,           0,        2765,       -6.16913969,      -6.998164058,      -7.028157904,      -11.88338311
          0,           0,        2766,      -6.177943501,       -7.06199894,      -7.075144824,      -11.85985433
          0,           0,        2767,      -6.181679364,      -7.133907987,      -7.109031778,      -11.87310613
          0,           0,        2768,      -6.183703778,      -7.207902358,      -7.147767403,       -11.8926186
          0,           0,        2769,      -6.185159508,      -7.287707462,      -7.205922344,      -11.91336767
          0,           0,        2770,      -6.186589389,      -7.349279919,      -7.243278518,      -11.92412367
          0,           0,        2771,      -6.187876659,      -7.387430986,      -7.262391329,      -11.93219075
          0,           0,        2772,      -6.188892446,        -7.4103845,       -7.27367575,       -11.9368224
          0,           0,        2773,      -6.189641241,      -7.426424047,      -7.287851615,      -11.93596009
          0,           0,        2774,      -6.190168684,      -7.439159475,      -7.304413854,      -11.93676438
          0,           0,        2775,      -6.190535829,      -7.446944055,      -7.316886122,      -11.94210427
          0,           0,        2776,      -6.309190593,       -7.45207537,      -7.325942937,      -11.85709282
          0,           0,        2777,      -6.174034277,      -7.041707794,      -7.076445541,      -11.91008184
          0,           0,        2778,      -6.182800605,      -7.187387325,      -7.162677856,      -11.90483413
          0,           0,        2779,      -6.186551744,      -7.265702724,      -7.212969758,      -11.90002916
          0,           0,        2780,       -6.29601211,      -7.321556704,      -7.250345474,      -11.89708555
          0,           0,        2781,      -6.174315172,      -7.113192917,      -7.116945356,      -11.93106005
          0,           0,        2782,      -6.181773874,      -7.280872412,      -7.252095543,      -11.92987781
          0,           0,        2783,      -6.185455256,      -7.342804546,      -7.284511052,      -11.92549877
          0,           0,        2784,      -6.187148797,      -7.380392706,      -7.317291651,      -11.93113295
          0,           0,        2785,      -6.301571779,      -7.413671039,      -7.330342526,      -11.86791291
          0,           0,        2786,      -6.172967469,      -7.068278122,       -7.09319299,      -11.92215451
          0,           0,        2787,      -6.181363282,      -7.234850803,      -7.206033658,       -11.9291965
          0,           0,        2788,      -6.185493711,      -7.313356118,        -7.2608605,      -11.93479374
          0,           0,        2789,      -6.187203638,      -7.370678067,      -7.309897223,       -11.9478026
          0,           0,        2790,      -6.188045346,      -7.421127969,      -7.337821992,      -11.95355647
          0,           0,        2791,      -6.188735574,      -7.473745264,      -7.377931593,      -11.95663208
          0,           0,        2792,      -6.189362529,      -7.522294655,      -7.416436626,      -11.96011128
          0,           0,        2793,      -6.189940616,      -7.563025373,      -7.452868078,      -11.97263298
          0,           0,        2794,       -6.19041582,      -7.596720129,      -7.483227082,      -12.00206937
          0,           0,        2795,      -6.320518209,      -7.619582125,      -7.503010462,      -11.88196258
          0,           0,        2796,      -6.171117689,      -7.007005144,       -7.06667426,      -11.98162702
          0,           0,        2797,      -6.181533063,      -7.171975073,      -7.173639731,      -11.98118922
          0,           0,        2798,      -6.185963152,      -7.267331782,      -7.237380586,      -11.96763407
          0,           0,        2799,       -6.18762303,      -7.341727634,      -7.292340437,      -11.96399308
          0,           0,        2800,      -6.188387667,      -7.413148572,      -7.332182859,      -11.96658318
          0,           0,        2801,      -6.318608145,      -7.493597655,      -7.397995252,      -11.85487538
          0,           0,        2802,      -6.169747673,      -7.004893577,      -7.057970465,      -11.96461431
          0,           0,        2803,      -6.180385241,      -7.188035357,      -7.187844327,      -12.00942004
          0,           0,        2804,       -6.18528612,      -7.298065804,      -7.279300885,      -12.05359358
          0,           0,        2805,      -6.187235952,      -7.388249882,      -7.363578771,      -12.10071759
          0,           0,        2806,      -6.188171244,      -7.470218756,      -7.413408546,      -12.12857071
          0,           0,        2807,      -6.188740809,      -7.561453063,      -7.485754996,      -12.15984272
          0,           0,        2808,      -6.189472846,      -7.650638083,      -7.557084366,      -12.18551817
          0,           0,        2809,      -6.190072156,      -7.730943829,      -7.632437113,      -12.21405349
          0,           0,        2810,      -6.190611506,      -7.802012603,      -7.696016073,      -12.25777638
          0,           0,        2811,      -6.190955094,      -7.855312086,       -7.73733474,      -12.30258321
          0,           0,        2812,      -6.191168052,      -7.896018363,      -7.768707629,      -12.33472281
          0,           0,        2813,      -6.191451983,       -7.92112653,      -7.786062003,      -12.35831285
          0,           0,        2814,      -6.191583407,      -7.926929764,      -7.786622309,      -12.37959004
          0,           0,        2815,      -6.191678588,      -7.925386709,      -7.785677291,      -12.39764456
          0,           0,        2816,      -6.191687323,      -7.928316949,      -7.795284563,       -12.4081072
          0,           0,        2817,      -6.191800791,      -7.939386546,      -7.815041644,      -12.40888328
          0,           0,        2818,      -6.191832585,      -7.958084155,       -7.83893028,      -12.40298598
          0,           0,        2819,      -6.288791918,      -7.981514366,       -7.86211272,      -12.11449391
          0,           0,        2820,      -6.179309124,      -7.174954376,       -7.24175379,      -12.23259716
          0,           0,        2821,       -6.18560782,      -7.350306818,      -7.366838047,      -12.22641172
          0,           0,        2822,      -6.188211794,      -7.461372502,      -7.454780137,      -12.22982423
          0,           0,        2823,      -6.315462253,      -7.548115361,      -7.520819441,      -12.09917331
          0,           0,        2824,      -6.171491261,       -7.06735204,       -7.12872932,      -12.29279266
          0,           0,        2825,      -6.368643728,      -7.275635472,      -7.323679204,        -11.888198
          0,           0,        2826,      -6.148056296,      -6.947451497,      -7.056914879,      -12.06875096
          0,           0,        2827,      -6.384015319,      -7.038312476,       -7.10463496,      -12.04899964
          0,           0,        2828,      -6.393304514,      -7.182740731,      -7.314591527,      -11.96877284
          0,           0,        2829,      -6.131791589,      -7.275022083,      -7.289927788,      -11.99011783
          0,           0,        2830,      -6.157608024,      -6.988918039,      -7.029926443,      -11.79304395
          0,           0,        2831,      -6.170137999,      -7.000283241,      -7.017702685,      -11.76721237
          0,           0,        2832,       -6.17624834,      -7.054105696,      -7.029043259,      -11.78754945
          0,           0,        2833,      -6.179732981,      -7.118689364,      -7.059682512,      -11.81144088
          0,           0,        2834,      -6.182083201,      -7.192635852,      -7.114334115,      -11.83146404
          0,           0,        2835,      -6.184281528,      -7.251155828,      -7.145636664,      -11.84269925
          0,           0,        2836,      -6.186122789,      -7.287116158,      -7.159430252,      -11.84705261
          0,           0,        2837,      -6.187568389,      -7.308718179,      -7.170540181,      -11.84396512
          0,           0,        2838,      -6.283037631,      -7.322298556,      -7.184119385,      -11.79980077
          0,           0,        2839,      -6.177335087,      -7.103540022,      -7.075919622,      -11.81208986
          0,           0,        2840,      -6.343979406,      -7.201886197,       -7.12004063,      -11.75457583
          0,           0,        2841,      -6.336041468,      -6.996196088,      -7.025839545,      -11.72251018
          0,           0,        2842,      -6.152026534,      -7.057605954,       -7.05101564,      -11.73848147
          0,           0,        2843,      -6.169922197,         -6.965196,      -6.953412307,      -11.68840685
          0,           0,        2844,      -6.177612774,       -7.01080093,      -6.981998396,      -11.67635457
          0,           0,        2845,      -6.181027918,      -7.059663788,      -6.998817026,      -11.68010602
          0,           0,        2846,      -6.182859177,      -7.106830612,      -7.023766656,      -11.68933279
          0,           0,        2847,      -6.184352088,      -7.149143163,      -7.053685775,       -11.6995103
          0,           0,        2848,      -6.185686904,      -7.176730174,      -7.071806522,      -11.70803322
          0,           0,        2849,      -6.186998978,       -7.19361977,      -7.081980223,      -11.71620514
          0,           0,        2850,      -6.315211215,      -7.207262219,      -7.090986134,      -11.66968451
          0,           0,        2851,      -6.359957315,      -6.957152844,      -6.952434686,      -11.60185589
          0,           0,        2852,       -6.15007039,       -6.91184311,      -6.919324685,      -11.63681253
          0,           0,        2853,      -6.169692967,       -6.91337515,       -6.89051409,      -11.61257781
          0,           0,        2854,      -6.321283209,      -6.976594903,      -6.933499523,      -11.65454017
          0,           0,        2855,      -6.161925884,      -7.009784227,      -6.960026893,      -11.65912146
          0,           0,        2856,      -6.173369827,      -7.121946623,      -7.062823572,      -11.65895351
          0,           0,        2857,      -6.178910453,      -7.152351087,      -7.066265712,      -11.66766219
          0,           0,        2858,      -6.342789233,      -7.178399615,      -7.086973257,      -11.63613251
          0,           0,        2859,      -6.154262244,      -6.874669383,      -6.895921728,      -11.69653249
          0,           0,        2860,      -6.170861954,      -7.047104098,      -7.019322204,      -11.71350261
          0,           0,        2861,      -6.178780722,      -7.116026064,      -7.049885461,      -11.72068529
          0,           0,        2862,      -6.182344384,      -7.171341133,      -7.103357283,      -11.73093674
          0,           0,        2863,      -6.184294184,      -7.226663674,      -7.135617141,       -11.7394521
          0,           0,        2864,      -6.185642949,      -7.289658537,      -7.182655158,      -11.75454401
          0,           0,        2865,      -6.186869601,      -7.351748236,      -7.229560628,      -11.77928787
          0,           0,        2866,      -6.187984269,      -7.401572147,      -7.271437789,      -11.81683805
          0,           0,        2867,      -6.313399907,      -7.434603618,      -7.301179964,      -11.78074509
          0,           0,        2868,      -6.171159268,      -7.016326104,      -7.045997049,      -11.84469025
          0,           0,        2869,      -6.366380262,      -7.165070059,      -7.129829215,      -11.73713166
          0,           0,        2870,      -6.148494451,      -6.928825701,      -7.001821843,      -11.78746232
          0,           0,        2871,      -6.169306352,      -7.003884163,      -7.027619888,      -11.73598722
          0,           0,        2872,      -6.362604567,      -7.055182219,      -7.035205921,      -11.78092658
          0,           0,        2873,      -6.146630437,      -6.931200523,      -6.976289052,      -11.84582758
          0,           0,        2874,      -6.330006886,      -7.114737918,      -7.172282375,      -11.87795275
          0,           0,        2875,      -6.154835699,      -7.285261086,      -7.262096828,      -11.87758114
          0,           0,        2876,      -6.169531273,      -7.150827651,       -7.16233086,      -11.82610772
          0,           0,        2877,      -6.356721667,      -7.154179966,      -7.148962577,      -11.80706616
          0,           0,        2878,      -6.148177496,      -6.921340423,      -6.963069103,      -11.87483405
          0,           0,        2879,       -6.38049778,      -7.134308916,      -7.177450249,      -11.80820124
          0,           0,        2880,      -6.142252894,      -7.079860156,       -7.12047323,      -11.87148443
          0,           0,        2881,      -6.163398383,      -7.082763634,      -7.105205653,      -11.80899168
          0,           0,        2882,      -6.302958121,      -7.085227358,       -7.08979218,      -11.89392814
          0,           0,        2883,      -6.325904659,      -7.129480034,      -7.110628269,       -11.8571995
          0,           0,        2884,      -6.150802159,      -7.152741123,      -7.141862659,      -11.92033421
          0,           0,        2885,      -6.364624895,      -7.142625592,      -7.166263669,       -11.9063152
          0,           0,        2886,      -6.415334245,      -7.147238112,      -7.233125224,      -11.78753227
          0,           0,        2887,      -6.125081659,      -7.086091546,      -7.089160332,      -11.90035853
          0,           0,        2888,      -6.153691248,      -6.975000765,      -6.999132919,      -11.76502776
          0,           0,        2889,      -6.168118483,      -6.986511325,      -6.998033952,      -11.74001911
          0,           0,        2890,      -6.175124838,      -7.041397807,      -7.026414862,      -11.76214686
          0,           0,        2891,        -6.1790701,       -7.10795937,      -7.060290643,      -11.79098817
          0,           0,        2892,      -6.318104677,      -7.193525362,      -7.135490962,      -11.73095094
          0,           0,        2893,       -6.16304094,      -6.947698229,      -6.965587059,      -11.79662788
          0,           0,        2894,      -6.175386916,      -7.122018056,      -7.067960779,       -11.8264067
          0,           0,        2895,      -6.337338658,      -7.206422704,      -7.132919666,       -11.8330031
          0,           0,        2896,      -6.160734393,      -7.014166353,      -7.043318835,      -11.87395061
          0,           0,        2897,      -6.174429902,      -7.165619909,      -7.162446837,      -11.85518576
          0,           0,        2898,      -6.180635256,      -7.209902195,      -7.160153064,      -11.85181842
          0,           0,        2899,      -6.183656496,      -7.247872739,      -7.186065329,      -11.86136915
          0,           0,        2900,       -6.18532632,      -7.300513964,      -7.214402732,      -11.87042255
          0,           0,        2901,      -6.186622148,      -7.361964227,      -7.262999362,      -11.88544186
          0,           0,        2902,      -6.187695643,      -7.416176776,      -7.305342085,      -11.91070702
          0,           0,        2903,      -6.188734006,      -7.455338011,      -7.334831913,      -11.94374065
          0,           0,        2904,      -6.189456094,      -7.486345679,      -7.359846429,       -11.9758218
          0,           0,        2905,      -6.190127056,      -7.514587442,      -7.386681577,      -11.99838458
          0,           0,        2906,       -6.19054923,      -7.540862674,      -7.414144681,       -12.0111849
          0,           0,        2907,      -6.190851608,       -7.56536586,      -7.438740993,      -12.01891857
          0,           0,        2908,      -6.191073446,      -7.591485736,      -7.461655965,      -12.02624871
          0,           0,        2909,      -6.191121505,      -7.622550084,      -7.486699335,      -12.03745225
          0,           0,        2910,      -6.191371241,      -7.655406422,      -7.514944006,      -12.05491955
          0,           0,        2911,      -6.191457312,      -7.681457598,      -7.543440453,      -12.07651905
          0,           0,        2912,      -6.191525181,      -7.696803004,      -7.567520549,      -12.09602526
          0,           0,        2913,      -6.191583847,      -7.708529544,       -7.58608844,      -12.10890922
          0,           0,        2914,      -6.191635758,      -7.726364207,      -7.604334054,       -12.1181809
          0,           0,        2915,      -6.191680034,      -7.752803416,      -7.628813559,      -12.13193997
          0,           0,        2916,      -6.322766972,       -7.78215654,      -7.660068854,      -11.92247304
          0,           0,        2917,      -6.347325881,      -7.004351963,      -7.076183014,      -11.79756749
          0,           0,        2918,      -6.155884021,      -6.991669124,       -7.06673324,      -11.89879843
          0,           0,        2919,      -6.173614429,      -6.980571593,      -6.997753829,      -11.84802579
          0,           0,        2920,      -6.180980882,      -7.066775991,      -7.068897844,      -11.84752316
          0,           0,        2921,      -6.338280862,      -7.148359347,      -7.110313297,        -11.863733
          0,           0,        2922,      -6.159232481,      -6.928792744,      -6.957882433,      -11.97867686
          0,           0,        2923,      -6.173620032,      -7.155141461,        -7.1865399,      -11.99990676
          0,           0,        2924,      -6.180659913,      -7.251719746,      -7.227735604,      -11.99856629
          0,           0,        2925,      -6.183918091,      -7.322713398,      -7.310639044,       -12.0364125
          0,           0,        2926,      -6.185764838,      -7.387385803,       -7.33618442,      -12.06276385
          0,           0,        2927,      -6.186994279,      -7.455455495,      -7.383278676,      -12.07941045
          0,           0,        2928,      -6.188068407,      -7.514581639,      -7.418769586,      -12.08597633
          0,           0,        2929,      -6.323004276,      -7.548546272,      -7.440666659,       -11.8765108
          0,           0,        2930,      -6.168899038,      -6.989394293,      -7.043062081,      -11.95145345
          0,           0,        2931,      -6.180158013,      -7.150720024,      -7.140481784,      -11.93715611
          0,           0,        2932,      -6.185112922,      -7.238732684,      -7.201685488,      -11.92602926
          0,           0,        2933,      -6.187027719,      -7.304970301,      -7.254271757,      -11.93130556
          0,           0,        2934,      -6.187909112,       -7.36546549,      -7.285987837,      -11.94254067
          0,           0,        2935,      -6.188399718,      -7.426914542,      -7.332064248,      -11.96028837
          0,           0,        2936,      -6.290631512,      -7.478149106,      -7.373300399,       -11.8869311
          0,           0,        2937,      -6.176350381,      -7.116553246,      -7.143108427,      -11.94794851
          0,           0,        2938,      -6.183566528,      -7.268111385,        -7.2320484,      -11.96617952
          0,           0,        2939,      -6.186886301,      -7.350876163,      -7.298676233,       -11.9827393
          0,           0,        2940,      -6.323125121,      -7.412797122,      -7.352334877,      -11.92724199
          0,           0,        2941,      -6.168411142,      -7.015256892,      -7.064882741,      -12.02169644
          0,           0,        2942,      -6.179375567,      -7.205725895,      -7.224910934,      -12.01880711
          0,           0,        2943,      -6.343604307,      -7.296153166,      -7.274609593,      -11.96776116
          0,           0,        2944,      -6.160841218,      -7.008816516,      -7.082636161,      -12.05413789
          0,           0,        2945,      -6.175118657,      -7.184013652,      -7.249404456,      -11.99055581
          0,           0,        2946,       -6.32491779,       -7.25139569,      -7.255775198,      -12.01776722
          0,           0,        2947,      -6.164171191,      -7.113124574,       -7.16571578,      -12.05436622
          0,           0,        2948,      -6.175832803,      -7.294213804,      -7.371161695,      -12.01176683
          0,           0,        2949,      -6.348569446,      -7.340718284,       -7.36300239,      -11.94228559
          0,           0,        2950,      -6.156254026,      -6.986819898,      -7.066962885,      -12.08066647
          0,           0,        2951,      -6.172226387,      -7.188192339,      -7.277103774,      -12.04889717
          0,           0,        2952,      -6.356928366,      -7.251414456,      -7.275887305,      -12.01901352
          0,           0,        2953,      -6.152319531,      -6.980425554,      -7.066716651,      -12.19548808
          0,           0,        2954,      -6.365814412,      -7.181161553,      -7.296414812,      -12.06741045
          0,           0,        2955,      -6.149626497,      -7.189538429,      -7.304016385,      -12.11348917
          0,           0,        2956,      -6.326950624,      -7.152963039,      -7.225722268,       -12.1897642
          0,           0,        2957,      -6.156133389,      -7.367338152,      -7.477315041,      -12.09512905
          0,           0,        2958,      -6.170148323,      -7.235658286,      -7.330342738,      -11.99092454
          0,           0,        2959,      -6.329020689,      -7.230923763,      -7.276278824,      -12.03966903
          0,           0,        2960,      -6.159014896,      -7.054002975,       -7.09741821,      -12.16166213
          0,           0,        2961,      -6.172265821,      -7.277926884,      -7.362825732,      -12.12939067
          0,           0,        2962,      -6.179101181,      -7.328622109,      -7.353483705,      -12.11324764
          0,           0,        2963,      -6.182762473,      -7.378038973,       -7.41886914,      -12.14713672
          0,           0,        2964,      -6.184931838,      -7.446719397,      -7.450808051,      -12.18845108
          0,           0,        2965,      -6.186515244,      -7.534308781,      -7.515204722,      -12.23258189
          0,           0,        2966,      -6.342890776,        -7.6181347,       -7.56639308,      -11.83156541
          0,           0,        2967,      -6.349671111,      -6.878344242,      -6.954906757,      -11.73760764
          0,           0,        2968,      -6.403272353,      -6.969385285,      -6.998431099,      -11.70089257
          0,           0,        2969,      -6.132192852,      -7.024713126,      -6.997842744,      -11.72976343
          0,           0,        2970,      -6.158981446,      -6.872901598,      -6.872061825,      -11.64710159
          0,           0,        2971,      -6.170957995,      -6.911362029,      -6.897745176,      -11.63734177
          0,           0,        2972,      -6.176543119,      -6.971296134,      -6.914466314,       -11.6536924
          0,           0,        2973,      -6.179566355,      -7.036613107,      -6.951563425,      -11.67498794
          0,           0,        2974,      -6.313662547,      -7.104767187,      -7.005049214,      -11.63704512
          0,           0,        2975,        -6.1638834,      -6.923617578,      -6.904449698,      -11.68019115
          0,           0,        2976,      -6.368107129,      -7.060835714,      -6.975641143,      -11.62163097
          0,           0,        2977,      -6.145017093,      -6.904685912,      -6.913602687,      -11.66577843
          0,           0,        2978,      -6.365782479,      -6.972690013,      -6.945015321,      -11.67812227
          0,           0,        2979,      -6.148030845,      -7.098584884,      -7.051954929,       -11.6758664
          0,           0,        2980,      -6.166014826,      -7.036729952,       -7.00735583,      -11.65274396
          0,           0,        2981,      -6.174328444,      -7.041793945,       -6.99179782,      -11.65726292
          0,           0,        2982,      -6.178674679,      -7.081700652,      -7.009485956,      -11.67273838
          0,           0,        2983,      -6.181320869,      -7.134929501,      -7.043923052,      -11.69120004
          0,           0,        2984,      -6.183307069,      -7.189977646,      -7.084906203,      -11.71330623
          0,           0,        2985,      -6.185065205,      -7.233798483,      -7.112592019,      -11.73613019
          0,           0,        2986,      -6.186576989,      -7.268959281,      -7.133724681,      -11.75536071
          0,           0,        2987,      -6.187773248,      -7.302009535,      -7.158046956,      -11.76988547
          0,           0,        2988,      -6.188664221,      -7.332232713,      -7.185795361,      -11.78324038
          0,           0,        2989,       -6.18931324,      -7.355800316,      -7.210981643,      -11.79759623
          0,           0,        2990,      -6.297687044,       -7.37416003,      -7.231152761,      -11.76814814
          0,           0,        2991,      -6.175506286,      -7.070935578,      -7.075229845,      -11.80327068
          0,           0,        2992,      -6.183158493,      -7.205221678,      -7.149741824,      -11.81146518
          0,           0,        2993,      -6.186591669,      -7.276249602,      -7.199873298,      -11.82544729
          0,           0,        2994,      -6.187920462,      -7.326322786,       -7.24037488,      -11.84851382
          0,           0,        2995,       -6.31851137,      -7.364554347,        -7.2642652,      -11.80171619
          0,           0,        2996,      -6.169080258,      -6.993093879,      -7.026851333,      -11.86919731
          0,           0,        2997,       -6.17975599,      -7.163704143,      -7.146360486,      -11.87520132
          0,           0,        2998,      -6.184662389,      -7.252771403,      -7.209622479,      -11.87791256
          0,           0,        2999,      -6.186665542,      -7.319545616,      -7.270779718,      -11.89622026
          0,           0,        3000,      -6.187657506,      -7.377488733,      -7.306854553,      -11.92055173
          0,           0,        3001,      -6.188346118,      -7.436987611,      -7.352672008,      -11.95249828
          0,           0,        3002,      -6.296310672,      -7.488309281,      -7.387967914,      -11.87780954
          0,           0,        3003,      -6.175143213,      -7.093941651,      -7.126456893,       -11.9312423
          0,           0,        3004,      -6.340314856,      -7.249227693,      -7.219804722,      -11.85033776
          0,           0,        3005,      -6.163180969,       -7.07087434,      -7.136339105,       -11.8927251
          0,           0,        3006,      -6.176571723,      -7.133122607,      -7.146689206,      -11.86156971
          0,           0,        3007,      -6.182226204,      -7.187756367,      -7.172827704,      -11.86320953
          0,           0,        3008,      -6.299931122,      -7.243372487,       -7.19971035,      -11.89121409
          0,           0,        3009,      -6.170407897,      -7.082773541,      -7.082688571,      -11.95324341
          0,           0,        3010,      -6.179087519,      -7.280045228,      -7.259453944,      -11.96810641
          0,           0,        3011,      -6.183651045,      -7.354470159,      -7.308421852,      -11.97669653
          0,           0,        3012,      -6.185936389,      -7.407681854,      -7.364062978,      -12.00132771
          0,           0,        3013,      -6.187242906,      -7.461121011,       -7.39124543,      -12.01778167
          0,           0,        3014,       -6.18818018,       -7.51988395,      -7.433207787,      -12.02574865
          0,           0,        3015,      -6.188963459,      -7.576795571,      -7.473196478,      -12.03299941
          0,           0,        3016,      -6.189700712,      -7.624503684,      -7.510234352,      -12.05119025
          0,           0,        3017,      -6.190318596,      -7.664917059,      -7.543093424,      -12.08807567
          0,           0,        3018,      -6.190739658,      -7.693419104,      -7.565245304,      -12.13434108
          0,           0,        3019,      -6.191037662,      -7.708148928,      -7.576591675,      -12.16592048
          0,           0,        3020,      -6.328180395,      -7.713910351,      -7.582649664,      -11.91093904
          0,           0,        3021,      -6.169105773,      -6.974531415,      -7.044840879,      -12.01500094
          0,           0,        3022,      -6.180788557,      -7.146889298,      -7.163066882,      -11.99814499
          0,           0,        3023,      -6.185766264,      -7.252246698,      -7.237303217,      -11.99439072
          0,           0,        3024,      -6.187529934,      -7.335350568,       -7.30086539,      -12.01739555
          0,           0,        3025,      -6.297766567,      -7.406683058,      -7.334266836,       -11.9686632
          0,           0,        3026,      -6.173884064,      -7.093727046,      -7.122001828,      -12.07090662
          0,           0,        3027,      -6.295949912,       -7.28551817,      -7.270951625,      -12.02308993
          0,           0,        3028,      -6.379284772,      -7.283435916,      -7.315166869,      -11.83099913
          0,           0,        3029,      -6.147198195,      -7.025211072,      -7.089709549,      -11.93511696
          0,           0,        3030,      -6.370797222,      -7.012160174,      -7.050624461,      -11.97621408
          0,           0,        3031,      -6.148947777,      -7.214232838,       -7.29794526,      -11.94093649
          0,           0,        3032,       -6.37129315,      -7.116036995,      -7.168036395,      -12.01026339
          0,           0,        3033,      -6.146078721,      -7.174775826,      -7.222973887,      -12.01167923
          0,           0,        3034,      -6.164702109,      -7.178598166,       -7.24413145,      -11.89854375
          0,           0,        3035,      -6.173993211,      -7.155173562,      -7.172043788,      -11.87432122
          0,           0,        3036,      -6.178863838,      -7.191142601,      -7.185156362,      -11.88980796
          0,           0,        3037,      -6.181885366,      -7.243983643,      -7.203824824,      -11.91222076
          0,           0,        3038,      -6.184008648,      -7.306769084,      -7.240351984,      -11.93291126
          0,           0,        3039,      -6.330666732,      -7.359011821,      -7.263246291,      -11.77850592
          0,           0,        3040,       -6.16341479,      -6.930405398,      -6.967222642,      -11.83626687
          0,           0,        3041,      -6.176753552,      -7.086929182,      -7.052033325,      -11.82665185
          0,           0,        3042,      -6.182829116,      -7.163289914,      -7.102411938,      -11.82141375
          0,           0,        3043,      -6.185419575,      -7.218588678,      -7.148893767,      -11.83091785
          0,           0,        3044,      -6.186690014,      -7.269104206,      -7.176843326,      -11.84503829
          0,           0,        3045,      -6.187552479,      -7.322386061,      -7.219226315,       -11.8630495
          0,           0,        3046,      -6.188340456,      -7.368877711,      -7.261624436,       -11.8789309
          0,           0,        3047,      -6.306036664,      -7.402868339,      -7.297365549,      -11.81019371
          0,           0,        3048,      -6.173293757,      -7.043083502,      -7.070649895,      -11.86643258
          0,           0,        3049,       -6.18207234,      -7.187325848,      -7.154378355,      -11.87909937
          0,           0,        3050,      -6.186085133,      -7.264965544,      -7.212133326,      -11.89090283
          0,           0,        3051,      -6.345835165,      -7.319403008,      -7.257585841,      -11.79398512
          0,           0,        3052,      -6.154931228,      -6.859628054,      -6.927859656,      -11.91182725
          0,           0,        3053,      -6.314029035,      -7.047997354,      -7.090639393,      -11.92699633
          0,           0,        3054,      -6.406239755,      -7.268087606,      -7.277562564,      -11.81090334
          0,           0,        3055,      -6.135396228,      -7.070208919,      -7.101994746,      -11.89150516
          0,           0,        3056,      -6.160468439,      -6.993365809,      -7.035690594,      -11.77278407
          0,           0,        3057,      -6.172432807,         -7.011345,      -7.017902566,      -11.74318067
          0,           0,        3058,      -6.335613909,      -7.067728195,      -7.045179419,      -11.77427933
          0,           0,        3059,      -6.156005883,      -6.930407097,       -6.93187647,      -11.83366989
          0,           0,        3060,      -6.170415905,      -7.158440204,      -7.161487668,       -11.8518172
          0,           0,        3061,      -6.178094689,      -7.220656155,      -7.178607108,      -11.86441599
          0,           0,        3062,      -6.182060067,      -7.266693744,      -7.240663361,      -11.89800107
          0,           0,        3063,      -6.346335024,      -7.309342256,      -7.260009653,      -11.74696227
          0,           0,        3064,      -6.151346536,      -6.835110001,      -6.893107181,      -11.85067083
          0,           0,        3065,      -6.366876413,       -7.02211771,      -7.036896589,         -11.79924
          0,           0,        3066,      -6.150371615,      -7.081180735,      -7.113809175,      -11.81233121
          0,           0,        3067,      -6.168638433,      -7.041556891,      -7.048092949,      -11.75527693
          0,           0,        3068,      -6.176709251,        -7.0633429,      -7.047724019,      -11.74532373
          0,           0,        3069,      -6.180649052,      -7.112408802,      -7.069808998,      -11.75935574
          0,           0,        3070,       -6.18292588,      -7.173815709,      -7.108054328,      -11.78147356
          0,           0,        3071,      -6.184575283,      -7.241213744,      -7.161283737,      -11.80155506
          0,           0,        3072,      -6.186178168,      -7.297595014,      -7.202649842,      -11.81778303
          0,           0,        3073,      -6.187515732,      -7.337724614,      -7.228002603,      -11.83516801
          0,           0,        3074,      -6.188574615,      -7.366080477,      -7.246477474,      -11.85222339
          0,           0,        3075,      -6.189364835,      -7.388598814,       -7.26678236,      -11.86868258
          0,           0,        3076,      -6.189931477,      -7.406201932,      -7.286053074,      -11.88727882
          0,           0,        3077,      -6.313426352,      -7.418834736,      -7.299687401,      -11.82074323
          0,           0,        3078,      -6.172530215,      -7.018403645,      -7.053375931,      -11.87615359
          0,           0,        3079,      -6.181953101,      -7.165140126,      -7.139295885,      -11.87336572
          0,           0,        3080,      -6.186114965,       -7.24527834,      -7.190988608,      -11.86932536
          0,           0,        3081,       -6.18755626,      -7.306184537,      -7.233394843,      -11.87376667
          0,           0,        3082,      -6.188314095,      -7.358486655,      -7.260420023,       -11.8808142
          0,           0,        3083,      -6.329938116,      -7.408369543,      -7.295897532,      -11.77520181
          0,           0,        3084,      -6.165746036,      -6.939938995,      -6.988239273,      -11.85776888
          0,           0,        3085,      -6.178443259,      -7.112184695,      -7.103885163,      -11.87793912
          0,           0,        3086,       -6.35323887,      -7.213417297,      -7.179759392,      -11.86334531
          0,           0,        3087,      -6.155772679,      -6.951837427,      -7.022520144,      -11.94233264
          0,           0,        3088,      -6.382707528,      -7.122216801,      -7.184764567,      -11.85687375
          0,           0,        3089,      -6.143114414,      -7.048713649,      -7.135467111,      -11.92538742
          0,           0,        3090,       -6.16492979,      -7.063239155,      -7.117750999,       -11.8241257
          0,           0,        3091,      -6.174983076,      -7.078262176,      -7.088094339,      -11.80363032
          0,           0,        3092,      -6.179638261,      -7.132362208,      -7.115013398,       -11.8239492
          0,           0,        3093,      -6.182184016,       -7.19493179,      -7.142699763,      -11.85166432
          0,           0,        3094,      -6.184089002,      -7.266090641,      -7.193136144,      -11.87594282
          0,           0,        3095,      -6.185752961,      -7.324317001,       -7.22618983,      -11.88633625
          0,           0,        3096,      -6.187228184,      -7.363906565,      -7.244943818,      -11.89030318
          0,           0,        3097,      -6.310686377,      -7.391814284,       -7.26069877,      -11.80360133
          0,           0,        3098,      -6.171586815,      -7.022256434,      -7.040259737,      -11.84216976
          0,           0,        3099,      -6.181111981,      -7.162655954,      -7.115912327,      -11.84046519
          0,           0,        3100,      -6.185417852,      -7.228519978,      -7.156955563,      -11.84152156
          0,           0,        3101,      -6.187142898,      -7.273495639,      -7.188649178,      -11.84760521
          0,           0,        3102,       -6.31189683,      -7.315605255,      -7.212501233,      -11.80217496
          0,           0,        3103,      -6.170448154,      -7.015135618,      -7.036365452,      -11.85714507
          0,           0,        3104,      -6.180217845,      -7.185237763,      -7.160336991,      -11.87212996
          0,           0,        3105,      -6.184861421,      -7.269737947,      -7.226415507,      -11.89024026
          0,           0,        3106,      -6.186825194,      -7.330353705,      -7.284683759,      -11.91859191
          0,           0,        3107,      -6.187809373,      -7.377187852,       -7.31209106,       -11.9404247
          0,           0,        3108,      -6.323698918,      -7.418115587,      -7.342930637,      -11.82657902
          0,           0,        3109,      -6.167814449,      -6.970503873,       -7.01931943,      -11.90943004
          0,           0,        3110,       -6.17933221,      -7.136924859,      -7.127827187,      -11.91570484
          0,           0,        3111,      -6.184606688,      -7.228640431,      -7.196063011,      -11.92194317
          0,           0,        3112,       -6.34705872,       -7.30256305,      -7.259737473,      -11.81322705
          0,           0,        3113,      -6.152687365,      -6.855900023,      -6.926103345,      -11.93369142
          0,           0,        3114,      -6.171656362,      -7.057365479,      -7.117213466,      -11.90903107
          0,           0,        3115,      -6.180202139,      -7.149533171,       -7.14581113,      -11.88458273
          0,           0,        3116,       -6.18362675,      -7.227828822,      -7.222656557,      -11.89904348
          0,           0,        3117,       -6.33752415,       -7.30218126,      -7.253491347,      -11.81029437
          0,           0,        3118,      -6.379321708,      -6.911351485,      -6.963021571,      -11.68906506
          0,           0,        3119,      -6.139781442,      -6.934877268,       -6.96382734,      -11.82429413
          0,           0,        3120,      -6.346304979,      -6.925494134,      -6.933112299,      -11.88447226
          0,           0,        3121,      -6.343549733,      -7.206419726,      -7.228683832,      -11.94500697
          0,           0,        3122,       -6.14359483,      -7.377861475,      -7.274251163,      -11.88733906
          0,           0,        3123,      -6.163001619,      -7.083009919,      -7.115376903,      -11.78913466
          0,           0,        3124,      -6.172672048,      -7.078761483,      -7.079086653,      -11.77741156
          0,           0,        3125,       -6.17780109,      -7.123720535,      -7.093269947,      -11.79665747
          0,           0,        3126,      -6.340210456,       -7.18705671,      -7.130406473,      -11.71751398
          0,           0,        3127,       -6.15482996,      -6.876678344,      -6.904980714,       -11.8086605
          0,           0,        3128,      -6.171006511,      -7.073551811,      -7.044971756,      -11.83683327
          0,           0,        3129,      -6.330451843,      -7.158375167,       -7.09472037,      -11.86614875
          0,           0,        3130,      -6.161351286,      -7.067036239,      -7.079172576,      -11.88624922
          0,           0,        3131,      -6.174189319,      -7.209657459,      -7.201711101,      -11.86151814
          0,           0,        3132,      -6.180173178,      -7.242067128,      -7.196871282,      -11.86420891
          0,           0,        3133,      -6.183300078,      -7.277604609,      -7.224325424,       -11.8859278
          0,           0,        3134,      -6.185122137,      -7.332717184,      -7.257752506,      -11.90881402
          0,           0,        3135,      -6.186521426,      -7.396138104,      -7.307294118,      -11.93133124
          0,           0,        3136,      -6.187704977,      -7.449449616,      -7.345925427,       -11.9542728
          0,           0,        3137,      -6.331638298,      -7.485740238,      -7.370431308,      -11.80477897
          0,           0,        3138,      -6.381563602,      -6.941922568,      -6.996239265,      -11.67332387
          0,           0,        3139,      -6.143145841,      -6.914503529,      -6.952326611,      -11.76348277
          0,           0,        3140,      -6.166655428,      -6.902813419,      -6.909089104,      -11.71830169
          0,           0,        3141,      -6.176872002,      -6.973926762,      -6.960205503,      -11.71664793
          0,           0,        3142,       -6.18088977,      -7.048057787,      -6.999582046,      -11.73699285
          0,           0,        3143,      -6.183040059,      -7.120970083,      -7.038083338,      -11.76084177
          0,           0,        3144,      -6.184477298,      -7.200130049,       -7.09783289,      -11.78500608
          0,           0,        3145,      -6.185951002,      -7.264155855,       -7.14586025,       -11.8027219
          0,           0,        3146,      -6.187317707,      -7.306865833,      -7.178001541,      -11.82140229
          0,           0,        3147,      -6.188322465,      -7.337112845,      -7.200859012,      -11.83679225
          0,           0,        3148,      -6.189174868,      -7.366459525,      -7.229035731,      -11.84347931
          0,           0,        3149,      -6.189863083,      -7.398293161,      -7.264291413,      -11.85116845
          0,           0,        3150,      -6.325247337,      -7.424580413,      -7.295213077,      -11.77507808
          0,           0,        3151,      -6.169018399,      -6.966832632,       -7.01247174,      -11.84103724
          0,           0,        3152,      -6.180352909,      -7.119560803,       -7.10533652,      -11.85131247
          0,           0,        3153,      -6.185331167,      -7.202396277,      -7.157258104,      -11.86092704
          0,           0,        3154,      -6.187054607,      -7.263836827,      -7.200039671,      -11.87713222
          0,           0,        3155,      -6.187890866,      -7.315125196,      -7.225979801,      -11.88849139
          0,           0,        3156,      -6.188422565,      -7.364014584,      -7.262732296,      -11.89788966
          0,           0,        3157,      -6.189018296,       -7.40629532,      -7.295209427,      -11.90355733
          0,           0,        3158,      -6.189623513,      -7.442720361,      -7.324872596,       -11.9117269
          0,           0,        3159,      -6.190127959,      -7.475318252,      -7.351473915,      -11.92635343
          0,           0,        3160,      -6.190512172,      -7.502517009,      -7.374695586,      -11.94329273
          0,           0,        3161,      -6.190795738,      -7.525411057,      -7.394208831,       -11.9597519
          0,           0,        3162,      -6.191002868,      -7.544284775,      -7.408352733,      -11.97664272
          0,           0,        3163,      -6.191022712,      -7.559376261,      -7.419888286,      -11.99465157
          0,           0,        3164,      -6.191244993,      -7.572582555,      -7.434020975,      -12.01237175
          0,           0,        3165,       -6.19135217,      -7.586108112,      -7.452144625,      -12.02671387
          0,           0,        3166,      -6.191407758,      -7.602041889,      -7.471582521,      -12.03499758
          0,           0,        3167,      -6.191453259,      -7.622200279,       -7.48986527,      -12.03776856
          0,           0,        3168,      -6.191440674,      -7.646456128,      -7.507481115,      -12.03959238
          0,           0,        3169,      -6.191531426,      -7.671390409,      -7.526318241,      -12.04675721
          0,           0,        3170,      -6.191560421,      -7.691847083,      -7.546371297,      -12.06384551
          0,           0,        3171,       -6.19158725,      -7.705146132,      -7.564749138,      -12.09055205
          0,           0,        3172,      -6.191611759,       -7.71347276,      -7.578304693,      -12.11881397
          0,           0,        3173,      -6.191633915,      -7.721755167,      -7.587705001,      -12.13446423
          0,           0,        3174,      -6.305743669,        -7.7346155,      -7.598528067,      -11.96285705
          0,           0,        3175,      -6.175672489,       -7.08323091,      -7.143456978,      -12.03477272
          0,           0,        3176,      -6.183831689,      -7.253321177,      -7.261982521,      -12.02989173
          0,           0,        3177,      -6.187378561,      -7.361308137,      -7.345583019,      -12.04546152
          0,           0,        3178,      -6.188659204,      -7.448883034,      -7.414847927,      -12.09186774
          0,           0,        3179,      -6.322868247,      -7.526268917,      -7.454117735,      -11.95292038
          0,           0,        3180,      -6.168774089,      -6.999631444,      -7.059311355,      -12.10736858
          0,           0,        3181,          -6.17987,       -7.19675338,      -7.218302941,      -12.10129649
          0,           0,        3182,      -6.184977771,      -7.311410503,      -7.309239491,      -12.08974568
          0,           0,        3183,      -6.187030666,      -7.408172821,      -7.408438964,      -12.12569251
          0,           0,        3184,      -6.188028416,      -7.502147836,      -7.467570799,      -12.17859607
          0,           0,        3185,      -6.188708992,      -7.610205128,      -7.560096649,       -12.2599782
          0,           0,        3186,       -6.29766759,      -7.710863407,      -7.633612011,      -12.02885438
          0,           0,        3187,      -6.175317157,      -7.112323099,      -7.167858092,      -12.14547904
          0,           0,        3188,      -6.183210543,      -7.288609269,      -7.280851061,      -12.14328238
          0,           0,        3189,      -6.186844553,      -7.393479497,      -7.369507013,      -12.14890853
          0,           0,        3190,      -6.188334804,       -7.48020079,      -7.447942812,       -12.1802151
          0,           0,        3191,      -6.302571409,      -7.563964352,      -7.499974723,       -12.0544373
          0,           0,        3192,      -6.173787102,      -7.095302362,      -7.148128162,      -12.23142753
          0,           0,        3193,      -6.182186049,      -7.298314786,      -7.313207502,      -12.23961811
          0,           0,        3194,      -6.186178606,      -7.410477865,      -7.411760695,       -12.2308059
          0,           0,        3195,      -6.187828434,      -7.502266516,      -7.508648442,      -12.26060264
          0,           0,        3196,      -6.323965002,      -7.588212074,      -7.558640123,      -11.99334378
          0,           0,        3197,      -6.168167875,      -7.000051455,      -7.065804903,      -12.18084885
          0,           0,        3198,      -6.179512385,      -7.202546466,      -7.231053605,      -12.17738072
          0,           0,        3199,      -6.184760095,       -7.31656858,      -7.321203004,      -12.16660687
          0,           0,        3200,       -6.18688699,      -7.409929088,      -7.418308473,      -12.20678599
          0,           0,        3201,      -6.187924507,      -7.499227199,      -7.467186964,      -12.24170394
          0,           0,        3202,      -6.188629506,      -7.603463112,      -7.551564198,       -12.2911346
          0,           0,        3203,       -6.18925149,      -7.704236975,      -7.622641099,      -12.32591314
          0,           0,        3204,      -6.318804834,       -7.77908505,      -7.675408495,       -11.9619224
          0,           0,        3205,      -6.385651724,      -7.022511182,      -7.087565342,      -11.71485587
          0,           0,        3206,      -6.143150614,      -6.895877826,      -6.958510937,      -11.83937509
          0,           0,        3207,      -6.167158009,      -6.909876448,      -6.931735374,      -11.77722045
          0,           0,        3208,      -6.177637354,      -6.987862936,      -6.984480299,      -11.76910463
          0,           0,        3209,      -6.181612165,      -7.069374906,      -7.032696628,      -11.79362699
          0,           0,        3210,      -6.183618084,      -7.148571098,      -7.073644472,      -11.82413134
          0,           0,        3211,      -6.184971983,      -7.236885649,      -7.141825198,      -11.85522482
          0,           0,        3212,      -6.186370631,      -7.312507968,      -7.198787013,      -11.87602484
          0,           0,        3213,       -6.18768404,      -7.364754727,      -7.235769592,      -11.89860632
          0,           0,        3214,      -6.188742051,      -7.399975857,      -7.257290024,      -11.92068737
          0,           0,        3215,      -6.189541903,       -7.43020683,      -7.281497679,      -11.93215872
          0,           0,        3216,      -6.190118195,      -7.460901149,      -7.312439186,      -11.94172547
          0,           0,        3217,      -6.190525327,      -7.484176707,      -7.337803351,      -11.95841677
          0,           0,        3218,      -6.190819126,      -7.497819662,      -7.354064322,       -11.9778273
          0,           0,        3219,      -6.191034927,      -7.509954144,       -7.36960495,       -11.9925484
          0,           0,        3220,      -6.191161644,        -7.5257559,      -7.389472498,      -12.00261706
          0,           0,        3221,      -6.191308188,      -7.543835911,      -7.411838643,      -12.01260793
          0,           0,        3222,      -6.191390277,      -7.561382453,      -7.433107663,      -12.02420061
          0,           0,        3223,      -6.191453414,      -7.577961763,      -7.451468238,      -12.03548302
          0,           0,        3224,      -6.191503428,      -7.594548526,      -7.467490669,      -12.04517399
          0,           0,        3225,      -6.326500748,      -7.610419058,       -7.48310952,      -11.87055205
          0,           0,        3226,      -6.169817085,      -6.977252117,      -7.041229964,       -11.9619274
          0,           0,        3227,      -6.181125624,      -7.144536401,       -7.15508355,      -11.96111454
          0,           0,        3228,      -6.351659845,      -7.246868712,      -7.226284482,      -11.92656158
          0,           0,        3229,      -6.157909486,      -6.958865424,      -7.038415897,      -12.02178845
          0,           0,        3230,      -6.358112587,      -7.131331431,      -7.204102677,      -11.98841649
          0,           0,        3231,      -6.154511637,      -7.175116013,      -7.274498034,      -12.01624283
          0,           0,        3232,      -6.170885432,      -7.134811163,      -7.187885521,        -11.911708
          0,           0,        3233,      -6.178134591,       -7.15620083,      -7.171108906,      -11.88990988
          0,           0,        3234,      -6.181722112,      -7.206804889,      -7.187121676,      -11.89846568
          0,           0,        3235,       -6.18382831,      -7.269861413,      -7.216653722,      -11.91241069
          0,           0,        3236,      -6.185405548,      -7.338127381,      -7.261394949,      -11.92590752
          0,           0,        3237,      -6.186803546,       -7.39043368,        -7.2909344,      -11.93629316
          0,           0,        3238,      -6.188084939,      -7.421601177,      -7.307105606,      -11.94793376
          0,           0,        3239,      -6.189054513,      -7.437711096,      -7.317219303,      -11.95815721
          0,           0,        3240,      -6.189766498,      -7.445259966,      -7.325665163,      -11.96237547
          0,           0,        3241,      -6.190220556,      -7.448299705,      -7.331833997,      -11.96106015
          0,           0,        3242,      -6.190548705,      -7.449945691,      -7.336390992,      -11.95651939
          0,           0,        3243,      -6.190914427,      -7.454997788,      -7.344664056,      -11.95261167
          0,           0,        3244,      -6.307136196,      -7.466488839,      -7.360334947,      -11.86364263
          0,           0,        3245,      -6.174798038,      -7.054183196,       -7.09643203,      -11.92168062
          0,           0,        3246,      -6.183290557,      -7.204585554,      -7.192960665,      -11.92637986
          0,           0,        3247,      -6.186968942,      -7.289091541,      -7.253348127,      -11.92911339
          0,           0,        3248,      -6.188304075,      -7.348190166,      -7.296680368,      -11.93777555
          0,           0,        3249,      -6.332886404,      -7.391081671,      -7.316018767,      -11.82511766
          0,           0,        3250,       -6.16479707,      -6.934270142,       -6.98974076,      -11.92245121
          0,           0,        3251,      -6.177909557,      -7.112724523,       -7.12413846,      -11.93168792
          0,           0,        3252,      -6.183827637,      -7.206617618,      -7.185924887,       -11.9357536
          0,           0,        3253,      -6.186112703,      -7.276949175,      -7.248226958,      -11.95312203
          0,           0,        3254,      -6.187261711,      -7.337655103,      -7.279241292,      -11.95943122
          0,           0,        3255,      -6.188004541,       -7.40093828,      -7.327743153,      -11.96375328
          0,           0,        3256,      -6.316389499,      -7.457381429,      -7.369458968,      -11.83090053
          0,           0,        3257,      -6.170323049,      -7.007647644,      -7.054173135,       -11.8880795
          0,           0,        3258,      -6.180664521,      -7.171488815,      -7.157539337,      -11.89109673
          0,           0,        3259,      -6.185339289,      -7.266611099,      -7.233836049,      -11.90481599
          0,           0,        3260,      -6.187207104,      -7.341402455,      -7.301078646,      -11.93823917
          0,           0,        3261,      -6.187995559,      -7.406545878,      -7.340167416,      -11.98346635
          0,           0,        3262,      -6.188661015,      -7.467406265,      -7.384782805,      -12.03431343
          0,           0,        3263,      -6.189339001,      -7.513108088,      -7.418224978,      -12.06354529
          0,           0,        3264,      -6.189945639,      -7.544747822,       -7.44553493,      -12.06667362
          0,           0,        3265,      -6.329613964,      -7.572606872,      -7.470091009,        -11.854783
          0,           0,        3266,      -6.167863144,      -6.960399048,      -7.023886395,      -11.93333371
          0,           0,        3267,      -6.180047457,      -7.130975707,      -7.140687896,      -11.92751349
          0,           0,        3268,      -6.185285312,      -7.238222791,      -7.220215355,      -11.93747009
          0,           0,        3269,        -6.1872006,      -7.325879241,      -7.293087813,      -11.97750016
          0,           0,        3270,      -6.188047448,      -7.406728027,      -7.334982986,      -12.02346128
          0,           0,        3271,      -6.188628255,      -7.490470752,      -7.396366885,      -12.06790277
          0,           0,        3272,       -6.18926345,       -7.56089919,      -7.448571672,      -12.09546961
          0,           0,        3273,       -6.32803484,      -7.606570274,      -7.484860409,      -11.86941868
          0,           0,        3274,      -6.168022742,      -6.968927048,      -7.028672192,      -11.96808816
          0,           0,        3275,        -6.1799279,      -7.139423944,      -7.140806426,      -11.96887311
          0,           0,        3276,      -6.185145843,      -7.245767784,      -7.221752569,      -11.97552929
          0,           0,        3277,      -6.187162094,      -7.333174145,      -7.298802275,      -12.00921107
          0,           0,        3278,      -6.188045695,      -7.416701675,      -7.347044101,      -12.05197365
          0,           0,        3279,      -6.188654707,      -7.509351786,      -7.418074771,      -12.10024375
          0,           0,        3280,      -6.305699253,      -7.598874001,      -7.487564049,      -11.94196621
          0,           0,        3281,      -6.173521702,      -7.069674918,      -7.119465168,      -12.05070697
          0,           0,        3282,      -6.182336272,      -7.244167715,       -7.23127134,       -12.0751606
          0,           0,        3283,      -6.186364775,      -7.351430925,      -7.321167626,      -12.09572195
          0,           0,        3284,      -6.187992944,      -7.441954491,      -7.407022312,      -12.13010502
          0,           0,        3285,      -6.188755682,      -7.529924995,      -7.466599749,      -12.17281009
          0,           0,        3286,      -6.189288961,      -7.628410013,      -7.546013007,      -12.22863811
          0,           0,        3287,      -6.189842051,      -7.724963944,      -7.626651232,      -12.27139151
          0,           0,        3288,      -6.308810013,      -7.806623135,      -7.702961135,      -11.99540962
          0,           0,        3289,      -6.173924967,      -7.070559117,      -7.134118135,      -12.11969595
          0,           0,        3290,      -6.182801733,      -7.246112841,      -7.252375753,      -12.12289988
          0,           0,        3291,      -6.186742979,      -7.355628745,      -7.340791125,      -12.12790136
          0,           0,        3292,      -6.188251821,      -7.444925818,      -7.419277266,       -12.1612375
          0,           0,        3293,      -6.188921322,      -7.529722726,      -7.465677165,      -12.20105429
          0,           0,        3294,      -6.299796048,       -7.62369913,      -7.535507828,      -12.01975528
          0,           0,        3295,       -6.17474713,      -7.100095542,      -7.153610054,      -12.16044681
          0,           0,        3296,      -6.182849297,      -7.288415267,      -7.288617516,      -12.18238834
          0,           0,        3297,      -6.186640444,      -7.402268582,      -7.392338582,      -12.20734775
          0,           0,        3298,      -6.188203517,      -7.499905173,      -7.491605342,      -12.25584639
          0,           0,        3299,       -6.18894801,      -7.594739835,      -7.559011339,      -12.30518489
          0,           0,        3300,      -6.189465554,      -7.704660206,      -7.653846332,      -12.37739003
          0,           0,        3301,      -6.189992932,      -7.812267959,       -7.73959494,      -12.43240233
          0,           0,        3302,      -6.190463308,      -7.901681765,      -7.818316037,      -12.46211681
          0,           0,        3303,      -6.190851074,      -7.967867792,      -7.867710832,      -12.49584402
          0,           0,        3304,      -6.191216857,      -8.007734028,      -7.887680118,      -12.52434382
          0,           0,        3305,      -6.191429774,      -8.042945741,      -7.912589755,      -12.54217823
          0,           0,        3306,      -6.191580391,      -8.074020995,       -7.94204381,      -12.56069705
          0,           0,        3307,      -6.191541513,      -8.089885409,      -7.960389546,      -12.57913882
          0,           0,        3308,      -6.191725667,      -8.098568213,      -7.970767881,      -12.58813047
          0,           0,        3309,      -6.191831931,      -8.111510724,       -7.98485718,      -12.58792109
          0,           0,        3310,      -6.323043481,      -8.128100743,      -8.003557579,      -12.00085403
          0,           0,        3311,      -6.171455441,      -7.009207209,      -7.087140541,      -12.16772559
          0,           0,        3312,      -6.182031958,      -7.188168949,      -7.217377392,      -12.14840309
          0,           0,        3313,      -6.186530989,      -7.303258915,      -7.305196571,      -12.13613266
          0,           0,        3314,      -6.188106166,       -7.39753066,      -7.381371072,      -12.15917944
          0,           0,        3315,      -6.188693322,      -7.483108853,      -7.422884426,      -12.18226451
          0,           0,        3316,      -6.189208738,       -7.57253394,       -7.48782596,      -12.21282023
          0,           0,        3317,      -6.298484326,      -7.648210278,       -7.54044271,      -11.99631555
          0,           0,        3318,      -6.175446225,      -7.104216975,      -7.152396988,      -12.09857849
          0,           0,        3319,        -6.1832899,      -7.275728514,      -7.261597965,      -12.10849943
          0,           0,        3320,      -6.186919319,      -7.380026055,       -7.34935745,      -12.11940884
          0,           0,        3321,      -6.188375856,      -7.466763179,      -7.429190618,      -12.14702561
          0,           0,        3322,      -6.189048507,      -7.549421121,      -7.482584737,      -12.18354778
          0,           0,        3323,      -6.189522615,      -7.638801713,      -7.550968987,      -12.23132838
          0,           0,        3324,      -6.190020781,      -7.721454984,      -7.616128517,      -12.26821238
          0,           0,        3325,      -6.190502849,      -7.786355366,      -7.674216978,      -12.29997572
          0,           0,        3326,      -6.190895356,      -7.830532878,      -7.709336005,      -12.33755769
          0,           0,        3327,      -6.191187551,      -7.859660409,       -7.72996286,      -12.36618973
          0,           0,        3328,      -6.191397369,      -7.889048858,      -7.755988994,      -12.37702064
          0,           0,        3329,      -6.303650134,      -7.919648423,      -7.785726136,       -12.0566204
          0,           0,        3330,      -6.176136655,      -7.101006942,      -7.169614469,      -12.18075878
          0,           0,        3331,      -6.354046412,      -7.276317014,      -7.292630635,      -11.96064252
          0,           0,        3332,      -6.160139709,      -7.031557834,       -7.14087789,      -12.06591094
          0,           0,        3333,      -6.175529642,      -7.107709386,      -7.155915587,      -11.97258225
          0,           0,        3334,        -6.3166864,      -7.172719139,       -7.17976123,      -12.09959463
          0,           0,        3335,      -6.334999361,      -7.138456844,      -7.158733017,      -11.98161647
          0,           0,        3336,      -6.401656049,      -7.157515871,      -7.201288456,      -11.83532003
          0,           0,        3337,       -6.38629544,      -7.100925707,      -7.119312012,      -11.84750563
          0,           0,        3338,      -6.125091275,      -7.161342741,      -7.141877952,      -11.85578768
          0,           0,        3339,      -6.153824905,      -6.908411123,      -6.922481385,       -11.7157518
          0,           0,        3340,      -6.167609527,      -6.938762661,      -6.956898934,      -11.70858173
          0,           0,        3341,      -6.174555799,      -6.999271224,      -6.966689761,      -11.73925562
          0,           0,        3342,      -6.178450469,      -7.071939789,       -7.01181606,       -11.7759663
          0,           0,        3343,       -6.18113237,      -7.153998988,       -7.07851183,      -11.80129185
          0,           0,        3344,      -6.183575044,        -7.2210007,      -7.122014768,       -11.8151483
          0,           0,        3345,      -6.344560404,      -7.262848973,      -7.141203396,       -11.6581486
          0,           0,        3346,      -6.366958003,      -6.814284869,      -6.853994794,      -11.59261828
          0,           0,        3347,      -6.377428154,      -6.894342335,      -6.878743699,      -11.58705647
          0,           0,        3348,      -6.131156886,      -6.955877266,      -6.893899192,      -11.58196356
          0,           0,        3349,      -6.157561257,      -6.829983704,      -6.801931794,      -11.53412449
          0,           0,        3350,      -6.169244675,      -6.864404262,      -6.824124274,      -11.53220812
          0,           0,        3351,      -6.174919642,      -6.915943113,      -6.838196362,      -11.54417323
          0,           0,        3352,      -6.178059543,      -6.973735267,      -6.876112722,      -11.55925628
          0,           0,        3353,      -6.180415329,      -7.031496185,      -6.924031466,       -11.5747198
          0,           0,        3354,      -6.182585055,      -7.074881056,      -6.957041501,      -11.59227008
          0,           0,        3355,      -6.184473426,      -7.105279492,      -6.977333004,      -11.61166589
          0,           0,        3356,      -6.185990325,      -7.130607631,      -6.996428939,      -11.62706465
          0,           0,        3357,      -6.187136346,      -7.155654314,      -7.020325267,      -11.63976419
          0,           0,        3358,      -6.187961194,      -7.178372332,      -7.043601889,      -11.65505292
          0,           0,        3359,      -6.188485815,      -7.196812149,      -7.061423648,      -11.67162298
          0,           0,        3360,      -6.189010338,       -7.21461509,      -7.077397355,      -11.68427915
          0,           0,        3361,       -6.18934921,      -7.235575775,      -7.096726104,      -11.69203017
          0,           0,        3362,       -6.18949955,       -7.25897979,       -7.12005813,      -11.69863606
          0,           0,        3363,      -6.189710997,      -7.282276239,      -7.144592726,       -11.7076457
          0,           0,        3364,      -6.190037408,      -7.305198852,       -7.16756202,      -11.72031139
          0,           0,        3365,      -6.285634342,      -7.329272174,      -7.188711546,      -11.71106306
          0,           0,        3366,      -6.178013015,      -7.101874997,      -7.081727607,      -11.74642889
          0,           0,        3367,      -6.184252421,      -7.220052913,       -7.14644078,      -11.76929777
          0,           0,        3368,      -6.187050945,      -7.281052394,      -7.188466481,      -11.79003922
          0,           0,        3369,      -6.327021557,      -7.321587326,      -7.217558656,      -11.76058003
          0,           0,        3370,      -6.166423869,      -6.971262996,      -7.002629526,      -11.80131585
          0,           0,        3371,       -6.17818448,      -7.143441985,      -7.129693867,      -11.79305243
          0,           0,        3372,      -6.183542253,      -7.229385493,      -7.175801436,      -11.79016667
          0,           0,        3373,      -6.185727997,      -7.291562893,      -7.228389317,       -11.8091899
          0,           0,        3374,      -6.186825312,      -7.343976648,      -7.257021206,      -11.83983408
          0,           0,        3375,      -6.187603821,      -7.389052278,       -7.29011574,      -11.87446818
          0,           0,        3376,      -6.188374649,      -7.419887834,       -7.30936673,      -11.89421181
          0,           0,        3377,      -6.189117991,      -7.438401328,      -7.322354327,      -11.89227656
          0,           0,        3378,      -6.189715493,      -7.455488033,      -7.338959521,      -11.88478033
          0,           0,        3379,      -6.190227963,      -7.475796853,      -7.362849057,      -11.89058073
          0,           0,        3380,      -6.190472811,      -7.498975175,      -7.391002307,      -11.91971446
          0,           0,        3381,       -6.30964655,      -7.519014029,       -7.41362748,      -11.86613196
          0,           0,        3382,      -6.173981207,      -7.047204002,      -7.095312758,      -11.94752568
          0,           0,        3383,      -6.182763481,      -7.200730146,       -7.19122376,      -11.93988198
          0,           0,        3384,      -6.186713326,      -7.287421422,      -7.250481751,      -11.91789382
          0,           0,        3385,       -6.33205898,      -7.358369146,      -7.305164232,      -11.85878963
          0,           0,        3386,        -6.1654294,      -6.975788356,      -7.032201783,      -11.94537419
          0,           0,        3387,      -6.177921905,      -7.177962099,      -7.222888097,      -11.97440098
          0,           0,        3388,       -6.18365829,      -7.280446855,      -7.283324184,       -12.0032153
          0,           0,        3389,      -6.186017116,      -7.353780726,      -7.356937953,      -12.04719206
          0,           0,        3390,      -6.187240423,      -7.418615396,      -7.379680243,       -12.0712347
          0,           0,        3391,      -6.188073418,      -7.481549378,      -7.419686279,      -12.08912041
          0,           0,        3392,      -6.188874282,      -7.532424012,      -7.447225937,      -12.10444658
          0,           0,        3393,      -6.321210399,      -7.565853978,      -7.467553794,      -11.89248293
          0,           0,        3394,      -6.170004699,      -6.999651815,      -7.054854931,       -11.9749803
          0,           0,        3395,       -6.32446301,       -7.16458779,      -7.159837756,       -11.9312187
          0,           0,        3396,      -6.166445073,      -7.186428653,      -7.234147283,       -11.9421273
          0,           0,        3397,      -6.177848377,      -7.177628121,      -7.184064943,      -11.89276126
          0,           0,        3398,      -6.182646005,      -7.216437856,      -7.195948563,      -11.88730381
          0,           0,        3399,      -6.184894058,      -7.268631949,      -7.213072741,      -11.90350805
          0,           0,        3400,      -6.186187819,      -7.331132192,      -7.246269861,      -11.92610902
          0,           0,        3401,      -6.187198582,       -7.39471223,      -7.291378939,      -11.94893912
          0,           0,        3402,      -6.188218303,      -7.442811576,      -7.324952681,      -11.96926113
          0,           0,        3403,       -6.29192029,      -7.476043652,      -7.346587704,      -11.88801619
          0,           0,        3404,      -6.176182131,      -7.111847757,      -7.125960361,      -11.92977049
          0,           0,        3405,      -6.183438315,      -7.259228683,      -7.208603808,      -11.92656118
          0,           0,        3406,      -6.186783623,       -7.34079169,      -7.268188592,      -11.93252637
          0,           0,        3407,      -6.277202487,      -7.401954184,      -7.314014858,      -11.95501143
          0,           0,        3408,      -6.177889148,      -7.209503976,      -7.200203021,      -12.00970664
          0,           0,        3409,      -6.183670945,      -7.386441034,      -7.337656753,      -12.02995616
          0,           0,        3410,       -6.18659994,      -7.454579722,      -7.382169086,      -12.03920242
          0,           0,        3411,      -6.188030566,      -7.500699267,      -7.426914772,      -12.05292846
          0,           0,        3412,      -6.188776916,       -7.54629032,      -7.452564165,      -12.06291776
          0,           0,        3413,      -6.189382892,      -7.594565598,      -7.486797401,      -12.07396001
          0,           0,        3414,      -6.189916088,      -7.641313185,      -7.519527605,      -12.09047925
          0,           0,        3415,      -6.190398788,      -7.679449095,      -7.551587386,      -12.11572602
          0,           0,        3416,       -6.19078634,      -7.707053022,      -7.581120112,      -12.14861162
          0,           0,        3417,       -6.19107378,       -7.72487201,      -7.602795444,       -12.1783914
          0,           0,        3418,      -6.191259874,       -7.74062143,      -7.617436348,      -12.19363179
          0,           0,        3419,      -6.191328041,        -7.7607344,      -7.631321759,       -12.1954233
          0,           0,        3420,      -6.191429571,      -7.785451975,      -7.650603252,      -12.19561748
          0,           0,        3421,      -6.191485131,      -7.811543617,      -7.676160749,      -12.20517124
          0,           0,        3422,      -6.191702144,      -7.835740524,      -7.702832357,      -12.22747087
          0,           0,        3423,      -6.315369164,      -7.856965844,      -7.724865582,      -11.98055784
          0,           0,        3424,      -6.173464448,      -7.042813865,      -7.113221534,      -12.10680383
          0,           0,        3425,      -6.182811492,      -7.218269185,       -7.23767427,      -12.09887613
          0,           0,        3426,      -6.353597554,      -7.329467876,      -7.321752173,      -11.94222585
          0,           0,        3427,      -6.154390222,      -6.913148696,      -7.007639396,      -12.11419937
          0,           0,        3428,      -6.374865711,      -7.094266824,      -7.185399949,      -12.02642744
          0,           0,        3429,      -6.149819244,      -7.150821658,       -7.28064525,      -12.08416927
          0,           0,        3430,      -6.168588585,      -7.100222424,       -7.16840224,      -11.92248319
          0,           0,        3431,      -6.176922601,      -7.119299945,      -7.139431399,      -11.89083507
          0,           0,        3432,      -6.180871209,      -7.173138929,      -7.155116152,      -11.90177764
          0,           0,        3433,       -6.31782166,      -7.239189101,      -7.185069565,      -11.83259252
          0,           0,        3434,      -6.164514825,      -6.975775023,      -6.992419848,      -11.91764752
          0,           0,        3435,      -6.176230936,      -7.168500666,       -7.13161289,       -11.9350351
          0,           0,        3436,      -6.337483341,      -7.253677744,      -7.193368915,      -11.89993696
          0,           0,        3437,      -6.161171903,      -7.022062712,      -7.064903103,      -11.94367301
          0,           0,        3438,      -6.174795627,      -7.179542561,      -7.194793118,      -11.90542052
          0,           0,        3439,      -6.180967048,      -7.229395826,      -7.199888982,      -11.89564561
          0,           0,        3440,      -6.339656229,       -7.27125945,      -7.230732568,       -11.8521816
          0,           0,        3441,      -6.159130442,      -6.935473217,      -6.982610912,      -11.95287741
          0,           0,        3442,      -6.173883205,       -7.14108914,      -7.169699599,      -11.94704973
          0,           0,        3443,      -6.355860422,      -7.226848995,      -7.206717244,       -11.8949332
          0,           0,        3444,      -6.153111737,      -6.963860129,      -7.039789412,      -11.98339746
          0,           0,        3445,      -6.170669139,      -7.145114123,      -7.219380445,      -11.92712106
          0,           0,        3446,      -6.362320169,      -7.195029767,      -7.201657102,      -11.89120181
          0,           0,        3447,      -6.145860865,      -6.927122794,      -7.010088166,      -12.02287565
          0,           0,        3448,      -6.166480714,      -7.129038376,      -7.236905793,      -11.94860415
          0,           0,        3449,      -6.297297195,      -7.160127437,      -7.175924391,      -12.05083627
          0,           0,        3450,      -6.165794341,      -7.224718809,      -7.235436892,      -12.05684293
          0,           0,        3451,      -6.175449674,      -7.348136633,       -7.39859319,      -12.03448461
          0,           0,        3452,       -6.18043073,      -7.356485653,      -7.363887999,      -12.03528741
          0,           0,        3453,      -6.183508585,      -7.383802763,      -7.376353633,      -12.04450752
          0,           0,        3454,      -6.185437253,      -7.436121814,      -7.399679597,      -12.04643308
          0,           0,        3455,      -6.186888415,      -7.497970095,      -7.434766901,       -12.0420938
          0,           0,        3456,      -6.188058833,      -7.555363691,      -7.466423189,      -12.03907684
          0,           0,        3457,       -6.18890829,      -7.599367213,      -7.493311182,      -12.04581144
          0,           0,        3458,       -6.18984951,       -7.62779046,      -7.514131313,      -12.06670005
          0,           0,        3459,      -6.190296667,       -7.64069102,      -7.524228995,      -12.09981259
          0,           0,        3460,      -6.190793095,      -7.641179252,      -7.522828583,      -12.13485667
          0,           0,        3461,      -6.191065691,      -7.635646448,      -7.516282164,      -12.15449261
          0,           0,        3462,      -6.191158985,      -7.631399656,      -7.513394055,      -12.14933617
          0,           0,        3463,      -6.191411916,      -7.633730761,      -7.519899028,      -12.13056992
          0,           0,        3464,      -6.191416846,      -7.644568326,      -7.536791544,      -12.11626696
          0,           0,        3465,      -6.191592522,      -7.662130152,      -7.560474749,      -12.11624566
          0,           0,        3466,      -6.191642026,      -7.681348131,      -7.583402982,      -12.13034593
          0,           0,        3467,      -6.191678151,      -7.695777203,      -7.596954971,      -12.15104014
          0,           0,        3468,      -6.295484185,       -7.70179926,      -7.597961684,      -12.00616109
          0,           0,        3469,      -6.372869379,      -7.128530014,      -7.183269954,      -11.75524745
          0,           0,        3470,      -6.347136645,      -6.906593491,      -6.986635465,      -11.74572516
          0,           0,        3471,      -6.144257922,      -7.001446743,      -7.027622813,      -11.78053765
          0,           0,        3472,      -6.166423298,      -6.895702041,      -6.905997398,      -11.70915961
          0,           0,        3473,      -6.357582697,      -6.959615595,      -6.956948543,       -11.8266286
          0,           0,        3474,      -6.149309157,      -6.932132197,      -6.935719175,      -11.86611179
          0,           0,        3475,      -6.166854844,      -7.147330987,       -7.17908008,      -11.85087794
          0,           0,        3476,      -6.175616427,      -7.174792346,      -7.139877543,       -11.8382586
          0,           0,        3477,      -6.180171989,      -7.209373718,      -7.174164761,      -11.85208851
          0,           0,        3478,      -6.182839989,      -7.249240998,       -7.18084449,      -11.87061678
          0,           0,        3479,      -6.184709562,      -7.289072408,      -7.197576467,       -11.8835764
          0,           0,        3480,      -6.186271166,      -7.321324483,      -7.210663755,      -11.88624992
          0,           0,        3481,      -6.187608738,      -7.338853186,      -7.219611325,      -11.88056245
          0,           0,        3482,      -6.188502841,      -7.346174371,        -7.2274092,      -11.87319594
          0,           0,        3483,       -6.18939969,       -7.34882606,      -7.234340838,      -11.86712112
          0,           0,        3484,      -6.189995247,      -7.352172521,      -7.242620305,       -11.8633462
          0,           0,        3485,      -6.190376578,       -7.35928311,      -7.254133451,      -11.86237802
          0,           0,        3486,      -6.190495246,      -7.370244573,      -7.268776106,      -11.86334915
          0,           0,        3487,      -6.190852482,      -7.383696307,      -7.284631748,      -11.86473781
          0,           0,        3488,      -6.319991398,      -7.397552932,      -7.299004646,      -11.78157029
          0,           0,        3489,      -6.171256383,       -6.98739357,      -7.030705392,       -11.8295664
          0,           0,        3490,      -6.181539544,      -7.134205389,      -7.120976765,      -11.83030419
          0,           0,        3491,      -6.185944272,      -7.212588034,      -7.171388911,      -11.83491262
          0,           0,        3492,      -6.187510674,      -7.263059714,      -7.205903371,      -11.85020453
          0,           0,        3493,      -6.188167842,      -7.297465938,      -7.218960387,      -11.86587461
          0,           0,        3494,       -6.31003331,      -7.325124961,      -7.237071497,      -11.80049476
          0,           0,        3495,      -6.171475522,       -7.00728836,      -7.031034779,      -11.85381018
          0,           0,        3496,      -6.180913129,      -7.152170666,      -7.120142346,      -11.85423554
          0,           0,        3497,      -6.185344641,       -7.22863481,      -7.179048498,      -11.85036443
          0,           0,        3498,      -6.187095143,      -7.289541055,       -7.23280309,      -11.84903082
          0,           0,        3499,      -6.187982175,      -7.346069912,      -7.273569866,      -11.84831722
          0,           0,        3500,      -6.188586491,      -7.406270307,      -7.326075636,      -11.85695352
          0,           0,        3501,      -6.322669437,      -7.461228179,      -7.376685898,      -11.77266289
          0,           0,        3502,      -6.168903725,        -6.9811526,      -7.036274562,      -11.84906454
          0,           0,        3503,      -6.180136965,      -7.144552233,      -7.143167101,      -11.88388789
          0,           0,        3504,      -6.185117281,      -7.237203143,      -7.212642265,      -11.92168765
          0,           0,        3505,      -6.187038748,      -7.305002156,       -7.26740616,      -11.95899004
          0,           0,        3506,      -6.187929104,      -7.361225555,      -7.295328928,      -11.97527762
          0,           0,        3507,      -6.188550656,      -7.418093725,      -7.339133471,       -11.9765596
          0,           0,        3508,      -6.189216156,      -7.473966199,      -7.389209143,      -11.97164756
          0,           0,        3509,      -6.189875658,      -7.531829093,      -7.449371819,      -11.98138934
          0,           0,        3510,      -6.190422428,      -7.594708808,      -7.511628237,      -12.01677639
          0,           0,        3511,      -6.190812206,      -7.658847304,       -7.56835732,      -12.07226238
          0,           0,        3512,      -6.191135877,      -7.717654854,      -7.614416682,       -12.1351341
          0,           0,        3513,       -6.19124738,       -7.75583551,      -7.637645547,      -12.18947081
          0,           0,        3514,      -6.323293051,       -7.76702035,      -7.640294824,      -11.94447788
          0,           0,        3515,      -6.170998023,      -7.001735918,      -7.072221275,      -12.06317472
          0,           0,        3516,      -6.181730071,      -7.173848314,      -7.192069793,      -12.04797802
          0,           0,        3517,      -6.354503524,       -7.27926735,      -7.270320031,      -11.91726964
          0,           0,        3518,      -6.151941209,      -6.899405221,      -6.993289012,       -12.0807369
          0,           0,        3519,      -6.171422699,      -7.077930351,        -7.1732612,      -11.98492512
          0,           0,        3520,      -6.363493434,      -7.148590095,      -7.161613379,      -11.99720785
          0,           0,        3521,      -6.148349336,      -6.952382723,      -7.036746891,      -12.16289986
          0,           0,        3522,      -6.168046356,      -7.145061211,       -7.27023209,      -12.01966694
          0,           0,        3523,      -6.177109047,      -7.175808398,      -7.196852264,      -11.96768863
          0,           0,        3524,      -6.181346062,      -7.225074807,       -7.23509611,      -11.97666412
          0,           0,        3525,      -6.183665966,      -7.284522801,       -7.25111891,      -11.99039373
          0,           0,        3526,      -6.185339915,      -7.353778197,       -7.29607596,       -12.0027334
          0,           0,        3527,      -6.186775165,      -7.412104423,      -7.328182469,      -12.00639092
          0,           0,        3528,      -6.188045946,      -7.445694291,      -7.344534803,      -12.00438146
          0,           0,        3529,      -6.189054067,      -7.460793457,      -7.354387664,      -12.00146152
          0,           0,        3530,      -6.189793506,      -7.465410314,      -7.361802137,      -11.99746837
          0,           0,        3531,       -6.32659178,      -7.465742066,      -7.366931182,      -11.84620115
          0,           0,        3532,      -6.392051146,      -6.966733094,      -7.020768879,      -11.65897222
          0,           0,        3533,      -6.380548005,      -6.865280215,      -6.917913468,      -11.65566609
          0,           0,        3534,      -6.285454243,      -6.944161024,      -6.940825334,      -11.70593412
          0,           0,        3535,      -6.139261872,      -6.967733816,       -6.93719994,      -11.62926211
          0,           0,        3536,      -6.160823219,      -6.859212231,      -6.849172787,       -11.5770204
          0,           0,        3537,      -6.170482647,      -6.896945313,      -6.862293679,      -11.57611651
          0,           0,        3538,      -6.175469092,      -6.948183676,      -6.874180936,      -11.58847635
          0,           0,        3539,      -6.316734887,      -7.004276155,      -6.913650663,      -11.56756964
          0,           0,        3540,      -6.159565189,      -6.874389865,       -6.84181419,       -11.6000368
          0,           0,        3541,      -6.172248964,      -7.006133491,      -6.917578364,      -11.61820713
          0,           0,        3542,      -6.178933913,      -7.059002896,      -6.953296281,      -11.63341714
          0,           0,        3543,      -6.341431428,      -7.100137283,      -6.994306885,      -11.61413926
          0,           0,        3544,      -6.155135678,      -6.863217892,        -6.8676105,      -11.64306531
          0,           0,        3545,      -6.171312176,      -7.015150392,      -6.973715248,      -11.64162521
          0,           0,        3546,      -6.178896896,      -7.067081775,      -6.989522276,      -11.64012749
          0,           0,        3547,      -6.182225303,      -7.106874279,      -7.024047018,      -11.64779302
          0,           0,        3548,      -6.183998463,      -7.147412852,      -7.046587546,      -11.65882553
          0,           0,        3549,      -6.185209508,      -7.188624451,      -7.077520262,      -11.67595379
          0,           0,        3550,      -6.186313889,      -7.222450367,      -7.101460547,      -11.69590087
          0,           0,        3551,      -6.187335279,      -7.246372384,      -7.118251443,      -11.71318508
          0,           0,        3552,      -6.188167969,      -7.265911967,      -7.133503058,      -11.72449136
          0,           0,        3553,      -6.188799723,      -7.284034788,      -7.150944481,      -11.72889043
          0,           0,        3554,      -6.189272547,      -7.302976199,      -7.171615602,      -11.72988443
          0,           0,        3555,      -6.329249028,      -7.324451298,      -7.193559079,      -11.66995142
          0,           0,        3556,       -6.16626672,      -6.926992463,      -6.962219278,      -11.71272243
          0,           0,        3557,      -6.321618594,      -7.077162387,      -7.051166142,      -11.72311128
          0,           0,        3558,      -6.165484279,      -7.155760476,      -7.142059889,      -11.75101964
          0,           0,        3559,      -6.176832572,      -7.125940022,      -7.096289166,      -11.75002945
          0,           0,        3560,      -6.181584592,      -7.153564146,      -7.103389418,      -11.75559392
          0,           0,        3561,      -6.183778844,      -7.191967728,      -7.115037969,      -11.75659373
          0,           0,        3562,      -6.185208578,      -7.238663022,      -7.140843979,      -11.75199502
          0,           0,        3563,      -6.186394439,      -7.289947879,      -7.179283644,      -11.75088063
          0,           0,        3564,      -6.187512942,      -7.338126972,      -7.220076257,      -11.76430732
          0,           0,        3565,      -6.188505936,      -7.380421797,      -7.259369674,      -11.79780771
          0,           0,        3566,      -6.276244926,      -7.414979366,      -7.293913025,      -11.80801611
          0,           0,        3567,      -6.179064152,      -7.161633709,      -7.155807688,      -11.86404478
          0,           0,        3568,        -6.1847612,      -7.278832063,      -7.215343824,      -11.88112617
          0,           0,        3569,      -6.187436903,       -7.32961732,      -7.244978345,       -11.8799226
          0,           0,        3570,      -6.188468767,      -7.364527288,      -7.266567882,      -11.87874451
          0,           0,        3571,      -6.189158854,      -7.400419924,      -7.289438063,      -11.88921141
          0,           0,        3572,      -6.189576402,      -7.441511139,      -7.327403599,      -11.91819252
          0,           0,        3573,      -6.190004102,      -7.480588011,      -7.368103916,      -11.95793572
          0,           0,        3574,      -6.190408972,      -7.514004861,      -7.403068497,      -11.99089895
          0,           0,        3575,      -6.190738712,      -7.545023259,      -7.430249222,      -12.00332813
          0,           0,        3576,      -6.190986599,      -7.577262178,      -7.454180821,      -12.00152315
          0,           0,        3577,      -6.191146549,      -7.610728802,      -7.478511186,      -12.00382399
          0,           0,        3578,      -6.191278033,       -7.63970287,      -7.501191473,      -12.02008192
          0,           0,        3579,      -6.191408076,      -7.659304737,          -7.51961,      -12.04710327
          0,           0,        3580,      -6.191484885,      -7.672243901,      -7.535350593,      -12.07549525
          0,           0,        3581,      -6.191517151,      -7.685058577,      -7.552245477,      -12.09941484
          0,           0,        3582,      -6.191591532,      -7.701054094,      -7.571596931,      -12.11966249
          0,           0,        3583,       -6.19162507,      -7.718762028,      -7.590237349,      -12.13644334
          0,           0,        3584,      -6.316460378,      -7.735528403,      -7.604354671,      -11.93874204
          0,           0,        3585,      -6.374268464,      -7.033128155,      -7.098394769,      -11.74267218
          0,           0,        3586,      -6.149171072,      -6.927201754,      -7.000833526,      -11.85308878
          0,           0,        3587,      -6.170437791,      -6.937816303,      -6.961224276,      -11.79992068
          0,           0,        3588,      -6.179463705,      -7.022627478,      -7.024032902,      -11.79914893
          0,           0,        3589,      -6.182832955,       -7.10597264,      -7.070998973,      -11.82637686
          0,           0,        3590,      -6.184511598,      -7.186483396,      -7.113607629,      -11.85841578
          0,           0,        3591,      -6.185632636,      -7.272286758,      -7.177077687,      -11.88746976
          0,           0,        3592,      -6.186932175,      -7.341076874,      -7.225638772,      -11.89950336
          0,           0,        3593,      -6.188109484,      -7.386470817,      -7.256792727,      -11.90990828
          0,           0,        3594,      -6.313943436,      -7.416252949,      -7.276296967,       -11.8146568
          0,           0,        3595,      -6.171327744,      -7.013701486,      -7.036329208,      -11.86033344
          0,           0,        3596,      -6.181180963,      -7.161148714,      -7.122008223,      -11.85965549
          0,           0,        3597,      -6.314519789,      -7.237827462,      -7.173185746,      -11.88506658
          0,           0,        3598,       -6.37313259,      -7.106539469,       -7.11420485,      -11.77724909
          0,           0,        3599,      -6.147344367,       -6.99846303,      -7.042639515,      -11.87024877
          0,           0,        3600,      -6.167966099,      -6.991407923,       -7.01208084,      -11.79982892
          0,           0,        3601,      -6.177374497,      -7.048129426,       -7.04074645,      -11.78065513
          0,           0,        3602,      -6.181287362,       -7.11244509,      -7.078011391,      -11.79195157
          0,           0,        3603,      -6.183382082,      -7.175265846,      -7.107816024,      -11.80788145
          0,           0,        3604,      -6.184839953,      -7.241629165,      -7.155783857,      -11.82557703
          0,           0,        3605,      -6.186214962,      -7.294081019,      -7.189461645,      -11.83679546
          0,           0,        3606,      -6.187545466,      -7.329406694,      -7.211640261,      -11.84634216
          0,           0,        3607,      -6.188431728,      -7.354387532,      -7.227969146,      -11.85591856
          0,           0,        3608,      -6.189346889,      -7.374521142,      -7.243796135,      -11.86286149
          0,           0,        3609,       -6.18988654,      -7.393046331,      -7.259646908,      -11.86957225
          0,           0,        3610,      -6.190212628,      -7.408491794,      -7.272444299,      -11.87783476
          0,           0,        3611,      -6.190544805,      -7.420960417,      -7.283641499,      -11.88570099
          0,           0,        3612,      -6.190743091,      -7.433570756,      -7.296816883,        -11.891724
          0,           0,        3613,      -6.190836696,      -7.448428737,      -7.312467602,      -11.89705357
          0,           0,        3614,      -6.328195331,      -7.465696072,      -7.328981946,      -11.78925431
          0,           0,        3615,      -6.168425008,      -6.956030149,      -7.006655078,      -11.85690124
          0,           0,        3616,      -6.180289228,      -7.117042992,      -7.109191955,      -11.86184012
          0,           0,        3617,      -6.185341538,      -7.213203483,      -7.172021277,      -11.86936192
          0,           0,        3618,      -6.187103489,      -7.284930142,      -7.223128418,      -11.88747611
          0,           0,        3619,      -6.187849484,       -7.34273526,      -7.249855244,      -11.90047242
          0,           0,        3620,      -6.188360643,      -7.396336706,       -7.28627288,      -11.90874002
          0,           0,        3621,      -6.188946937,      -7.438768944,       -7.31509746,      -11.90988252
          0,           0,        3622,      -6.189552486,       -7.46839108,      -7.337361888,       -11.9129341
          0,           0,        3623,      -6.190061379,      -7.489579676,      -7.354360313,      -11.92517973
          0,           0,        3624,      -6.190448535,      -7.504118554,      -7.369384121,      -11.94286216
          0,           0,        3625,      -6.317263972,      -7.514725521,       -7.38404743,      -11.84369164
          0,           0,        3626,      -6.374314236,      -7.012102066,      -7.059150861,      -11.69983175
          0,           0,        3627,      -6.148120097,      -6.918529691,      -6.977073307,      -11.78150071
          0,           0,        3628,       -6.16967635,        -6.9251583,      -6.938601137,      -11.73512679
          0,           0,        3629,      -6.178779255,       -7.00278706,      -6.992881346,      -11.73138689
          0,           0,        3630,      -6.348669863,      -7.078896508,      -7.034061792,      -11.74567467
          0,           0,        3631,      -6.363763162,      -6.851758426,      -6.883327401,      -11.69852607
          0,           0,        3632,      -6.136908296,      -6.969588274,      -6.980019857,      -11.83928989
          0,           0,        3633,      -6.161667035,       -6.93924866,      -6.940096149,       -11.7718536
          0,           0,        3634,       -6.17330867,      -7.000704256,      -7.004528624,      -11.77087402
          0,           0,        3635,       -6.17867384,      -7.076349146,      -7.054454476,      -11.79512454
          0,           0,        3636,      -6.181618616,      -7.154208223,      -7.102840476,      -11.82698325
          0,           0,        3637,      -6.183594989,       -7.24767657,      -7.180080427,      -11.87182598
          0,           0,        3638,      -6.185439243,      -7.327432022,      -7.234803368,      -11.90550758
          0,           0,        3639,      -6.341618531,      -7.380371788,      -7.267068105,      -11.73692667
          0,           0,        3640,      -6.158795233,      -6.869957672,      -6.921516977,      -11.80791954
          0,           0,        3641,      -6.174980885,      -7.028675012,       -7.01300317,      -11.79532083
          0,           0,        3642,      -6.182056756,       -7.11377786,      -7.062719645,       -11.7847069
          0,           0,        3643,      -6.184805672,       -7.17761547,      -7.114640019,      -11.79362884
          0,           0,        3644,      -6.186121944,      -7.235050698,      -7.142752908,      -11.80876366
          0,           0,        3645,      -6.335039997,      -7.294123243,      -7.185031684,      -11.72393039
          0,           0,        3646,      -6.161789342,      -6.899570188,      -6.940882842,      -11.80371433
          0,           0,        3647,      -6.176156234,       -7.07001067,      -7.053015035,      -11.82272885
          0,           0,        3648,       -6.18268278,      -7.162693526,      -7.118611575,      -11.83996398
          0,           0,        3649,      -6.185309681,      -7.234427843,       -7.18561716,      -11.86224449
          0,           0,        3650,      -6.186611603,      -7.295622031,      -7.225489339,      -11.87966568
          0,           0,        3651,      -6.187474001,      -7.357262785,      -7.275200832,      -11.90226924
          0,           0,        3652,      -6.309192184,      -7.408951915,      -7.313784146,      -11.81965166
          0,           0,        3653,      -6.171654237,       -7.02874623,      -7.062761833,      -11.88363387
          0,           0,        3654,      -6.336465947,      -7.183415859,      -7.152973719,      -11.84163172
          0,           0,        3655,      -6.163363144,      -7.098723109,      -7.141803498,      -11.87758346
          0,           0,        3656,      -6.176347509,       -7.13362246,      -7.133286216,      -11.83881137
          0,           0,        3657,      -6.181784686,      -7.181689544,      -7.158950706,      -11.82776989
          0,           0,        3658,      -6.184389245,      -7.237954178,      -7.188606658,      -11.83761364
          0,           0,        3659,      -6.185747423,      -7.306441544,      -7.229452793,      -11.85861898
          0,           0,        3660,      -6.186922077,      -7.383651657,      -7.289874153,      -11.88976062
          0,           0,        3661,      -6.291989538,      -7.448815301,       -7.34062976,      -11.84573062
          0,           0,        3662,      -6.175057672,       -7.10231886,      -7.119232424,      -11.92046228
          0,           0,        3663,      -6.355662653,      -7.252379662,       -7.20014686,      -11.81783665
          0,           0,        3664,      -6.157136131,      -6.981910221,      -7.050644227,      -11.88083116
          0,           0,        3665,      -6.173693934,      -7.070059355,      -7.084568628,      -11.83482096
          0,           0,        3666,       -6.18074675,      -7.131186856,      -7.109716341,      -11.82490204
          0,           0,        3667,      -6.183726187,      -7.194441381,      -7.147116267,      -11.84358233
          0,           0,        3668,      -6.185310164,      -7.266553639,      -7.187128678,      -11.87286347
          0,           0,        3669,      -6.186465828,      -7.348734294,      -7.251485526,      -11.90869427
          0,           0,        3670,      -6.187593437,      -7.419755581,       -7.30540331,       -11.9441933
          0,           0,        3671,      -6.332578227,      -7.468678928,      -7.337764133,      -11.79559976
          0,           0,        3672,       -6.16506516,      -6.934631007,      -6.983079783,      -11.87488677
          0,           0,        3673,      -6.370846083,      -7.100358441,      -7.084583047,      -11.78718321
          0,           0,        3674,      -6.150540208,      -6.997212369,      -7.064509632,      -11.83796307
          0,           0,        3675,      -6.170017221,      -7.033131998,      -7.054846344,      -11.78598405
          0,           0,        3676,      -6.178207626,       -7.07451762,      -7.056558973,      -11.77949277
          0,           0,        3677,      -6.181838387,      -7.132677612,      -7.083158485,      -11.79761508
          0,           0,        3678,       -6.18378836,      -7.200262203,      -7.117886523,      -11.81942166
          0,           0,        3679,      -6.185213359,      -7.275102361,      -7.173094125,      -11.84227728
          0,           0,        3680,      -6.186584209,      -7.335885525,       -7.21548879,      -11.86499265
          0,           0,        3681,      -6.187830861,      -7.376767935,      -7.241378843,      -11.88889994
          0,           0,        3682,      -6.188838948,      -7.408184242,       -7.26337098,       -11.9080304
          0,           0,        3683,      -6.318578863,       -7.43854446,      -7.292265783,      -11.81455097
          0,           0,        3684,      -6.369811009,      -6.999544556,      -7.034083015,      -11.69410039
          0,           0,        3685,      -6.148864649,      -6.930497533,      -6.974991948,       -11.7697408
          0,           0,        3686,      -6.386605081,      -6.930732146,      -6.932961906,      -11.78750301
          0,           0,        3687,      -6.144127808,      -7.072100028,      -7.106036647,      -11.78744246
          0,           0,        3688,      -6.165035555,      -7.028499365,      -7.040805105,      -11.71741915
          0,           0,        3689,      -6.174260844,       -7.03214388,      -7.005174699,      -11.70034497
          0,           0,        3690,      -6.178730412,      -7.072772984,      -7.014874949,      -11.70830443
          0,           0,        3691,      -6.181349369,      -7.121937144,      -7.038103361,      -11.72048362
          0,           0,        3692,      -6.183184572,      -7.173289976,      -7.072379398,       -11.7322506
          0,           0,        3693,      -6.184983467,      -7.213530827,      -7.095580232,      -11.74292114
          0,           0,        3694,      -6.186451366,      -7.241653575,      -7.111100043,      -11.75151453
          0,           0,        3695,      -6.187673154,       -7.26399793,      -7.127546474,      -11.75666618
          0,           0,        3696,      -6.188505701,      -7.283650124,       -7.14600553,      -11.76142086
          0,           0,        3697,      -6.189205513,      -7.299617924,      -7.161994433,      -11.76933246
          0,           0,        3698,        -6.1896234,      -7.311376563,      -7.173960164,      -11.77934875
          0,           0,        3699,      -6.301151752,      -7.321234009,      -7.185307836,      -11.74705673
          0,           0,        3700,       -6.17486282,      -7.042766565,      -7.042358971,       -11.7793451
          0,           0,        3701,      -6.182812008,      -7.164883359,      -7.107468035,      -11.78277626
          0,           0,        3702,      -6.186325913,        -7.2262539,      -7.145446601,      -11.78563346
          0,           0,        3703,      -6.187642081,       -7.26949856,      -7.173998576,      -11.79181954
          0,           0,        3704,      -6.333261099,      -7.303882975,      -7.192918162,      -11.72423933
          0,           0,        3705,      -6.163444418,      -6.913411918,      -6.952373772,      -11.78440919
          0,           0,        3706,      -6.176959241,      -7.081216734,      -7.069683489,      -11.79045034
          0,           0,        3707,       -6.18294669,      -7.168273268,      -7.123703576,      -11.79425865
          0,           0,        3708,      -6.185413563,      -7.232108809,      -7.175301879,      -11.80648157
          0,           0,        3709,      -6.186565526,      -7.285559139,      -7.200124791,      -11.81570702
          0,           0,        3710,      -6.187346407,      -7.337484884,      -7.235431012,      -11.82933812
          0,           0,        3711,      -6.188098802,      -7.378980481,      -7.263720904,      -11.84511366
          0,           0,        3712,      -6.188768867,      -7.406492439,      -7.285794528,      -11.86083466
          0,           0,        3713,      -6.189539806,      -7.425315973,      -7.301684202,      -11.87220652
          0,           0,        3714,      -6.190010895,       -7.43972188,      -7.314971767,      -11.87220468
          0,           0,        3715,      -6.190368006,      -7.456315456,       -7.33302204,      -11.86575834
          0,           0,        3716,      -6.190552305,       -7.47790603,      -7.357900678,      -11.86765238
          0,           0,        3717,      -6.190881396,      -7.502682401,      -7.386528812,       -11.8897051
          0,           0,        3718,      -6.191056092,      -7.525977724,      -7.412293533,      -11.93475951
          0,           0,        3719,      -6.191188753,       -7.54171234,      -7.427607013,      -11.99126698
          0,           0,        3720,      -6.191288621,      -7.548408015,       -7.43205392,      -12.02872851
          0,           0,        3721,      -6.191370337,      -7.553444843,       -7.43584762,      -12.02445334
          0,           0,        3722,      -6.191447275,      -7.568256188,      -7.452259998,      -12.00009587
          0,           0,        3723,      -6.191524536,      -7.601257882,      -7.489981859,      -11.98995972
          0,           0,        3724,      -6.330927541,      -7.654047146,      -7.549713813,      -11.83793938
          0,           0,        3725,      -6.168221939,      -6.956843675,      -7.030754213,      -11.95281295
          0,           0,        3726,      -6.180485372,      -7.131510239,      -7.156217172,      -11.98559009
          0,           0,        3727,      -6.185658919,      -7.241685465,      -7.234140377,      -12.01027014
          0,           0,        3728,      -6.187463554,      -7.328050362,      -7.298544494,      -12.03848982
          0,           0,        3729,      -6.188227977,      -7.403177247,      -7.332322848,      -12.05138284
          0,           0,        3730,      -6.188753974,      -7.480970702,      -7.389880468,      -12.06669072
          0,           0,        3731,       -6.18929926,      -7.551304019,        -7.4446951,      -12.08113656
          0,           0,        3732,      -6.189818192,      -7.607398068,      -7.492375271,      -12.10003404
          0,           0,        3733,      -6.190513259,      -7.652611367,      -7.527736623,      -12.12553706
          0,           0,        3734,      -6.190891015,      -7.687566569,      -7.555646604,      -12.14835971
          0,           0,        3735,      -6.191161609,       -7.71468984,      -7.582298906,      -12.16873779
          0,           0,        3736,      -6.191353746,      -7.728981046,      -7.599735844,      -12.19272147
          0,           0,        3737,      -6.191492527,      -7.730052869,       -7.60467716,       -12.2167305
          0,           0,        3738,      -6.191594144,      -7.728556599,      -7.606827386,      -12.23081874
          0,           0,        3739,      -6.311452624,       -7.73326014,      -7.615196818,      -11.98940102
          0,           0,        3740,      -6.352960206,      -7.058167545,      -7.123287551,      -11.81105857
          0,           0,        3741,      -6.156161023,      -6.980631343,        -7.0593629,       -11.9171526
          0,           0,        3742,      -6.373074488,      -6.987829251,      -7.007275143,      -11.94984508
          0,           0,        3743,      -6.151382958,      -7.124018974,       -7.22180666,      -11.94831572
          0,           0,        3744,      -6.355528977,      -7.092673359,      -7.145484913,      -12.02310721
          0,           0,        3745,      -6.151934115,      -7.228768618,      -7.262929371,      -11.98182529
          0,           0,        3746,      -6.168092564,      -7.168357584,      -7.212112923,      -11.88587844
          0,           0,        3747,      -6.175962896,      -7.159745614,      -7.158798677,      -11.86419786
          0,           0,        3748,      -6.180126163,       -7.19313473,      -7.162849846,      -11.87129983
          0,           0,        3749,       -6.32194046,      -7.240192758,       -7.17726193,      -11.78673012
          0,           0,        3750,       -6.16303594,      -6.954204463,       -6.96723965,      -11.84470386
          0,           0,        3751,      -6.175390432,      -7.130525113,      -7.082724959,      -11.84410829
          0,           0,        3752,      -6.295148158,      -7.204783913,      -7.132714229,      -11.85517894
          0,           0,        3753,      -6.383803623,      -7.162918091,      -7.133021748,      -11.71905334
          0,           0,        3754,      -6.141240101,       -6.94036856,      -6.973540425,       -11.8009405
          0,           0,        3755,      -6.338537743,      -6.977461525,      -6.991520646,      -11.81585392
          0,           0,        3756,       -6.15325471,      -7.208868083,      -7.181257737,      -11.78016684
          0,           0,        3757,      -6.168699267,      -7.079397487,      -7.072375574,      -11.73532144
          0,           0,        3758,      -6.175801192,      -7.084502118,      -7.054456596,      -11.73020903
          0,           0,        3759,      -6.179668581,      -7.121916044,      -7.064201945,      -11.73954741
          0,           0,        3760,      -6.324219114,      -7.171814478,      -7.093505083,      -11.68851154
          0,           0,        3761,      -6.161518859,      -6.924854843,      -6.931936738,      -11.73642903
          0,           0,        3762,       -6.17443174,      -7.090461154,      -7.037286774,      -11.74852391
          0,           0,        3763,      -6.180946078,      -7.165590279,       -7.08940225,      -11.76124499
          0,           0,        3764,      -6.183986333,      -7.224678644,      -7.148330035,       -11.7836174
          0,           0,        3765,      -6.185658583,      -7.278701177,      -7.183668769,      -11.81057689
          0,           0,        3766,      -6.186788405,      -7.334035458,      -7.222426121,      -11.84288923
          0,           0,        3767,      -6.187751159,      -7.380831956,      -7.254358762,      -11.86778877
          0,           0,        3768,      -6.188693947,      -7.415889294,      -7.283674246,      -11.88087511
          0,           0,        3769,      -6.189410842,      -7.443666737,      -7.309055195,      -11.88723179
          0,           0,        3770,      -6.189954928,      -7.469036032,      -7.331677074,       -11.8902056
          0,           0,        3771,       -6.19034304,      -7.498909794,      -7.357504554,      -11.89560761
          0,           0,        3772,      -6.190586234,      -7.533483373,      -7.387446707,      -11.91127736
          0,           0,        3773,      -6.190912914,      -7.565458206,      -7.417905126,      -11.94169761
          0,           0,        3774,       -6.19108322,       -7.58728086,      -7.444350623,      -11.98399807
          0,           0,        3775,       -6.19115612,      -7.598066129,      -7.462966413,      -12.02459787
          0,           0,        3776,      -6.191309408,      -7.604631885,      -7.474143547,      -12.04357721
          0,           0,        3777,      -6.191381279,       -7.61556126,      -7.484487985,       -12.0359975
          0,           0,        3778,      -6.191442019,      -7.635395206,      -7.502278966,      -12.02061682
          0,           0,        3779,      -6.310874908,      -7.662902086,      -7.530692106,        -11.892797
          0,           0,        3780,      -6.174294467,      -7.055532325,      -7.115228259,      -11.97150957
          0,           0,        3781,      -6.365840454,      -7.223700442,      -7.231244794,      -11.82014521
          0,           0,        3782,      -6.151098314,      -6.942057997,      -7.044517192,      -11.93614793
          0,           0,        3783,      -6.171110736,      -7.025004975,      -7.076805706,      -11.86616022
          0,           0,        3784,      -6.179521048,      -7.085856655,       -7.08889491,      -11.84024653
          0,           0,        3785,      -6.349872618,      -7.154245186,       -7.12650282,      -11.81381413
          0,           0,        3786,      -6.150962374,      -6.868321676,      -6.915664063,      -11.94627168
          0,           0,        3787,      -6.285594486,      -7.097184159,      -7.155582767,      -11.99062984
          0,           0,        3788,      -6.164760011,       -7.39719175,      -7.354081987,      -11.99861594
          0,           0,        3789,      -6.175312054,      -7.228633968,      -7.241367918,      -11.97684966
          0,           0,        3790,       -6.18042838,      -7.248865818,      -7.257377822,      -11.98808268
          0,           0,        3791,      -6.183276114,      -7.301216982,      -7.279078122,      -12.00950867
          0,           0,        3792,      -6.185125843,      -7.374717426,      -7.327711589,       -12.0407985
          0,           0,        3793,      -6.186627126,      -7.451300188,      -7.380544576,      -12.06758737
          0,           0,        3794,      -6.187934236,      -7.510593864,      -7.420263571,      -12.08641241
          0,           0,        3795,      -6.188951512,      -7.546201806,      -7.442325959,      -12.09744143
          0,           0,        3796,      -6.326788764,      -7.564422838,      -7.454521213,      -11.88163827
          0,           0,        3797,      -6.168414925,      -6.975357897,      -7.033905211,      -11.95292366
          0,           0,        3798,      -6.180112352,      -7.139254729,      -7.136713184,       -11.9264834
          0,           0,        3799,      -6.185119768,      -7.227954185,      -7.193388639,      -11.90985345
          0,           0,        3800,      -6.187062889,      -7.292159593,      -7.238761372,      -11.91316554
          0,           0,        3801,      -6.187899631,      -7.346726747,      -7.262246636,      -11.91948978
          0,           0,        3802,      -6.188449675,      -7.397201068,       -7.29948049,      -11.93193496
          0,           0,        3803,      -6.189042021,      -7.431270828,       -7.32711914,      -11.94641802
          0,           0,        3804,      -6.189727655,      -7.446834903,      -7.341970682,      -11.96338326
          0,           0,        3805,      -6.309213181,      -7.454159717,      -7.348780892,      -11.86387955
          0,           0,        3806,      -6.173589547,      -7.039005844,      -7.073969798,      -11.92170591
          0,           0,        3807,      -6.182499727,      -7.185042218,      -7.161936216,      -11.91954743
          0,           0,        3808,      -6.186434791,      -7.266091265,      -7.217978954,      -11.91855333
          0,           0,        3809,      -6.187924096,      -7.328151699,      -7.264043578,      -11.92688769
          0,           0,        3810,      -6.188584014,      -7.387183696,      -7.297137211,      -11.93323639
          0,           0,        3811,      -6.189058663,      -7.451482299,      -7.347226833,      -11.94054158
          0,           0,        3812,      -6.189584043,      -7.512828223,      -7.399840776,      -11.95085276
          0,           0,        3813,      -6.190112973,       -7.56368169,      -7.447899899,      -11.97085994
          0,           0,        3814,      -6.292947239,      -7.604721745,      -7.486433625,      -11.90905693
          0,           0,        3815,       -6.17735969,      -7.130474232,      -7.171395703,      -11.98207403
          0,           0,        3816,      -6.184310924,       -7.28931829,      -7.272471767,      -12.00788658
          0,           0,        3817,      -6.187505825,      -7.379106225,      -7.338015269,      -12.03204252
          0,           0,        3818,      -6.188730106,      -7.443752905,      -7.385232384,      -12.05851978
          0,           0,        3819,      -6.189271885,      -7.500835847,      -7.413975958,      -12.07224931
          0,           0,        3820,      -6.189617843,      -7.563239057,      -7.462439335,      -12.08052551
          0,           0,        3821,      -6.190071998,      -7.626025512,      -7.517355097,      -12.09176773
          0,           0,        3822,      -6.190550672,      -7.683780492,      -7.572509721,      -12.11751825
          0,           0,        3823,      -6.190913423,      -7.736647651,       -7.61997362,      -12.16094899
          0,           0,        3824,      -6.191154997,      -7.784396569,      -7.658261722,      -12.21185244
          0,           0,        3825,      -6.191392002,      -7.827224263,      -7.689697473,      -12.25642752
          0,           0,        3826,      -6.304154817,      -7.859261208,      -7.713604489,      -12.02849827
          0,           0,        3827,       -6.17599517,      -7.096504587,      -7.162155736,      -12.13893369
          0,           0,        3828,      -6.183990792,      -7.269510388,      -7.283056238,      -12.12375666
          0,           0,        3829,      -6.187411708,      -7.375700658,       -7.36574179,      -12.11862578
          0,           0,        3830,       -6.18876095,      -7.461520714,      -7.434491079,      -12.14204555
          0,           0,        3831,      -6.320624373,      -7.540622661,      -7.476322558,       -11.9734844
          0,           0,        3832,      -6.169571859,      -7.012125595,       -7.07274963,      -12.13987461
          0,           0,        3833,      -6.180273683,      -7.210970848,      -7.234322956,      -12.15004086
          0,           0,        3834,      -6.185209195,      -7.325558307,      -7.325610485,       -12.1485197
          0,           0,        3835,      -6.187193485,      -7.419120238,      -7.419694251,       -12.1866668
          0,           0,        3836,      -6.188151955,      -7.505713431,      -7.469203775,      -12.22183113
          0,           0,        3837,      -6.188719714,      -7.601796837,      -7.548544103,      -12.27235017
          0,           0,        3838,      -6.189469686,      -7.688810582,      -7.612293159,      -12.30721412
          0,           0,        3839,      -6.190096344,      -7.749099449,      -7.658880044,      -12.31549717
          0,           0,        3840,      -6.190604586,      -7.789075604,      -7.688836115,      -12.32064767
          0,           0,        3841,      -6.190840097,       -7.81076119,      -7.708091673,      -12.32372682
          0,           0,        3842,      -6.191178412,      -7.825358484,       -7.73003162,      -12.32601015
          0,           0,        3843,      -6.191448509,      -7.835936549,      -7.748371811,      -12.33286677
          0,           0,        3844,      -6.289075553,      -7.841341259,      -7.754693191,      -12.10032237
          0,           0,        3845,      -6.179050749,       -7.16835975,      -7.232069332,      -12.21087236
          0,           0,        3846,      -6.185401528,      -7.337144338,      -7.346619114,      -12.19584344
          0,           0,        3847,      -6.305414674,      -7.437340625,      -7.421194031,      -12.16997195
          0,           0,        3848,      -6.173745368,      -7.176131906,      -7.235009059,      -12.25508932
          0,           0,        3849,      -6.181912471,      -7.345023791,      -7.392908639,      -12.18147766
          0,           0,        3850,      -6.353092859,      -7.412010441,      -7.412625983,      -11.94526397
          0,           0,        3851,      -6.154180649,      -6.914823421,      -7.005470997,      -12.15021808
          0,           0,        3852,      -6.172323332,      -7.105098406,      -7.190078854,      -12.05818533
          0,           0,        3853,      -6.180345572,      -7.185373089,       -7.20358366,      -12.01548581
          0,           0,        3854,      -6.183706991,      -7.258383368,      -7.270108825,      -12.03439346
          0,           0,        3855,      -6.185447279,      -7.334464324,      -7.301128986,      -12.05878642
          0,           0,        3856,      -6.186632958,      -7.421539704,      -7.365225865,      -12.08577549
          0,           0,        3857,      -6.187747837,      -7.499111449,      -7.414578688,      -12.09675551
          0,           0,        3858,      -6.314102144,      -7.549758734,       -7.44229546,      -11.89789351
          0,           0,        3859,      -6.171181782,      -7.028261586,      -7.072878361,      -11.96712574
          0,           0,        3860,      -6.181124191,      -7.189141939,      -7.166957992,      -11.95892487
          0,           0,        3861,      -6.185603393,      -7.277281661,      -7.230916932,      -11.95805411
          0,           0,        3862,      -6.187386433,      -7.342036599,      -7.282886534,      -11.97672044
          0,           0,        3863,       -6.18815312,       -7.39950464,      -7.311912207,       -11.9991139
          0,           0,        3864,      -6.188758582,      -7.458036103,      -7.354936614,      -12.01967476
          0,           0,        3865,      -6.189411115,      -7.509230624,      -7.397567367,      -12.03141366
          0,           0,        3866,      -6.290440842,      -7.547945438,         -7.433988,       -11.9317592
          0,           0,        3867,      -6.177300558,       -7.13243946,      -7.164482244,      -11.99185954
          0,           0,        3868,      -6.184202196,      -7.287506635,      -7.258876452,      -11.99951261
          0,           0,        3869,      -6.187360464,      -7.379145035,      -7.331481829,      -12.01047315
          0,           0,        3870,      -6.188631842,      -7.449893098,      -7.390617833,      -12.03793967
          0,           0,        3871,      -6.189207988,      -7.511443311,       -7.42457601,      -12.07312815
          0,           0,        3872,      -6.332518205,      -7.570191359,      -7.464783192,      -11.86901877
          0,           0,        3873,       -6.16576907,      -6.942699716,      -7.008707173,      -11.99985507
          0,           0,        3874,      -6.178803112,      -7.122448733,      -7.135571474,      -12.00392768
          0,           0,        3875,      -6.184538459,      -7.231682981,      -7.218444103,      -12.00426888
          0,           0,        3876,      -6.186710215,      -7.322947958,      -7.302871415,      -12.02361507
          0,           0,        3877,      -6.187721038,      -7.409041705,      -7.356118146,      -12.04317742
          0,           0,        3878,      -6.317495825,      -7.506265078,      -7.435790127,      -11.90036433
          0,           0,        3879,      -6.169602485,      -7.011600057,      -7.067555409,      -12.02253313
          0,           0,        3880,       -6.18019084,      -7.200271368,      -7.203730993,      -12.05289105
          0,           0,        3881,      -6.185145578,      -7.312308601,      -7.302473405,      -12.09045559
          0,           0,        3882,      -6.187155103,      -7.406081661,      -7.397114449,      -12.14685446
          0,           0,        3883,      -6.188094097,      -7.493462233,      -7.453150618,      -12.19223954
          0,           0,        3884,       -6.18877353,      -7.590633755,      -7.531501555,       -12.2420047
          0,           0,        3885,      -6.189471348,      -7.679068922,      -7.598626769,      -12.26740261
          0,           0,        3886,      -6.304443103,      -7.749258762,      -7.663083959,      -12.00128882
          0,           0,        3887,      -6.174680929,      -7.088101882,      -7.149077778,      -12.11561937
          0,           0,        3888,      -6.183075556,      -7.261426511,      -7.264201604,      -12.12375915
          0,           0,        3889,      -6.350442998,      -7.367419002,      -7.350901621,      -11.98148408
          0,           0,        3890,      -6.158319842,      -6.945633068,      -7.036973293,      -12.14439625
          0,           0,        3891,      -6.313878423,      -7.127112224,      -7.207374365,      -12.16928952
          0,           0,        3892,      -6.376580199,      -7.381810596,      -7.471256574,      -12.00975048
          0,           0,        3893,      -6.145382648,      -7.210585177,      -7.278853431,      -12.08974417
          0,           0,        3894,      -6.165775216,      -7.068185702,      -7.129423098,      -11.90278463
          0,           0,        3895,      -6.175322415,      -7.090037298,      -7.111629828,      -11.86917015
          0,           0,        3896,      -6.337913061,      -7.144705992,      -7.131923978,      -11.87186923
          0,           0,        3897,      -6.156738639,      -6.935898711,      -6.957264802,      -11.97895206
          0,           0,        3898,      -6.171444827,      -7.169792048,      -7.190614956,      -11.99215099
          0,           0,        3899,      -6.179016637,       -7.24499612,       -7.21288789,      -11.98635764
          0,           0,        3900,      -6.182771624,      -7.303800168,      -7.289419773,      -12.01035827
          0,           0,        3901,      -6.184883666,      -7.363461617,      -7.319957813,      -12.02605442
          0,           0,        3902,      -6.186435213,      -7.431830378,      -7.370896249,      -12.04184484
          0,           0,        3903,      -6.187661932,      -7.492613093,      -7.409075986,      -12.05286104
          0,           0,        3904,      -6.188723582,      -7.528070853,      -7.430379773,      -12.05536916
          0,           0,        3905,      -6.189554775,      -7.545022869,      -7.440402147,      -12.05687837
          0,           0,        3906,       -6.19015969,      -7.550707536,      -7.441738754,      -12.05741472
          0,           0,        3907,      -6.190586135,      -7.552894212,      -7.441057644,      -12.05528902
          0,           0,        3908,      -6.190884839,      -7.555118954,      -7.441077616,      -12.05103002
          0,           0,        3909,      -6.320687974,      -7.557323157,       -7.44240392,      -11.88667717
          0,           0,        3910,      -6.171350514,      -7.003318045,      -7.060570582,      -11.96140508
          0,           0,        3911,      -6.181704341,      -7.164586517,      -7.164343649,      -11.94931333
          0,           0,        3912,      -6.186147778,       -7.25594704,      -7.225763072,      -11.94094213
          0,           0,        3913,      -6.187733933,      -7.321736121,      -7.272627357,      -11.94810893
          0,           0,        3914,      -6.188335304,      -7.373107865,      -7.294495875,      -11.95818412
          0,           0,        3915,      -6.188862743,      -7.416917943,      -7.324037105,        -11.972768
          0,           0,        3916,      -6.189385147,      -7.446044744,      -7.343476088,      -11.98169847
          0,           0,        3917,      -6.189803206,       -7.46281714,       -7.35606419,      -11.98267526
          0,           0,        3918,      -6.292747752,      -7.476360587,      -7.366806853,      -11.88952283
          0,           0,        3919,      -6.177185028,       -7.11094738,       -7.13544225,      -11.91612804
          0,           0,        3920,      -6.184176673,      -7.253779981,      -7.223126262,      -11.90326688
          0,           0,        3921,      -6.187336358,      -7.335896828,      -7.286381538,      -11.90266983
          0,           0,        3922,      -6.188578926,      -7.400308329,       -7.33982647,      -11.92314204
          0,           0,        3923,      -6.314202356,      -7.458809933,      -7.376719709,      -11.87222259
          0,           0,        3924,      -6.366785072,      -7.029821495,      -7.077977256,       -11.7429968
          0,           0,        3925,      -6.149681256,      -6.948717027,      -7.009940324,       -11.8764126
          0,           0,        3926,       -6.17012299,       -6.96093583,      -6.977887367,      -11.83542219
          0,           0,        3927,      -6.179066892,      -7.042667599,      -7.045104799,      -11.83372945
          0,           0,        3928,       -6.18260327,      -7.124227028,       -7.09659257,      -11.85055273
          0,           0,        3929,      -6.184393591,       -7.20488244,      -7.144138164,      -11.87186799
          0,           0,        3930,      -6.185668064,      -7.296089639,      -7.216570564,      -11.89964353
          0,           0,        3931,      -6.343924303,      -7.376880657,       -7.27739752,      -11.71172497
          0,           0,        3932,      -6.155411712,       -6.84225559,       -6.90214121,      -11.81010372
          0,           0,        3933,      -6.338565386,      -7.012971243,      -7.010523363,      -11.81557572
          0,           0,        3934,      -6.159429036,      -7.152705866,      -7.150851804,      -11.83046463
          0,           0,        3935,      -6.173527259,      -7.096958709,      -7.089636347,      -11.79644824
          0,           0,        3936,      -6.338137399,      -7.128619563,      -7.101954278,      -11.85825597
          0,           0,        3937,      -6.158439798,      -7.002984186,      -7.021191209,       -11.9210125
          0,           0,        3938,       -6.17240838,      -7.195481128,      -7.215702742,       -11.9106413
          0,           0,        3939,      -6.341614382,      -7.249386456,      -7.221611761,      -11.88585831
          0,           0,        3940,      -6.157573749,      -7.022020713,      -7.074741388,      -11.96009301
          0,           0,        3941,      -6.172294078,      -7.206121327,      -7.247023935,      -11.94919438
          0,           0,        3942,      -6.179263267,      -7.255578295,      -7.248060473,       -11.9539567
          0,           0,        3943,      -6.182810216,      -7.305590968,      -7.299690218,      -11.98536268
          0,           0,        3944,      -6.345813595,      -7.371205091,      -7.335251694,      -11.76725105
          0,           0,        3945,      -6.149184858,      -6.822742841,      -6.892076309,      -11.92047234
          0,           0,        3946,      -6.169630873,      -7.023720487,       -7.05836293,      -11.91381282
          0,           0,        3947,      -6.179199118,      -7.118081883,      -7.105033433,      -11.90332887
          0,           0,        3948,      -6.183078322,      -7.206594527,      -7.200001223,      -11.93477576
          0,           0,        3949,      -6.185042453,      -7.289647352,      -7.244736035,      -11.97044913
          0,           0,        3950,       -6.18629698,      -7.386624363,      -7.325014191,      -12.02019127
          0,           0,        3951,      -6.187463791,      -7.480701934,      -7.396355567,      -12.05846955
          0,           0,        3952,      -6.188569504,      -7.553368934,       -7.45108725,      -12.07919993
          0,           0,        3953,      -6.189436472,      -7.609118419,      -7.487401506,      -12.10032479
          0,           0,        3954,      -6.190005149,      -7.650474287,      -7.513266522,      -12.12027828
          0,           0,        3955,      -6.190620975,      -7.688020725,      -7.544701255,      -12.14037577
          0,           0,        3956,      -6.324360554,      -7.720318803,      -7.574831651,      -11.92493603
          0,           0,        3957,      -6.170187548,       -6.99505384,      -7.062611827,      -12.04237386
          0,           0,        3958,       -6.18120378,      -7.167281107,      -7.177296391,      -12.03163401
          0,           0,        3959,      -6.336405495,      -7.268711188,      -7.246669593,      -12.03591167
          0,           0,        3960,       -6.33313698,      -7.052060195,      -7.116577575,      -11.93275591
          0,           0,        3961,      -6.153947717,      -7.136654489,      -7.204027355,      -12.01925192
          0,           0,        3962,      -6.171138329,      -7.050067002,      -7.078947323,      -11.90459575
          0,           0,        3963,      -6.178774483,      -7.109059755,      -7.123745808,      -11.88376397
          0,           0,        3964,      -6.182235394,      -7.175062638,       -7.15263171,      -11.89413368
          0,           0,        3965,      -6.184151725,      -7.244620586,      -7.188791901,      -11.90812085
          0,           0,        3966,      -6.344932513,      -7.318711645,      -7.241401993,        -11.704565
          0,           0,        3967,      -6.151471232,      -6.818541828,      -6.875673496,      -11.80919173
          0,           0,        3968,      -6.171095297,      -6.995407884,      -6.994579301,       -11.8163601
          0,           0,        3969,      -6.180035482,      -7.088917599,      -7.053049124,      -11.82467541
          0,           0,        3970,      -6.183587428,      -7.170960248,      -7.132694992,      -11.85269048
          0,           0,        3971,      -6.336230287,      -7.243664447,      -7.176216425,      -11.80187287
          0,           0,        3972,      -6.160307234,      -6.909365389,      -6.952910284,      -11.91846163
          0,           0,        3973,      -6.347830773,      -7.108982639,      -7.117350201,      -11.87223349
          0,           0,        3974,      -6.156986146,      -7.115987445,      -7.177734308,      -11.92363076
          0,           0,        3975,      -6.172431316,      -7.114488469,      -7.133685703,      -11.87718598
          0,           0,        3976,      -6.179187077,      -7.152222938,      -7.154236701,      -11.86993182
          0,           0,        3977,      -6.182506782,      -7.209766444,      -7.184970991,      -11.88493725
          0,           0,        3978,      -6.343740317,      -7.279938986,      -7.225973338,      -11.76094885
          0,           0,        3979,      -6.155079892,      -6.866120048,      -6.919530597,      -11.87664949
          0,           0,        3980,      -6.172242897,      -7.065297354,      -7.076632144,      -11.88921347
          0,           0,        3981,      -6.180389921,      -7.164276292,      -7.140536367,      -11.90104313
          0,           0,        3982,      -6.183835985,      -7.249790878,      -7.234536352,      -11.93820439
          0,           0,        3983,      -6.185637093,      -7.329773426,       -7.28463324,      -11.97714707
          0,           0,        3984,      -6.186809289,      -7.421724118,      -7.360322796,      -12.03159679
          0,           0,        3985,      -6.340107643,      -7.507150793,      -7.422455018,      -11.80498469
          0,           0,        3986,      -6.160458139,      -6.890969468,      -6.960705676,       -11.9199467
          0,           0,        3987,      -6.365231674,      -7.068247907,      -7.077755114,      -11.84979484
          0,           0,        3988,      -6.153642475,      -7.069006259,      -7.141927128,      -11.88964973
          0,           0,        3989,      -6.380662433,      -7.069372819,      -7.095788692,      -11.91390692
          0,           0,        3990,      -6.145707513,       -7.11469609,      -7.185355437,      -11.93211661
          0,           0,        3991,       -6.37576566,      -7.108856649,      -7.160230611,      -11.97611475
          0,           0,        3992,      -6.144795157,      -7.203971678,      -7.246543817,      -11.98304634
          0,           0,        3993,        -6.1640951,      -7.149875243,      -7.194475952,      -11.86854455
          0,           0,        3994,      -6.173582794,      -7.126836082,      -7.133863843,       -11.8411207
          0,           0,        3995,      -6.178561471,      -7.161940396,      -7.141679077,      -11.84727829
          0,           0,        3996,      -6.324657908,      -7.212678024,       -7.16079611,      -11.77339071
          0,           0,        3997,      -6.161246181,      -6.941168917,      -6.957567665,      -11.83607684
          0,           0,        3998,      -6.174227506,      -7.127384352,      -7.086329254,      -11.84637272
          0,           0,        3999,      -6.180881049,      -7.203096679,      -7.135089131,      -11.85429316
          0,           0,        4000,      -6.184048231,      -7.257963894,      -7.194305879,      -11.87297269
          0,           0,        4001,      -6.185739943,      -7.305089927,      -7.222827904,      -11.88850636
          0,           0,        4002,      -6.186988215,       -7.35372858,      -7.259379966,      -11.90588806
          0,           0,        4003,      -6.187989504,      -7.394202734,      -7.289840238,      -11.91875691
          0,           0,        4004,      -6.188923838,      -7.422776865,      -7.315666027,      -11.92860788
          0,           0,        4005,      -6.189637549,      -7.443760565,      -7.334588076,      -11.94064312
          0,           0,        4006,      -6.290374477,      -7.459185114,      -7.347099492,      -11.88118708
          0,           0,        4007,      -6.177426121,      -7.118741818,      -7.138686156,      -11.91994969
          0,           0,        4008,      -6.184206661,      -7.255834961,      -7.216865948,      -11.91562098
          0,           0,        4009,      -6.187278838,      -7.323434867,       -7.26425646,      -11.91284096
          0,           0,        4010,      -6.188401493,      -7.368153588,      -7.298612602,      -11.91865269
          0,           0,        4011,      -6.189025099,      -7.403432737,      -7.318123865,      -11.92692082
          0,           0,        4012,      -6.189408844,      -7.435206094,      -7.342005383,      -11.93955252
          0,           0,        4013,      -6.189830722,      -7.457679011,      -7.358274204,      -11.95440213
          0,           0,        4014,      -6.190188334,      -7.470104227,      -7.367168759,      -11.96917397
          0,           0,        4015,      -6.314106341,      -7.478453007,      -7.373727469,      -11.85602915
          0,           0,        4016,      -6.172672048,      -7.022354082,      -7.066178088,      -11.90876676
          0,           0,        4017,       -6.33858864,      -7.175741993,      -7.164112995,      -11.85094685
          0,           0,        4018,      -6.163964336,      -7.103872904,      -7.166572837,      -11.87204852
          0,           0,        4019,       -6.37195159,      -7.134882392,      -7.151525351,      -11.85212345
          0,           0,        4020,      -6.416660506,      -7.053589277,      -7.143662468,      -11.75731188
          0,           0,        4021,      -6.127693844,      -7.069522357,      -7.094272185,      -11.87042818
          0,           0,        4022,      -6.156282888,      -6.930361119,       -6.96136926,       -11.7451185
          0,           0,        4023,      -6.170049184,      -6.958648137,      -6.968522746,      -11.72519414
          0,           0,        4024,      -6.176276806,      -7.018451496,      -6.990906998,      -11.74334053
          0,           0,        4025,      -6.179712747,       -7.08122881,      -7.017074767,      -11.76095597
          0,           0,        4026,      -6.181996677,      -7.152186624,       -7.07095208,      -11.77525311
          0,           0,        4027,      -6.184078693,      -7.210067731,      -7.106778116,       -11.7832281
          0,           0,        4028,      -6.185925308,      -7.248748887,      -7.127081381,      -11.79189607
          0,           0,        4029,      -6.187388403,      -7.274002136,      -7.141498548,      -11.79945669
          0,           0,        4030,      -6.309766504,      -7.291237931,      -7.156636011,      -11.74508545
          0,           0,        4031,      -6.365204048,      -7.003101937,      -7.001922498,       -11.6520768
          0,           0,        4032,       -6.15017145,      -6.917011246,       -6.93927213,      -11.70092914
          0,           0,        4033,       -6.17005033,      -6.923477808,      -6.907598461,      -11.66698364
          0,           0,        4034,      -6.178653808,      -6.984843304,      -6.946114768,      -11.65733466
          0,           0,        4035,      -6.181938555,      -7.042749646,        -6.9752838,      -11.66057045
          0,           0,        4036,      -6.183597828,      -7.096092518,      -7.003968333,      -11.66794281
          0,           0,        4037,      -6.184764966,      -7.147301368,      -7.042956955,      -11.67956032
          0,           0,        4038,      -6.318221721,      -7.183588781,      -7.071251144,      -11.63450935
          0,           0,        4039,      -6.166676195,      -6.934209548,      -6.931348617,       -11.6730761
          0,           0,        4040,      -6.178039055,      -7.057933827,      -6.995061219,      -11.68771783
          0,           0,        4041,      -6.183257725,      -7.121522226,      -7.042401955,      -11.70080543
          0,           0,        4042,      -6.185427878,      -7.169664905,       -7.08477398,      -11.71740774
          0,           0,        4043,      -6.186547814,      -7.213341834,      -7.113103595,      -11.73553246
          0,           0,        4044,      -6.187308521,      -7.258023723,      -7.145326836,      -11.75305286
          0,           0,        4045,      -6.318668401,      -7.299943082,      -7.178260323,      -11.70068964
          0,           0,        4046,      -6.386538384,      -6.969743143,      -6.990787627,      -11.58950287
          0,           0,        4047,      -6.139071158,      -6.861447884,      -6.896975386,      -11.67016907
          0,           0,        4048,      -6.164479914,      -6.878197993,      -6.884550471,      -11.64470008
          0,           0,        4049,      -6.175744757,      -6.951566046,      -6.933979716,      -11.64630224
          0,           0,        4050,      -6.340093104,       -7.02944329,      -6.983052753,      -11.69373224
          0,           0,        4051,      -6.155214675,      -6.898960441,      -6.899487729,      -11.76419966
          0,           0,        4052,      -6.365588318,      -7.116695436,      -7.110801103,      -11.74413659
          0,           0,        4053,      -6.147726371,      -7.047084468,        -7.0728897,      -11.81323788
          0,           0,        4054,       -6.16667875,       -7.07844778,      -7.079666641,      -11.78564774
          0,           0,        4055,      -6.175701522,      -7.106754934,      -7.095985792,      -11.78163191
          0,           0,        4056,      -6.180083002,      -7.164468685,      -7.138719296,      -11.79635729
          0,           0,        4057,       -6.18272061,      -7.236138012,      -7.185431903,      -11.82933722
          0,           0,        4058,      -6.184499327,      -7.322258569,       -7.25264911,      -11.87883291
          0,           0,        4059,      -6.186217689,      -7.397766079,      -7.304499816,       -11.9285241
          0,           0,        4060,      -6.187621281,      -7.445366422,      -7.331494639,      -11.96492082
          0,           0,        4061,      -6.188714626,      -7.466599602,      -7.339065322,      -11.97198282
          0,           0,        4062,      -6.189414789,      -7.479063869,      -7.347408729,      -11.95573802
          0,           0,        4063,      -6.190035633,      -7.495292148,      -7.365307344,       -11.9444914
          0,           0,        4064,      -6.190538073,      -7.512923917,      -7.386088248,       -11.9536731
          0,           0,        4065,      -6.190831657,      -7.526247874,      -7.402437248,      -11.97917114
          0,           0,        4066,      -6.191044443,      -7.532776238,      -7.412804564,      -12.00436127
          0,           0,        4067,      -6.317726237,      -7.533183366,      -7.419252031,      -11.87638077
          0,           0,        4068,      -6.172246719,      -7.013648775,      -7.067529664,      -11.94316381
          0,           0,        4069,      -6.343668327,      -7.171014977,      -7.170156877,      -11.87678591
          0,           0,        4070,       -6.16287511,      -7.092509653,      -7.168167502,      -11.91632702
          0,           0,        4071,      -6.371774523,      -7.121513902,      -7.145434264,       -11.9088963
          0,           0,        4072,      -6.150580597,      -7.068666132,      -7.156507598,      -11.96072732
          0,           0,        4073,      -6.168985839,      -7.098482193,      -7.156501673,      -11.87111188
          0,           0,        4074,      -6.177317269,      -7.116140502,      -7.116609525,      -11.84368264
          0,           0,        4075,      -6.350786726,      -7.159858917,      -7.130610946,      -11.77995168
          0,           0,        4076,      -6.149318042,      -6.858338869,       -6.89951224,      -11.88015093
          0,           0,        4077,      -6.370642273,      -7.075579874,      -7.106338631,      -11.80881226
          0,           0,        4078,      -6.147312794,      -7.097893887,      -7.130809845,      -11.84616093
          0,           0,        4079,      -6.166519816,       -7.07386757,      -7.094199733,      -11.79286834
          0,           0,        4080,      -6.175517838,      -7.093623424,      -7.102431943,      -11.79370459
          0,           0,        4081,      -6.179993203,      -7.146377567,      -7.133275718,      -11.82683337
          0,           0,        4082,      -6.182600248,      -7.211331031,       -7.17206248,      -11.87344274
          0,           0,        4083,      -6.184496296,      -7.284237315,      -7.229967644,      -11.91635223
          0,           0,        4084,      -6.186185413,        -7.3428961,      -7.272744728,      -11.94365552
          0,           0,        4085,      -6.187627386,      -7.380185904,      -7.294953222,      -11.96043195
          0,           0,        4086,      -6.286153364,      -7.405385508,      -7.308468877,      -11.88805812
          0,           0,        4087,      -6.176980736,      -7.122255975,      -7.131557904,      -11.90887191
          0,           0,        4088,      -6.183799139,      -7.255214449,      -7.205372665,      -11.89489006
          0,           0,        4089,      -6.186971627,      -7.321428421,      -7.254424135,       -11.8918681
          0,           0,        4090,       -6.31225116,      -7.369707118,      -7.293541585,      -11.86838792
          0,           0,        4091,      -6.171251028,        -7.0535866,      -7.087428622,      -11.92869914
          0,           0,        4092,      -6.180678178,      -7.231213955,      -7.232900324,      -11.93825734
          0,           0,        4093,      -6.184995115,      -7.306373499,      -7.279292559,      -11.94700021
          0,           0,        4094,      -6.342171193,      -7.350604451,      -7.319920165,      -11.85649171
          0,           0,        4095,      -6.159943314,      -6.914427763,      -6.978680753,      -11.97256823
          0,           0,        4096,      -6.175157962,      -7.104188232,      -7.145961465,      -11.96601962
          0,           0,        4097,      -6.182031627,      -7.191409738,      -7.182639124,      -11.94992575
          0,           0,        4098,       -6.18487773,      -7.254818026,       -7.24596482,       -11.9591903
          0,           0,        4099,      -6.186379549,      -7.317757706,      -7.278294165,      -11.96565396
          0,           0,        4100,      -6.187376762,      -7.388876898,      -7.337181584,      -11.97471232
          0,           0,        4101,      -6.188317979,      -7.458535068,       -7.39282578,      -11.98247705
          0,           0,        4102,      -6.189162991,      -7.514949149,      -7.438870697,      -11.99188479
          0,           0,        4103,      -6.189837292,      -7.557512948,      -7.473792129,      -12.00838395
          0,           0,        4104,      -6.190448391,      -7.583686081,      -7.496985518,      -12.02929348
          0,           0,        4105,       -6.32659539,      -7.595505073,      -7.510062842,      -11.87186279
          0,           0,        4106,      -6.362119722,      -6.976862674,      -7.042602995,      -11.74712049
          0,           0,        4107,      -6.151163165,      -6.956295113,      -7.016438872,      -11.83925948
          0,           0,        4108,      -6.171080498,       -6.94197283,      -6.953435599,      -11.78446696
          0,           0,        4109,      -6.179490773,      -7.017971037,      -7.010930503,      -11.77506941
          0,           0,        4110,      -6.182728025,      -7.091309665,      -7.047135302,      -11.78329685
          0,           0,        4111,      -6.311651722,      -7.162843006,      -7.087097692,      -11.75837536
          0,           0,        4112,      -6.166777815,      -6.976808821,      -6.976715495,      -11.82049738
          0,           0,        4113,      -6.177406893,      -7.157628168,      -7.109738433,      -11.84229539
          0,           0,        4114,      -6.347706605,      -7.243628732,      -7.176614051,      -11.80064803
          0,           0,        4115,      -6.157262524,      -6.957431578,       -7.00744156,      -11.86811235
          0,           0,        4116,      -6.346366693,      -7.121153793,      -7.138695036,      -11.86229007
          0,           0,        4117,      -6.156143359,      -7.168045527,      -7.199289035,      -11.87634924
          0,           0,        4118,      -6.369027277,      -7.130653207,      -7.140664509,      -11.88769971
          0,           0,        4119,      -6.148219435,      -7.108138953,      -7.159158107,      -11.91055761
          0,           0,        4120,      -6.166580377,      -7.140302934,      -7.180519092,      -11.83430358
          0,           0,        4121,      -6.175372713,      -7.140610231,      -7.139075796,      -11.81550215
          0,           0,        4122,      -6.179830452,        -7.1842319,      -7.161602808,      -11.83132242
          0,           0,        4123,      -6.182459437,      -7.242874004,      -7.187006883,      -11.85748467
          0,           0,        4124,      -6.184351063,      -7.310595218,      -7.228927491,      -11.88511805
          0,           0,        4125,       -6.18599999,      -7.367270331,      -7.257392859,      -11.90494567
          0,           0,        4126,      -6.187415565,      -7.404796967,      -7.275706852,      -11.91532864
          0,           0,        4127,      -6.188529581,       -7.42891637,      -7.292428145,      -11.91735756
          0,           0,        4128,      -6.189356118,      -7.447021956,      -7.310500004,      -11.91460272
          0,           0,        4129,      -6.189951796,      -7.464335652,      -7.328853736,      -11.91375171
          0,           0,        4130,      -6.329045098,      -7.482330114,      -7.346734452,      -11.80011002
          0,           0,        4131,      -6.167823669,      -6.955713783,      -7.010203952,      -11.87197707
          0,           0,        4132,      -6.179910538,      -7.117417592,       -7.11247175,      -11.87648718
          0,           0,        4133,      -6.185087878,      -7.207982006,      -7.170572568,      -11.88260557
          0,           0,        4134,      -6.186952287,      -7.273892855,      -7.216408526,      -11.89717411
          0,           0,        4135,       -6.34378304,      -7.326409684,      -7.237147651,      -11.75471008
          0,           0,        4136,      -6.380792593,      -6.840734619,      -6.902312708,      -11.66021908
          0,           0,        4137,      -6.137582079,      -6.913924717,      -6.939952826,      -11.77159335
          0,           0,        4138,      -6.342668164,      -6.882461666,      -6.889636574,      -11.82555557
          0,           0,        4139,      -6.152569537,      -7.161934879,      -7.164838859,      -11.79465472
          0,           0,        4140,      -6.168302413,      -7.068369674,      -7.077818891,       -11.7543895
          0,           0,        4141,        -6.3388993,      -7.082779385,      -7.063459935,      -11.79976722
          0,           0,        4142,      -6.154605757,      -6.973522503,      -6.977746277,      -11.85399936
          0,           0,        4143,      -6.169403412,      -7.174197064,      -7.171081764,      -11.84722797
          0,           0,        4144,      -6.299774098,      -7.214149703,      -7.177695426,      -11.85597165
          0,           0,        4145,      -6.331419408,      -7.151822668,      -7.141714028,      -11.79343281
          0,           0,        4146,      -6.152412636,      -7.109415281,      -7.099564847,       -11.8420874
          0,           0,        4147,      -6.168982665,       -7.09064996,      -7.084507308,      -11.80606558
          0,           0,        4148,      -6.177138277,      -7.126750368,      -7.112541328,      -11.80834739
          0,           0,        4149,      -6.181132566,      -7.175463084,      -7.145138117,      -11.83630824
          0,           0,        4150,      -6.183461897,      -7.231401929,      -7.175749076,      -11.86675736
          0,           0,        4151,      -6.185094904,      -7.296281627,      -7.227101248,      -11.89049585
          0,           0,        4152,      -6.186638993,      -7.352003041,      -7.269600925,      -11.89974915
          0,           0,        4153,      -6.187936017,       -7.39378082,      -7.301427983,      -11.90133463
          0,           0,        4154,      -6.325744149,      -7.430483694,      -7.331397879,       -11.7859482
          0,           0,        4155,       -6.36307977,      -6.968512207,      -7.017762862,      -11.68700174
          0,           0,        4156,      -6.149690165,      -6.951047947,       -6.99416802,      -11.75710264
          0,           0,        4157,      -6.290934443,      -6.939645776,      -6.943284646,      -11.79520896
          0,           0,        4158,      -6.164991106,      -7.193699818,        -7.1512059,      -11.77670087
          0,           0,        4159,       -6.17502242,       -7.11401188,       -7.08584974,      -11.76106873
          0,           0,        4160,      -6.179714364,      -7.131400054,      -7.079030278,      -11.76702406
          0,           0,        4161,      -6.182372418,      -7.169164559,      -7.093551505,        -11.779845
          0,           0,        4162,      -6.184220866,      -7.211711597,       -7.12077936,      -11.79187115
          0,           0,        4163,      -6.313933801,      -7.247055387,      -7.144222225,      -11.72330247
          0,           0,        4164,      -6.167961128,      -6.971178903,      -6.973885719,      -11.76348951
          0,           0,        4165,      -6.178733159,      -7.109593301,      -7.050438604,       -11.7670774
          0,           0,        4166,       -6.32244899,      -7.183315874,      -7.110198433,      -11.77326581
          0,           0,        4167,      -6.166336751,      -7.053894992,       -7.06167191,       -11.7975222
          0,           0,        4168,       -6.34564496,      -7.184819277,      -7.164519416,      -11.79121993
          0,           0,        4169,      -6.157894472,      -7.089383839,      -7.127300511,      -11.83083276
          0,           0,        4170,      -6.352205521,      -7.124309689,      -7.128153348,       -11.8452531
          0,           0,        4171,      -6.153887084,       -7.14629997,      -7.182413845,      -11.86730302
          0,           0,        4172,      -6.169820339,      -7.139279459,      -7.160536162,      -11.82311425
          0,           0,        4173,      -6.177231166,      -7.148158326,      -7.138235769,      -11.81503818
          0,           0,        4174,      -6.181025095,      -7.186335985,      -7.152306859,      -11.82546901
          0,           0,        4175,      -6.183295098,      -7.238720317,      -7.177004071,      -11.83776636
          0,           0,        4176,      -6.184979963,      -7.297991525,      -7.215769952,      -11.84808924
          0,           0,        4177,       -6.18646671,      -7.347985336,      -7.244795186,      -11.85564694
          0,           0,        4178,      -6.187738827,      -7.383628863,       -7.26273521,      -11.86317283
          0,           0,        4179,      -6.188696019,       -7.40931158,        -7.2757205,      -11.87173529
          0,           0,        4180,      -6.189473962,      -7.428684809,       -7.28881319,      -11.88259027
          0,           0,        4181,      -6.326622287,      -7.441841503,      -7.301662461,      -11.78992218
          0,           0,        4182,      -6.168248856,      -6.961514716,      -7.005749236,       -11.8520644
          0,           0,        4183,      -6.179946936,      -7.114716746,      -7.096158487,      -11.84570512
          0,           0,        4184,      -6.184971215,      -7.196147957,      -7.144689206,      -11.83596135
          0,           0,        4185,      -6.186799085,       -7.25592539,      -7.184493614,      -11.83466654
          0,           0,        4186,      -6.187583655,      -7.306383517,      -7.208430254,      -11.83668954
          0,           0,        4187,      -6.188132394,      -7.352588882,      -7.243206478,      -11.84833514
          0,           0,        4188,      -6.188630516,      -7.385675236,      -7.271122867,      -11.86607827
          0,           0,        4189,      -6.315033035,      -7.405135537,      -7.290521385,        -11.788905
          0,           0,        4190,      -6.171200271,      -7.003950319,      -7.034956535,      -11.84435971
          0,           0,        4191,      -6.181134794,      -7.149792287,      -7.119565609,      -11.84608872
          0,           0,        4192,      -6.185539428,      -7.232132791,      -7.176505501,      -11.84478212
          0,           0,        4193,       -6.18724253,      -7.296031911,      -7.225718585,      -11.85590812
          0,           0,        4194,      -6.187981659,      -7.355267673,      -7.259839027,       -11.8775637
          0,           0,        4195,      -6.188584293,      -7.415700289,      -7.305519728,      -11.90832191
          0,           0,        4196,      -6.189175186,       -7.46719017,      -7.348265898,      -11.93581806
          0,           0,        4197,      -6.189760215,      -7.503278353,      -7.382183514,       -11.9531758
          0,           0,        4198,      -6.190253542,       -7.52954493,      -7.406554574,      -11.96187002
          0,           0,        4199,      -6.190640038,      -7.556037643,      -7.431642346,      -11.96991099
          0,           0,        4200,      -6.190882498,       -7.58913735,      -7.464995101,      -11.99027603
          0,           0,        4201,      -6.191155002,      -7.622914087,      -7.500160532,      -12.03033848
          0,           0,        4202,      -6.191314022,      -7.646444929,      -7.525767013,      -12.08277887
          0,           0,        4203,      -6.191433329,      -7.658294464,        -7.5396376,      -12.12392506
          0,           0,        4204,      -6.191526189,       -7.66838564,      -7.551039097,      -12.13413929
          0,           0,        4205,      -6.191602152,      -7.688309874,      -7.572404004,      -12.12583377
          0,           0,        4206,      -6.285581935,      -7.724566588,      -7.612465822,      -12.00906876
          0,           0,        4207,      -6.179734627,      -7.180779904,      -7.237181855,      -12.08736152
          0,           0,        4208,      -6.185729165,      -7.351287508,       -7.36039379,      -12.11774193
          0,           0,        4209,      -6.188400684,      -7.460119426,      -7.449241893,       -12.1571889
          0,           0,        4210,      -6.325842131,      -7.544635542,      -7.513858175,      -12.02574971
          0,           0,        4211,      -6.168631398,      -7.015195414,      -7.082485079,      -12.19806979
          0,           0,        4212,      -6.179814586,      -7.217783461,      -7.267657636,      -12.16626695
          0,           0,        4213,      -6.184859177,      -7.326343229,      -7.338546067,        -12.136485
          0,           0,        4214,      -6.186910339,       -7.41085504,      -7.422537267,      -12.16305472
          0,           0,        4215,       -6.18791125,      -7.495008101,      -7.463810052,      -12.19875594
          0,           0,        4216,      -6.188523986,      -7.587173001,      -7.534400831,      -12.24302873
          0,           0,        4217,      -6.334241564,      -7.668534345,      -7.585813634,      -11.88251038
          0,           0,        4218,      -6.165042296,      -6.937109247,      -7.006742434,      -12.01008795
          0,           0,        4219,      -6.178485217,      -7.114368216,      -7.125668134,      -12.00376558
          0,           0,        4220,      -6.184366894,      -7.222166099,      -7.205972045,      -12.00513986
          0,           0,        4221,      -6.186602261,      -7.310649455,      -7.285777061,      -12.03513702
          0,           0,        4222,      -6.187636713,      -7.393764471,      -7.333622123,      -12.07156222
          0,           0,        4223,       -6.18825214,      -7.485233287,      -7.404996113,      -12.11626564
          0,           0,        4224,      -6.317081453,      -7.570510734,       -7.47173185,      -11.91269312
          0,           0,        4225,       -6.17053348,      -7.017399164,      -7.073261764,      -12.02423196
          0,           0,        4226,      -6.368379045,      -7.192908238,      -7.187626215,      -11.84018918
          0,           0,        4227,      -6.150627882,      -6.964426525,      -7.056481463,      -11.94145421
          0,           0,        4228,      -6.368099374,      -7.038038922,      -7.081676725,      -11.97180943
          0,           0,        4229,      -6.151114071,      -7.201270375,      -7.281038462,      -11.94774323
          0,           0,        4230,      -6.168585474,      -7.111104633,      -7.155814888,      -11.85098288
          0,           0,        4231,      -6.176452281,      -7.117514586,      -7.114870267,      -11.83506101
          0,           0,        4232,      -6.180438247,      -7.163691516,      -7.125767323,      -11.84768401
          0,           0,        4233,      -6.182822002,      -7.225104915,      -7.157432666,      -11.86533934
          0,           0,        4234,      -6.184612469,      -7.289788103,      -7.199897811,      -11.88346258
          0,           0,        4235,      -6.186213729,       -7.33919059,      -7.225160676,      -11.89728371
          0,           0,        4236,      -6.321763976,      -7.373373129,      -7.241410764,      -11.78282355
          0,           0,        4237,       -6.38920093,      -6.973114102,      -6.996757702,      -11.62714787
          0,           0,        4238,      -6.138995633,       -6.86990118,      -6.898766189,      -11.70400716
          0,           0,        4239,      -6.164358468,      -6.879377573,      -6.878375533,      -11.66243833
          0,           0,        4240,      -6.175658315,      -6.942833268,      -6.915661071,      -11.65746745
          0,           0,        4241,       -6.18002833,      -7.011895006,      -6.953934459,      -11.67470865
          0,           0,        4242,      -6.182302481,      -7.078522292,      -6.988251576,      -11.69531082
          0,           0,        4243,      -6.183804679,       -7.15092282,      -7.044860506,      -11.71792158
          0,           0,        4244,      -6.185326871,      -7.210720319,      -7.091666655,      -11.73712329
          0,           0,        4245,       -6.18675555,      -7.252977277,      -7.123470343,      -11.75810898
          0,           0,        4246,      -6.187865523,      -7.285395007,      -7.146025861,      -11.77809616
          0,           0,        4247,      -6.188803009,      -7.316077088,      -7.171856809,      -11.79188675
          0,           0,        4248,      -6.189362293,      -7.347259569,      -7.202766301,      -11.80534635
          0,           0,        4249,      -6.280108549,      -7.373495063,      -7.229433498,      -11.79264337
          0,           0,        4250,        -6.1788192,      -7.137153371,      -7.117895024,      -11.82765984
          0,           0,        4251,      -6.184753583,      -7.254200241,      -7.176749753,      -11.83909713
          0,           0,        4252,      -6.334575701,      -7.313303705,      -7.215404848,       -11.8082249
          0,           0,        4253,      -6.165013965,      -6.991974688,      -7.034477081,      -11.86068686
          0,           0,        4254,      -6.177653305,      -7.147121046,      -7.149159522,      -11.84885248
          0,           0,        4255,      -6.348962947,      -7.217198816,      -7.175867974,      -11.83491416
          0,           0,        4256,      -6.157353468,      -6.974969238,      -7.031288744,      -11.88701429
          0,           0,        4257,       -6.17299618,      -7.144979414,      -7.185542971,      -11.85955445
          0,           0,        4258,      -6.179907113,      -7.201661343,      -7.182635118,      -11.85222784
          0,           0,        4259,      -6.183119998,      -7.250266465,      -7.220836959,      -11.87039807
          0,           0,        4260,      -6.184966095,      -7.304396678,      -7.242045633,      -11.89141584
          0,           0,        4261,      -6.186153961,      -7.362073028,      -7.277048293,      -11.90738544
          0,           0,        4262,      -6.187381593,      -7.409359689,       -7.30114505,      -11.91172659
          0,           0,        4263,      -6.188412893,      -7.439304615,      -7.316357687,      -11.91018848
          0,           0,        4264,      -6.189186999,      -7.457073248,      -7.328945637,      -11.91245918
          0,           0,        4265,      -6.189798237,      -7.466973386,      -7.340361359,      -11.92240011
          0,           0,        4266,      -6.312897199,      -7.472211262,      -7.349399888,      -11.84154672
          0,           0,        4267,       -6.17265326,      -7.026251162,      -7.065713055,      -11.89874399
          0,           0,        4268,      -6.181996219,      -7.173594206,      -7.152298893,      -11.89023405
          0,           0,        4269,      -6.186156379,      -7.250025578,      -7.200580001,      -11.87924393
          0,           0,        4270,      -6.187549524,      -7.306536496,      -7.239045207,      -11.88038192
          0,           0,        4271,       -6.18833983,      -7.355276472,      -7.263000807,      -11.88875659
          0,           0,        4272,      -6.305246529,      -7.400946057,      -7.295536415,      -11.82453493
          0,           0,        4273,       -6.17280382,      -7.043518509,      -7.070356854,      -11.88270744
          0,           0,        4274,      -6.181659069,      -7.202373517,      -7.170729448,       -11.8884977
          0,           0,        4275,      -6.185787393,      -7.289914668,      -7.240467856,      -11.89559638
          0,           0,        4276,      -6.187491417,      -7.359728385,      -7.302928466,      -11.91824781
          0,           0,        4277,      -6.188294426,      -7.422319859,      -7.344656871,      -11.95434464
          0,           0,        4278,      -6.188898818,      -7.483936853,      -7.390478949,      -12.00344225
          0,           0,        4279,      -6.189388655,       -7.53111902,      -7.421856545,      -12.04031369
          0,           0,        4280,      -6.190044348,      -7.561795701,      -7.444537027,      -12.04932351
          0,           0,        4281,      -6.190411751,      -7.585772086,      -7.464355342,      -12.04232635
          0,           0,        4282,      -6.190855386,      -7.612796487,      -7.490397216,      -12.03632943
          0,           0,        4283,      -6.191111546,      -7.651225027,      -7.529719961,      -12.04398015
          0,           0,        4284,      -6.191300544,      -7.698457334,      -7.575994565,      -12.07098097
          0,           0,        4285,      -6.191439436,      -7.740913441,      -7.613707928,      -12.11565838
          0,           0,        4286,      -6.191427112,      -7.764282394,       -7.63182776,       -12.1690659
          0,           0,        4287,      -6.191515479,      -7.766817532,      -7.633383685,      -12.21416364
          0,           0,        4288,      -6.321978628,      -7.761214876,      -7.631008652,      -11.95080286
          0,           0,        4289,      -6.171451853,       -7.00717929,      -7.076441242,      -12.06419823
          0,           0,        4290,       -6.18199422,      -7.180212409,       -7.19831969,      -12.04320575
          0,           0,        4291,      -6.186454336,      -7.290969763,      -7.282107886,      -12.03150585
          0,           0,        4292,      -6.188027802,      -7.382845708,      -7.357627974,      -12.05161223
          0,           0,        4293,       -6.18868407,      -7.467415609,      -7.403680739,      -12.08448902
          0,           0,        4294,      -6.300818767,      -7.553926928,      -7.468201551,      -11.96761665
          0,           0,        4295,      -6.174218298,      -7.086554059,      -7.132774981,      -12.09073589
          0,           0,        4296,      -6.182501978,       -7.26798152,      -7.257038909,      -12.11221908
          0,           0,        4297,      -6.186396825,      -7.373670186,      -7.347509099,      -12.12386574
          0,           0,        4298,      -6.188016551,      -7.461977728,      -7.431705062,      -12.14501322
          0,           0,        4299,      -6.188799933,      -7.547202875,      -7.491956761,      -12.16924241
          0,           0,        4300,      -6.189344341,      -7.645635879,      -7.575851657,      -12.21697054
          0,           0,        4301,      -6.189893195,      -7.740314554,       -7.65269496,      -12.26786632
          0,           0,        4302,      -6.190307462,      -7.815456244,      -7.718520885,      -12.31202317
          0,           0,        4303,      -6.190847138,      -7.863912262,      -7.752808396,      -12.35431355
          0,           0,        4304,      -6.191154256,      -7.883952042,      -7.758445999,      -12.38329434
          0,           0,        4305,      -6.191295748,      -7.895243331,      -7.763958406,       -12.3947116
          0,           0,        4306,      -6.315603547,      -7.905718255,      -7.775396701,      -12.01389626
          0,           0,        4307,      -6.173285262,      -7.043438663,      -7.115317082,      -12.14875015
          0,           0,        4308,      -6.182768804,      -7.219012788,      -7.238853003,      -12.12390424
          0,           0,        4309,      -6.186854599,      -7.327300067,      -7.319813849,      -12.10658333
          0,           0,        4310,      -6.188266754,      -7.414664291,      -7.387565124,      -12.11643111
          0,           0,        4311,       -6.18892559,      -7.493916221,      -7.426556114,      -12.13051276
          0,           0,        4312,      -6.327989434,      -7.574019421,      -7.484242039,      -11.89960743
          0,           0,        4313,      -6.167273683,      -6.967064025,      -7.030141555,      -12.04082232
          0,           0,        4314,      -6.312670528,      -7.150812991,      -7.160826585,      -12.02074548
          0,           0,        4315,      -6.167903183,      -7.264055242,      -7.313689307,      -12.05438634
          0,           0,        4316,      -6.178386301,      -7.220699067,      -7.238151553,        -11.997247
          0,           0,        4317,      -6.182955998,      -7.260778151,      -7.261952742,      -11.99367111
          0,           0,        4318,      -6.185155308,      -7.321455631,      -7.288275637,      -12.01862574
          0,           0,        4319,      -6.345463488,      -7.400122356,      -7.336890633,      -11.78586007
          0,           0,        4320,      -6.153324974,      -6.842292058,      -6.910937712,      -11.94658822
          0,           0,        4321,      -6.172114294,      -7.038585935,      -7.068405733,      -11.95988367
          0,           0,        4322,       -6.18066298,      -7.144916942,      -7.136117483,      -11.97096808
          0,           0,        4323,      -6.184160017,      -7.241168699,      -7.239745035,      -12.01950878
          0,           0,        4324,      -6.185877379,      -7.332397694,      -7.295453156,      -12.06858518
          0,           0,        4325,       -6.18697997,      -7.439567763,      -7.386156489,      -12.13894414
          0,           0,        4326,      -6.187971093,      -7.545990159,      -7.469176924,      -12.19150867
          0,           0,        4327,      -6.188998627,      -7.631559367,      -7.542127586,      -12.21697474
          0,           0,        4328,      -6.189714552,      -7.694684993,      -7.590869731,      -12.24366924
          0,           0,        4329,      -6.327232095,      -7.736285722,      -7.617722899,      -11.93024056
          0,           0,        4330,       -6.16890392,      -6.981619705,      -7.049862711,      -12.03929975
          0,           0,        4331,      -6.180497532,      -7.156228353,      -7.167975035,       -12.0172359
          0,           0,        4332,      -6.185541907,      -7.258603209,      -7.238463169,      -12.00775159
          0,           0,        4333,       -6.18737986,      -7.337882636,      -7.298143109,      -12.02667169
          0,           0,        4334,      -6.188153801,      -7.409745622,      -7.331411838,       -12.0456298
          0,           0,        4335,      -6.188746591,      -7.484489319,      -7.387316409,      -12.06879588
          0,           0,        4336,      -6.189298578,       -7.54533188,      -7.434221139,      -12.08901491
          0,           0,        4337,       -6.18996999,      -7.582266007,      -7.463970971,      -12.10896234
          0,           0,        4338,       -6.31998329,      -7.605754022,       -7.48138764,       -11.9088615
          0,           0,        4339,      -6.171114671,      -7.009274827,      -7.064344502,      -11.99715761
          0,           0,        4340,       -6.18150032,      -7.175879643,      -7.173755258,       -11.9905514
          0,           0,        4341,      -6.348833595,      -7.275787141,       -7.24633113,      -11.94905417
          0,           0,        4342,      -6.159583187,      -6.971872523,      -7.050676831,      -12.04947931
          0,           0,        4343,       -6.17495799,      -7.145547203,      -7.212379117,      -11.98635348
          0,           0,        4344,      -6.181537769,      -7.217446496,      -7.213228716,      -11.95608283
          0,           0,        4345,       -6.18439337,       -7.27782136,      -7.255673956,      -11.96341999
          0,           0,        4346,      -6.185900988,      -7.345308823,       -7.28331265,      -11.97970919
          0,           0,        4347,      -6.186977627,      -7.416247338,      -7.331276631,      -12.00205824
          0,           0,        4348,      -6.332689174,      -7.473959932,       -7.36560106,      -11.81186688
          0,           0,        4349,      -6.164435377,      -6.932944461,      -6.984949009,      -11.90095262
          0,           0,        4350,      -6.177808103,      -7.102142587,      -7.089456038,      -11.90382545
          0,           0,        4351,      -6.183773212,      -7.200294648,      -7.160764141,      -11.90992702
          0,           0,        4352,      -6.331218987,      -7.278655236,      -7.230149497,      -11.90726929
          0,           0,        4353,      -6.164213886,      -6.982430155,      -7.023781547,      -12.00549331
          0,           0,        4354,      -6.176732946,      -7.190428887,      -7.220332308,      -12.00576061
          0,           0,        4355,      -6.182667796,      -7.281440331,      -7.261310031,      -11.99405544
          0,           0,        4356,      -6.185300068,      -7.348648151,      -7.333349979,      -12.01336939
          0,           0,        4357,      -6.186695244,      -7.416846967,      -7.366570298,       -12.0360407
          0,           0,        4358,      -6.187669265,      -7.489401496,      -7.418346301,      -12.06161863
          0,           0,        4359,      -6.188523295,      -7.555155722,      -7.457321829,      -12.08139064
          0,           0,        4360,      -6.189390727,      -7.602459948,      -7.485250744,      -12.09297912
          0,           0,        4361,      -6.189907352,      -7.636706728,      -7.510250099,      -12.10500472
          0,           0,        4362,      -6.190553265,        -7.6597639,      -7.532226464,      -12.11910712
          0,           0,        4363,      -6.190770894,      -7.677375389,      -7.551244814,       -12.1342628
          0,           0,        4364,      -6.191155843,      -7.693898054,      -7.566348392,      -12.14918969
          0,           0,        4365,       -6.32411258,      -7.709895527,       -7.57964503,      -11.92366736
          0,           0,        4366,       -6.33207756,       -6.99572176,      -7.064347192,      -11.82088247
          0,           0,        4367,      -6.336018151,      -7.024209287,      -7.088985483,      -11.81802236
          0,           0,        4368,       -6.15149062,      -7.094079931,      -7.113755911,       -11.8296169
          0,           0,        4369,      -6.169843407,      -6.960348013,      -6.970308965,      -11.75978018
          0,           0,        4370,      -6.325781869,      -7.015589213,       -7.00871985,      -11.85898615
          0,           0,        4371,      -6.160214518,      -7.020042812,      -6.997681154,      -11.88023236
          0,           0,        4372,      -6.290584415,      -7.197864912,      -7.190961723,      -11.89190506
          0,           0,        4373,      -6.164206374,      -7.271032306,      -7.205894157,      -11.90692799
          0,           0,        4374,      -6.174628192,      -7.245519786,      -7.203434505,       -11.8922247
          0,           0,        4375,      -6.180043134,      -7.255799087,      -7.219834345,      -11.90029316
          0,           0,        4376,      -6.348301003,      -7.288312829,      -7.236963923,      -11.75009714
          0,           0,        4377,      -6.148586856,       -6.83428227,      -6.890603193,       -11.8515891
          0,           0,        4378,      -6.168696365,      -7.031695647,      -7.053717317,      -11.83537604
          0,           0,        4379,      -6.178273112,      -7.106036052,      -7.077366132,      -11.82322227
          0,           0,        4380,      -6.182236068,      -7.171992064,      -7.145141639,      -11.84277519
          0,           0,        4381,      -6.345794149,      -7.232041674,      -7.171840466,       -11.7356245
          0,           0,        4382,      -6.150450922,      -6.828007346,      -6.883479258,      -11.85512116
          0,           0,        4383,      -6.169827065,      -7.027818966,      -7.050084318,      -11.85855247
          0,           0,        4384,        -6.1791633,      -7.115858842,      -7.092364863,      -11.85235627
          0,           0,        4385,      -6.182946167,       -7.19471998,      -7.175948823,      -11.87434187
          0,           0,        4386,      -6.184893973,      -7.264025221,      -7.211783747,       -11.8897116
          0,           0,        4387,      -6.186148188,      -7.340228281,      -7.273684587,      -11.90761141
          0,           0,        4388,       -6.18730077,      -7.408847887,       -7.32560661,      -11.92052429
          0,           0,        4389,       -6.18839235,      -7.457106614,      -7.364486967,      -11.93092711
          0,           0,        4390,      -6.284266805,      -7.492155545,      -7.390848661,      -11.88041663
          0,           0,        4391,      -6.177785344,      -7.148493987,      -7.167390897,      -11.93110913
          0,           0,        4392,      -6.184227628,      -7.287862356,      -7.242879108,      -11.94822438
          0,           0,        4393,      -6.187225918,        -7.3564424,      -7.289315625,      -11.96286164
          0,           0,        4394,      -6.328868325,      -7.402971565,       -7.32173639,      -11.89220245
          0,           0,        4395,       -6.16666045,      -6.983677004,      -7.034368252,      -11.97254084
          0,           0,        4396,      -6.178620479,      -7.171389231,      -7.187162043,      -11.95299392
          0,           0,        4397,      -6.184073273,      -7.267737765,      -7.244216391,      -11.93816841
          0,           0,        4398,      -6.186301024,      -7.343349634,      -7.313979492,      -11.95548961
          0,           0,        4399,      -6.187410735,       -7.41666071,      -7.353666468,      -11.98740427
          0,           0,        4400,      -6.188183766,      -7.490896829,      -7.409462508,      -12.03311681
          0,           0,        4401,      -6.188938589,      -7.549936128,      -7.448754232,        -12.073123
          0,           0,        4402,      -6.189653532,      -7.585047218,      -7.472263608,      -12.09049693
          0,           0,        4403,      -6.190234314,      -7.607563682,      -7.488569823,      -12.08895435
          0,           0,        4404,       -6.19060031,      -7.625331883,      -7.504571732,      -12.08158458
          0,           0,        4405,      -6.190956068,      -7.643389451,      -7.524153076,      -12.08395919
          0,           0,        4406,      -6.191174323,      -7.659127659,      -7.542599303,      -12.10381941
          0,           0,        4407,      -6.191381495,       -7.66788161,      -7.555274895,      -12.13608114
          0,           0,        4408,      -6.191497413,      -7.671098037,      -7.563284445,      -12.16577319
          0,           0,        4409,      -6.191581574,      -7.674484167,      -7.570232616,      -12.17904841
          0,           0,        4410,      -6.191643275,      -7.683618789,      -7.579751725,      -12.17707482
          0,           0,        4411,      -6.324632249,       -7.70147075,      -7.594635684,      -11.92299542
          0,           0,        4412,      -6.170701555,      -6.993123664,      -7.063084841,      -12.03228356
          0,           0,        4413,      -6.181609849,      -7.166249021,      -7.184787885,      -12.02718592
          0,           0,        4414,      -6.186244032,      -7.275601295,      -7.264849299,        -12.027092
          0,           0,        4415,      -6.187868485,      -7.362894397,      -7.332940637,      -12.04701119
          0,           0,        4416,      -6.188545262,      -7.439859155,      -7.371001561,      -12.06427221
          0,           0,        4417,      -6.188866378,       -7.51792189,      -7.428263634,      -12.08611866
          0,           0,        4418,      -6.189407626,      -7.583012531,      -7.474790298,      -12.10489541
          0,           0,        4419,      -6.190084324,      -7.625447944,      -7.505316797,      -12.12517362
          0,           0,        4420,      -6.280608015,       -7.65058481,      -7.520121028,      -12.01784452
          0,           0,        4421,      -6.179643187,      -7.189897468,      -7.220406136,      -12.07689975
          0,           0,        4422,      -6.185433258,      -7.342212027,      -7.312483691,      -12.06948957
          0,           0,        4423,      -6.301116624,      -7.427047257,      -7.376066783,       -12.0523053
          0,           0,        4424,      -6.174357681,      -7.177622596,      -7.220128394,      -12.10020189
          0,           0,        4425,      -6.182209063,      -7.336466672,      -7.353478155,      -12.07304029
          0,           0,        4426,      -6.185743013,      -7.400352314,       -7.37763557,      -12.06597282
          0,           0,        4427,      -6.187370369,      -7.451834709,      -7.409182714,      -12.08115324
          0,           0,        4428,      -6.336341049,      -7.509040221,      -7.432046326,      -11.87229843
          0,           0,        4429,       -6.39245332,      -6.927031706,      -6.991217183,      -11.68602978
          0,           0,        4430,      -6.137731036,      -6.901586768,      -6.943373512,      -11.82476842
          0,           0,        4431,       -6.16370666,       -6.89466589,      -6.911126544,      -11.76120906
          0,           0,        4432,      -6.175382361,      -6.968170258,       -6.97071553,      -11.75939356
          0,           0,        4433,      -6.180146565,      -7.052546576,      -7.025268574,      -11.79125357
          0,           0,        4434,      -6.182603328,      -7.136610101,      -7.072778986,      -11.83258401
          0,           0,        4435,      -6.184226962,      -7.233995883,      -7.150934442,       -11.8769905
          0,           0,        4436,      -6.185845109,      -7.320227182,      -7.215592243,      -11.90364215
          0,           0,        4437,       -6.18732889,      -7.381787885,      -7.258083578,      -11.92741684
          0,           0,        4438,      -6.319062352,      -7.420991811,      -7.280052201,      -11.81798904
          0,           0,        4439,      -6.169566113,      -6.993765415,       -7.02019695,      -11.86514243
          0,           0,        4440,      -6.337286574,       -7.14710194,      -7.108846988,      -11.82496248
          0,           0,        4441,      -6.162947195,      -7.108002923,      -7.132006465,      -11.84299248
          0,           0,        4442,        -6.1760045,      -7.119008099,      -7.101422672,      -11.81121602
          0,           0,        4443,      -6.181511132,       -7.15378502,      -7.109402871,      -11.80765115
          0,           0,        4444,      -6.184042326,      -7.200055158,      -7.128137452,      -11.81722702
          0,           0,        4445,      -6.185466937,      -7.254695037,      -7.159947422,      -11.83121876
          0,           0,        4446,      -6.186575803,      -7.309145153,      -7.201327302,      -11.84755908
          0,           0,        4447,       -6.18764719,      -7.350184303,      -7.232170982,      -11.86330483
          0,           0,        4448,      -6.188608348,      -7.380342147,      -7.254077454,      -11.87841046
          0,           0,        4449,      -6.189380328,      -7.407279909,      -7.275286922,      -11.89190116
          0,           0,        4450,      -6.189958704,      -7.433769476,      -7.299885315,      -11.90565503
          0,           0,        4451,      -6.190375988,      -7.457631278,      -7.323624768,       -11.9227321
          0,           0,        4452,      -6.190676902,      -7.477163077,      -7.341842243,      -11.94095007
          0,           0,        4453,      -6.190897528,      -7.495647623,      -7.357441864,      -11.95541408
          0,           0,        4454,      -6.191059941,      -7.516517287,      -7.376169209,      -11.96544627
          0,           0,        4455,       -6.19118044,         -7.538874,      -7.399590956,      -11.97444964
          0,           0,        4456,      -6.322337584,      -7.560515242,      -7.424670031,      -11.84914546
          0,           0,        4457,      -6.170893057,       -6.99474888,       -7.05158056,      -11.92592752
          0,           0,        4458,       -6.18153036,      -7.161080328,      -7.162015636,      -11.92886455
          0,           0,        4459,       -6.18607644,      -7.264014865,      -7.232985349,      -11.93557884
          0,           0,        4460,      -6.187687886,      -7.344632626,      -7.292390213,      -11.95872905
          0,           0,        4461,      -6.188365797,      -7.412672145,      -7.326548899,       -11.9830196
          0,           0,        4462,      -6.188836116,      -7.476968844,      -7.372903373,      -12.00709877
          0,           0,        4463,      -6.189377367,       -7.52773149,      -7.408041411,      -12.01920578
          0,           0,        4464,      -6.189934392,      -7.562688984,      -7.432367885,      -12.02245592
          0,           0,        4465,      -6.291405361,       -7.58847702,       -7.45001736,      -11.92412546
          0,           0,        4466,      -6.177484076,      -7.133168247,      -7.164140125,       -11.9716957
          0,           0,        4467,      -6.341272481,      -7.285886587,      -7.257038453,      -11.88403716
          0,           0,        4468,      -6.405161985,      -7.062708053,        -7.1352345,      -11.72595828
          0,           0,        4469,        -6.1354945,      -6.968837553,      -7.012653338,      -11.83238995
          0,           0,        4470,      -6.162002172,      -6.911834369,      -6.938775198,      -11.73572949
          0,           0,        4471,      -6.173962736,      -6.959277845,      -6.955865671,      -11.71165061
          0,           0,        4472,      -6.178928734,      -7.026999982,      -6.988202108,      -11.72296984
          0,           0,        4473,      -6.344693204,      -7.095901463,      -7.020718568,      -11.67026312
          0,           0,        4474,      -6.150929797,      -6.830278029,      -6.853342437,      -11.76353985
          0,           0,        4475,      -6.169122521,      -7.030379675,      -7.008559607,       -11.7906641
          0,           0,        4476,      -6.178250664,      -7.115500536,      -7.056402773,      -11.80883837
          0,           0,        4477,      -6.182295264,      -7.191362518,      -7.138070129,      -11.83771714
          0,           0,        4478,      -6.184510303,      -7.258954384,      -7.183933637,      -11.85925825
          0,           0,        4479,       -6.18592547,      -7.335678798,      -7.247905336,      -11.89305753
          0,           0,        4480,      -6.187217207,      -7.405782395,      -7.299950911,      -11.92896315
          0,           0,        4481,      -6.188356685,      -7.455872818,      -7.340880182,      -11.95485476
          0,           0,        4482,      -6.189255375,      -7.489644512,      -7.370286767,      -11.97353882
          0,           0,        4483,      -6.189911388,      -7.508525291,      -7.386497575,      -11.98356329
          0,           0,        4484,      -6.190377694,      -7.521895462,      -7.398844719,      -11.98621739
          0,           0,        4485,      -6.285370724,      -7.534930738,      -7.409682178,      -11.91958085
          0,           0,        4486,      -6.178836499,      -7.154937875,      -7.179185409,      -11.95954768
          0,           0,        4487,      -6.185001077,      -7.296691807,      -7.257374501,      -11.95880855
          0,           0,        4488,       -6.18778315,       -7.36543876,      -7.300404206,      -11.96064212
          0,           0,        4489,      -6.188717237,      -7.407410012,      -7.327272352,      -11.96769033
          0,           0,        4490,      -6.189330381,      -7.436196913,      -7.339789993,      -11.97257053
          0,           0,        4491,      -6.189657219,      -7.460169453,      -7.357230413,      -11.97735886
          0,           0,        4492,      -6.190028589,      -7.477228736,      -7.370931411,      -11.98042509
          0,           0,        4493,      -6.190404846,      -7.489572787,      -7.382649346,      -11.98390965
          0,           0,        4494,      -6.190656658,      -7.500967259,      -7.393481844,      -11.98865554
          0,           0,        4495,      -6.190962935,      -7.513416336,      -7.405371191,      -11.99088196
          0,           0,        4496,      -6.287567211,      -7.529108143,      -7.421013926,      -11.91411695
          0,           0,        4497,      -6.178790945,      -7.145140634,      -7.177839242,      -11.94481447
          0,           0,        4498,       -6.18511642,      -7.291747872,      -7.271528198,      -11.93573664
          0,           0,        4499,      -6.187940063,      -7.377614109,      -7.338109036,      -11.93844355
          0,           0,        4500,      -6.189025386,      -7.446405742,      -7.394483635,      -11.96338358
          0,           0,        4501,      -6.189384834,      -7.507653859,      -7.433599419,      -12.00633811
          0,           0,        4502,      -6.189718385,      -7.562185453,      -7.475686425,      -12.06383465
          0,           0,        4503,      -6.190240789,      -7.597671557,      -7.499908134,      -12.11373159
          0,           0,        4504,      -6.291345553,      -7.616216842,        -7.5105774,      -11.98487064
          0,           0,        4505,      -6.177713947,      -7.136168932,      -7.177191346,      -12.04514266
          0,           0,        4506,      -6.184554166,      -7.294201669,      -7.276732733,      -12.03469871
          0,           0,        4507,      -6.187652869,      -7.391978316,      -7.354399694,      -12.03690344
          0,           0,        4508,      -6.188873102,      -7.474600911,      -7.424982353,       -12.0651989
          0,           0,        4509,      -6.189414441,      -7.556531211,      -7.477814008,      -12.10813994
          0,           0,        4510,      -6.296004304,      -7.645724449,      -7.547568619,       -11.9974667
          0,           0,        4511,      -6.175914147,       -7.11934618,      -7.171816345,      -12.12428677
          0,           0,        4512,      -6.183485374,      -7.303472985,      -7.302428515,       -12.1545848
          0,           0,        4513,      -6.187009579,      -7.414237656,      -7.400548802,      -12.17914173
          0,           0,        4514,      -6.188447243,      -7.507334603,      -7.489561178,      -12.21282006
          0,           0,        4515,      -6.189120232,      -7.596814249,       -7.54872254,      -12.23845252
          0,           0,        4516,      -6.189592137,      -7.698965207,      -7.632755267,      -12.27603631
          0,           0,        4517,      -6.190081998,      -7.796365539,      -7.711103026,      -12.31209663
          0,           0,        4518,      -6.323804983,      -7.872625707,      -7.782140928,       -11.9512192
          0,           0,        4519,      -6.170089093,      -7.000892946,      -7.072618609,      -12.08987414
          0,           0,        4520,      -6.181099628,      -7.177452246,      -7.194264476,      -12.08534569
          0,           0,        4521,      -6.352775814,      -7.287981954,      -7.278668167,      -12.00349961
          0,           0,        4522,      -6.387010026,      -6.956370347,      -7.046185651,      -11.82174251
          0,           0,        4523,      -6.138865275,      -7.026927608,      -7.081002508,      -11.97422354
          0,           0,        4524,      -6.163369923,      -6.947266923,      -6.979525078,      -11.82400849
          0,           0,        4525,      -6.174643063,      -6.999866092,      -7.011312644,      -11.79806598
          0,           0,        4526,      -6.179477352,      -7.071037599,      -7.045275849,      -11.81494987
          0,           0,        4527,      -6.182066504,      -7.143872977,      -7.080821781,      -11.83689041
          0,           0,        4528,      -6.183830838,      -7.224802026,      -7.142238716,      -11.86010443
          0,           0,        4529,      -6.185526856,      -7.289002527,      -7.183062834,      -11.87255815
          0,           0,        4530,      -6.343590686,      -7.330583475,      -7.206011104,      -11.67669152
          0,           0,        4531,      -6.152001577,      -6.809703693,      -6.862070252,      -11.74910919
          0,           0,        4532,       -6.17178014,      -6.968945634,      -6.959565927,      -11.73893975
          0,           0,        4533,       -6.35138044,      -7.053939337,      -7.005447585,      -11.77932389
          0,           0,        4534,      -6.156178118,      -6.983715144,      -7.002114553,      -11.80279018
          0,           0,        4535,       -6.17185352,      -7.115656354,      -7.112339228,       -11.7794175
          0,           0,        4536,      -6.178768888,      -7.145046253,      -7.091605408,      -11.77053433
          0,           0,        4537,      -6.182143556,       -7.18069741,      -7.115401371,       -11.7764388
          0,           0,        4538,      -6.184116752,      -7.226538063,      -7.139707074,      -11.78809163
          0,           0,        4539,       -6.18553176,      -7.273287915,      -7.172131056,      -11.80402476
          0,           0,        4540,      -6.186797364,      -7.312258706,      -7.196571734,      -11.81958665
          0,           0,        4541,      -6.187919043,      -7.343083792,      -7.216644794,      -11.83217947
          0,           0,        4542,      -6.188819437,      -7.369680381,      -7.237932769,      -11.84316569
          0,           0,        4543,      -6.189493571,      -7.392052854,      -7.258960689,      -11.85462101
          0,           0,        4544,       -6.32700456,      -7.410437736,      -7.276277887,      -11.76956008
          0,           0,        4545,      -6.168053503,      -6.955694021,      -6.997180395,      -11.82773522
          0,           0,        4546,      -6.179832589,      -7.109164282,      -7.087711856,      -11.82772534
          0,           0,        4547,      -6.184903073,      -7.193725161,      -7.139679458,      -11.82887951
          0,           0,        4548,      -6.186744267,      -7.256979132,      -7.184440787,      -11.83931457
          0,           0,        4549,       -6.18755799,      -7.310859446,       -7.21179975,      -11.84811827
          0,           0,        4550,      -6.188099918,       -7.36315284,      -7.248816894,      -11.85799526
          0,           0,        4551,      -6.188765719,      -7.407427261,      -7.280409758,      -11.86764629
          0,           0,        4552,      -6.189409914,      -7.441702316,      -7.308181923,      -11.88211403
          0,           0,        4553,      -6.189949867,       -7.46899611,      -7.333147972,      -11.90472937
          0,           0,        4554,      -6.315826264,      -7.491010689,      -7.356378488,      -11.82549704
          0,           0,        4555,      -6.171925266,      -7.016105988,      -7.057597806,      -11.88724737
          0,           0,        4556,      -6.181718857,      -7.172161225,      -7.153758655,      -11.88712917
          0,           0,        4557,      -6.185990299,      -7.260816158,      -7.211578842,      -11.88527594
          0,           0,        4558,      -6.187570566,      -7.328946811,      -7.259572777,      -11.89532253
          0,           0,        4559,      -6.188268757,      -7.390454508,      -7.292484722,      -11.91250005
          0,           0,        4560,      -6.188766785,      -7.451733613,      -7.339313481,      -11.94099622
          0,           0,        4561,      -6.302367767,      -7.500866093,      -7.378101583,       -11.8648626
          0,           0,        4562,      -6.174135233,      -7.070520996,      -7.104038026,      -11.93536208
          0,           0,        4563,      -6.182460673,      -7.230337228,        -7.2005796,      -11.94561143
          0,           0,        4564,      -6.186287283,       -7.32580855,      -7.275576992,      -11.95393101
          0,           0,        4565,      -6.187926816,      -7.405011457,      -7.344480394,      -11.97862644
          0,           0,        4566,      -6.285625856,      -7.479662011,      -7.393389919,      -11.96331345
          0,           0,        4567,      -6.176612073,      -7.155994114,      -7.182921214,      -12.06242962
          0,           0,        4568,      -6.183331765,      -7.348225158,      -7.329133067,      -12.08802386
          0,           0,        4569,      -6.186658811,      -7.447767116,      -7.413458809,      -12.09132733
          0,           0,        4570,      -6.188161991,      -7.529693891,      -7.493890472,      -12.10866748
          0,           0,        4571,      -6.188935517,      -7.610105351,      -7.547877957,      -12.13874051
          0,           0,        4572,      -6.189456324,      -7.702804934,      -7.624701226,      -12.19666474
          0,           0,        4573,      -6.189949187,      -7.787539979,      -7.685801135,      -12.26422961
          0,           0,        4574,      -6.190508533,      -7.843548757,       -7.72715553,      -12.30529508
          0,           0,        4575,      -6.190739806,      -7.877905978,      -7.756398536,      -12.31151173
          0,           0,        4576,      -6.191200245,      -7.902940916,      -7.783734583,      -12.30640805
          0,           0,        4577,      -6.191339023,      -7.935368932,      -7.819486143,      -12.31671342
          0,           0,        4578,      -6.191488573,      -7.974649028,      -7.855779674,      -12.35004896
          0,           0,        4579,      -6.191569844,      -8.004398784,       -7.87798097,      -12.39115503
          0,           0,        4580,       -6.19174141,      -8.016816731,      -7.886371691,      -12.41469939
          0,           0,        4581,       -6.19171042,      -8.022464866,      -7.893938015,      -12.41790596
          0,           0,        4582,      -6.191841097,      -8.034309768,      -7.910706535,      -12.42484881
          0,           0,        4583,      -6.191786637,      -8.054738766,      -7.936699024,      -12.45481517
          0,           0,        4584,      -6.283397572,      -8.075510972,       -7.96247787,      -12.16156303
          0,           0,        4585,      -6.180355124,      -7.204274016,      -7.272446497,      -12.31079988
          0,           0,        4586,      -6.186084328,      -7.380157068,      -7.398849468,       -12.3012461
          0,           0,        4587,       -6.18863488,      -7.491872972,      -7.488513006,       -12.2910091
          0,           0,        4588,      -6.189585164,       -7.58222687,      -7.558427737,      -12.30797223
          0,           0,        4589,      -6.189860543,      -7.665643255,      -7.600506016,      -12.32833833
          0,           0,        4590,      -6.190254829,      -7.753565752,      -7.665784236,      -12.35750931
          0,           0,        4591,      -6.190580619,      -7.828890565,      -7.723296998,      -12.37513532
          0,           0,        4592,      -6.294705105,      -7.880656216,      -7.765883604,      -12.06655808
          0,           0,        4593,      -6.378067929,      -7.138845886,      -7.199102576,       -11.7405149
          0,           0,        4594,      -6.146275669,      -6.881725302,      -6.960252286,       -11.8781155
          0,           0,        4595,      -6.169199268,      -6.929959639,      -6.959777882,      -11.81967198
          0,           0,        4596,      -6.179049928,      -7.014840084,      -7.014649902,      -11.81046172
          0,           0,        4597,      -6.349975096,      -7.099510463,      -7.068253325,      -11.83498504
          0,           0,        4598,      -6.150367888,      -6.862447423,      -6.902410112,      -11.98812545
          0,           0,        4599,      -6.379334714,      -7.099712755,      -7.160078478,      -11.88717703
          0,           0,        4600,      -6.144740085,      -7.089811704,       -7.15785325,       -11.9949676
          0,           0,        4601,      -6.371960807,      -7.081318142,      -7.125661219,      -12.05957301
          0,           0,        4602,      -6.146335815,      -7.238456696,      -7.322460624,      -12.03886176
          0,           0,        4603,      -6.165123181,      -7.162957054,      -7.242786824,      -11.90869888
          0,           0,        4604,      -6.174206896,      -7.147797841,      -7.178015401,      -11.89846897
          0,           0,        4605,      -6.179045797,      -7.191227116,        -7.1897708,      -11.93390424
          0,           0,        4606,      -6.181979606,      -7.259090829,      -7.226285666,      -11.97181436
          0,           0,        4607,       -6.18411628,      -7.342591673,      -7.287378476,      -12.00123948
          0,           0,        4608,      -6.185903726,      -7.413875949,      -7.325518453,      -12.02070486
          0,           0,        4609,      -6.187466549,      -7.458250031,      -7.340277236,      -12.02836295
          0,           0,        4610,      -6.188590094,      -7.484049043,      -7.351323707,      -12.02247657
          0,           0,        4611,      -6.189516632,      -7.499878159,      -7.364612069,      -12.01185952
          0,           0,        4612,      -6.316911518,      -7.506993721,      -7.373413457,      -11.87655205
          0,           0,        4613,      -6.171536453,      -7.015556724,      -7.059804412,      -11.93620336
          0,           0,        4614,      -6.181577029,      -7.168338062,      -7.147599792,       -11.9201824
          0,           0,        4615,      -6.185938875,      -7.244582076,      -7.193639133,      -11.90662496
          0,           0,        4616,      -6.187526198,      -7.296441511,       -7.22835388,      -11.90550153
          0,           0,        4617,      -6.188262033,      -7.335904164,       -7.24567567,      -11.90696188
          0,           0,        4618,       -6.18867422,      -7.367863247,      -7.269849356,      -11.91331339
          0,           0,        4619,      -6.189287333,      -7.387232692,      -7.286074655,      -11.91924832
          0,           0,        4620,      -6.189823995,      -7.397280496,      -7.296104117,      -11.92494439
          0,           0,        4621,      -6.190267768,       -7.40507545,      -7.303294683,      -11.93088366
          0,           0,        4622,      -6.190519806,      -7.414267591,      -7.311795452,      -11.93353896
          0,           0,        4623,       -6.19084562,      -7.427552039,      -7.324387222,       -11.9317462
          0,           0,        4624,      -6.309775895,      -7.445293129,      -7.340860269,      -11.83920122
          0,           0,        4625,      -6.174064433,      -7.038925789,      -7.079275161,      -11.87943076
          0,           0,        4626,      -6.182863578,      -7.188953842,      -7.174855833,      -11.87218255
          0,           0,        4627,      -6.186693051,      -7.275867649,      -7.237341919,      -11.87303988
          0,           0,        4628,      -6.293198135,      -7.342872556,      -7.288042163,       -11.8862841
          0,           0,        4629,      -6.174954427,       -7.13448925,      -7.147370884,      -11.93844117
          0,           0,        4630,      -6.182177492,      -7.313668667,      -7.301502647,      -11.96488249
          0,           0,        4631,      -6.185708325,      -7.382312824,      -7.335623923,      -11.98545045
          0,           0,        4632,       -6.18737522,      -7.423848775,      -7.368706681,      -12.00886896
          0,           0,        4633,      -6.301584787,      -7.461587095,      -7.381085171,      -11.92339248
          0,           0,        4634,      -6.173237183,      -7.077990405,      -7.110130355,      -11.98200879
          0,           0,        4635,      -6.181672576,      -7.255722799,      -7.236750515,      -11.97235672
          0,           0,        4636,      -6.346298627,      -7.348973673,      -7.308360763,      -11.88388641
          0,           0,        4637,      -6.159865011,      -6.967742978,      -7.045868057,      -11.96716222
          0,           0,        4638,      -6.175075277,      -7.145068763,      -7.203728632,      -11.94359796
          0,           0,        4639,      -6.181673471,      -7.224115435,      -7.224307138,      -11.94556623
          0,           0,        4640,       -6.18453288,      -7.288497642,      -7.276465701,      -11.97917218
          0,           0,        4641,      -6.186034288,      -7.360489388,      -7.308637593,       -12.0101249
          0,           0,        4642,      -6.187097712,      -7.441389993,      -7.366504214,      -12.02971275
          0,           0,        4643,      -6.188107046,      -7.514363418,      -7.414200449,      -12.03648604
          0,           0,        4644,      -6.313068553,      -7.567782521,      -7.446725435,      -11.87973176
          0,           0,        4645,      -6.171640154,      -7.035138768,      -7.080511606,      -11.95259486
          0,           0,        4646,       -6.34389942,      -7.200436317,      -7.181646632,      -11.88689279
          0,           0,        4647,      -6.161957088,      -7.091192438,      -7.158736793,      -11.93345188
          0,           0,        4648,      -6.175764276,      -7.128584507,      -7.142748716,      -11.88410682
          0,           0,        4649,      -6.310605234,      -7.175465436,      -7.157066909,      -11.95649086
          0,           0,        4650,      -6.167184193,      -7.130991826,      -7.127148461,      -11.97980159
          0,           0,        4651,      -6.176995118,       -7.29505025,      -7.292593427,      -11.96499835
          0,           0,        4652,      -6.181963905,      -7.334808473,      -7.295445725,      -11.96496203
          0,           0,        4653,      -6.184590273,      -7.369313345,      -7.324676822,      -11.98581434
          0,           0,        4654,      -6.186181549,      -7.413726604,      -7.342065208,      -12.00836641
          0,           0,        4655,      -6.187366416,      -7.460307243,       -7.36792715,      -12.02315199
          0,           0,        4656,      -6.188389894,      -7.502164738,      -7.391749705,      -12.02862415
          0,           0,        4657,      -6.189260216,      -7.535171066,      -7.414648566,      -12.03124348
          0,           0,        4658,       -6.18993944,      -7.560719518,       -7.43623712,      -12.03709712
          0,           0,        4659,      -6.190436913,      -7.579608097,      -7.453526423,      -12.04630595
          0,           0,        4660,      -6.190790772,      -7.593547733,      -7.466447802,      -12.05703321
          0,           0,        4661,      -6.318469468,      -7.603602239,      -7.476775892,      -11.90425018
          0,           0,        4662,      -6.171936647,      -7.017168726,      -7.075543483,      -11.99175207
          0,           0,        4663,      -6.181989128,      -7.180935217,      -7.181602027,      -11.98547258
          0,           0,        4664,      -6.186311876,      -7.275114786,      -7.244722475,      -11.97960138
          0,           0,        4665,         -6.187867,      -7.346069778,      -7.294308714,      -11.98716966
          0,           0,        4666,      -6.188521379,       -7.40616866,       -7.32239233,      -11.99400558
          0,           0,        4667,       -6.27961312,      -7.463111324,      -7.364687256,      -11.93230699
          0,           0,        4668,        -6.1779287,      -7.159844329,      -7.175916711,      -11.98821741
          0,           0,        4669,      -6.184147928,       -7.31699174,      -7.274351477,      -12.00008592
          0,           0,        4670,      -6.187147204,      -7.400109635,      -7.342557922,      -12.01255492
          0,           0,        4671,      -6.188468316,      -7.463856424,      -7.395371187,      -12.02850817
          0,           0,        4672,      -6.189120301,      -7.518432122,      -7.428883487,      -12.04370758
          0,           0,        4673,      -6.189504901,      -7.571005587,      -7.466432257,      -12.06535751
          0,           0,        4674,      -6.189974365,      -7.611804522,      -7.495744099,      -12.08478196
          0,           0,        4675,      -6.190387818,      -7.640708713,      -7.520588346,      -12.09743741
          0,           0,        4676,      -6.190831433,      -7.662534276,       -7.54007065,      -12.10407729
          0,           0,        4677,      -6.191086668,      -7.680706563,      -7.557157413,      -12.10615071
          0,           0,        4678,      -6.191236082,      -7.700904839,      -7.578037766,      -12.11159967
          0,           0,        4679,      -6.191418537,      -7.723253555,        -7.6013203,      -12.12981228
          0,           0,        4680,      -6.319600203,      -7.742939846,      -7.620734836,      -11.93729249
          0,           0,        4681,      -6.172038604,      -7.018829259,      -7.087067136,      -12.05505833
          0,           0,        4682,      -6.182188739,       -7.19017125,      -7.204887676,      -12.04927485
          0,           0,        4683,      -6.186512329,      -7.295425028,      -7.280103627,      -12.03494843
          0,           0,        4684,      -6.188050374,       -7.37978937,      -7.344091316,      -12.03689149
          0,           0,        4685,      -6.188646062,      -7.457734654,      -7.384778288,      -12.04686811
          0,           0,        4686,      -6.189116278,      -7.539906283,      -7.447153596,      -12.07710245
          0,           0,        4687,       -6.18968602,      -7.609986967,       -7.49983643,      -12.11783798
          0,           0,        4688,      -6.190219886,      -7.654550504,      -7.533708832,      -12.16099459
          0,           0,        4689,      -6.190664451,      -7.678028363,      -7.547960953,      -12.19413567
          0,           0,        4690,      -6.190949315,      -7.691513197,      -7.557984455,      -12.20065789
          0,           0,        4691,      -6.191246189,      -7.708633189,      -7.577953793,      -12.19112092
          0,           0,        4692,      -6.191418451,      -7.732028555,      -7.606534535,      -12.18734703
          0,           0,        4693,      -6.191544012,      -7.759241007,      -7.638343883,      -12.19778052
          0,           0,        4694,      -6.191636163,      -7.788991706,       -7.67033251,      -12.22080333
          0,           0,        4695,      -6.191672574,      -7.817887112,       -7.69796587,       -12.2515234
          0,           0,        4696,      -6.191614113,      -7.839921621,      -7.715477028,      -12.28375398
          0,           0,        4697,      -6.191799532,      -7.852337392,       -7.72257081,      -12.31046771
          0,           0,        4698,      -6.191819833,      -7.859102795,      -7.726147367,      -12.32655399
          0,           0,        4699,      -6.191836614,      -7.866901441,      -7.734266581,      -12.33252148
          0,           0,        4700,      -6.191851151,      -7.880357504,      -7.751392756,      -12.33333419
          0,           0,        4701,      -6.191698799,      -7.900815249,      -7.777423038,      -12.33390686
          0,           0,        4702,      -6.281046019,      -7.927291558,      -7.808090481,      -12.12299812
          0,           0,        4703,       -6.18073474,      -7.213027942,      -7.275853866,      -12.22431898
          0,           0,        4704,      -6.186243997,      -7.386210655,      -7.398258662,      -12.22337581
          0,           0,        4705,      -6.188702777,      -7.496003064,      -7.484477894,      -12.23125371
          0,           0,        4706,      -6.189588499,      -7.583150705,      -7.550463057,      -12.26195621
          0,           0,        4707,      -6.189992508,        -7.6597786,      -7.588441987,      -12.29172412
          0,           0,        4708,      -6.190236189,      -7.736491588,      -7.643176002,      -12.31838174
          0,           0,        4709,      -6.190582381,      -7.800649211,      -7.688369778,      -12.32609077
          0,           0,        4710,      -6.190913008,       -7.84753086,      -7.722168793,      -12.32372189
          0,           0,        4711,      -6.191191358,      -7.885089304,      -7.747854214,      -12.32692892
          0,           0,        4712,      -6.191374569,      -7.917853164,      -7.775382828,      -12.33999165
          0,           0,        4713,      -6.191555257,      -7.948684943,      -7.809353929,      -12.36751422
          0,           0,        4714,      -6.191661998,      -7.970411008,      -7.837604937,      -12.40971067
          0,           0,        4715,      -6.191738566,      -7.978229871,      -7.850445874,      -12.45189944
          0,           0,        4716,      -6.191630212,      -7.980102894,      -7.854995603,      -12.47148807
          0,           0,        4717,      -6.191827704,      -7.986058062,      -7.863206468,      -12.46654647
          0,           0,        4718,      -6.191875573,      -8.001037398,      -7.881795107,      -12.45900795
          0,           0,        4719,      -6.191893751,      -8.025027597,      -7.911753322,      -12.46725421
          0,           0,        4720,      -6.191908837,      -8.054696615,      -7.949198717,      -12.49498557
          0,           0,        4721,       -6.19192076,      -8.084110715,      -7.985145838,      -12.53307514
          0,           0,        4722,       -6.19192945,       -8.10680939,      -8.009218153,      -12.56470738
          0,           0,        4723,      -6.293466047,      -8.119461461,      -8.017665632,      -12.13004848
          0,           0,        4724,      -6.178556786,       -7.15369817,      -7.224628298,      -12.27848581
          0,           0,        4725,      -6.185265157,      -7.330363039,      -7.352345634,      -12.26241044
          0,           0,        4726,      -6.188211642,      -7.443054782,      -7.442227827,      -12.25589165
          0,           0,        4727,      -6.317733439,      -7.534640469,      -7.514053502,      -12.10921228
          0,           0,        4728,      -6.347586577,      -7.058622398,      -7.121495286,      -11.88625409
          0,           0,        4729,      -6.349216962,      -7.028750961,      -7.110964697,      -11.86029443
          0,           0,        4730,      -6.146247087,      -7.103578756,      -7.133301413,      -11.90858988
          0,           0,        4731,      -6.167006483,      -6.958403668,      -6.979454155,      -11.80584153
          0,           0,        4732,        -6.1759443,       -7.01508569,       -7.02852887,       -11.8022091
          0,           0,        4733,      -6.180140697,      -7.086088188,      -7.053573992,      -11.82639776
          0,           0,        4734,      -6.182421974,      -7.166051355,      -7.103060213,      -11.86099772
          0,           0,        4735,      -6.184221655,      -7.251546632,      -7.167154041,      -11.88845423
          0,           0,        4736,      -6.185962041,      -7.318483915,      -7.211223358,      -11.90352983
          0,           0,        4737,      -6.187425589,      -7.360970159,      -7.233591271,      -11.91796796
          0,           0,        4738,      -6.188569762,      -7.385934566,      -7.246735543,      -11.92404317
          0,           0,        4739,      -6.302523351,       -7.40481914,      -7.264672228,      -11.84248171
          0,           0,        4740,      -6.174291279,      -7.058383655,      -7.070876633,      -11.87327466
          0,           0,        4741,      -6.182620993,      -7.191337169,      -7.141167691,      -11.86546855
          0,           0,        4742,      -6.186338673,      -7.250311913,      -7.176113302,      -11.86215985
          0,           0,        4743,      -6.187792433,      -7.291340722,      -7.203261123,      -11.86541153
          0,           0,        4744,      -6.188447718,      -7.328953558,      -7.224404183,      -11.86856637
          0,           0,        4745,      -6.188909728,      -7.365693296,      -7.254859954,      -11.87555313
          0,           0,        4746,      -6.189405776,      -7.394040187,      -7.280470472,      -11.88466695
          0,           0,        4747,      -6.324336502,      -7.413421287,      -7.299387635,      -11.78171399
          0,           0,        4748,      -6.168986325,      -6.967778418,      -7.009553967,      -11.84270396
          0,           0,        4749,      -6.180277914,      -7.120276761,      -7.102791476,      -11.84947715
          0,           0,        4750,      -6.185185337,      -7.207007676,      -7.162675657,      -11.85903818
          0,           0,        4751,        -6.1869726,      -7.271168663,      -7.211941042,      -11.87996531
          0,           0,        4752,      -6.187831691,       -7.32691025,      -7.240228592,      -11.90023936
          0,           0,        4753,      -6.188352718,      -7.383196913,      -7.279732202,      -11.91758202
          0,           0,        4754,      -6.189015126,      -7.432650421,      -7.317243374,      -11.92611871
          0,           0,        4755,      -6.189629607,      -7.470843942,      -7.350641777,      -11.93060481
          0,           0,        4756,      -6.317491257,      -7.501875637,      -7.378696996,      -11.82178662
          0,           0,        4757,      -6.171348986,      -7.010874556,      -7.056413208,      -11.87455619
          0,           0,        4758,      -6.348979269,      -7.172030003,      -7.160284371,      -11.82340611
          0,           0,        4759,      -6.160682816,      -7.069651509,      -7.143088451,      -11.86794089
          0,           0,        4760,      -6.175266174,      -7.107336458,      -7.127483104,      -11.84089674
          0,           0,        4761,      -6.181271604,      -7.155820859,      -7.140945182,      -11.84644339
          0,           0,        4762,      -6.183988509,      -7.210919538,      -7.162690966,      -11.86660394
          0,           0,        4763,      -6.185444841,      -7.273585149,      -7.193801246,       -11.8832404
          0,           0,        4764,      -6.186563822,      -7.339461044,      -7.240822182,      -11.89322623
          0,           0,        4765,      -6.187667406,      -7.393529315,      -7.279436084,      -11.90047802
          0,           0,        4766,      -6.188675525,      -7.435576536,      -7.308983521,      -11.91508876
          0,           0,        4767,      -6.189493051,      -7.473087479,      -7.336592687,      -11.93882139
          0,           0,        4768,      -6.190108034,      -7.508653858,      -7.366773904,      -11.96875006
          0,           0,        4769,      -6.190548874,      -7.537189536,      -7.393725334,      -12.00068597
          0,           0,        4770,      -6.318981431,      -7.553415141,      -7.410913576,      -11.88144146
          0,           0,        4771,      -6.171627804,       -7.01049886,      -7.062086813,      -11.95748949
          0,           0,        4772,      -6.181787389,      -7.171024262,      -7.163787558,      -11.94576938
          0,           0,        4773,      -6.186175044,      -7.263122581,      -7.226818683,      -11.93965205
          0,           0,        4774,      -6.187703758,      -7.334111127,      -7.279695261,      -11.95212954
          0,           0,        4775,      -6.188415929,      -7.394682955,      -7.310558839,      -11.96791971
          0,           0,        4776,      -6.188873192,      -7.450717397,      -7.350195357,      -11.98603487
          0,           0,        4777,      -6.189453469,      -7.492149169,      -7.379362278,      -11.99887028
          0,           0,        4778,      -6.189993886,      -7.517525443,      -7.400580075,         -12.01036
          0,           0,        4779,       -6.19044448,      -7.534037134,      -7.416688873,      -12.02440231
          0,           0,        4780,      -6.190785355,      -7.547860356,      -7.431923181,      -12.03617143
          0,           0,        4781,      -6.319729551,      -7.565069222,      -7.449180601,      -11.88496796
          0,           0,        4782,      -6.171562359,      -7.007983605,      -7.064205395,      -11.95861003
          0,           0,        4783,      -6.181743602,      -7.171153022,      -7.170048246,      -11.95038616
          0,           0,        4784,      -6.186184572,      -7.266592047,      -7.234534287,      -11.94868875
          0,           0,        4785,      -6.346416897,      -7.340752779,      -7.287805166,      -11.82853627
          0,           0,        4786,      -6.153809458,      -6.858067223,      -6.931190766,      -11.97292887
          0,           0,        4787,      -6.172458775,      -7.058514085,      -7.119542154,      -11.95343984
          0,           0,        4788,      -6.180778872,      -7.155566807,      -7.153306025,      -11.92922402
          0,           0,        4789,       -6.18404577,      -7.236609201,        -7.2303195,      -11.94680288
          0,           0,        4790,      -6.185664682,      -7.311538131,      -7.260582341,      -11.96653592
          0,           0,        4791,      -6.186735858,      -7.391171429,      -7.318841244,      -11.99442365
          0,           0,        4792,      -6.187737976,      -7.460268709,      -7.363172564,      -12.01682911
          0,           0,        4793,      -6.188749774,       -7.50489882,      -7.390220169,          -12.0259
          0,           0,        4794,      -6.324030155,      -7.534802115,      -7.407681546,      -11.85254818
          0,           0,        4795,      -6.309440783,      -6.984093257,      -7.033536723,      -11.78975147
          0,           0,        4796,      -6.358517037,      -7.056453946,      -7.081041953,      -11.75560238
          0,           0,        4797,      -6.148786137,      -7.081895774,      -7.080331376,      -11.77262929
          0,           0,        4798,       -6.16832148,      -6.954353614,      -6.955264143,      -11.71476668
          0,           0,        4799,      -6.176586842,      -7.000584964,      -6.981471633,      -11.70999961
          0,           0,        4800,      -6.180365925,      -7.060472654,      -7.001030321,      -11.72211246
          0,           0,        4801,      -6.182483432,      -7.126952788,      -7.040664697,       -11.7386878
          0,           0,        4802,      -6.184074541,      -7.194810038,      -7.091520867,      -11.75532038
          0,           0,        4803,      -6.185705896,      -7.246570804,      -7.127216426,      -11.77287463
          0,           0,        4804,      -6.187098189,       -7.28154095,      -7.148053026,      -11.79295714
          0,           0,        4805,      -6.188206452,        -7.3077597,      -7.165584642,      -11.80727548
          0,           0,        4806,      -6.188972444,      -7.332159741,       -7.18835234,      -11.81475942
          0,           0,        4807,      -6.189640151,      -7.354433099,      -7.212083098,       -11.8235455
          0,           0,        4808,      -6.190066068,      -7.372350209,      -7.230967595,      -11.83673471
          0,           0,        4809,      -6.190334238,      -7.388933194,       -7.24766251,      -11.85152062
          0,           0,        4810,      -6.312821663,      -7.407400368,      -7.266531218,      -11.79341605
          0,           0,        4811,      -6.172832406,      -7.019161546,      -7.047188861,      -11.84634647
          0,           0,        4812,      -6.182063071,      -7.165955361,      -7.134610132,      -11.85174133
          0,           0,        4813,      -6.322371114,      -7.247436663,      -7.187190274,      -11.86011661
          0,           0,        4814,      -6.168287839,      -7.078333534,      -7.100503916,      -11.88959305
          0,           0,        4815,       -6.29114017,      -7.221055409,      -7.213767595,      -11.89978812
          0,           0,        4816,      -6.305082851,       -7.33096695,      -7.290692263,      -11.88685375
          0,           0,        4817,      -6.388994153,      -7.285769138,      -7.271031012,      -11.79978364
          0,           0,        4818,      -6.140222266,      -7.124220382,      -7.137980754,       -11.8679576
          0,           0,        4819,      -6.398473112,      -7.006347016,      -7.029762968,      -11.88251595
          0,           0,        4820,      -6.135949061,      -7.135608374,      -7.198153406,      -11.87627895
          0,           0,        4821,       -6.39019763,       -7.08920401,      -7.139720669,      -11.90526219
          0,           0,        4822,      -6.137412635,      -7.192805651,      -7.217438568,      -11.89256023
          0,           0,        4823,      -6.159204961,      -7.140129993,      -7.184978422,      -11.80250946
          0,           0,        4824,      -6.170331373,      -7.097724714,      -7.109485217,      -11.78722206
          0,           0,        4825,      -6.176357102,      -7.129138553,      -7.114193187,      -11.80063008
          0,           0,        4826,      -6.179969517,      -7.177872086,      -7.133035258,      -11.81438992
          0,           0,        4827,      -6.182491274,      -7.237169288,      -7.171570579,      -11.82734183
          0,           0,        4828,      -6.184603194,      -7.285576786,      -7.195407014,       -11.8394134
          0,           0,        4829,      -6.186369019,      -7.313716293,       -7.20599754,       -11.8511856
          0,           0,        4830,      -6.187664973,      -7.325592056,       -7.21019959,      -11.85776493
          0,           0,        4831,      -6.188631467,       -7.32812268,      -7.211649432,      -11.85341392
          0,           0,        4832,      -6.320223357,      -7.328289026,      -7.213549941,      -11.76565986
          0,           0,        4833,      -6.169894082,      -6.972950785,      -7.000293943,      -11.79192519
          0,           0,        4834,      -6.180565642,      -7.109237129,      -7.077278085,      -11.77713663
          0,           0,        4835,      -6.185223875,      -7.177411857,      -7.122938476,      -11.77250142
          0,           0,        4836,      -6.187008748,      -7.226208489,      -7.162245429,      -11.78234158
          0,           0,        4837,      -6.187783263,      -7.263672841,      -7.184571359,      -11.79643919
          0,           0,        4838,      -6.188154426,      -7.291433955,       -7.20646349,      -11.81256071
          0,           0,        4839,      -6.188864927,      -7.304629785,       -7.21495594,      -11.82589564
          0,           0,        4840,      -6.189479095,      -7.307211005,      -7.214561287,      -11.83705811
          0,           0,        4841,      -6.298101251,      -7.307508469,      -7.212400915,      -11.78779294
          0,           0,        4842,      -6.175621063,      -7.046715518,      -7.052259312,      -11.81738753
          0,           0,        4843,       -6.18324957,      -7.161269319,      -7.115391447,      -11.81240914
          0,           0,        4844,      -6.186659621,      -7.222729096,       -7.15902681,      -11.80550725
          0,           0,        4845,      -6.187970835,      -7.272916775,      -7.199051994,      -11.80301105
          0,           0,        4846,      -6.323709423,      -7.323153866,      -7.233889085,      -11.74515099
          0,           0,        4847,      -6.167652347,      -6.968179701,      -7.007362899,      -11.79542563
          0,           0,        4848,      -6.179079637,      -7.142299008,      -7.136208807,      -11.80849153
          0,           0,        4849,       -6.18432568,      -7.236975751,      -7.205419839,      -11.83043289
          0,           0,        4850,      -6.186433581,      -7.307298074,      -7.267485271,        -11.871416
          0,           0,        4851,      -6.187460911,       -7.36247591,      -7.295087734,       -11.9153195
          0,           0,        4852,       -6.18816285,      -7.410382509,      -7.328603169,      -11.95556333
          0,           0,        4853,      -6.318920206,      -7.444097146,      -7.349728366,       -11.8331961
          0,           0,        4854,      -6.329952434,      -6.992930623,      -7.037394718,      -11.74872246
          0,           0,        4855,      -6.157632328,      -7.009943652,      -7.044189186,      -11.80103963
          0,           0,        4856,      -6.173890811,      -6.997724812,      -6.994100342,      -11.76966757
          0,           0,        4857,      -6.180869892,      -7.078991868,      -7.068655638,      -11.77881926
          0,           0,        4858,      -6.183704779,      -7.158472098,      -7.117413959,      -11.81358027
          0,           0,        4859,        -6.1852404,      -7.240940768,      -7.171658144,      -11.86382988
          0,           0,        4860,      -6.186382116,      -7.329630439,      -7.241742696,      -11.91350432
          0,           0,        4861,      -6.343667114,       -7.40421116,      -7.298651441,      -11.70775974
          0,           0,        4862,      -6.153449651,      -6.823789484,      -6.888158746,      -11.81059071
          0,           0,        4863,      -6.172682806,      -6.995081529,       -7.00081411,      -11.81509923
          0,           0,        4864,      -6.181129811,      -7.096642792,      -7.066095634,      -11.82177174
          0,           0,        4865,      -6.184350264,      -7.186466414,      -7.151042257,      -11.85707695
          0,           0,        4866,      -6.185899592,      -7.270073711,      -7.202427487,      -11.90688354
          0,           0,        4867,      -6.186906789,      -7.362603047,      -7.276315602,      -11.96476343
          0,           0,        4868,      -6.187918537,      -7.453204374,      -7.349141271,      -12.00281805
          0,           0,        4869,      -6.188898369,      -7.528162464,      -7.412572212,      -12.02890319
          0,           0,        4870,      -6.189697867,      -7.583853045,      -7.452942591,      -12.06198056
          0,           0,        4871,      -6.291577851,      -7.626215663,      -7.484053976,        -11.970115
          0,           0,        4872,      -6.177366955,      -7.140271787,      -7.178518632,      -12.04051612
          0,           0,        4873,      -6.184363402,      -7.304306572,      -7.283384607,        -12.046656
          0,           0,        4874,      -6.187499155,       -7.39665695,      -7.350668713,       -12.0572385
          0,           0,        4875,      -6.188654341,      -7.466945319,      -7.400150252,      -12.07868024
          0,           0,        4876,      -6.189293154,      -7.533988243,      -7.432269206,      -12.09573724
          0,           0,        4877,      -6.189688863,      -7.606821929,      -7.481834884,      -12.11593508
          0,           0,        4878,      -6.190120363,      -7.668285691,      -7.525782806,       -12.1400958
          0,           0,        4879,      -6.190549383,      -7.705985517,      -7.558528381,      -12.16849902
          0,           0,        4880,       -6.19090623,      -7.729028496,      -7.584518511,      -12.19622863
          0,           0,        4881,       -6.32744362,      -7.750787765,      -7.611964569,      -11.91935096
          0,           0,        4882,      -6.169348423,      -6.979774235,      -7.049544568,      -12.03025199
          0,           0,        4883,       -6.18087544,      -7.153896201,      -7.170046413,      -12.01726479
          0,           0,        4884,      -6.185800798,      -7.261195108,       -7.24580952,      -12.01245349
          0,           0,        4885,      -6.187559123,      -7.347591878,      -7.311687253,      -12.03256744
          0,           0,        4886,       -6.18831589,      -7.427975501,       -7.35125472,      -12.05371323
          0,           0,        4887,      -6.188837743,      -7.514276194,       -7.41578389,      -12.08269788
          0,           0,        4888,       -6.18942491,       -7.59028121,      -7.474254731,      -12.11022782
          0,           0,        4889,      -6.190023438,      -7.643922243,      -7.517483505,      -12.13726008
          0,           0,        4890,      -6.190522079,      -7.683080857,      -7.543612363,      -12.16507257
          0,           0,        4891,      -6.190898147,      -7.715391489,      -7.564520534,      -12.18555939
          0,           0,        4892,      -6.191124909,      -7.745547833,      -7.589912676,      -12.20202204
          0,           0,        4893,      -6.191368791,      -7.766800333,       -7.61329702,       -12.2223374
          0,           0,        4894,      -6.191509033,      -7.776609199,      -7.630074071,      -12.24348892
          0,           0,        4895,      -6.191611741,      -7.785358606,      -7.646602047,       -12.2578586
          0,           0,        4896,      -6.291612097,      -7.801672073,      -7.669675439,      -12.06376458
          0,           0,        4897,      -6.336725736,      -7.155058501,      -7.215213022,      -11.87141012
          0,           0,        4898,      -6.162115934,      -7.030141966,      -7.110812269,      -11.98197577
          0,           0,        4899,      -6.176891102,      -7.051504042,      -7.069892177,      -11.92963454
          0,           0,        4900,      -6.183059776,      -7.141546996,      -7.145743171,      -11.92576273
          0,           0,        4901,      -6.185334162,      -7.223616767,      -7.191508467,       -11.9447106
          0,           0,        4902,      -6.186506803,      -7.303577152,        -7.2349387,      -11.96949636
          0,           0,        4903,       -6.18735823,      -7.386385326,      -7.294435446,      -11.99610346
          0,           0,        4904,       -6.32709057,      -7.449819857,      -7.337225471,       -11.8213252
          0,           0,        4905,      -6.166760608,       -6.95819198,       -7.00274064,      -11.90618821
          0,           0,        4906,      -6.339977832,      -7.122782009,      -7.101449022,      -11.86511951
          0,           0,        4907,      -6.161813308,      -7.120168635,      -7.155460788,      -11.89125397
          0,           0,        4908,      -6.175382991,      -7.125268721,      -7.127205299,      -11.84843335
          0,           0,        4909,       -6.18105831,      -7.167153079,      -7.145595117,      -11.84838792
          0,           0,        4910,      -6.183819492,       -7.22253684,      -7.169109049,      -11.87098018
          0,           0,        4911,      -6.185365018,      -7.291489265,      -7.208084666,      -11.89702661
          0,           0,        4912,      -6.186574981,      -7.367929135,       -7.26528916,      -11.92144319
          0,           0,        4913,      -6.187720899,      -7.431096194,      -7.311810866,      -11.94721128
          0,           0,        4914,      -6.188731401,      -7.474466937,      -7.340719106,      -11.97605987
          0,           0,        4915,       -6.18950655,      -7.508616984,      -7.364754051,      -11.99911359
          0,           0,        4916,      -6.190141209,      -7.543068472,      -7.395067405,      -12.01341236
          0,           0,        4917,      -6.190572319,       -7.57534889,       -7.42662562,      -12.02643322
          0,           0,        4918,      -6.297840285,      -7.598833014,      -7.450718826,      -11.93577453
          0,           0,        4919,      -6.369857817,      -7.109569077,      -7.150629496,      -11.74705922
          0,           0,        4920,      -6.151141992,      -6.922362859,      -6.994721574,      -11.85665336
          0,           0,        4921,      -6.171505912,      -6.956055374,      -6.974894844,      -11.81093038
          0,           0,        4922,      -6.180108329,      -7.039586048,      -7.033221115,      -11.80467275
          0,           0,        4923,       -6.18328721,      -7.117953548,      -7.079393861,      -11.82151929
          0,           0,        4924,      -6.184848671,      -7.190176217,       -7.11668354,      -11.84094379
          0,           0,        4925,       -6.18593286,      -7.264028041,      -7.171251631,        -11.860369
          0,           0,        4926,      -6.324131491,      -7.321813398,       -7.21206076,      -11.75115609
          0,           0,        4927,      -6.166448352,      -6.951180236,      -6.977691607,      -11.81173808
          0,           0,        4928,      -6.178426331,      -7.104333482,      -7.063403149,      -11.82569741
          0,           0,        4929,      -6.183899889,      -7.191705057,      -7.129153317,      -11.83889273
          0,           0,        4930,      -6.345754122,      -7.261955516,      -7.192968091,      -11.79073224
          0,           0,        4931,      -6.155957259,       -6.88277035,       -6.93858952,      -11.88777766
          0,           0,        4932,      -6.172977941,      -7.078976331,      -7.112226024,      -11.88232866
          0,           0,        4933,      -6.343393396,      -7.164900541,      -7.140253835,      -11.90810966
          0,           0,        4934,      -6.337483972,      -7.039289835,      -7.092443242,      -11.85319133
          0,           0,        4935,      -6.148699381,      -7.156595457,      -7.172944342,      -11.92184211
          0,           0,        4936,      -6.296533341,      -7.050684265,      -7.072054745,      -11.96403154
          0,           0,        4937,      -6.161111148,      -7.340477343,      -7.330575246,      -11.91017715
          0,           0,        4938,      -6.348007109,      -7.207786512,      -7.226231702,      -11.93770967
          0,           0,        4939,      -6.343550232,      -7.093307511,      -7.124864433,      -11.86628395
          0,           0,        4940,      -6.142268655,      -7.183876848,      -7.177314498,      -11.95230854
          0,           0,        4941,      -6.163048208,      -7.070101442,      -7.087044054,      -11.84996764
          0,           0,        4942,      -6.173371279,      -7.093018112,      -7.112958231,      -11.84178031
          0,           0,        4943,      -6.178555078,      -7.151465134,      -7.147085811,       -11.8705749
          0,           0,        4944,      -6.181582493,      -7.223169494,      -7.187826922,      -11.90837946
          0,           0,        4945,      -6.183708846,      -7.313187897,      -7.258769632,      -11.94909271
          0,           0,        4946,      -6.185583264,      -7.391906597,      -7.308209875,      -11.97403403
          0,           0,        4947,      -6.187176763,      -7.443875615,      -7.334006432,      -11.98382729
          0,           0,        4948,       -6.18840657,      -7.473093126,      -7.345473907,      -11.97953013
          0,           0,        4949,      -6.189305974,      -7.490903363,      -7.356618007,      -11.96737375
          0,           0,        4950,      -6.189945183,      -7.504909823,      -7.370475865,      -11.96292552
          0,           0,        4951,      -6.190374911,      -7.513515639,      -7.380657607,      -11.97275788
          0,           0,        4952,      -6.190725297,      -7.516303269,      -7.385676991,      -11.99048829
          0,           0,        4953,        -6.1909583,      -7.515910983,      -7.388619277,      -12.00366907
          0,           0,        4954,      -6.322621975,      -7.514273323,      -7.391907786,      -11.85995179
          0,           0,        4955,      -6.170728272,      -6.989366339,      -7.043131483,       -11.9290393
          0,           0,        4956,      -6.332746945,      -7.147912252,      -7.145478826,      -11.88765874
          0,           0,        4957,      -6.165255449,       -7.14521125,      -7.201164409,      -11.91307598
          0,           0,        4958,      -6.177434465,      -7.146128198,      -7.158074868,       -11.8755859
          0,           0,        4959,      -6.345930023,      -7.185877534,      -7.169780436,      -11.90289337
          0,           0,        4960,      -6.158037691,      -6.978962013,       -7.02640068,      -11.97820921
          0,           0,        4961,      -6.374142888,      -7.161531652,      -7.208992919,      -11.87088368
          0,           0,        4962,      -6.146929316,      -7.053573512,      -7.123988522,      -11.94193184
          0,           0,        4963,       -6.16678678,       -7.08748936,      -7.130743734,      -11.85284266
          0,           0,        4964,      -6.175980213,      -7.109410232,       -7.12277466,      -11.83181226
          0,           0,        4965,       -6.32461034,      -7.163690845,      -7.158738479,      -11.84942726
          0,           0,        4966,      -6.161346186,      -6.985919357,      -7.005146134,      -11.91979433
          0,           0,        4967,      -6.173844628,      -7.207325702,      -7.234718053,      -11.93984067
          0,           0,        4968,      -6.180275432,      -7.276189728,      -7.260137598,      -11.95094454
          0,           0,        4969,      -6.183647655,      -7.319680471,      -7.316960403,      -11.98536905
          0,           0,        4970,      -6.185581857,      -7.358915068,      -7.325542205,       -12.0142933
          0,           0,        4971,      -6.344282563,      -7.397804177,      -7.346055122,      -11.74858443
          0,           0,        4972,      -6.151577162,      -6.815899631,      -6.886043268,      -11.86830806
          0,           0,        4973,       -6.17154294,      -6.991137592,      -7.009596305,      -11.84457843
          0,           0,        4974,      -6.180493826,      -7.081304135,      -7.060624914,      -11.82438619
          0,           0,        4975,      -6.183912318,      -7.161470331,      -7.135798901,       -11.8314976
          0,           0,        4976,      -6.332944547,      -7.235347107,      -7.179330448,      -11.78152917
          0,           0,        4977,      -6.161942097,      -6.926185007,      -6.969743241,      -11.87590463
          0,           0,        4978,      -6.175622742,      -7.129140594,      -7.143766887,      -11.90358515
          0,           0,        4979,      -6.182217888,      -7.229396471,      -7.216096396,      -11.92628412
          0,           0,        4980,      -6.185073253,      -7.304096638,      -7.300849294,      -11.97280454
          0,           0,        4981,      -6.186576739,      -7.362858257,      -7.328982937,       -12.0105973
          0,           0,        4982,      -6.187507284,      -7.419883774,      -7.371453023,      -12.04707699
          0,           0,        4983,      -6.321149669,      -7.464808761,      -7.398856386,      -11.87228429
          0,           0,        4984,      -6.168900557,      -6.988082131,      -7.040941621,      -11.95548998
          0,           0,        4985,      -6.180008491,      -7.152601058,      -7.144303157,      -11.94820005
          0,           0,        4986,      -6.185014551,       -7.24757251,      -7.219969487,      -11.94348877
          0,           0,        4987,        -6.1870079,      -7.327223695,      -7.292834239,      -11.95449714
          0,           0,        4988,      -6.187952778,      -7.406134459,      -7.343874336,      -11.97503022
          0,           0,        4989,      -6.188602438,      -7.493091389,      -7.411464439,      -12.00990507
          0,           0,        4990,      -6.189270661,      -7.572519903,      -7.472163574,      -12.04808643
          0,           0,        4991,      -6.313346336,      -7.631425723,      -7.520948922,      -11.90611913
          0,           0,        4992,      -6.172309443,      -7.040185771,      -7.095291925,      -12.00834536
          0,           0,        4993,      -6.181939429,      -7.208281709,      -7.202899781,      -12.01998448
          0,           0,        4994,      -6.186188334,      -7.309550649,       -7.28027921,       -12.0219322
          0,           0,        4995,      -6.339197908,      -7.390506023,      -7.348713584,      -11.92755923
          0,           0,        4996,      -6.394059663,      -6.943804091,      -7.011142849,      -11.72705819
          0,           0,        4997,      -6.137237797,      -6.929962736,      -6.982320793,      -11.89690473
          0,           0,        4998,      -6.163206904,      -6.915216489,      -6.942422964,      -11.80389298
          0,           0,        4999,      -6.175093008,      -6.982476968,      -6.993721128,      -11.79271436
